licensee,service,link_mode,band,assignment_count,min_frequency_mhz,max_frequency_mhz
ONE NEW ZEALAND GROUP LIMITED,Spectrum Licence,Unspecified,UHF (300 MHz-3 GHz),10005,730.5,2682.5
SPARK NEW ZEALAND TRADING LIMITED,Spectrum Licence,Unspecified,UHF (300 MHz-3 GHz),7643,713.0,2665.0
TWO DEGREES NETWORKS LIMITED,Spectrum Licence,Unspecified,UHF (300 MHz-3 GHz),7149,743.0,2165.0
EONFIBRE LIMITED,Fixed Link,Bi-directional,SHF (3-30 GHz),1990,5974.85,23520.0
CHORUS NEW ZEALAND LIMITED,Fixed Link,Bi-directional,UHF (300 MHz-3 GHz),1954,420.0375,1521.0
SPARK NEW ZEALAND TRADING LIMITED,Spectrum Licence,Unspecified,SHF (3-30 GHz),1786,3610.0,3660.0
KIWIRAIL,Land Mobile,Repeater,VHF (30-300 MHz),1447,151.85,161.0813
KORDIA LIMITED,Fixed Link,Bi-directional,SHF (3-30 GHz),1345,4430.0,23506.0
RURAL CONNECTIVITY GROUP LIMITED,Spectrum Licence,Unspecified,UHF (300 MHz-3 GHz),1251,768.0,2137.5
ONE NEW ZEALAND GROUP LIMITED,Spectrum Licence,Unspecified,SHF (3-30 GHz),1180,3500.0,3500.0
VITAL LIMITED,Land Mobile,Repeater,UHF (300 MHz-3 GHz),1075,414.1125,487.4
"The Crown acting by and through the Chief Executive of the Ministry of Business, Innovation, and Employment",Broadcasting,Unspecified,VHF (30-300 MHz),896,88.6,106.5
CHORUS NEW ZEALAND LIMITED,Fixed Link,Bi-directional,SHF (3-30 GHz),828,6460.0,23030.0
SPARK NEW ZEALAND TRADING LIMITED,Fixed Link,Bi-directional,SHF (3-30 GHz),794,7747.7,23212.0
VITAL LIMITED,Land Mobile,Mobile Transmit,UHF (300 MHz-3 GHz),756,406.1125,493.1375
TWO DEGREES NETWORKS LIMITED,Fixed Link,Bi-directional,SHF (3-30 GHz),746,7194.5,23520.0
TWO DEGREES NETWORKS LIMITED,Spectrum Licence,Unspecified,SHF (3-30 GHz),712,3760.0,3760.0
SPACE OPERATIONS NEW ZEALAND LIMITED,Satellite & Space,Unspecified,UHF (300 MHz-3 GHz),675,400.035,2288.25
VITAL LIMITED,Fixed Link,Bi-directional,SHF (3-30 GHz),589,5945.2,23520.0
ISO LIMITED,Land Mobile,Simplex,UHF (300 MHz-3 GHz),545,453.3313,489.9563
NEP BROADCAST SERVICES NEW ZEALAND LIMITED,Land Mobile,Repeater,UHF (300 MHz-3 GHz),516,478.3688,484.6938
KIWIRAIL LTD,Land Mobile,Repeater,UHF (300 MHz-3 GHz),504,456.3563,481.7813
TAIT SYSTEMS NZ LIMITED,Fixed Link,Bi-directional,SHF (3-30 GHz),433,7184.0,23373.0
LIGHTWIRE LIMITED,Fixed Link,Bi-directional,SHF (3-30 GHz),422,7452.5,22736.0
SPARK NEW ZEALAND TRADING LIMITED,Paging,Unspecified,VHF (30-300 MHz),347,157.9,157.95
NZ DEFENCE FORCE HEADQUARTERS,Fixed Link,Uni-directional,HF (3-30 MHz),343,3.1724,27.994
CHORUS NEW ZEALAND LIMITED,Fixed Link,Bi-directional,VHF (30-300 MHz),324,159.425,173.875
ENTAIN NEW ZEALAND LIMITED,Land Mobile,Simplex,UHF (300 MHz-3 GHz),294,477.6188,488.9688
MEDIAWORKS RADIO LIMITED,Broadcasting,Unspecified,VHF (30-300 MHz),273,88.6,106.3
ORION NEW ZEALAND LTD,Fixed Link,Bi-directional,UHF (300 MHz-3 GHz),272,420.4875,459.1125
NZME RADIO LIMITED,Fixed Link,Uni-directional,UHF (300 MHz-3 GHz),269,403.5,934.875
POWERCO LIMITED,Fixed Link,Bi-directional,SHF (3-30 GHz),262,7194.5,23268.0
INMARSAT NEW ZEALAND LIMITED,Satellite & Space,Unspecified,SHF (3-30 GHz),260,3947.0,29860.0
Fire and Emergency New Zealand,Paging,Unspecified,VHF (30-300 MHz),252,158.0,160.4125
KIWIRAIL,Fixed Link,Bi-directional,UHF (300 MHz-3 GHz),237,420.0875,856.75
POWERCO LIMITED,Land Mobile,Repeater,VHF (30-300 MHz),235,151.025,165.325
POWERCO LIMITED,Land Mobile,Mobile Transmit,VHF (30-300 MHz),230,153.6063,169.925
TWO DEGREES NETWORKS LIMITED,Fixed Link,Bi-directional,EHF (>30 GHz),224,37366.0,84750.0
MOBICOMM LIMITED,Land Mobile,Simplex,UHF (300 MHz-3 GHz),218,453.3188,489.9688
AIRWAYS CORPORATION OF NEW ZEALAND LIMITED,Aeronautical,Base Station,VHF (30-300 MHz),205,118.1,134.5
WIRELESS RENTALS LIMITED,Land Mobile,Simplex,UHF (300 MHz-3 GHz),199,453.3313,489.9313
ENTAIN NEW ZEALAND LIMITED,Land Mobile,Repeater,UHF (300 MHz-3 GHz),195,487.2188,487.7188
St John,Land Mobile,Repeater,VHF (30-300 MHz),189,141.325,142.3
ASHLEY COMMUNICATIONS LIMITED,Land Mobile,Mobile Transmit,VHF (30-300 MHz),188,153.6188,173.9563
ASHLEY COMMUNICATIONS LIMITED,Land Mobile,Repeater,VHF (30-300 MHz),187,151.0125,165.3
EVERY PERSON,General User Licence,Unspecified,HF (3-30 MHz),186,3.0244,29.85
NZME RADIO LIMITED,Broadcasting,Unspecified,VHF (30-300 MHz),184,88.6,106.5
EVERY PERSON,General User Licence,Unspecified,UHF (300 MHz-3 GHz),181,311.0,2441.75
CSE NEW ZEALAND LIMITED,Land Mobile,Repeater,UHF (300 MHz-3 GHz),172,455.3438,863.9938
MEDIAWORKS RADIO LIMITED,Fixed Link,Uni-directional,UHF (300 MHz-3 GHz),172,404.375,934.75
CSE NEW ZEALAND LIMITED,Land Mobile,Mobile Transmit,UHF (300 MHz-3 GHz),171,450.3063,818.9938
National Emergency Management Agency,Land Mobile,Simplex,VHF (30-300 MHz),171,140.6875,150.225
DEPARTMENT OF CONSERVATION,Land Mobile,Simplex,HF (3-30 MHz),162,3.0244,9.9514
GISBORNE.NET.N.Z. LIMITED,Fixed Link,Bi-directional,SHF (3-30 GHz),160,6063.8,22876.0
"STARLINK NEW ZEALAND, UNLIMITED LIABILITY COMPANY",Satellite & Space,Unspecified,SHF (3-30 GHz),160,27750.0,29750.0
Spotlight NZ,Land Mobile,Simplex,UHF (300 MHz-3 GHz),154,458.3563,466.9938
"The Crown acting by and through the Chief Executive of the Ministry of Business, Innovation, and Employment",Broadcasting,Unspecified,MF (300 kHz-3 MHz),153,0.531,1.593
DEPARTMENT OF CONSERVATION,Land Mobile,Repeater,VHF (30-300 MHz),149,142.45,164.8875
MARITIME NEW ZEALAND,Maritime,Unspecified,VHF (30-300 MHz),145,156.025,162.025
"KT1 Co Limited, KT2 Co Limited, NZSF Timber Investments (No 4) Limited",Land Mobile,Simplex,VHF (30-300 MHz),142,150.0625,153.5938
AMAZON KUIPER NEW ZEALAND LIMITED,Satellite & Space,Unspecified,SHF (3-30 GHz),141,18150.0,29175.0
Downer New Zealand Limited,Land Mobile,Repeater,VHF (30-300 MHz),141,151.0375,165.2875
VITAL LIMITED,Fixed Link,Bi-directional,UHF (300 MHz-3 GHz),135,420.0125,1520.0
DEPARTMENT OF CORRECTIONS,Land Mobile,Repeater,UHF (300 MHz-3 GHz),133,455.3188,485.2188
ENHANCED SOLUTIONS LIMITED,Fixed Link,Bi-directional,SHF (3-30 GHz),133,7236.5,19590.0
VITAL LIMITED,Land Mobile,Repeater,VHF (30-300 MHz),130,81.3625,162.875
National Emergency Management Agency,Land Mobile,Repeater,VHF (30-300 MHz),129,141.0125,142.9
T L PARKER LIMITED,Land Mobile,Repeater,UHF (300 MHz-3 GHz),125,455.3313,863.9375
T L PARKER LIMITED,Land Mobile,Mobile Transmit,UHF (300 MHz-3 GHz),125,450.2938,818.9375
INSPIRE NET LIMITED,Fixed Link,Bi-directional,SHF (3-30 GHz),124,7452.5,19590.0
KIWIRAIL,Land Mobile,Repeater,UHF (300 MHz-3 GHz),120,455.4938,478.0813
T L PARKER LIMITED,Land Mobile,Simplex,UHF (300 MHz-3 GHz),118,453.3688,868.9938
Unifone New Zealand Limited,Fixed Link,Bi-directional,SHF (3-30 GHz),116,7236.5,22512.0
Downer New Zealand Limited,Land Mobile,Mobile Transmit,VHF (30-300 MHz),115,153.6563,169.8875
MOUNT CAMPBELL CONNECT LIMITED,Land Mobile,Repeater,VHF (30-300 MHz),113,151.1,165.325
MOUNT CAMPBELL CONNECT LIMITED,Land Mobile,Mobile Transmit,VHF (30-300 MHz),113,153.7813,169.925
POWERCO LIMITED,Fixed Link,Bi-directional,UHF (300 MHz-3 GHz),113,421.6625,1523.625
DEPARTMENT OF CORRECTIONS,Land Mobile,Mobile Transmit,UHF (300 MHz-3 GHz),112,450.2813,491.2313
TŪ ĀTEA NETWORK SERVICES LIMITED,Paging,Unspecified,VHF (30-300 MHz),112,157.8,160.4375
NZ DEFENCE FORCE HEADQUARTERS,Aeronautical,Base Station,HF (3-30 MHz),111,3.0244,27.5364
DEPARTMENT OF CONSERVATION,Fixed Link,Bi-directional,UHF (300 MHz-3 GHz),106,420.0375,459.8375
EVERY PERSON,General User Licence,Unspecified,VHF (30-300 MHz),105,30.425,267.5
Fire and Emergency New Zealand,Land Mobile,Repeater,UHF (300 MHz-3 GHz),105,464.2563,501.7
AMURI NET LIMITED,Spectrum Licence,Unspecified,UHF (300 MHz-3 GHz),103,2590.0,2610.0
RADIO NEW ZEALAND LIMITED,Broadcasting,Unspecified,HF (3-30 MHz),102,5.91,18.91
VITAL LIMITED,Land Mobile,Mobile Transmit,VHF (30-300 MHz),101,85.3313,167.5
PRIMOWIRELESS LIMITED,Fixed Link,Bi-directional,SHF (3-30 GHz),100,10715.0,19590.0
MARLBOROUGH DISTRICT COUNCIL,Fixed Link,Bi-directional,UHF (300 MHz-3 GHz),97,420.1125,459.9875
WATERCARE SERVICES LTD,Land Mobile,Mobile Transmit,UHF (300 MHz-3 GHz),96,450.5438,493.7813
WATERCARE SERVICES LTD,Land Mobile,Repeater,UHF (300 MHz-3 GHz),95,455.5813,487.7688
St John,Paging,Unspecified,VHF (30-300 MHz),94,157.975,160.5375
AIRWAYS CORPORATION OF NEW ZEALAND LIMITED,Radiodetermination,Unspecified,UHF (300 MHz-3 GHz),93,993.0,1355.0
WATERCARE SERVICES LTD,Fixed Link,Bi-directional,UHF (300 MHz-3 GHz),93,420.0625,465.5625
CSE NEW ZEALAND LIMITED,Land Mobile,Simplex,UHF (300 MHz-3 GHz),91,449.9313,869.0125
DOVE COMMUNICATIONS (2023) LIMITED,Land Mobile,Simplex,UHF (300 MHz-3 GHz),91,453.3063,489.9188
NZ RED CROSS INC SOCIETY (NATIONAL OFFICE),Land Mobile,Simplex,HF (3-30 MHz),91,3.0244,20.815
WEL NETWORKS LIMITED,Fixed Link,Bi-directional,UHF (300 MHz-3 GHz),87,420.0875,1522.125
AMURI NET LIMITED,Fixed Link,Bi-directional,SHF (3-30 GHz),86,7452.5,19590.0
ASHLEY COMMUNICATIONS LIMITED,Land Mobile,Simplex,VHF (30-300 MHz),85,150.075,172.95
AIRWAYS CORPORATION OF NEW ZEALAND LIMITED,Fixed Link,Bi-directional,UHF (300 MHz-3 GHz),83,423.4625,1523.875
EONFIBRE LIMITED,Fixed Link,Bi-directional,EHF (>30 GHz),82,37667.0,84750.0
Harris Technology Limited,Land Mobile,Simplex,UHF (300 MHz-3 GHz),79,453.3938,489.0813
HAMPTON DOWNS (NZ) LIMITED,Land Mobile,Simplex,UHF (300 MHz-3 GHz),78,458.3688,489.9813
RHEMA MEDIA INCORPORATED,Broadcasting,Unspecified,VHF (30-300 MHz),78,88.7,106.4
ULTIMATE MOBILE LIMITED,Fixed Link,Bi-directional,SHF (3-30 GHz),78,7762.525,23072.0
ENTAIN NEW ZEALAND LIMITED,Land Mobile,Repeater,VHF (30-300 MHz),77,151.2375,165.125
AIR NEW ZEALAND LIMITED,Land Mobile,Simplex,UHF (300 MHz-3 GHz),76,449.9313,868.8875
AIRWAYS CORPORATION OF NEW ZEALAND LIMITED,Fixed Link,Bi-directional,SHF (3-30 GHz),76,7201.5,23268.0
COGENT LIMITED,Land Mobile,Simplex,UHF (300 MHz-3 GHz),76,449.9313,489.9813
WIZWIRELESS LIMITED,Fixed Link,Bi-directional,SHF (3-30 GHz),76,10715.0,19590.0
TAIT INTERNATIONAL LIMITED,Land Mobile,Repeater,UHF (300 MHz-3 GHz),74,415.9875,862.0813
TAIT INTERNATIONAL LIMITED,Land Mobile,Mobile Transmit,UHF (300 MHz-3 GHz),74,407.9875,817.0813
CAPITAL COMMUNICATIONS (AUCKLAND)  LTD,Land Mobile,Simplex,UHF (300 MHz-3 GHz),73,477.5563,488.9813
KIWIRAIL,Fixed Link,Bi-directional,SHF (3-30 GHz),73,6034.15,23002.0
AIRWAYS CORPORATION OF NEW ZEALAND LIMITED,Radiodetermination,Mobile Transmit,UHF (300 MHz-3 GHz),70,1030.0,1148.0
RADIO NEW ZEALAND LIMITED,Broadcasting,Unspecified,VHF (30-300 MHz),70,89.0,105.2
Fire and Emergency New Zealand,Fixed Link,Uni-directional,UHF (300 MHz-3 GHz),69,450.0625,450.2375
LIGHTWIRE LIMITED,Spectrum Licence,Unspecified,UHF (300 MHz-3 GHz),69,2585.0,2615.0
LIGHTWIRE LIMITED,Spectrum Licence,Unspecified,SHF (3-30 GHz),68,3310.0,3330.0
William A BLACK,Land Mobile,Simplex,VHF (30-300 MHz),68,150.075,172.8
Downer New Zealand Limited,Land Mobile,Simplex,UHF (300 MHz-3 GHz),66,453.3438,924.5
SURF LIFE SAVING NEW ZEALAND INCORPORATED,Land Mobile,Repeater,VHF (30-300 MHz),64,151.275,165.3
NEW ZEALAND STEEL LIMITED,Land Mobile,Simplex,UHF (300 MHz-3 GHz),63,453.3188,489.9813
POWERNET LIMITED,Fixed Link,Bi-directional,SHF (3-30 GHz),62,7866.3,22862.0
SUREVISION LIMITED,Land Mobile,Repeater,UHF (300 MHz-3 GHz),62,456.8438,458.0313
COLVINS LIMITED,Land Mobile,Repeater,VHF (30-300 MHz),61,151.0125,165.3125
SMITH CRANE & CONSTRUCTION LTD,Land Mobile,Simplex,VHF (30-300 MHz),61,150.0625,172.85
Downer New Zealand Limited,Fixed Link,Bi-directional,UHF (300 MHz-3 GHz),60,420.1125,924.5
MCS PTT LIMITED,Land Mobile,Simplex,UHF (300 MHz-3 GHz),60,453.3938,489.9813
SURF LIFE SAVING NEW ZEALAND INCORPORATED,Land Mobile,Mobile Transmit,VHF (30-300 MHz),60,153.6313,169.9
MINISTRY OF JUSTICE - COURT SECURITY,Paging,Unspecified,VHF (30-300 MHz),59,160.4875,160.4875
NEW ZEALAND ASSOCIATION OF RADIO TRANSMITTERS INC,Amateur,Mobile Transmit,UHF (300 MHz-3 GHz),59,433.25,439.975
BRIAN FM LIMITED,Broadcasting,Unspecified,VHF (30-300 MHz),58,88.6,106.5
EVOLUTION WIRELESS LIMITED,Fixed Link,Bi-directional,SHF (3-30 GHz),58,7940.425,23408.0
NEW ZEALAND ASSOCIATION OF RADIO TRANSMITTERS INC,Amateur,Repeater,UHF (300 MHz-3 GHz),58,434.8,439.975
NEW ZEALAND POLICE,Aeronautical,Base Station,VHF (30-300 MHz),58,118.1,131.3
SKY NETWORK TELEVISION LIMITED,Satellite & Space,Unspecified,SHF (3-30 GHz),58,3880.0,14480.0
3I OPCO LIMITED,Land Mobile,Simplex,UHF (300 MHz-3 GHz),57,449.7563,868.9125
CIVIL AVIATION AUTHORITY,Aeronautical,Base Station,VHF (30-300 MHz),57,118.0,134.45
COLVINS LIMITED,Land Mobile,Mobile Transmit,VHF (30-300 MHz),57,153.8813,169.9125
NZFM (2022) LIMITED PARTNERSHIP,Land Mobile,Simplex,VHF (30-300 MHz),57,150.0625,166.75
WELLINGTON WATER LIMITED,Fixed Link,Bi-directional,SHF (3-30 GHz),56,7747.7,22722.0
WATERCARE SERVICES LTD,Fixed Link,Bi-directional,SHF (3-30 GHz),54,10511.0,23331.0
KIWIWIFI LIMITED,Fixed Link,Bi-directional,SHF (3-30 GHz),52,10735.0,19590.0
NZME RADIO LIMITED,Broadcasting,Unspecified,MF (300 kHz-3 MHz),52,0.549,1.593
RADIO SYSTEMS LIMITED,Land Mobile,Simplex,UHF (300 MHz-3 GHz),52,453.3063,489.9813
Shane WILSON,Land Mobile,Simplex,UHF (300 MHz-3 GHz),52,449.9563,489.9563
ASHLEY COMMUNICATIONS LIMITED,Land Mobile,Simplex,UHF (300 MHz-3 GHz),51,453.4063,489.3188
FONTERRA CO-OPERATIVE GROUP LIMITED,Land Mobile,Simplex,UHF (300 MHz-3 GHz),51,453.3313,489.9313
ASHLEY COMMUNICATIONS LIMITED,Land Mobile,Mobile Transmit,UHF (300 MHz-3 GHz),50,450.5313,473.9063
ASHLEY COMMUNICATIONS LIMITED,Land Mobile,Repeater,UHF (300 MHz-3 GHz),50,455.5688,479.8938
BUPA CARE SERVICES NZ LIMITED,Paging,Unspecified,VHF (30-300 MHz),50,160.3375,160.3375
Louise Clark,Land Mobile,Simplex,UHF (300 MHz-3 GHz),50,453.3688,489.9563
MARLBOROUGH LINES LIMITED,Land Mobile,Repeater,VHF (30-300 MHz),49,151.0125,153.3625
MARLBOROUGH LINES LIMITED,Land Mobile,Mobile Transmit,VHF (30-300 MHz),49,153.6188,155.9563
NZ DEFENCE FORCE HEADQUARTERS,Aeronautical,Base Station,VHF (30-300 MHz),49,118.1,135.7
C 3 LIMITED,Land Mobile,Simplex,UHF (300 MHz-3 GHz),48,453.5438,489.9688
LIGHTWIRE LIMITED,Land Mobile,Repeater,UHF (300 MHz-3 GHz),48,418.1375,457.925
LIGHTWIRE LIMITED,Land Mobile,Mobile Transmit,UHF (300 MHz-3 GHz),48,410.1375,452.8875
MARITIME NEW ZEALAND,Maritime,Unspecified,HF (3-30 MHz),48,4.1264,22.1784
NELSPECS LIMITED,Land Mobile,Mobile Transmit,VHF (30-300 MHz),48,86.1688,169.9125
NELSPECS LIMITED,Land Mobile,Repeater,VHF (30-300 MHz),48,82.2,165.3125
POWERCO LIMITED,Land Mobile,Repeater,UHF (300 MHz-3 GHz),48,456.7063,485.0188
ROYAL NEW ZEALAND COASTGUARD INCORPORATED,Maritime,Mobile Transmit,VHF (30-300 MHz),48,156.025,156.9
ROYAL NEW ZEALAND COASTGUARD INCORPORATED,Maritime,Repeater,VHF (30-300 MHz),48,160.625,161.5
STRATANET LIMITED,Fixed Link,Bi-directional,SHF (3-30 GHz),48,7881.125,22848.0
TAUMATA PLANTATIONS LIMITED,Land Mobile,Simplex,VHF (30-300 MHz),48,150.1,166.6625
TĀTAKI AUCKLAND UNLIMITED LIMITED,Land Mobile,Simplex,UHF (300 MHz-3 GHz),48,458.3688,488.7563
INSPIRE NET LIMITED,Land Mobile,Repeater,UHF (300 MHz-3 GHz),47,415.0,457.7563
INSPIRE NET LIMITED,Land Mobile,Mobile Transmit,UHF (300 MHz-3 GHz),47,407.0,452.7188
LYTTELTON PORT COMPANY LIMITED,Land Mobile,Simplex,UHF (300 MHz-3 GHz),47,449.7813,482.2438
MOUNT CAMPBELL CONNECT LIMITED,Fixed Link,Bi-directional,UHF (300 MHz-3 GHz),47,420.2375,1499.0
LIGHTSPEED TECHNOLOGY GROUP LIMITED,Fixed Link,Bi-directional,SHF (3-30 GHz),46,7452.5,22694.0
NZ DEFENCE FORCE HEADQUARTERS,Maritime,Unspecified,HF (3-30 MHz),46,3.1604,25.1964
ULTIMATE MOBILE LIMITED,Spectrum Licence,Unspecified,SHF (3-30 GHz),46,3310.0,3330.0
EVERY PERSON,General User Licence,Unspecified,SHF (3-30 GHz),45,3000.0,29750.0
NEW ZEALAND ALUMINIUM SMELTERS LIMITED,Land Mobile,Simplex,UHF (300 MHz-3 GHz),45,449.7875,488.925
NZ DEFENCE FORCE HEADQUARTERS,Land Mobile,Simplex,VHF (30-300 MHz),45,32.5,297.5
NZME RADIO LIMITED,Land Mobile,Simplex,VHF (30-300 MHz),45,157.6,169.6
SUMMIT RADIO SOLUTIONS LIMITED,Land Mobile,Simplex,VHF (30-300 MHz),45,165.725,172.975
DEPARTMENT OF CONSERVATION,Land Mobile,Mobile Transmit,VHF (30-300 MHz),44,139.45,169.4875
National Emergency Management Agency,Land Mobile,Mobile Transmit,VHF (30-300 MHz),44,138.0125,139.9
WEL NETWORKS LIMITED,Land Mobile,Mobile Transmit,UHF (300 MHz-3 GHz),44,453.2563,493.4875
WEL NETWORKS LIMITED,Land Mobile,Repeater,UHF (300 MHz-3 GHz),44,458.2938,487.475
WELLINGTON MOUNTAIN RADIO SERVICE INCORPORATED,Land Mobile,Simplex,HF (3-30 MHz),44,3.0244,5.6814
NZ DEFENCE FORCE HEADQUARTERS,Fixed Link,Uni-directional,MF (300 kHz-3 MHz),43,1.7964,2.8384
RADIO SYSTEMS LIMITED,Land Mobile,Simplex,VHF (30-300 MHz),43,150.2,172.9875
CANTERBURY COMMUNICATIONS LIMITED,Land Mobile,Mobile Transmit,UHF (300 MHz-3 GHz),42,410.3125,474.2063
CANTERBURY COMMUNICATIONS LIMITED,Land Mobile,Repeater,UHF (300 MHz-3 GHz),42,418.3125,480.1938
HELICOPTERS OTAGO LTD,Land Mobile,Repeater,VHF (30-300 MHz),42,165.2125,165.2125
PORT OF TAURANGA LIMITED,Land Mobile,Simplex,UHF (300 MHz-3 GHz),42,466.9938,489.9
POWERCO LIMITED,Land Mobile,Mobile Transmit,UHF (300 MHz-3 GHz),42,451.6688,491.0313
SIGNALS NZ 2025 LIMITED,Land Mobile,Simplex,UHF (300 MHz-3 GHz),42,453.3438,489.9563
WEL NETWORKS LIMITED,Fixed Link,Bi-directional,SHF (3-30 GHz),42,10574.0,22946.0
WIRELESS DYNAMICS LIMITED,Fixed Link,Bi-directional,SHF (3-30 GHz),42,7762.525,23296.0
Digicom Wireless PTY LTD,Land Mobile,Simplex,UHF (300 MHz-3 GHz),41,449.9938,477.9813
WESTPOWER LTD,Fixed Link,Bi-directional,UHF (300 MHz-3 GHz),41,420.0125,1522.125
Joey Vaessen,Land Mobile,Simplex,UHF (300 MHz-3 GHz),40,453.3188,482.6563
KORDIA LIMITED,Broadcasting,Unspecified,UHF (300 MHz-3 GHz),40,514.0,602.0
MILLS CHAPMAN COMMUNICATIONS LTD,Land Mobile,Simplex,UHF (300 MHz-3 GHz),40,453.3063,489.0563
MOBICOMM LIMITED,Land Mobile,Simplex,VHF (30-300 MHz),40,150.1,170.8625
MURRAY TREGONNING & ASSOCIATES NZ LIMITED,Land Mobile,Simplex,VHF (30-300 MHz),40,72.1,72.5
NORTHPOWER LIMITED,Fixed Link,Bi-directional,UHF (300 MHz-3 GHz),40,443.075,1516.0
PARK ROAD POST PRODUCTION LIMITED,Land Mobile,Simplex,UHF (300 MHz-3 GHz),40,470.7563,489.9313
UBER GROUP LIMITED,Spectrum Licence,Unspecified,UHF (300 MHz-3 GHz),40,2590.0,2610.0
BRIGHT SPARK PRODUCTIONS LIMITED,Land Mobile,Repeater,UHF (300 MHz-3 GHz),39,484.7063,484.7063
CHRISTCHURCH CITY COUNCIL,Land Mobile,Repeater,UHF (300 MHz-3 GHz),39,455.3563,485.875
CHRISTCHURCH CITY COUNCIL,Land Mobile,Mobile Transmit,UHF (300 MHz-3 GHz),39,450.3188,491.8875
Fire and Emergency New Zealand,Land Mobile,Mobile Transmit,UHF (300 MHz-3 GHz),39,469.4438,497.1938
CONNECTIVITY INFRASTRUCTURE SERVICES LIMITED,Fixed Link,Bi-directional,SHF (3-30 GHz),38,7762.525,22848.0
ENHANCED SOLUTIONS LIMITED,Spectrum Licence,Unspecified,UHF (300 MHz-3 GHz),38,2590.0,2610.0
FULTON HOGAN LIMITED,Land Mobile,Simplex,UHF (300 MHz-3 GHz),38,449.9313,489.9313
WIFICONNECT LIMITED,Fixed Link,Bi-directional,SHF (3-30 GHz),38,7452.5,19590.0
CANTERBURY COMMUNICATIONS LIMITED,Land Mobile,Mobile Transmit,VHF (30-300 MHz),37,167.1875,169.9125
CANTERBURY COMMUNICATIONS LIMITED,Land Mobile,Repeater,VHF (30-300 MHz),37,162.5875,165.3125
CARTER HOLT HARVEY PULP & PAPER - KINLEITH MILL,Land Mobile,Simplex,UHF (300 MHz-3 GHz),37,453.4063,489.8938
KIWIRAIL,Land Mobile,Mobile Transmit,VHF (30-300 MHz),37,153.6313,158.1813
KMART NZ HOLDINGS LIMITED,Land Mobile,Simplex,UHF (300 MHz-3 GHz),37,458.4313,466.9813
MARLBOROUGH LINES LIMITED,Fixed Link,Bi-directional,UHF (300 MHz-3 GHz),37,443.125,1511.0
NZ DEFENCE FORCE HEADQUARTERS,Land Mobile,Simplex,UHF (300 MHz-3 GHz),37,302.5,868.1125
ULTIMATE MOBILE LIMITED,Spectrum Licence,Unspecified,UHF (300 MHz-3 GHz),37,2590.0,2610.0
GPS CONTROL SYSTEMS LIMITED,Fixed Link,Uni-directional,VHF (30-300 MHz),36,162.325,167.0
KORDIA LIMITED,Fixed Link,Bi-directional,UHF (300 MHz-3 GHz),36,421.2375,459.2313
TELEVISION NEW ZEALAND LIMITED,Satellite & Space,Unspecified,SHF (3-30 GHz),36,3820.0,14468.1
WAITAKI DISTRICT COUNCIL,Land Mobile,Repeater,UHF (300 MHz-3 GHz),36,456.9688,464.2813
EVERY PERSON,General User Licence,Unspecified,MF (300 kHz-3 MHz),35,0.3725,2.9375
KIWI CARE ELECTRONICS LIMITED,Paging,Unspecified,VHF (30-300 MHz),35,160.5625,160.5625
MANAWATU-WANGANUI REGIONAL COUNCIL,Land Mobile,Mobile Transmit,VHF (30-300 MHz),35,154.0813,169.8875
MANAWATU-WANGANUI REGIONAL COUNCIL,Land Mobile,Repeater,VHF (30-300 MHz),35,151.05,165.2875
4HF FACILITIES LIMITED,Land Mobile,Simplex,HF (3-30 MHz),34,3.0244,10.9814
ALPINE ENERGY LTD,Fixed Link,Bi-directional,SHF (3-30 GHz),34,7747.7,13087.0
AURORA ENERGY LIMITED,Fixed Link,Bi-directional,SHF (3-30 GHz),34,6093.45,22820.0
FLETCHER CONCRETE AND INFRASTRUCTURE LIMITED,Land Mobile,Simplex,UHF (300 MHz-3 GHz),34,449.9563,483.6313
GENESIS ENERGY LIMITED,Fixed Link,Bi-directional,SHF (3-30 GHz),34,7881.125,22652.0
JOHNSTON DICK & ASSOCIATES LIMITED,Fixed Link,Bi-directional,SHF (3-30 GHz),34,8307.0,19590.0
MAINPOWER NEW ZEALAND LTD,Fixed Link,Bi-directional,UHF (300 MHz-3 GHz),34,441.3875,459.9625
NETWORK WAITAKI LTD,Fixed Link,Bi-directional,UHF (300 MHz-3 GHz),34,453.675,466.3625
SUMMIT RADIO SOLUTIONS LIMITED,Land Mobile,Mobile Transmit,VHF (30-300 MHz),34,153.8938,169.8625
SUMMIT RADIO SOLUTIONS LIMITED,Land Mobile,Repeater,VHF (30-300 MHz),34,151.15,165.2625
AIRWAYS CORPORATION OF NEW ZEALAND LIMITED,Radiodetermination,Beacon,VHF (30-300 MHz),33,109.5,117.5
NZ DEFENCE FORCE HEADQUARTERS,Maritime,Unspecified,MF (300 kHz-3 MHz),33,0.518,2.801
OJI FIBRE SOLUTIONS (NZ) LIMITED,Land Mobile,Simplex,UHF (300 MHz-3 GHz),33,449.9313,489.0063
V F GOMBERT,Land Mobile,Simplex,VHF (30-300 MHz),33,166.0125,166.0125
VITAL LIMITED,Land Mobile,Simplex,UHF (300 MHz-3 GHz),33,413.8125,868.7625
CITY COMMS LIMITED,Land Mobile,Simplex,UHF (300 MHz-3 GHz),32,449.9438,488.9938
Fire and Emergency New Zealand,Land Mobile,Simplex,UHF (300 MHz-3 GHz),32,455.1313,498.1813
GLEESON & COX TRANSPORT LIMITED,Land Mobile,Simplex,UHF (300 MHz-3 GHz),32,449.9313,466.6813
INDEPENDENT STEVEDORING LIMITED,Land Mobile,Simplex,UHF (300 MHz-3 GHz),32,449.9313,488.825
INMARSAT NEW ZEALAND LIMITED,Satellite & Space,Unspecified,EHF (>30 GHz),32,30025.0,30975.0
ORION NEW ZEALAND LTD,Fixed Link,Bi-directional,SHF (3-30 GHz),32,6460.0,15271.0
SOUND AND RADIO COMMUNICATION LIMITED,Land Mobile,Simplex,UHF (300 MHz-3 GHz),32,449.9438,466.9063
Unifone New Zealand Limited,Spectrum Licence,Unspecified,SHF (3-30 GHz),32,3310.0,3330.0
WALKER WIRELESS LIMITED,Land Mobile,Simplex,VHF (30-300 MHz),32,150.075,172.975
BRIAN PERRY CIVIL LIMITED,Land Mobile,Simplex,UHF (300 MHz-3 GHz),31,449.9563,489.0188
THE LINES CO LTD,Fixed Link,Bi-directional,UHF (300 MHz-3 GHz),31,421.4875,856.75
GLOBE WIRELESS (NEW ZEALAND) LTD,Maritime,Unspecified,HF (3-30 MHz),30,4.1474,22.8024
MAORI TELEVISION SERVICE,Broadcasting,Unspecified,UHF (300 MHz-3 GHz),30,610.0,618.0
MARITIME NEW ZEALAND,Fixed Link,Bi-directional,UHF (300 MHz-3 GHz),30,420.1625,459.3188
MCCONNELL DOWELL CONSTRUCTORS LIMITED,Land Mobile,Simplex,VHF (30-300 MHz),30,150.9375,172.975
MERIDIAN ENERGY LIMITED,Land Mobile,Simplex,UHF (300 MHz-3 GHz),30,413.9125,488.9313
PORT NELSON LIMITED,Land Mobile,Simplex,UHF (300 MHz-3 GHz),30,449.7563,466.7063
RADIO NEW ZEALAND LIMITED,Broadcasting,Unspecified,MF (300 kHz-3 MHz),30,0.567,1.494
ROYAL NEW ZEALAND COASTGUARD INCORPORATED,Maritime,Unspecified,VHF (30-300 MHz),30,156.025,161.6
SKY NETWORK TELEVISION LIMITED,Broadcasting,Unspecified,UHF (300 MHz-3 GHz),30,562.0,570.0
Shane WILSON,Land Mobile,Simplex,VHF (30-300 MHz),30,150.075,171.175
TELEVISION NEW ZEALAND LIMITED,Broadcasting,Unspecified,UHF (300 MHz-3 GHz),30,530.0,586.0
TOP ENERGY,Fixed Link,Bi-directional,UHF (300 MHz-3 GHz),30,421.5125,465.9625
"The Crown acting by and through the Chief Executive of the Ministry of Business, Innovation, and Employment",Broadcasting,Unspecified,UHF (300 MHz-3 GHz),30,546.0,554.0
AIR NEW ZEALAND LIMITED,Aeronautical,Base Station,VHF (30-300 MHz),29,121.7,133.85
CITY COMMS LIMITED,Land Mobile,Simplex,VHF (30-300 MHz),29,150.3625,172.975
COLVINS LIMITED,Land Mobile,Simplex,VHF (30-300 MHz),29,150.7375,172.975
SIGNALS NZ 2025 LIMITED,Land Mobile,Repeater,UHF (300 MHz-3 GHz),29,455.3438,478.0688
AURORA ENERGY LIMITED,Fixed Link,Bi-directional,UHF (300 MHz-3 GHz),28,443.025,1520.0
ELECTRA LIMITED,Fixed Link,Bi-directional,SHF (3-30 GHz),28,10755.0,19480.0
GULFBAY ENTERPRISE LIMITED,Land Mobile,Simplex,UHF (300 MHz-3 GHz),28,449.9938,489.9688
IGNITION NETWORKS LIMITED,Land Mobile,Simplex,HF (3-30 MHz),28,3.1964,9.3014
INSPIRE NET LIMITED,Land Mobile,Mobile Transmit,VHF (30-300 MHz),28,167.275,169.5625
INSPIRE NET LIMITED,Land Mobile,Repeater,VHF (30-300 MHz),28,162.675,164.9625
TELETRONICS LIMITED,Land Mobile,Simplex,VHF (30-300 MHz),28,150.65,172.975
UBER GROUP LIMITED,Fixed Link,Bi-directional,SHF (3-30 GHz),28,10715.0,19590.0
CHANNEL INFRASTRUCTURE NZ LIMITED,Land Mobile,Simplex,UHF (300 MHz-3 GHz),27,453.5188,464.9813
COMMUNICATE LIMITED,Land Mobile,Repeater,VHF (30-300 MHz),27,151.025,153.0625
GLOBAL COMMUNICATION SYSTEMS LIMITED,Land Mobile,Simplex,UHF (300 MHz-3 GHz),27,449.9438,466.9813
INDEVIN LIMITED,Land Mobile,Simplex,UHF (300 MHz-3 GHz),27,476.1313,489.9813
MOUNT CAMPBELL COMMUNICATIONS LIMITED,Land Mobile,Simplex,VHF (30-300 MHz),27,165.75,172.775
MOUTERE LOGGING LIMITED,Land Mobile,Simplex,VHF (30-300 MHz),27,150.4625,173.8063
NEW ZEALAND INSTITUTE FOR PUBLIC HEALTH AND FORENSIC SCIENCE LIMITED,Satellite & Space,Unspecified,SHF (3-30 GHz),27,6375.23,6378.315
PASSAGE GUARDIAN CHARITABLE TRUST,Maritime,Unspecified,HF (3-30 MHz),27,4.1264,25.1074
Parkland Products Limited,Land Mobile,Repeater,UHF (300 MHz-3 GHz),27,456.8188,464.675
THE FLETCHER CONSTRUCTION COMPANY LIMITED,Land Mobile,Simplex,UHF (300 MHz-3 GHz),27,477.6188,489.9688
VECTOR LIMITED,Land Mobile,Mobile Transmit,VHF (30-300 MHz),27,153.6188,169.6875
VECTOR LIMITED,Land Mobile,Repeater,VHF (30-300 MHz),27,151.3125,165.0875
ALCOM COMMUNICATION SERVICES LIMITED,Land Mobile,Repeater,VHF (30-300 MHz),26,151.025,165.05
ALCOM COMMUNICATION SERVICES LIMITED,Land Mobile,Mobile Transmit,VHF (30-300 MHz),26,153.6563,169.65
CHATR COMMUNICATIONS LIMITED,Land Mobile,Repeater,VHF (30-300 MHz),26,151.0375,165.2375
CHATR COMMUNICATIONS LIMITED,Land Mobile,Mobile Transmit,VHF (30-300 MHz),26,154.6938,169.8375
INSPIRE NET LIMITED,Spectrum Licence,Unspecified,SHF (3-30 GHz),26,3310.0,3330.0
MARLBOROUGH LINES LIMITED,Fixed Link,Bi-directional,SHF (3-30 GHz),26,6093.45,19177.5
NEW ZEALAND OIL SERVICES LIMITED,Land Mobile,Simplex,UHF (300 MHz-3 GHz),26,455.0688,455.3063
NZ DEFENCE FORCE HEADQUARTERS,Land Mobile,Simplex,HF (3-30 MHz),26,3.2204,29.7784
NZME RADIO LIMITED,Fixed Link,Bi-directional,UHF (300 MHz-3 GHz),26,404.0375,932.75
TIER III LIMITED,Land Mobile,Mobile Transmit,UHF (300 MHz-3 GHz),26,410.1375,411.575
TIER III LIMITED,Land Mobile,Repeater,UHF (300 MHz-3 GHz),26,418.1375,419.575
TOP ENERGY,Land Mobile,Mobile Transmit,VHF (30-300 MHz),26,153.6688,169.9125
TOP ENERGY,Land Mobile,Repeater,VHF (30-300 MHz),26,151.0125,165.3125
Z ENERGY LIMITED,Land Mobile,Simplex,UHF (300 MHz-3 GHz),26,453.3188,483.7313
ZELAN LIMITED,Fixed Link,Bi-directional,SHF (3-30 GHz),26,7236.5,11605.0
ASHLEY COMMUNICATIONS LIMITED,Fixed Link,Bi-directional,UHF (300 MHz-3 GHz),25,420.9375,465.3625
BALLANCE AGRI-NUTRIENTS LIMITED,Land Mobile,Simplex,UHF (300 MHz-3 GHz),25,453.5938,489.7438
COGENT LIMITED,Land Mobile,Simplex,VHF (30-300 MHz),25,150.225,172.975
Downer New Zealand Limited,Fixed Link,Bi-directional,VHF (30-300 MHz),25,158.625,158.625
EASTPACK LIMITED,Land Mobile,Simplex,UHF (300 MHz-3 GHz),25,464.8563,488.5313
ENTAIN NEW ZEALAND LIMITED,Outside Broadcast,Unspecified,UHF (300 MHz-3 GHz),25,2710.0,2890.0
GPS CONTROL SYSTEMS LIMITED,Land Mobile,Repeater,VHF (30-300 MHz),25,164.425,165.15
KIWIRAIL LTD,Land Mobile,Simplex,UHF (300 MHz-3 GHz),25,450.2625,489.9938
PALMSIDE NZ 2023 LIMITED,Land Mobile,Simplex,UHF (300 MHz-3 GHz),25,449.9438,489.9563
SIGNALS NZ 2025 LIMITED,Land Mobile,Mobile Transmit,UHF (300 MHz-3 GHz),25,450.3063,472.0813
ACCELERATE WIRELESS LIMITED,Fixed Link,Bi-directional,SHF (3-30 GHz),24,10715.0,19590.0
AIRWAYS CORPORATION OF NEW ZEALAND LIMITED,Aeronautical,Base Station,HF (3-30 MHz),24,3.0174,21.9504
AUCKLAND INTERNATIONAL AIRPORT LIMITED,Land Mobile,Mobile Transmit,UHF (300 MHz-3 GHz),24,452.4063,818.9938
AUCKLAND INTERNATIONAL AIRPORT LIMITED,Land Mobile,Repeater,UHF (300 MHz-3 GHz),24,457.4438,863.9938
COMMUNICATE LIMITED,Land Mobile,Mobile Transmit,VHF (30-300 MHz),24,153.9313,155.9938
DEPARTMENT OF CONSERVATION,Land Mobile,Simplex,MF (300 kHz-3 MHz),24,2.1964,2.4754
FOREST MANAGEMENT (NZ) LIMITED,Land Mobile,Simplex,VHF (30-300 MHz),24,150.2375,166.775
FULL FLAVOUR LIMITED,Fixed Link,Bi-directional,SHF (3-30 GHz),24,7762.525,19590.0
HAMILTON CITY COUNCIL,Fixed Link,Bi-directional,SHF (3-30 GHz),24,21294.0,23310.0
MEDIAWORKS RADIO LIMITED,Fixed Link,Bi-directional,SHF (3-30 GHz),24,7201.5,22834.0
OCEANA GOLD (NEW ZEALAND) LIMITED,Land Mobile,Simplex,UHF (300 MHz-3 GHz),24,453.3063,489.775
OMV NEW ZEALAND LIMITED,Land Mobile,Simplex,UHF (300 MHz-3 GHz),24,453.3063,466.9938
TRANSPOWER NEW ZEALAND LIMITED,Fixed Link,Bi-directional,SHF (3-30 GHz),24,6540.0,11665.0
WINEWORKS LIMITED,Land Mobile,Simplex,UHF (300 MHz-3 GHz),24,470.8313,489.8188
DUNEDIN CITY COUNCIL,Fixed Link,Bi-directional,UHF (300 MHz-3 GHz),23,420.0875,450.2375
JOHNSTON DICK & ASSOCIATES LIMITED,Broadcasting,Unspecified,UHF (300 MHz-3 GHz),23,522.0,602.0
MANAWA ENERGY GENERATION LIMITED,Fixed Link,Bi-directional,UHF (300 MHz-3 GHz),23,420.0813,1523.625
METEOROLOGICAL SERVICE OF NEW ZEALAND LIMITED,Fixed Link,Bi-directional,UHF (300 MHz-3 GHz),23,443.075,449.4938
MOBICOMM LIMITED,Land Mobile,Mobile Transmit,UHF (300 MHz-3 GHz),23,450.5938,469.9938
ONEFORTYONE NEW ZEALAND LIMITED,Land Mobile,Simplex,VHF (30-300 MHz),23,150.2125,172.8
TOP ENERGY,Land Mobile,Simplex,UHF (300 MHz-3 GHz),23,449.9313,455.3063
VORTEX VENTURES LIMITED,Land Mobile,Simplex,UHF (300 MHz-3 GHz),23,453.3438,466.8813
CONTAINERCO (NZL) LIMITED,Land Mobile,Simplex,UHF (300 MHz-3 GHz),22,449.9563,483.9438
COUNTIES ENERGY LIMITED,Fixed Link,Bi-directional,SHF (3-30 GHz),22,10511.0,11605.0
Christchurch City Council,Land Mobile,Simplex,VHF (30-300 MHz),22,165.9625,166.7375
FULTON HOGAN LIMITED,Land Mobile,Simplex,VHF (30-300 MHz),22,84.2375,171.325
HAMILTON CITY COUNCIL,Land Mobile,Repeater,UHF (300 MHz-3 GHz),22,455.3438,481.6063
HAMILTON CITY COUNCIL,Land Mobile,Mobile Transmit,UHF (300 MHz-3 GHz),22,450.3063,475.6188
LANDCORP FARMING LIMITED,Land Mobile,Simplex,VHF (30-300 MHz),22,150.075,172.55
OBERTECH GROUP LTD,Land Mobile,Simplex,UHF (300 MHz-3 GHz),22,453.4563,868.3875
POWERNET LIMITED,Fixed Link,Bi-directional,UHF (300 MHz-3 GHz),22,421.9125,459.5125
TELETRONICS LIMITED,Land Mobile,Mobile Transmit,VHF (30-300 MHz),22,153.9063,169.9125
TELETRONICS LIMITED,Land Mobile,Repeater,VHF (30-300 MHz),22,152.125,165.3125
THEPACIFIC.NET LIMITED,Spectrum Licence,Unspecified,UHF (300 MHz-3 GHz),22,2590.0,2610.0
TIAKI PLANTATIONS COMPANY,Fixed Link,Bi-directional,UHF (300 MHz-3 GHz),22,421.6375,466.1125
TIAKI PLANTATIONS COMPANY,Land Mobile,Mobile Transmit,VHF (30-300 MHz),22,153.8938,158.075
TIAKI PLANTATIONS COMPANY,Land Mobile,Repeater,VHF (30-300 MHz),22,151.4,160.975
TITAN CRANES LTD,Land Mobile,Simplex,UHF (300 MHz-3 GHz),22,466.8938,489.3813
VESTAS-NEW ZEALAND WIND TECHNOLOGY LIMITED,Land Mobile,Simplex,UHF (300 MHz-3 GHz),22,449.9438,466.9938
AIRTEL LIMITED,Land Mobile,Repeater,VHF (30-300 MHz),21,151.2375,164.55
AIRTEL LIMITED,Land Mobile,Mobile Transmit,VHF (30-300 MHz),21,153.8563,169.15
Downer New Zealand Limited,Land Mobile,Simplex,VHF (30-300 MHz),21,150.0625,166.75
ENTAIN NEW ZEALAND LIMITED,Fixed Link,Uni-directional,UHF (300 MHz-3 GHz),21,413.8875,934.9375
HEB CONSTRUCTION LIMITED,Land Mobile,Simplex,UHF (300 MHz-3 GHz),21,449.9563,482.1563
MAINPOWER NEW ZEALAND LTD,Land Mobile,Repeater,VHF (30-300 MHz),21,163.4125,165.2875
MAINPOWER NEW ZEALAND LTD,Land Mobile,Mobile Transmit,VHF (30-300 MHz),21,168.0125,169.8875
MERIDIAN ENERGY LIMITED,Fixed Link,Bi-directional,UHF (300 MHz-3 GHz),21,453.65,1519.0
NAPIER CITY COUNCIL,Land Mobile,Simplex,UHF (300 MHz-3 GHz),21,461.5438,489.5438
OMV NEW ZEALAND LIMITED,Land Mobile,Repeater,UHF (300 MHz-3 GHz),21,418.1625,464.2188
OMV NEW ZEALAND LIMITED,Land Mobile,Mobile Transmit,UHF (300 MHz-3 GHz),21,410.1625,469.4063
RHEMA MEDIA INCORPORATED,Broadcasting,Unspecified,MF (300 kHz-3 MHz),21,0.54,1.404
SIGNALS NZ 2025 LIMITED,Land Mobile,Mobile Transmit,VHF (30-300 MHz),21,154.0438,169.8625
SIGNALS NZ 2025 LIMITED,Land Mobile,Repeater,VHF (30-300 MHz),21,151.2125,165.2625
THE HELICOPTER LINE LTD,Aeronautical,Base Station,VHF (30-300 MHz),21,118.1,131.8
WELLINGTON CITY COUNCIL,Land Mobile,Simplex,VHF (30-300 MHz),21,148.2375,166.475
BAY VENUES LIMITED,Land Mobile,Simplex,UHF (300 MHz-3 GHz),20,453.3188,488.2813
ELECTRICITY ASHBURTON LIMITED,Land Mobile,Repeater,VHF (30-300 MHz),20,152.8125,165.275
ELECTRICITY ASHBURTON LIMITED,Land Mobile,Mobile Transmit,VHF (30-300 MHz),20,154.5938,169.875
EMBASSY OF THE UNITED STATES OF AMERICA,Land Mobile,Simplex,HF (3-30 MHz),20,5.75,24.885
EVERY PERSON,General User Licence,Unspecified,EHF (>30 GHz),20,34700.0,637500.0
INFLATABLE WORLD AUSTRALIA LIMITED,Land Mobile,Simplex,UHF (300 MHz-3 GHz),20,458.3813,466.9938
INTERNATIONAL MOTORSPORT TEAM MANAGEMENT NEW ZEALAND  LIMITED,Land Mobile,Simplex,UHF (300 MHz-3 GHz),20,476.1188,489.9813
"KT1 Co Limited, KT2 Co Limited, NZSF Timber Investments (No 4) Limited",Land Mobile,Repeater,VHF (30-300 MHz),20,151.0875,153.3
"KT1 Co Limited, KT2 Co Limited, NZSF Timber Investments (No 4) Limited",Land Mobile,Mobile Transmit,VHF (30-300 MHz),20,153.6063,155.7938
LRAE COMMS GROUP LIMITED,Fixed Link,Bi-directional,SHF (3-30 GHz),20,10715.0,11645.0
MARLBOROUGH LINES LIMITED,Land Mobile,Simplex,UHF (300 MHz-3 GHz),20,470.7563,482.8313
OCEANA GOLD (NEW ZEALAND) LIMITED,Land Mobile,Simplex,VHF (30-300 MHz),20,150.5625,172.9875
OUTBACK COMMUNICATIONS LIMITED,Land Mobile,Mobile Transmit,VHF (30-300 MHz),20,153.6563,169.9
OUTBACK COMMUNICATIONS LIMITED,Land Mobile,Repeater,VHF (30-300 MHz),20,151.325,165.3
ROYAL NEW ZEALAND COASTGUARD INCORPORATED,Fixed Link,Bi-directional,UHF (300 MHz-3 GHz),20,420.1625,459.5125
"STARLINK NEW ZEALAND, UNLIMITED LIABILITY COMPANY",Satellite & Space,Unspecified,EHF (>30 GHz),20,81625.0,85375.0
SURF LIFE SAVING NEW ZEALAND INCORPORATED,Fixed Link,Bi-directional,UHF (300 MHz-3 GHz),20,420.2625,446.6438
St John,Land Mobile,Simplex,UHF (300 MHz-3 GHz),20,477.4313,498.4938
TAYLORS CONTRACTING COMPANY LIMITED,Land Mobile,Simplex,VHF (30-300 MHz),20,165.725,172.975
TODD ENERGY LIMITED,Fixed Link,Bi-directional,UHF (300 MHz-3 GHz),20,449.5063,459.3375
UNISON NETWORKS LIMITED,Land Mobile,Simplex,VHF (30-300 MHz),20,150.175,153.5813
YRLESS LIMITED,Fixed Link,Bi-directional,SHF (3-30 GHz),20,10715.0,11585.0
ALCOM COMMUNICATION SERVICES LIMITED,Land Mobile,Simplex,VHF (30-300 MHz),19,150.0875,170.75
BULLER ELECTRICITY LTD,Fixed Link,Bi-directional,UHF (300 MHz-3 GHz),19,420.5375,459.5375
COUNTIES ENERGY LIMITED,Land Mobile,Mobile Transmit,UHF (300 MHz-3 GHz),19,451.2938,493.5938
COUNTIES ENERGY LIMITED,Land Mobile,Repeater,UHF (300 MHz-3 GHz),19,456.3313,487.5813
ERNSLAW ONE LTD,Land Mobile,Repeater,VHF (30-300 MHz),19,151.0625,162.925
ERNSLAW ONE LTD,Land Mobile,Mobile Transmit,VHF (30-300 MHz),19,154.0563,167.525
FONTERRA CO-OPERATIVE GROUP LIMITED,Land Mobile,Mobile Transmit,UHF (300 MHz-3 GHz),19,450.5813,474.1188
FONTERRA CO-OPERATIVE GROUP LIMITED,Land Mobile,Repeater,UHF (300 MHz-3 GHz),19,455.6188,480.1063
INETWORKS LIMITED,Land Mobile,Repeater,VHF (30-300 MHz),19,163.1875,165.25
INETWORKS LIMITED,Land Mobile,Mobile Transmit,VHF (30-300 MHz),19,167.7875,169.85
KIWIRAIL LTD,Land Mobile,Mobile Transmit,UHF (300 MHz-3 GHz),19,451.3188,475.7938
MERCURY NZ LIMITED,Land Mobile,Repeater,UHF (300 MHz-3 GHz),19,461.9063,464.8063
MOBILE SYSTEMS LIMITED,Land Mobile,Simplex,UHF (300 MHz-3 GHz),19,461.4813,489.9813
MOUNT CAMPBELL COMMUNICATIONS LIMITED,Land Mobile,Simplex,UHF (300 MHz-3 GHz),19,458.3813,488.9813
ORION NEW ZEALAND LTD,Land Mobile,Repeater,VHF (30-300 MHz),19,151.1,152.975
RYMAN HEALTHCARE LIMITED,Land Mobile,Simplex,UHF (300 MHz-3 GHz),19,470.8063,489.0813
T L PARKER LIMITED,Land Mobile,Simplex,VHF (30-300 MHz),19,150.5625,172.8625
TELEVISION NEW ZEALAND LIMITED,Outside Broadcast,Unspecified,UHF (300 MHz-3 GHz),19,2710.0,2890.0
VECTOR LIMITED,Fixed Link,Bi-directional,UHF (300 MHz-3 GHz),19,422.4875,459.3563
4HF FACILITIES LIMITED,Land Mobile,Repeater,VHF (30-300 MHz),18,81.3,164.65
A D BROWN,Land Mobile,Simplex,HF (3-30 MHz),18,3.0244,6.7834
AIR NEW ZEALAND LTD,Aeronautical,Base Station,VHF (30-300 MHz),18,119.1,133.1
ASHLEY COMMUNICATIONS LIMITED,Fixed Link,Bi-directional,SHF (3-30 GHz),18,7452.5,13157.0
CHATR COMMUNICATIONS LIMITED,Land Mobile,Simplex,VHF (30-300 MHz),18,150.0625,170.3875
CHRISTIAN LIFE CENTRE AUCKLAND,Land Mobile,Simplex,UHF (300 MHz-3 GHz),18,476.1188,489.9188
DOVE COMMUNICATIONS (2023) LIMITED,Land Mobile,Repeater,UHF (300 MHz-3 GHz),18,455.8313,480.3188
DOVE COMMUNICATIONS (2023) LIMITED,Land Mobile,Mobile Transmit,UHF (300 MHz-3 GHz),18,450.7938,474.3313
ENTERNET ONLINE LIMITED,Fixed Link,Bi-directional,SHF (3-30 GHz),18,10815.0,11645.0
FILM RADIOS.COM LIMITED,Land Mobile,Simplex,VHF (30-300 MHz),18,150.0875,171.75
GHELLA ABERGELDIE JV,Land Mobile,Simplex,UHF (300 MHz-3 GHz),18,453.5438,483.6438
HAWKINS LIMITED,Land Mobile,Simplex,UHF (300 MHz-3 GHz),18,449.7813,488.9063
HIGGINS CONTRACTORS LIMITED,Land Mobile,Simplex,UHF (300 MHz-3 GHz),18,449.9563,465.0063
IXOM OPERATIONS PTY LTD,Land Mobile,Simplex,UHF (300 MHz-3 GHz),18,483.6688,489.0063
JV ELECTRONICS LTD,Land Mobile,Repeater,VHF (30-300 MHz),18,151.0125,164.95
JV ELECTRONICS LTD,Land Mobile,Mobile Transmit,VHF (30-300 MHz),18,153.6063,169.55
KIWIRAIL,Land Mobile,Simplex,VHF (30-300 MHz),18,150.325,166.5875
MAINPOWER NEW ZEALAND LTD,Land Mobile,Mobile Transmit,UHF (300 MHz-3 GHz),18,450.5563,469.9875
MAN O'WAR VINEYARDS LIMITED,Land Mobile,Simplex,VHF (30-300 MHz),18,150.1375,153.5813
MARLBOROUGH LINES LIMITED,Land Mobile,Mobile Transmit,UHF (300 MHz-3 GHz),18,472.1375,493.6813
MARLBOROUGH LINES LIMITED,Land Mobile,Repeater,UHF (300 MHz-3 GHz),18,478.125,487.6688
NORTHPOWER LIMITED,Land Mobile,Repeater,VHF (30-300 MHz),18,162.6375,164.95
NORTHPOWER LIMITED,Land Mobile,Mobile Transmit,VHF (30-300 MHz),18,167.2375,169.55
NZART CHRISTCHURCH BRANCH 05 INC,Land Mobile,Simplex,HF (3-30 MHz),18,3.2624,3.3464
PAN PAC FOREST PRODUCTS LTD,Land Mobile,Simplex,VHF (30-300 MHz),18,150.8625,172.975
ROTORUA DISTRICT COUNCIL,Fixed Link,Bi-directional,UHF (300 MHz-3 GHz),18,420.1875,445.1938
SNOW SPORTS NEW ZEALAND (INC).,Land Mobile,Simplex,UHF (300 MHz-3 GHz),18,461.7688,464.8563
TAUMATA PLANTATIONS LIMITED,Land Mobile,Mobile Transmit,VHF (30-300 MHz),18,154.0188,155.8813
TAUMATA PLANTATIONS LIMITED,Land Mobile,Repeater,VHF (30-300 MHz),18,151.0125,152.775
TELETRONICS LIMITED,Land Mobile,Repeater,UHF (300 MHz-3 GHz),18,418.1875,456.0813
TELETRONICS LIMITED,Land Mobile,Mobile Transmit,UHF (300 MHz-3 GHz),18,410.1875,451.0438
TITAN CRANES LTD,Land Mobile,Simplex,VHF (30-300 MHz),18,150.575,171.325
TOP ENERGY,Fixed Link,Bi-directional,SHF (3-30 GHz),18,7452.5,19535.0
UNISON NETWORKS LIMITED,Land Mobile,Repeater,VHF (30-300 MHz),18,151.075,153.0
UNISON NETWORKS LIMITED,Land Mobile,Mobile Transmit,VHF (30-300 MHz),18,153.6813,155.8563
VECTOR LIMITED,Fixed Link,Bi-directional,SHF (3-30 GHz),18,7547.0,19480.0
WAIMAKARIRI DISTRICT COUNCIL,Fixed Link,Bi-directional,UHF (300 MHz-3 GHz),18,421.0375,427.125
DEPARTMENT OF CONSERVATION,Land Mobile,Simplex,VHF (30-300 MHz),17,140.55,161.23
DUNEDIN CITY COUNCIL,Land Mobile,Repeater,UHF (300 MHz-3 GHz),17,455.975,464.65
DUNEDIN CITY COUNCIL,Land Mobile,Mobile Transmit,UHF (300 MHz-3 GHz),17,450.9375,469.8375
GATEWAY TELEPORT LIMITED,Satellite & Space,Unspecified,SHF (3-30 GHz),17,3820.0,14480.0
GENESIS ENERGY LIMITED,Telemetry & Telecommand,Uni-directional,UHF (300 MHz-3 GHz),17,471.2,471.275
MAINPOWER NEW ZEALAND LTD,Land Mobile,Repeater,UHF (300 MHz-3 GHz),17,455.5938,464.8
MINISTRY OF JUSTICE - COURT SECURITY,Land Mobile,Simplex,UHF (300 MHz-3 GHz),17,455.2188,489.9063
NEP BROADCAST SERVICES NEW ZEALAND LIMITED,Land Mobile,Simplex,UHF (300 MHz-3 GHz),17,470.7563,483.3563
New Zealand Transport Agency,Land Mobile,Simplex,UHF (300 MHz-3 GHz),17,453.3063,482.0313
PORT OF AUCKLAND LIMITED,Maritime,Unspecified,VHF (30-300 MHz),17,156.3,162.025
POVERTY BAY & EAST COAST RTUA,Land Mobile,Repeater,VHF (30-300 MHz),17,82.325,163.8
POVERTY BAY & EAST COAST RTUA,Land Mobile,Mobile Transmit,VHF (30-300 MHz),17,86.2938,168.4
SITA B.V.,Aeronautical,Base Station,VHF (30-300 MHz),17,131.55,136.975
SUMMIT RADIO SOLUTIONS LIMITED,Land Mobile,Simplex,UHF (300 MHz-3 GHz),17,453.3063,466.9688
TALLEY'S LIMITED,Land Mobile,Simplex,UHF (300 MHz-3 GHz),17,458.3438,488.5813
THE LINES CO LTD,Land Mobile,Repeater,VHF (30-300 MHz),17,151.1,165.2625
TRAFFIC MANAGEMENT NZ LIMITED,Land Mobile,Simplex,UHF (300 MHz-3 GHz),17,449.9313,483.4438
WHANGAREI DISTRICT COUNCIL,Land Mobile,Simplex,HF (3-30 MHz),17,3.3284,7.8494
ACCELERATE WIRELESS LIMITED,Spectrum Licence,Unspecified,SHF (3-30 GHz),16,3310.0,3330.0
AURORA ENERGY LIMITED,Land Mobile,Mobile Transmit,VHF (30-300 MHz),16,167.2875,169.6625
AURORA ENERGY LIMITED,Land Mobile,Repeater,VHF (30-300 MHz),16,162.6875,165.0625
AUT University,Land Mobile,Simplex,UHF (300 MHz-3 GHz),16,461.5563,489.8563
BALLANCE AGRI-NUTRIENTS (KAPUNI) LIMITED,Land Mobile,Simplex,UHF (300 MHz-3 GHz),16,453.3563,455.2813
CHATR COMMUNICATIONS LIMITED,Land Mobile,Simplex,UHF (300 MHz-3 GHz),16,453.3313,461.5688
COCA-COLA EUROPACIFIC PARTNERS NEW ZEALAND LIMITED,Land Mobile,Simplex,UHF (300 MHz-3 GHz),16,466.9938,489.8188
COLVINS LIMITED,Fixed Link,Bi-directional,SHF (3-30 GHz),16,7184.0,19260.0
CONTACT ENERGY LIMITED,Fixed Link,Bi-directional,UHF (300 MHz-3 GHz),16,453.8,466.0125
D G GLENN LOGGING LIMITED,Land Mobile,Simplex,VHF (30-300 MHz),16,150.15,171.05
DRUMMOND & ETHERIDGE LIMITED,Land Mobile,Repeater,UHF (300 MHz-3 GHz),16,461.9313,464.4938
GENESIS ENERGY LIMITED,Fixed Link,Bi-directional,UHF (300 MHz-3 GHz),16,420.9125,1522.525
GILL CONSTRUCTION CO LIMITED,Land Mobile,Simplex,VHF (30-300 MHz),16,166.35,172.8625
GOODMAN CONTRACTORS LIMITED,Land Mobile,Simplex,VHF (30-300 MHz),16,150.725,172.85
INDEPENDENT TRAFFIC CONTROL LIMITED,Land Mobile,Simplex,UHF (300 MHz-3 GHz),16,476.2938,483.6688
LANDCORP FARMING LIMITED,Land Mobile,Mobile Transmit,VHF (30-300 MHz),16,155.6938,169.875
LANDCORP FARMING LIMITED,Land Mobile,Repeater,VHF (30-300 MHz),16,151.5125,165.275
MILLS CHAPMAN COMMUNICATIONS LTD,Land Mobile,Repeater,UHF (300 MHz-3 GHz),16,418.75,463.8063
MILLS CHAPMAN COMMUNICATIONS LTD,Land Mobile,Mobile Transmit,UHF (300 MHz-3 GHz),16,410.75,468.9938
NELSPECS LIMITED,Land Mobile,Repeater,UHF (300 MHz-3 GHz),16,418.2,464.7438
NELSPECS LIMITED,Land Mobile,Mobile Transmit,UHF (300 MHz-3 GHz),16,410.2,469.9313
NEP BROADCAST SERVICES NEW ZEALAND LIMITED,Land Mobile,Mobile Transmit,UHF (300 MHz-3 GHz),16,472.3813,490.7125
NEP BROADCAST SERVICES NEW ZEALAND LIMITED,Outside Broadcast,Unspecified,SHF (3-30 GHz),16,7124.5,7327.5
ROTORUA CANOPY TOURS LIMITED,Land Mobile,Simplex,VHF (30-300 MHz),16,166.025,172.35
ROYAL NEW ZEALAND COASTGUARD INCORPORATED,Maritime,Unspecified,HF (3-30 MHz),16,4.1264,16.5384
SURF LIFE SAVING NEW ZEALAND INCORPORATED,Fixed Link,Bi-directional,SHF (3-30 GHz),16,7222.5,15299.0
TAUMATA PLANTATIONS LIMITED,Fixed Link,Bi-directional,UHF (300 MHz-3 GHz),16,420.0375,458.6875
TAUPO CAR CLUB INCORPORATED,Land Mobile,Simplex,UHF (300 MHz-3 GHz),16,453.3688,488.3313
WAIPA DISTRICT COUNCIL,Fixed Link,Bi-directional,SHF (3-30 GHz),16,11035.0,22890.0
WELLINGTON WATER LIMITED,Land Mobile,Repeater,UHF (300 MHz-3 GHz),16,455.375,463.175
WELLINGTON WATER LIMITED,Land Mobile,Mobile Transmit,UHF (300 MHz-3 GHz),16,450.3375,468.3625
WIZWIRELESS LIMITED,Spectrum Licence,Unspecified,UHF (300 MHz-3 GHz),16,2592.0,2613.0
Auckland Council,Land Mobile,Simplex,UHF (300 MHz-3 GHz),15,453.3438,488.2688
CHANNEL INFRASTRUCTURE NZ LIMITED,Land Mobile,Mobile Transmit,UHF (300 MHz-3 GHz),15,406.4125,411.8875
CHANNEL INFRASTRUCTURE NZ LIMITED,Land Mobile,Repeater,UHF (300 MHz-3 GHz),15,414.4125,419.8875
CONTACT ENERGY LIMITED,Land Mobile,Simplex,UHF (300 MHz-3 GHz),15,461.4813,489.9188
ENTAIN NEW ZEALAND LIMITED,Broadcasting,Unspecified,MF (300 kHz-3 MHz),15,0.549,1.548
MERIDIAN ENERGY LIMITED,Land Mobile,Repeater,UHF (300 MHz-3 GHz),15,418.1625,478.2813
Nelson Marlborough Institute of Technology,Maritime,Unspecified,HF (3-30 MHz),15,4.1264,17.3034
OCEANA GOLD (NEW ZEALAND) LIMITED,Land Mobile,Repeater,UHF (300 MHz-3 GHz),15,462.4438,479.5313
OCEANA GOLD (NEW ZEALAND) LIMITED,Land Mobile,Mobile Transmit,UHF (300 MHz-3 GHz),15,451.9063,472.6813
ONEFORTYONE NEW ZEALAND LIMITED,Fixed Link,Bi-directional,UHF (300 MHz-3 GHz),15,421.5625,459.4625
ORION NEW ZEALAND LTD,Land Mobile,Mobile Transmit,UHF (300 MHz-3 GHz),15,450.3688,468.6188
ORION NEW ZEALAND LTD,Land Mobile,Repeater,UHF (300 MHz-3 GHz),15,455.4063,463.4313
OUTBACK COMMUNICATIONS LIMITED,Land Mobile,Simplex,UHF (300 MHz-3 GHz),15,453.3188,482.1188
POVERTY BAY & EAST COAST RTUA,Land Mobile,Simplex,VHF (30-300 MHz),15,165.9625,170.85
RUAPEHU SNOW SPORTS LIMITED,Land Mobile,Simplex,UHF (300 MHz-3 GHz),15,466.9188,476.3188
SCORCH COMMUNICATIONS (CANTERBURY) LIMITED,Fixed Link,Bi-directional,SHF (3-30 GHz),15,7452.5,13101.0
SIGNALS NZ 2025 LIMITED,Land Mobile,Simplex,VHF (30-300 MHz),15,150.125,166.4625
STRATEGIC COMMUNICATIONS LIMITED,Land Mobile,Simplex,UHF (300 MHz-3 GHz),15,470.8563,489.9438
STRATEGIC COMMUNICATIONS LIMITED,Land Mobile,Simplex,VHF (30-300 MHz),15,153.5188,172.975
St John,Land Mobile,Mobile Transmit,VHF (30-300 MHz),15,138.325,139.3
THE LINES CO LTD,Land Mobile,Mobile Transmit,VHF (30-300 MHz),15,153.9063,169.8625
CITY CARE LIMITED,Land Mobile,Simplex,UHF (300 MHz-3 GHz),14,453.4063,489.8438
ERNSLAW ONE LTD,Land Mobile,Simplex,VHF (30-300 MHz),14,150.1125,172.975
FULL FLAVOUR LIMITED,Spectrum Licence,Unspecified,SHF (3-30 GHz),14,3320.0,3320.0
GHELLA ABERGELDIE JV,Land Mobile,Mobile Transmit,UHF (300 MHz-3 GHz),14,450.8063,492.8938
GHELLA ABERGELDIE JV,Land Mobile,Repeater,UHF (300 MHz-3 GHz),14,455.8438,486.8813
HELICOPTERS OTAGO LTD,Land Mobile,Simplex,VHF (30-300 MHz),14,150.0875,165.725
HERON CONSTRUCTION CO LTD,Land Mobile,Repeater,UHF (300 MHz-3 GHz),14,463.775,463.775
INETWORKS LIMITED,Fixed Link,Bi-directional,SHF (3-30 GHz),14,7205.0,11325.0
LEIGHS CONSTRUCTION LTD,Land Mobile,Simplex,UHF (300 MHz-3 GHz),14,455.2813,489.8938
N P GOLDSTONE,Amateur,Unspecified,HF (3-30 MHz),14,3.647,21.427
NIGEL BRYANT LIMITED,Land Mobile,Simplex,VHF (30-300 MHz),14,150.1125,170.8875
OCEANIA GROUP (NZ) LIMITED,Paging,Unspecified,VHF (30-300 MHz),14,160.3375,160.3375
OMV NEW ZEALAND LIMITED,Fixed Link,Bi-directional,SHF (3-30 GHz),14,7435.0,11245.0
P M DALLAS,Maritime,Unspecified,HF (3-30 MHz),14,4.1264,12.3664
PORT OTAGO LIMITED,Land Mobile,Simplex,UHF (300 MHz-3 GHz),14,449.8438,466.9188
PowerNet OTAGONET,Land Mobile,Repeater,UHF (300 MHz-3 GHz),14,455.3688,464.5938
PowerNet OTAGONET,Land Mobile,Mobile Transmit,UHF (300 MHz-3 GHz),14,450.3313,469.7813
RANGITOTO RADIO (INCORPORATED),Land Mobile,Mobile Transmit,VHF (30-300 MHz),14,154.0188,155.5938
RANGITOTO RADIO (INCORPORATED),Land Mobile,Repeater,VHF (30-300 MHz),14,151.4125,153.4
RWB COMMUNICATIONS LIMITED,Land Mobile,Simplex,UHF (300 MHz-3 GHz),14,458.4938,483.0063
THE NATIONAL PACIFIC MEDIA TRUST,Broadcasting,Unspecified,VHF (30-300 MHz),14,102.2,104.1
TOTAL WIRELESS LIMITED,Land Mobile,Mobile Transmit,VHF (30-300 MHz),14,167.25,169.5375
TOTAL WIRELESS LIMITED,Land Mobile,Repeater,VHF (30-300 MHz),14,162.65,164.9375
TOTALLY TOURISM LTD T/A HARRIS MOUNTAINS HELISKI,Aeronautical,Base Station,VHF (30-300 MHz),14,118.6,133.0
UBER GROUP LIMITED,Spectrum Licence,Unspecified,SHF (3-30 GHz),14,3310.0,3330.0
Unifone New Zealand Limited,Spectrum Licence,Unspecified,UHF (300 MHz-3 GHz),14,2590.0,2610.0
WAIPA NETWORKS LIMITED,Land Mobile,Mobile Transmit,VHF (30-300 MHz),14,154.5688,169.5125
WAIPA NETWORKS LIMITED,Land Mobile,Repeater,VHF (30-300 MHz),14,152.7875,164.9125
WAIROA DISTRICT COUNCIL,Fixed Link,Bi-directional,UHF (300 MHz-3 GHz),14,453.825,458.8625
WELLINGTON REGIONAL COUNCIL,Fixed Link,Bi-directional,SHF (3-30 GHz),14,10795.0,19535.0
WELLINGTON REGIONAL COUNCIL,Land Mobile,Simplex,VHF (30-300 MHz),14,165.7625,170.6
WIRELESS INFORMATION TECHNOLOGIES LIMITED,Fixed Link,Bi-directional,SHF (3-30 GHz),14,7236.5,23156.0
ACCESS COMMUNICATIONS LIMITED,Land Mobile,Repeater,VHF (30-300 MHz),13,162.7,165.275
ACCESS COMMUNICATIONS LIMITED,Land Mobile,Mobile Transmit,VHF (30-300 MHz),13,167.3,169.875
AIRWAYS CORPORATION OF NEW ZEALAND LIMITED,Radiodetermination,Beacon,MF (300 kHz-3 MHz),13,0.31,1.63
BASE CONTRACTING LIMITED,Land Mobile,Simplex,UHF (300 MHz-3 GHz),13,453.3313,471.6813
COUNTRYNET NZ LIMITED,Land Mobile,Mobile Transmit,VHF (30-300 MHz),13,154.4063,169.6875
COUNTRYNET NZ LIMITED,Land Mobile,Repeater,VHF (30-300 MHz),13,151.175,165.0875
DOWNFORCE LIMITED,Land Mobile,Simplex,UHF (300 MHz-3 GHz),13,453.4188,489.9688
ENVIRONMENT CANTERBURY,Maritime,Unspecified,VHF (30-300 MHz),13,156.6,162.025
ERNSLAW ONE LTD,Fixed Link,Bi-directional,UHF (300 MHz-3 GHz),13,441.3125,459.0875
M E LEASK,Maritime,Unspecified,HF (3-30 MHz),13,3.0244,16.5444
MERIDIAN ENERGY LIMITED,Land Mobile,Mobile Transmit,UHF (300 MHz-3 GHz),13,410.1625,472.2938
NELSPECS LIMITED,Land Mobile,Simplex,VHF (30-300 MHz),13,84.15,172.6125
NEWMONT WAIHI GOLD LTD,Land Mobile,Simplex,VHF (30-300 MHz),13,150.7875,173.5875
NZSKI LIMITED,Land Mobile,Simplex,UHF (300 MHz-3 GHz),13,449.9938,461.7063
PORT OF TAURANGA LIMITED,Land Mobile,Repeater,UHF (300 MHz-3 GHz),13,478.5688,486.4813
PORT OF TAURANGA LIMITED,Land Mobile,Mobile Transmit,UHF (300 MHz-3 GHz),13,472.5813,492.4938
TAIT INTERNATIONAL LIMITED,Land Mobile,Mobile Transmit,VHF (30-300 MHz),13,155.3563,168.9875
TAIT INTERNATIONAL LIMITED,Land Mobile,Repeater,VHF (30-300 MHz),13,151.175,164.3875
TIMARU CONTAINER TERMINAL LIMITED,Land Mobile,Simplex,UHF (300 MHz-3 GHz),13,449.8188,482.0938
Tauranga City Council,Land Mobile,Simplex,UHF (300 MHz-3 GHz),13,453.3688,477.9813
WELLINGTON CITY COUNCIL,Land Mobile,Simplex,UHF (300 MHz-3 GHz),13,464.8938,489.8438
WHANGAREI DISTRICT COUNCIL,Land Mobile,Mobile Transmit,UHF (300 MHz-3 GHz),13,472.3375,491.0875
WHANGAREI DISTRICT COUNCIL,Land Mobile,Repeater,UHF (300 MHz-3 GHz),13,478.325,485.075
ALDERSON POULTRY TRANSPORT LIMITED,Land Mobile,Simplex,UHF (300 MHz-3 GHz),12,449.9438,461.6813
ALPHA PRECASTS LIMITED,Land Mobile,Simplex,VHF (30-300 MHz),12,165.8375,166.575
ALPINE ENERGY LTD,Land Mobile,Mobile Transmit,VHF (30-300 MHz),12,167.25,169.8875
ALPINE ENERGY LTD,Land Mobile,Repeater,VHF (30-300 MHz),12,162.65,165.2875
ALPINE ENERGY LTD,Land Mobile,Simplex,VHF (30-300 MHz),12,165.7125,172.875
AURORA ENERGY LIMITED,Land Mobile,Repeater,UHF (300 MHz-3 GHz),12,455.8813,461.9563
AURORA ENERGY LIMITED,Land Mobile,Mobile Transmit,UHF (300 MHz-3 GHz),12,450.8438,467.1438
BT MINING LIMITED,Land Mobile,Repeater,VHF (30-300 MHz),12,162.7375,165.275
BT MINING LIMITED,Land Mobile,Mobile Transmit,VHF (30-300 MHz),12,167.3375,169.875
BULK STORAGE TERMINALS LTD,Land Mobile,Simplex,UHF (300 MHz-3 GHz),12,455.2688,482.0813
CHRISTCHURCH CITY COUNCIL,Spectrum Licence,Unspecified,UHF (300 MHz-3 GHz),12,2600.0,2600.0
CONTACT ENERGY LIMITED,Land Mobile,Repeater,UHF (300 MHz-3 GHz),12,427.1,479.2313
CONTACT ENERGY LIMITED,Land Mobile,Mobile Transmit,UHF (300 MHz-3 GHz),12,422.0875,473.2438
"Christ's College, Canterbury",Land Mobile,Simplex,UHF (300 MHz-3 GHz),12,453.3563,455.2063
ELECTRA LIMITED,Land Mobile,Repeater,UHF (300 MHz-3 GHz),12,455.55,457.425
ELECTRA LIMITED,Land Mobile,Mobile Transmit,UHF (300 MHz-3 GHz),12,450.5125,452.3875
FAR NORTH DISTRICT COUNCIL,Land Mobile,Simplex,VHF (30-300 MHz),12,158.675,158.675
FAR NORTH DISTRICT COUNCIL,Telemetry & Telecommand,Uni-directional,VHF (30-300 MHz),12,160.1875,160.1875
FIELD NELSON HOLDINGS LIMITED,Land Mobile,Simplex,UHF (300 MHz-3 GHz),12,458.4313,477.8438
FONTERRA LIMITED,Land Mobile,Simplex,UHF (300 MHz-3 GHz),12,453.4688,466.8938
GENESIS ENERGY LIMITED,Land Mobile,Mobile Transmit,UHF (300 MHz-3 GHz),12,410.175,411.925
GENESIS ENERGY LIMITED,Land Mobile,Repeater,UHF (300 MHz-3 GHz),12,418.175,419.925
HERITAGE LIFECARE LIMITED,Paging,Unspecified,VHF (30-300 MHz),12,160.3375,160.3375
HORIZON ENERGY GROUP LIMITED,Land Mobile,Mobile Transmit,VHF (30-300 MHz),12,153.7063,155.9938
HORIZON ENERGY GROUP LIMITED,Land Mobile,Repeater,VHF (30-300 MHz),12,151.05,153.1625
IRIDIUM SATELLITE NZ LIMITED,Satellite & Space,Unspecified,UHF (300 MHz-3 GHz),12,1623.925,1623.925
Jamie Stevens,Land Mobile,Simplex,VHF (30-300 MHz),12,84.4125,171.7
LIGHTSPEED TECHNOLOGY GROUP LIMITED,Spectrum Licence,Unspecified,SHF (3-30 GHz),12,3310.0,3330.0
LOGIC FOREST SOLUTIONS LIMITED,Land Mobile,Simplex,VHF (30-300 MHz),12,166.75,171.2875
LOGICAL SOLUTIONS LIMITED,Land Mobile,Simplex,VHF (30-300 MHz),12,150.8,171.225
MANAWA ENERGY GENERATION LIMITED,Telemetry & Telecommand,Uni-directional,VHF (30-300 MHz),12,160.1875,160.3125
MCCAIN FOODS (NZ) LIMITED,Land Mobile,Simplex,UHF (300 MHz-3 GHz),12,458.4063,464.8188
MERCURY NZ LIMITED,Land Mobile,Simplex,UHF (300 MHz-3 GHz),12,449.9813,455.1563
MOTOROLA SOLUTIONS NEW ZEALAND LIMITED,Land Mobile,Simplex,UHF (300 MHz-3 GHz),12,453.3063,461.7563
Ministry for Primary Industries,Land Mobile,Simplex,UHF (300 MHz-3 GHz),12,458.4188,868.6375
NAYLOR LOVE ENTERPRISES LIMITED,Land Mobile,Simplex,UHF (300 MHz-3 GHz),12,464.8438,489.3688
NETCOM SERVICES LIMITED,Land Mobile,Simplex,UHF (300 MHz-3 GHz),12,453.3938,868.9313
NETWORK WAITAKI LTD,Land Mobile,Simplex,VHF (30-300 MHz),12,150.175,172.425
NIAGARA SAWMILLING CO LTD,Land Mobile,Simplex,UHF (300 MHz-3 GHz),12,453.5313,458.4438
NZ DEFENCE FORCE HEADQUARTERS,Radiodetermination,Beacon,VHF (30-300 MHz),12,108.8,117.1
NZ DEFENCE FORCE HEADQUARTERS,Radiodetermination,Unspecified,UHF (300 MHz-3 GHz),12,986.0,1205.0
NZ DEFENCE FORCE HEADQUARTERS,Radiodetermination,Mobile Transmit,UHF (300 MHz-3 GHz),12,1049.0,1142.0
ONEFORTYONE NEW ZEALAND LIMITED,Land Mobile,Repeater,VHF (30-300 MHz),12,152.025,163.1875
ORION NEW ZEALAND LTD,Land Mobile,Mobile Transmit,VHF (30-300 MHz),12,153.9563,155.9063
PACIFIC STEEL (NZ) LIMITED,Land Mobile,Simplex,UHF (300 MHz-3 GHz),12,455.0063,483.4688
PORT OF NAPIER LIMITED,Land Mobile,Mobile Transmit,UHF (300 MHz-3 GHz),12,451.8563,469.9813
PORT OF NAPIER LIMITED,Land Mobile,Repeater,UHF (300 MHz-3 GHz),12,456.8938,464.7938
PORTS OF AUCKLAND LIMITED,Land Mobile,Simplex,UHF (300 MHz-3 GHz),12,868.3313,868.8563
PRIMOWIRELESS LIMITED,Spectrum Licence,Unspecified,SHF (3-30 GHz),12,3320.0,3320.0
Porirua City Council,Land Mobile,Mobile Transmit,VHF (30-300 MHz),12,167.325,169.7625
Porirua City Council,Land Mobile,Repeater,VHF (30-300 MHz),12,162.725,165.1625
QPAM LIMITED,Land Mobile,Simplex,UHF (300 MHz-3 GHz),12,482.1188,489.6563
RADIO SHACK LIMITED,Land Mobile,Simplex,VHF (30-300 MHz),12,165.775,172.775
RADIO SYSTEMS LIMITED,Land Mobile,Repeater,VHF (30-300 MHz),12,151.6875,165.075
RADIO SYSTEMS LIMITED,Land Mobile,Mobile Transmit,VHF (30-300 MHz),12,155.8688,169.675
SOUTHERN SAFETY SERVICES LTD,Land Mobile,Simplex,VHF (30-300 MHz),12,150.625,171.3375
STOLTHAVEN NEW ZEALAND LIMITED,Land Mobile,Simplex,UHF (300 MHz-3 GHz),12,455.1938,489.3188
St John,Land Mobile,Mobile Transmit,UHF (300 MHz-3 GHz),12,469.2938,497.2813
St John,Land Mobile,Repeater,UHF (300 MHz-3 GHz),12,464.1063,501.7875
St John,Land Mobile,Simplex,VHF (30-300 MHz),12,140.6375,143.9875
TE ROROA COMMERCIAL DEVELOPMENT LIMITED,Land Mobile,Simplex,VHF (30-300 MHz),12,150.1875,153.5313
"THE HERITAGE, QUEENSTOWN",Land Mobile,Simplex,UHF (300 MHz-3 GHz),12,477.5438,489.8938
TRAFFIC SAFE LIMITED,Land Mobile,Simplex,UHF (300 MHz-3 GHz),12,454.9938,476.3938
Tauranga City Council,Fixed Link,Bi-directional,SHF (3-30 GHz),12,10755.0,19535.0
VELOCITYNET LIMITED,Spectrum Licence,Unspecified,UHF (300 MHz-3 GHz),12,2590.0,2610.0
WAIPA NETWORKS LIMITED,Fixed Link,Bi-directional,SHF (3-30 GHz),12,7452.5,15327.0
WELLINGTON VHF GROUP INC,Amateur,Repeater,UHF (300 MHz-3 GHz),12,431.25,1271.2
WHANGAREI DISTRICT COUNCIL,Fixed Link,Bi-directional,UHF (300 MHz-3 GHz),12,454.6,459.9375
YOUR TRAFFIC TEAM LIMITED,Land Mobile,Simplex,UHF (300 MHz-3 GHz),12,483.1313,483.9563
AIR NEW ZEALAND LIMITED,Aeronautical,Base Station,HF (3-30 MHz),11,3.0084,21.9714
ALCOM COMMUNICATION SERVICES LIMITED,Land Mobile,Simplex,UHF (300 MHz-3 GHz),11,449.9938,483.9813
ALLIANCE SERVICES LIMITED,Land Mobile,Simplex,UHF (300 MHz-3 GHz),11,458.4813,489.6813
ARATU FORESTS LIMITED,Land Mobile,Mobile Transmit,VHF (30-300 MHz),11,153.9563,155.8438
ARATU FORESTS LIMITED,Land Mobile,Repeater,VHF (30-300 MHz),11,151.1125,153.325
AUCKLAND BRIDGE CLIMB LTD,Land Mobile,Simplex,UHF (300 MHz-3 GHz),11,453.3313,489.7563
AUCKLAND EMERGENCY MANAGEMENT,Land Mobile,Simplex,HF (3-30 MHz),11,3.3524,7.7414
BRIAN FM LIMITED,Fixed Link,Uni-directional,UHF (300 MHz-3 GHz),11,449.4563,928.25
C & R DEVELOPMENTS LIMITED,Land Mobile,Simplex,UHF (300 MHz-3 GHz),11,458.4688,466.9813
CLYDE SERVICES LIMITED,Land Mobile,Simplex,UHF (300 MHz-3 GHz),11,470.9313,482.7688
ENTAIN NEW ZEALAND LIMITED,Broadcasting,Unspecified,VHF (30-300 MHz),11,89.1,104.7
GULFBAY ENTERPRISE LIMITED,Land Mobile,Simplex,VHF (30-300 MHz),11,150.0875,166.5
JOHN AUSTIN LTD,Land Mobile,Simplex,VHF (30-300 MHz),11,84.325,170.8375
KIWIRAIL,Land Mobile,Simplex,UHF (300 MHz-3 GHz),11,453.4313,489.5938
L T MCGUINNESS LTD,Land Mobile,Simplex,UHF (300 MHz-3 GHz),11,470.5188,488.8938
LATCHFORD SURVEYING LIMITED,Land Mobile,Simplex,UHF (300 MHz-3 GHz),11,455.0438,461.6813
LIEBHERR-AUSTRALIA PTY. LTD.,Land Mobile,Simplex,UHF (300 MHz-3 GHz),11,476.3563,489.9688
LYTTELTON PORT COMPANY LIMITED,Land Mobile,Mobile Transmit,UHF (300 MHz-3 GHz),11,410.1125,467.6813
LYTTELTON PORT COMPANY LIMITED,Land Mobile,Repeater,UHF (300 MHz-3 GHz),11,418.1125,462.4938
MANA VOLUNTEER COASTGUARD INCORPORATED,Maritime,Unspecified,VHF (30-300 MHz),11,156.05,156.875
MASTERTON DISTRICT COUNCIL,Telemetry & Telecommand,Uni-directional,VHF (30-300 MHz),11,160.3125,160.3125
MCLEOD CRANES LTD,Land Mobile,Simplex,UHF (300 MHz-3 GHz),11,470.8813,489.3813
METEOROLOGICAL SERVICE OF NEW ZEALAND LIMITED,Meteorological,Unspecified,SHF (3-30 GHz),11,5605.0,9410.0
METHANEX NEW ZEALAND LTD,Fixed Link,Uni-directional,UHF (300 MHz-3 GHz),11,449.3813,449.3813
NETWORK WAITAKI LTD,Land Mobile,Repeater,VHF (30-300 MHz),11,151.0625,165.325
NETWORK WAITAKI LTD,Land Mobile,Mobile Transmit,VHF (30-300 MHz),11,155.2438,169.925
NORTHPOWER LIMITED,Land Mobile,Simplex,VHF (30-300 MHz),11,165.725,171.225
OCEANA GOLD (NEW ZEALAND) LIMITED,Land Mobile,Repeater,VHF (30-300 MHz),11,151.9,164.95
OCEANA GOLD (NEW ZEALAND) LIMITED,Land Mobile,Mobile Transmit,VHF (30-300 MHz),11,153.6813,169.55
ONEFORTYONE NEW ZEALAND LIMITED,Land Mobile,Mobile Transmit,VHF (30-300 MHz),11,153.8063,167.7875
OUTBACK COMMUNICATIONS LIMITED,Land Mobile,Simplex,VHF (30-300 MHz),11,150.1,172.7625
PORT OF AUCKLAND LIMITED,Land Mobile,Simplex,UHF (300 MHz-3 GHz),11,868.3375,868.7375
SPACE OPERATIONS NEW ZEALAND LIMITED,Satellite & Space,Unspecified,SHF (3-30 GHz),11,5169.96,6548.55
SUMMIT RADIO SOLUTIONS LIMITED,Land Mobile,Repeater,UHF (300 MHz-3 GHz),11,455.8688,464.7813
SUMMIT RADIO SOLUTIONS LIMITED,Land Mobile,Mobile Transmit,UHF (300 MHz-3 GHz),11,450.8313,469.9688
SURF LIFE SAVING NEW ZEALAND INCORPORATED,Land Mobile,Simplex,VHF (30-300 MHz),11,150.2125,170.4125
T L PARKER LIMITED,Land Mobile,Mobile Transmit,VHF (30-300 MHz),11,154.4063,168.175
T L PARKER LIMITED,Land Mobile,Repeater,VHF (30-300 MHz),11,151.2375,163.575
TAUPO DISTRICT COUNCIL,Fixed Link,Bi-directional,UHF (300 MHz-3 GHz),11,454.175,459.2125
THAMES COROMANDEL DISTRICT COUNCIL,Land Mobile,Simplex,HF (3-30 MHz),11,3.3524,7.7414
TOP ENERGY,Land Mobile,Mobile Transmit,UHF (300 MHz-3 GHz),11,472.0875,473.0875
TOP ENERGY,Land Mobile,Repeater,UHF (300 MHz-3 GHz),11,478.075,479.075
VUKSICH & BORICH,Land Mobile,Simplex,UHF (300 MHz-3 GHz),11,449.9563,461.6938
WAIKATO CRANE SERVICES LTD,Land Mobile,Simplex,UHF (300 MHz-3 GHz),11,449.9938,466.9938
WAITOMO RTUA,Land Mobile,Mobile Transmit,VHF (30-300 MHz),11,86.2313,169.8375
WAITOMO RTUA,Land Mobile,Repeater,VHF (30-300 MHz),11,82.2625,165.2375
WELLINGTON REGIONAL COUNCIL,Maritime,Unspecified,VHF (30-300 MHz),11,156.125,161.55
WESTERN BAY OF PLENTY DISTRICT COUNCIL,Land Mobile,Mobile Transmit,UHF (300 MHz-3 GHz),11,450.3375,475.7188
WESTERN BAY OF PLENTY DISTRICT COUNCIL,Land Mobile,Repeater,UHF (300 MHz-3 GHz),11,455.375,481.7063
WIRELESS RENTALS LIMITED,Land Mobile,Repeater,UHF (300 MHz-3 GHz),11,462.9063,484.2938
WIRELESS RENTALS LIMITED,Land Mobile,Mobile Transmit,UHF (300 MHz-3 GHz),11,468.0938,490.3063
Waikato District Health Board,Land Mobile,Repeater,UHF (300 MHz-3 GHz),11,456.3063,478.4563
ARINC NEW ZEALAND LIMITED,Aeronautical,Base Station,VHF (30-300 MHz),10,131.45,136.975
AUCKLAND EMERGENCY MANAGEMENT,Land Mobile,Mobile Transmit,VHF (30-300 MHz),10,153.6063,169.6875
AUCKLAND EMERGENCY MANAGEMENT,Land Mobile,Repeater,VHF (30-300 MHz),10,151.825,165.0875
BANKS ENGINEERING & CRANE HIRE LIMITED,Land Mobile,Simplex,VHF (30-300 MHz),10,165.7375,172.9
BRIGHT SPARK PRODUCTIONS LIMITED,Land Mobile,Simplex,UHF (300 MHz-3 GHz),10,483.4813,488.3438
CENTREPORT LIMITED,Land Mobile,Simplex,UHF (300 MHz-3 GHz),10,453.4563,868.7375
CHRISTCHURCH CITY COUNCIL,Fixed Link,Bi-directional,SHF (3-30 GHz),10,14515.0,15327.0
COLVINS LIMITED,Fixed Link,Bi-directional,UHF (300 MHz-3 GHz),10,460.1,466.6125
COMMUNICATE LIMITED,Land Mobile,Simplex,UHF (300 MHz-3 GHz),10,458.3813,483.8688
COMMUNICATE LIMITED,Land Mobile,Simplex,VHF (30-300 MHz),10,165.825,172.625
COUNTRYNET NZ LIMITED,Fixed Link,Bi-directional,SHF (3-30 GHz),10,7762.525,19095.0
DEWES CONTRACTORS LIMITED,Land Mobile,Simplex,VHF (30-300 MHz),10,165.775,172.0
DUNEDIN CITY COUNCIL,Telemetry & Telecommand,Bi-directional,UHF (300 MHz-3 GHz),10,471.075,471.25
Daniel Smith Industries Ltd,Land Mobile,Simplex,UHF (300 MHz-3 GHz),10,453.3813,470.8313
Dunedin Venues,Land Mobile,Simplex,UHF (300 MHz-3 GHz),10,482.7688,483.6063
ENGAGE TECHNOLOGY LIMITED,Fixed Link,Bi-directional,SHF (3-30 GHz),10,10915.0,22708.0
ENTAIN NEW ZEALAND LIMITED,Land Mobile,Simplex,VHF (30-300 MHz),10,150.1875,166.425
ESCAPE ARTISTS CHRISTCHURCH LIMITED,Land Mobile,Simplex,UHF (300 MHz-3 GHz),10,453.3563,476.2938
FIRST SECURITY GUARD SERVICES LIMITED,Land Mobile,Simplex,UHF (300 MHz-3 GHz),10,461.4813,466.9688
FONTERRA CO-OPERATIVE GROUP LTD,Land Mobile,Simplex,UHF (300 MHz-3 GHz),10,488.2438,489.9813
FOREST ENTERPRISES GROWTH LIMITED,Land Mobile,Simplex,VHF (30-300 MHz),10,150.175,172.8
GRAINCORP LIQUID TERMINALS NZ LIMITED,Land Mobile,Simplex,UHF (300 MHz-3 GHz),10,453.3063,453.3188
GREAT LAKE MEDIA LIMITED,Broadcasting,Unspecified,VHF (30-300 MHz),10,89.6,106.0
HAUTAPU PINE PRODUCTS LTD,Land Mobile,Simplex,VHF (30-300 MHz),10,153.5313,170.65
HICK BROS CIVIL CONSTRUCTION LIMITED,Land Mobile,Simplex,UHF (300 MHz-3 GHz),10,449.9438,461.6938
HORIZON ENERGY GROUP LIMITED,Fixed Link,Bi-directional,SHF (3-30 GHz),10,10995.0,11645.0
HORIZON ENERGY GROUP LIMITED,Land Mobile,Simplex,UHF (300 MHz-3 GHz),10,458.3688,461.5813
INMARSAT NEW ZEALAND LIMITED,Satellite & Space,Unspecified,UHF (300 MHz-3 GHz),10,1534.5,1653.5
JUKEN NEW ZEALAND LTD,Land Mobile,Simplex,VHF (30-300 MHz),10,150.4,172.9
KIWIWIFI LIMITED,Spectrum Licence,Unspecified,SHF (3-30 GHz),10,3320.0,3320.0
LOGICAL SOLUTIONS LIMITED,Land Mobile,Simplex,UHF (300 MHz-3 GHz),10,461.7688,466.9938
M J LOGGING LIMITED,Land Mobile,Simplex,VHF (30-300 MHz),10,150.425,150.85
MANAWATU-WANGANUI REGIONAL COUNCIL,Fixed Link,Bi-directional,UHF (300 MHz-3 GHz),10,443.625,466.0625
MATARIKI FORESTS,Land Mobile,Repeater,VHF (30-300 MHz),10,152.1,153.225
MEDIAWORKS RADIO LIMITED,Broadcasting,Unspecified,MF (300 kHz-3 MHz),10,0.531,1.368
MINISTRY OF JUSTICE - COURT SECURITY,Land Mobile,Repeater,UHF (300 MHz-3 GHz),10,478.0188,479.8563
MOBICOMM LIMITED,Land Mobile,Repeater,VHF (30-300 MHz),10,151.5875,165.2625
MOBICOMM LIMITED,Land Mobile,Mobile Transmit,VHF (30-300 MHz),10,155.7688,169.8625
MOBICOMM LIMITED,Land Mobile,Repeater,UHF (300 MHz-3 GHz),10,455.6313,464.3688
NELSON CITY COUNCIL,Fixed Link,Bi-directional,SHF (3-30 GHz),10,18470.0,22498.0
NETCOM SERVICES LIMITED,Land Mobile,Mobile Transmit,UHF (300 MHz-3 GHz),10,467.0313,818.4813
NEW ZEALAND INSTITUTE FOR BIOECONOMY SCIENCE LIMITED,Land Mobile,Simplex,VHF (30-300 MHz),10,150.6,153.5563
NEW ZEALAND POLICE,Maritime,Unspecified,HF (3-30 MHz),10,3.0244,6.2254
NEWMONT WAIHI GOLD LTD,Land Mobile,Simplex,UHF (300 MHz-3 GHz),10,449.9313,464.9938
NZ DEFENCE FORCE HEADQUARTERS,Fixed Link,Uni-directional,UHF (300 MHz-3 GHz),10,412.275,412.375
NZME RADIO LIMITED,Fixed Link,Bi-directional,SHF (3-30 GHz),10,12891.0,19590.0
NZSKI LIMITED,Land Mobile,Repeater,UHF (300 MHz-3 GHz),10,456.2063,464.5688
ON TIME TRAFFIC MANAGEMENT LIMITED,Land Mobile,Simplex,UHF (300 MHz-3 GHz),10,482.2063,483.5813
ORANGA TAMARIKI - MINISTRY FOR CHILDREN,Land Mobile,Repeater,UHF (300 MHz-3 GHz),10,464.2438,484.2938
ORANGA TAMARIKI - MINISTRY FOR CHILDREN,Land Mobile,Mobile Transmit,UHF (300 MHz-3 GHz),10,469.4313,490.3063
OVATION HOSPITALITY SERVICES NZ LIMITED,Land Mobile,Simplex,UHF (300 MHz-3 GHz),10,470.7563,482.8563
PAE (NEW ZEALAND) LIMITED,Satellite & Space,Unspecified,SHF (3-30 GHz),10,7577.5,8012.5
PAN PAC FOREST PRODUCTS (OTAGO) LIMITED,Land Mobile,Simplex,UHF (300 MHz-3 GHz),10,453.5063,458.5063
PENWARDEN HOLDINGS LIMITED,Maritime,Unspecified,HF (3-30 MHz),10,4.1264,16.5474
PLATFORM 4 GROUP LIMITED,Land Mobile,Simplex,UHF (300 MHz-3 GHz),10,461.4813,465.0063
PORT OF AUCKLAND LIMITED,Land Mobile,Repeater,UHF (300 MHz-3 GHz),10,859.0688,863.1375
PORT OF AUCKLAND LIMITED,Land Mobile,Mobile Transmit,UHF (300 MHz-3 GHz),10,814.0688,818.1375
PORT OTAGO LIMITED,Land Mobile,Repeater,UHF (300 MHz-3 GHz),10,461.9188,464.7688
PORT OTAGO LIMITED,Land Mobile,Mobile Transmit,UHF (300 MHz-3 GHz),10,467.1063,469.9563
PORTS OF AUCKLAND LIMITED,Land Mobile,Repeater,UHF (300 MHz-3 GHz),10,859.6375,863.8188
PORTS OF AUCKLAND LIMITED,Land Mobile,Mobile Transmit,UHF (300 MHz-3 GHz),10,814.6375,818.8188
POWERCO LIMITED,Land Mobile,Simplex,VHF (30-300 MHz),10,150.0625,172.55
POWERNET LIMITED,Land Mobile,Mobile Transmit,VHF (30-300 MHz),10,167.3875,169.925
POWERNET LIMITED,Land Mobile,Repeater,VHF (30-300 MHz),10,162.7875,165.325
PRECISION LIVE GROUP LIMITED,Land Mobile,Simplex,UHF (300 MHz-3 GHz),10,461.5688,464.9938
PowerNet OTAGONET,Fixed Link,Bi-directional,UHF (300 MHz-3 GHz),10,453.9,459.5625
QUEENSTOWN AIRPORT CORPORATION LTD,Land Mobile,Simplex,UHF (300 MHz-3 GHz),10,455.2188,466.9813
RADIO COROMANDEL LIMITED,Fixed Link,Bi-directional,SHF (3-30 GHz),10,5945.2,22764.0
SELWYN WATER LIMITED,Land Mobile,Repeater,UHF (300 MHz-3 GHz),10,456.0563,463.7313
SELWYN WATER LIMITED,Land Mobile,Mobile Transmit,UHF (300 MHz-3 GHz),10,451.0188,468.9188
SILVER FERN FARMS LIMITED,Land Mobile,Simplex,UHF (300 MHz-3 GHz),10,458.5063,466.9688
SOUTHERN CROSS HORTICULTURE LIMITED,Land Mobile,Simplex,UHF (300 MHz-3 GHz),10,458.4063,464.8188
T8 GROUP LIMITED,Land Mobile,Simplex,VHF (30-300 MHz),10,170.3125,172.35
TALLEY'S LIMITED,Maritime,Unspecified,HF (3-30 MHz),10,4.1264,16.5384
THE FLETCHER CONSTRUCTION COMPANY LIMITED,Land Mobile,Simplex,VHF (30-300 MHz),10,165.925,171.8
THEPACIFIC.NET LIMITED,Fixed Link,Bi-directional,SHF (3-30 GHz),10,7762.525,11525.0
TRANSFIELD SERVICES (NEW ZEALAND) LTD,Land Mobile,Simplex,UHF (300 MHz-3 GHz),10,449.9438,488.9938
TŪ ĀTEA LIMITED,Spectrum Licence,Unspecified,SHF (3-30 GHz),10,3570.0,3590.0
UNISON NETWORKS LIMITED,Fixed Link,Bi-directional,UHF (300 MHz-3 GHz),10,454.15,466.3125
"University of Waikato Events communications,Marketing and Engagement",Land Mobile,Simplex,UHF (300 MHz-3 GHz),10,454.9938,477.6563
WAE CRANE & ACCESS EQUIPMENT LIMITED,Land Mobile,Simplex,VHF (30-300 MHz),10,150.1,150.8
WALLACE INVESTMENTS LIMITED,Land Mobile,Simplex,UHF (300 MHz-3 GHz),10,868.1375,868.9125
Wellington Regional Council,Land Mobile,Simplex,VHF (30-300 MHz),10,166.0375,171.55
ZJV (NZ) LIMITED,Land Mobile,Simplex,VHF (30-300 MHz),10,165.925,166.7875
ANGUS THOMPSON,Land Mobile,Simplex,VHF (30-300 MHz),9,150.4,150.95
AP Ventures,Land Mobile,Repeater,VHF (30-300 MHz),9,151.175,165.1125
AP Ventures,Land Mobile,Mobile Transmit,VHF (30-300 MHz),9,153.8688,169.7125
ARATU FORESTS LIMITED,Land Mobile,Simplex,VHF (30-300 MHz),9,150.7125,172.9
ASHTON CRANE HIRE LIMITED,Land Mobile,Simplex,UHF (300 MHz-3 GHz),9,470.9813,482.4313
AUCKLAND VHF GROUP INC,Amateur,Mobile Transmit,UHF (300 MHz-3 GHz),9,433.175,1271.9
Auckland Council,Land Mobile,Repeater,UHF (300 MHz-3 GHz),9,457.3813,487.6813
Auckland Council,Land Mobile,Mobile Transmit,UHF (300 MHz-3 GHz),9,452.3438,493.6938
BOB HICK EARTHMOVING LIMITED,Land Mobile,Simplex,UHF (300 MHz-3 GHz),9,453.3938,466.8813
BOP ELECTRONICS,Land Mobile,Simplex,VHF (30-300 MHz),9,150.5625,165.8125
CARTER HOLT HARVEY PULP & PAPER - KINLEITH MILL,Land Mobile,Repeater,UHF (300 MHz-3 GHz),9,456.625,480.0313
CARTER HOLT HARVEY PULP & PAPER - KINLEITH MILL,Land Mobile,Mobile Transmit,UHF (300 MHz-3 GHz),9,451.5875,474.0438
CHATR COMMUNICATIONS LIMITED,Land Mobile,Mobile Transmit,UHF (300 MHz-3 GHz),9,450.5313,452.9938
CHATR COMMUNICATIONS LIMITED,Land Mobile,Repeater,UHF (300 MHz-3 GHz),9,455.5688,458.0313
CITY COMMS LIMITED,Land Mobile,Mobile Transmit,UHF (300 MHz-3 GHz),9,450.4188,469.1063
CITY COMMS LIMITED,Land Mobile,Repeater,UHF (300 MHz-3 GHz),9,455.4563,463.9188
CIVIL AVIATION AUTHORITY,Radiodetermination,Unspecified,SHF (3-30 GHz),9,27125.0,27125.0
COUNTRYNET NZ LIMITED,Fixed Link,Bi-directional,EHF (>30 GHz),9,72250.0,84750.0
DEPARTMENT OF CORRECTIONS,Land Mobile,Simplex,UHF (300 MHz-3 GHz),9,449.9063,466.7813
DOUGLAS LOGGING LIMITED,Land Mobile,Simplex,VHF (30-300 MHz),9,150.075,153.5938
FIRST GAS LIMITED,Land Mobile,Simplex,VHF (30-300 MHz),9,153.5563,165.75
FREIGHT HAULAGE LIMITED,Land Mobile,Simplex,UHF (300 MHz-3 GHz),9,449.9813,455.0188
GISBORNE DISTRICT COUNCIL,Land Mobile,Repeater,UHF (300 MHz-3 GHz),9,455.3813,464.75
GISBORNE DISTRICT COUNCIL,Land Mobile,Mobile Transmit,UHF (300 MHz-3 GHz),9,450.3438,469.9313
HASTINGS DISTRICT COUNCIL,Fixed Link,Bi-directional,UHF (300 MHz-3 GHz),9,443.275,454.0
INSITE FACADES LIMITED,Land Mobile,Simplex,UHF (300 MHz-3 GHz),9,470.8063,482.5688
LIVEWIRE AUDIO VISUAL LIMITED,Land Mobile,Simplex,UHF (300 MHz-3 GHz),9,470.8063,482.2063
LYTTELTON PORT COMPANY LIMITED,Land Mobile,Simplex,VHF (30-300 MHz),9,150.2125,150.9625
MANSONS TCLM LIMITED,Land Mobile,Simplex,UHF (300 MHz-3 GHz),9,470.9188,489.9313
MARLBOROUGH DISTRICT COUNCIL,Land Mobile,Mobile Transmit,UHF (300 MHz-3 GHz),9,450.3063,477.3
MARLBOROUGH DISTRICT COUNCIL,Land Mobile,Repeater,UHF (300 MHz-3 GHz),9,455.3438,476.55
MATARIKI FORESTS,Land Mobile,Simplex,VHF (30-300 MHz),9,150.1125,166.7125
MEDIA BAY OF PLENTY LIMITED,Broadcasting,Unspecified,VHF (30-300 MHz),9,89.7,100.1
NEW ZEALAND ALUMINIUM SMELTERS LIMITED,Land Mobile,Repeater,UHF (300 MHz-3 GHz),9,859.7375,863.7375
NEW ZEALAND ALUMINIUM SMELTERS LIMITED,Land Mobile,Mobile Transmit,UHF (300 MHz-3 GHz),9,814.7375,818.7375
NEW ZEALAND ALUMINIUM SMELTERS LIMITED,Telemetry & Telecommand,Uni-directional,UHF (300 MHz-3 GHz),9,466.8375,471.45
NORTHPOWER LIMITED,Land Mobile,Simplex,UHF (300 MHz-3 GHz),9,461.5688,482.5063
NZ FORESTRY LIMITED,Land Mobile,Simplex,VHF (30-300 MHz),9,150.75,150.875
OUTBACK COMMUNICATIONS LIMITED,Land Mobile,Repeater,UHF (300 MHz-3 GHz),9,461.8188,464.4188
OUTBACK COMMUNICATIONS LIMITED,Land Mobile,Mobile Transmit,UHF (300 MHz-3 GHz),9,467.0063,469.6063
PORT OF NAPIER LIMITED,Land Mobile,Simplex,UHF (300 MHz-3 GHz),9,449.9688,470.5
PowerNet OTAGONET,Land Mobile,Mobile Transmit,VHF (30-300 MHz),9,167.2,168.425
PowerNet OTAGONET,Land Mobile,Repeater,VHF (30-300 MHz),9,162.6,163.825
SELF LOADER LOGGING,Land Mobile,Simplex,VHF (30-300 MHz),9,150.0625,166.075
SKEVINGTON CONTRACTING LIMITED,Land Mobile,Simplex,VHF (30-300 MHz),9,150.6,170.8625
SNOW SPORTS NEW ZEALAND (INC).,Land Mobile,Simplex,VHF (30-300 MHz),9,165.9375,165.9375
SOUND AND RADIO COMMUNICATION LIMITED,Land Mobile,Mobile Transmit,VHF (30-300 MHz),9,154.5063,168.775
SOUND AND RADIO COMMUNICATION LIMITED,Land Mobile,Repeater,VHF (30-300 MHz),9,151.6,164.175
SPARK NEW ZEALAND TRADING LIMITED,Land Mobile,Simplex,UHF (300 MHz-3 GHz),9,458.3563,465.1188
T E RADIO LIMITED,Land Mobile,Simplex,VHF (30-300 MHz),9,165.875,166.075
TASMAN PINE FORESTS LIMITED,Land Mobile,Repeater,VHF (30-300 MHz),9,151.15,153.2625
TASMAN PINE FORESTS LIMITED,Land Mobile,Mobile Transmit,VHF (30-300 MHz),9,154.2188,155.3313
TEGEL FOODS LTD,Land Mobile,Simplex,UHF (300 MHz-3 GHz),9,466.6938,489.8438
TELETRONICS LIMITED,Land Mobile,Simplex,UHF (300 MHz-3 GHz),9,458.4813,465.1188
TIAKI PLANTATIONS COMPANY,Land Mobile,Simplex,VHF (30-300 MHz),9,150.1875,153.5563
TRILITY NEW ZEALAND LIMITED,Fixed Link,Bi-directional,UHF (300 MHz-3 GHz),9,420.3125,428.425
ULTIMATE EVENT PRODUCTIONS LIMITED,Land Mobile,Repeater,VHF (30-300 MHz),9,164.2375,165.225
UPSTAGE PRODUCTIONS (2011) LIMITED,Land Mobile,Simplex,UHF (300 MHz-3 GHz),9,453.3188,466.6813
VENUES OTAUTAHI LIMITED,Land Mobile,Simplex,UHF (300 MHz-3 GHz),9,453.3313,466.6813
WAIHI GOLD MINING CO LTD,Land Mobile,Simplex,UHF (300 MHz-3 GHz),9,458.3813,461.8063
WELLINGTON REGIONAL COUNCIL,Fixed Link,Bi-directional,UHF (300 MHz-3 GHz),9,420.2375,459.425
WELLINGTON REGIONAL ECONOMIC DEVELOPMENT AGENCY LIMITED,Land Mobile,Simplex,UHF (300 MHz-3 GHz),9,461.5563,489.9063
WHAKATANE COAST GUARD ASSOCIATION INC,Maritime,Unspecified,VHF (30-300 MHz),9,156.025,157.025
WOODCOM LIMITED,Land Mobile,Simplex,VHF (30-300 MHz),9,150.275,165.975
Z ENERGY LIMITED,Land Mobile,Repeater,UHF (300 MHz-3 GHz),9,457.2938,479.7
Z ENERGY LIMITED,Land Mobile,Mobile Transmit,UHF (300 MHz-3 GHz),9,452.2563,473.7125
4HF FACILITIES LIMITED,Land Mobile,Simplex,VHF (30-300 MHz),8,84.2,171.2
AIRWAYS CORPORATION OF NEW ZEALAND LIMITED,Radiodetermination,Beacon,UHF (300 MHz-3 GHz),8,333.8,335.0
ALCOM COMMUNICATION SERVICES LIMITED,Fixed Link,Bi-directional,UHF (300 MHz-3 GHz),8,443.175,466.5625
ALPINE ENERGY LTD,Fixed Link,Bi-directional,UHF (300 MHz-3 GHz),8,454.225,459.2625
AMURI NET LIMITED,Spectrum Licence,Unspecified,SHF (3-30 GHz),8,3320.0,3320.0
ARATU FORESTS LIMITED,Fixed Link,Bi-directional,UHF (300 MHz-3 GHz),8,454.7,459.9375
AUCKLAND EMERGENCY MANAGEMENT,Fixed Link,Bi-directional,UHF (300 MHz-3 GHz),8,440.125,445.6813
AUCKLAND VHF GROUP INC,Amateur,Repeater,UHF (300 MHz-3 GHz),8,438.175,1291.9
BATHURST RESOURCES LIMITED,Land Mobile,Mobile Transmit,UHF (300 MHz-3 GHz),8,450.3938,469.9313
BATHURST RESOURCES LIMITED,Land Mobile,Repeater,UHF (300 MHz-3 GHz),8,455.4313,464.7438
"BLOXAM, BURNETT AND OLLIVER LIMITED",Land Mobile,Simplex,UHF (300 MHz-3 GHz),8,461.7813,471.6813
BRYANT EARTHWORKS,Land Mobile,Simplex,VHF (30-300 MHz),8,166.075,172.625
C 3 LIMITED,Land Mobile,Simplex,VHF (30-300 MHz),8,150.175,171.225
CARTER HOLT HARVEY WOOD PRODUCTS,Land Mobile,Simplex,UHF (300 MHz-3 GHz),8,470.7688,470.85
CHEVRON TRAFFIC SERVICES LIMITED,Land Mobile,Simplex,UHF (300 MHz-3 GHz),8,476.1313,482.5438
COMMUNICATE LIMITED,Fixed Link,Bi-directional,SHF (3-30 GHz),8,7215.5,19507.5
COMMUNICATIONS SPECIALISTS LIMITED,Land Mobile,Simplex,UHF (300 MHz-3 GHz),8,453.3688,482.8063
COUGAR GROUP LIMITED,Land Mobile,Simplex,UHF (300 MHz-3 GHz),8,461.7313,482.6188
COUNTIES ENERGY LIMITED,Fixed Link,Bi-directional,UHF (300 MHz-3 GHz),8,442.0875,466.3625
COUNTIES ENERGY LIMITED,Land Mobile,Mobile Transmit,VHF (30-300 MHz),8,153.7938,155.2063
COUNTIES ENERGY LIMITED,Land Mobile,Repeater,VHF (30-300 MHz),8,151.025,153.35
CROWN INFRASTRUCTURE DELIVERY LIMITED,Land Mobile,Mobile Transmit,UHF (300 MHz-3 GHz),8,491.7688,493.7688
CROWN INFRASTRUCTURE DELIVERY LIMITED,Land Mobile,Repeater,UHF (300 MHz-3 GHz),8,485.7563,487.7563
Columbia Scientific Balloon Facility,Land Mobile,Simplex,UHF (300 MHz-3 GHz),8,412.1125,449.9563
DAWN AEROSPACE SPL LIMITED,Satellite & Space,Unspecified,UHF (300 MHz-3 GHz),8,2086.5,2280.5
DELEGAT LIMITED,Land Mobile,Simplex,UHF (300 MHz-3 GHz),8,458.6188,477.6313
DODD FORESTRY LIMITED,Land Mobile,Simplex,VHF (30-300 MHz),8,150.7625,166.3375
DOVE RADIO COMMUNICATIONS LTD,Land Mobile,Mobile Transmit,UHF (300 MHz-3 GHz),8,469.1563,474.3063
Downer New Zealand Limited,Fixed Link,Bi-directional,SHF (3-30 GHz),8,7452.5,13213.0
EMBASSY OF THE UNITED STATES OF AMERICA,Land Mobile,Repeater,UHF (300 MHz-3 GHz),8,462.6188,464.4688
ENERGYWORKS LIMITED,Land Mobile,Simplex,UHF (300 MHz-3 GHz),8,453.3313,458.4438
ENTAIN NEW ZEALAND LIMITED,Outside Broadcast,Unspecified,SHF (3-30 GHz),8,7124.5,7327.5
EVOLUTION NETWORKS LIMITED,Fixed Link,Bi-directional,SHF (3-30 GHz),8,10755.0,11405.0
FARMLAND FOODS LIMITED,Land Mobile,Simplex,UHF (300 MHz-3 GHz),8,458.6438,464.8438
FAST HARVESTING LIMITED,Land Mobile,Simplex,VHF (30-300 MHz),8,150.4625,166.7375
FRONTLINE AMBULANCE CHARITABLE TRUST,Land Mobile,Simplex,VHF (30-300 MHz),8,150.0875,170.3125
GILES MOTORSPORT LIMITED,Land Mobile,Simplex,UHF (300 MHz-3 GHz),8,453.3438,466.8813
GISBORNE.NET.N.Z. LIMITED,Spectrum Licence,Unspecified,SHF (3-30 GHz),8,3320.0,3320.0
GLOBAL SURVEY LTD,Land Mobile,Simplex,UHF (300 MHz-3 GHz),8,471.5188,471.675
GRAVITY MEDIA (AUSTRALIA) PTY LTD,Outside Broadcast,Unspecified,SHF (3-30 GHz),8,7124.5,7327.5
HILTON HAULAGE TRANSPORT LTD,Land Mobile,Simplex,UHF (300 MHz-3 GHz),8,453.3313,466.7063
IAIN PHILLIP STABLES,Broadcasting,Unspecified,VHF (30-300 MHz),8,90.0,106.2
JB HI-FI NZ LIMITED,Land Mobile,Simplex,UHF (300 MHz-3 GHz),8,453.3688,464.9563
Jamie Stevens,Land Mobile,Simplex,UHF (300 MHz-3 GHz),8,449.9313,483.5313
KIWIRAIL,Land Mobile,Mobile Transmit,UHF (300 MHz-3 GHz),8,450.4563,472.0938
KOMATSU AUSTRALIA PTY LTD,Land Mobile,Simplex,UHF (300 MHz-3 GHz),8,458.4063,466.9938
KORDIA LIMITED,Outside Broadcast,Unspecified,SHF (3-30 GHz),8,7124.5,7327.5
"KT1 Co Limited, KT2 Co Limited, NZSF Timber Investments (No 4) Limited",Fixed Link,Bi-directional,UHF (300 MHz-3 GHz),8,454.95,459.9875
LANDPRO LIMITED,Land Mobile,Simplex,UHF (300 MHz-3 GHz),8,471.525,471.55
LIGHTSPEED TECHNOLOGY GROUP LIMITED,Fixed Link,Bi-directional,EHF (>30 GHz),8,72250.0,85000.0
LION NZ LIMITED,Land Mobile,Simplex,UHF (300 MHz-3 GHz),8,483.4188,489.9813
Log Transport Safety Council,Land Mobile,Simplex,VHF (30-300 MHz),8,150.075,150.9375
M J FRASER LOGGING,Land Mobile,Simplex,VHF (30-300 MHz),8,150.0625,153.5188
MARLBOROUGH DISTRICT COUNCIL,Maritime,Unspecified,VHF (30-300 MHz),8,161.975,162.025
MATAMATA PIAKO DISTRICT COUNCIL,Fixed Link,Bi-directional,SHF (3-30 GHz),8,12877.0,15327.0
MATARIKI FORESTS,Land Mobile,Mobile Transmit,VHF (30-300 MHz),8,153.8813,155.0063
MCCONNELL DOWELL CONSTRUCTORS LIMITED,Land Mobile,Simplex,UHF (300 MHz-3 GHz),8,458.4688,483.4438
MCS PTT LIMITED,Land Mobile,Mobile Transmit,UHF (300 MHz-3 GHz),8,472.0188,493.7438
MCS PTT LIMITED,Land Mobile,Repeater,UHF (300 MHz-3 GHz),8,478.0063,487.7313
MERIDIAN ENERGY LIMITED,Fixed Link,Bi-directional,SHF (3-30 GHz),8,7747.7,8266.57
METEOROLOGICAL SERVICE OF NEW ZEALAND LIMITED,Meteorological,Unspecified,UHF (300 MHz-3 GHz),8,400.5,403.0
MOTOROLA SOLUTIONS NEW ZEALAND LIMITED,Land Mobile,Mobile Transmit,UHF (300 MHz-3 GHz),8,468.3188,469.5438
MOTOROLA SOLUTIONS NEW ZEALAND LIMITED,Land Mobile,Repeater,UHF (300 MHz-3 GHz),8,463.1313,464.3563
NELSON CITY COUNCIL,Land Mobile,Repeater,UHF (300 MHz-3 GHz),8,455.4063,463.95
NELSPECS LIMITED,Land Mobile,Simplex,UHF (300 MHz-3 GHz),8,458.5313,466.9563
NESTLE NEW ZEALAND LIMITED,Land Mobile,Simplex,UHF (300 MHz-3 GHz),8,483.9813,489.9688
NETCOM SERVICES LIMITED,Land Mobile,Repeater,UHF (300 MHz-3 GHz),8,461.8438,863.4813
NETWORK TASMAN LTD,Fixed Link,Bi-directional,UHF (300 MHz-3 GHz),8,443.875,1523.875
NETWORK WAITAKI LTD,Fixed Link,Bi-directional,SHF (3-30 GHz),8,6093.45,19535.0
NEW ZEALAND RUGBY UNION INCORPORATED,Land Mobile,Simplex,UHF (300 MHz-3 GHz),8,458.3438,482.8938
NZSKI LIMITED,Land Mobile,Mobile Transmit,UHF (300 MHz-3 GHz),8,451.1688,469.7563
PENGROVE POTATOES LIMITED,Land Mobile,Simplex,UHF (300 MHz-3 GHz),8,458.3688,466.7188
PORT OTAGO LIMITED,Maritime,Unspecified,VHF (30-300 MHz),8,156.125,162.025
POTAKA LIMITED,Land Mobile,Simplex,UHF (300 MHz-3 GHz),8,453.3188,453.6188
PRO RIDER LIMITED,Land Mobile,Simplex,UHF (300 MHz-3 GHz),8,449.9688,454.9813
PROQUIP NZ LIMITED,Land Mobile,Simplex,UHF (300 MHz-3 GHz),8,458.3563,466.6938
R J WALLACE,Land Mobile,Simplex,HF (3-30 MHz),8,3.3464,5.4744
RAVENSDOWN LIMITED,Land Mobile,Repeater,UHF (300 MHz-3 GHz),8,462.6938,464.1188
RED BADGE GROUP LIMITED,Land Mobile,Simplex,UHF (300 MHz-3 GHz),8,458.3438,461.8063
RHEMA MEDIA INCORPORATED,Fixed Link,Uni-directional,UHF (300 MHz-3 GHz),8,444.1125,932.75
RIEDEL COMMUNICATIONS AUSTRALIA PTY LTD,Land Mobile,Repeater,UHF (300 MHz-3 GHz),8,480.0813,480.3438
RODNEY BROADBAND LIMITED,Fixed Link,Bi-directional,SHF (3-30 GHz),8,10715.0,19370.0
ROSEWARNE CONTRACTORS LTD,Land Mobile,Simplex,VHF (30-300 MHz),8,150.1625,159.1
SOUTHLAND DISTRICT COUNCIL,Land Mobile,Mobile Transmit,UHF (300 MHz-3 GHz),8,451.3375,453.2438
SOUTHLAND DISTRICT COUNCIL,Land Mobile,Repeater,UHF (300 MHz-3 GHz),8,456.375,458.2813
SPARK NEW ZEALAND TRADING LIMITED,Satellite & Space,Unspecified,SHF (3-30 GHz),8,3905.0,6402.5
SPECIALISED CONTAINER SERVICES,Land Mobile,Repeater,UHF (300 MHz-3 GHz),8,462.0563,462.4313
STOKES LOGGING LIMITED,Land Mobile,Simplex,VHF (30-300 MHz),8,159.125,159.3375
SUMMERSET MANAGEMENT GROUP LIMITED,Paging,Unspecified,VHF (30-300 MHz),8,160.3625,160.5875
TARARUA DISTRICT COUNCIL,Land Mobile,Mobile Transmit,VHF (30-300 MHz),8,153.6188,155.5063
TARARUA DISTRICT COUNCIL,Land Mobile,Repeater,VHF (30-300 MHz),8,151.1875,153.3625
TASMAN PINE FORESTS LIMITED,Fixed Link,Bi-directional,UHF (300 MHz-3 GHz),8,420.7625,446.7188
TAUPO DISTRICT COUNCIL,Land Mobile,Mobile Transmit,UHF (300 MHz-3 GHz),8,451.2875,473.7375
TAUPO DISTRICT COUNCIL,Land Mobile,Repeater,UHF (300 MHz-3 GHz),8,456.325,479.725
TELEVISION NEW ZEALAND LIMITED,Fixed Link,Bi-directional,SHF (3-30 GHz),8,21350.0,22722.0
TELEVISION NEW ZEALAND LIMITED,Outside Broadcast,Unspecified,SHF (3-30 GHz),8,7124.5,7327.5
THE POVERTY BAY RUGBY REFEREES ASSOCIATION INCORPORATED,Land Mobile,Simplex,UHF (300 MHz-3 GHz),8,449.9313,455.2813
TODD PETROLEUM MINING COMPANY LIMITED,Land Mobile,Simplex,UHF (300 MHz-3 GHz),8,453.3188,489.7063
TOTALLY TOURISM LTD T/A HARRIS MOUNTAINS HELISKI,Land Mobile,Simplex,VHF (30-300 MHz),8,150.5625,150.9375
TRAFFIC MANAGEMENT NZ LIMITED,Land Mobile,Simplex,VHF (30-300 MHz),8,165.725,170.6375
TŪ ĀTEA NETWORK SERVICES LIMITED,Paging,Unspecified,UHF (300 MHz-3 GHz),8,458.55,458.6
VALARIS LIMITED,Land Mobile,Mobile Transmit,UHF (300 MHz-3 GHz),8,410.2375,411.9875
VALARIS LIMITED,Land Mobile,Repeater,UHF (300 MHz-3 GHz),8,418.2375,419.9875
VIP STEEL LIMITED,Land Mobile,Simplex,UHF (300 MHz-3 GHz),8,470.9813,489.1313
VISY BOARD (HAMILTON) LIMITED,Land Mobile,Simplex,UHF (300 MHz-3 GHz),8,477.8438,482.6313
WAIKATO VHF GROUP INC,Amateur,Repeater,UHF (300 MHz-3 GHz),8,430.1125,439.35
WAIKOUAITI AUTO AND ENGINEERING LIMITED,Land Mobile,Simplex,VHF (30-300 MHz),8,150.1,150.8
WAIMEA WATER LIMITED,Fixed Link,Bi-directional,SHF (3-30 GHz),8,11015.0,11665.0
WAIPA NETWORKS LIMITED,Fixed Link,Bi-directional,UHF (300 MHz-3 GHz),8,420.8625,459.8688
WAITAKI DISTRICT COUNCIL,Land Mobile,Mobile Transmit,UHF (300 MHz-3 GHz),8,451.9313,469.4688
WARNER BROS. INTERNATIONAL TELEVISION PRODUCTION NEW ZEALAND LIMITED,Land Mobile,Simplex,UHF (300 MHz-3 GHz),8,482.6938,483.9688
WASTE MANAGEMENT NZLTD,Land Mobile,Simplex,UHF (300 MHz-3 GHz),8,453.3313,489.9438
WATERCARE SERVICES LTD,Telemetry & Telecommand,Uni-directional,VHF (30-300 MHz),8,160.2125,160.2125
WELLINGTON CITY COUNCIL,Land Mobile,Repeater,VHF (30-300 MHz),8,149.425,164.625
WELLINGTON CITY COUNCIL,Land Mobile,Mobile Transmit,VHF (30-300 MHz),8,148.0375,169.225
WELLINGTON VHF GROUP INC,Amateur,Mobile Transmit,UHF (300 MHz-3 GHz),8,434.25,1291.2
WINSTONE WALLBOARDS LIMITED,Land Mobile,Simplex,UHF (300 MHz-3 GHz),8,453.4688,476.3563
YEALANDS ESTATE WINES LIMITED,Land Mobile,Simplex,UHF (300 MHz-3 GHz),8,453.3063,455.2063
1C LIMITED,Land Mobile,Simplex,VHF (30-300 MHz),7,84.175,166.725
4HF FACILITIES LIMITED,Land Mobile,Simplex,UHF (300 MHz-3 GHz),7,455.0813,489.0813
ACCESS COMMUNICATIONS LIMITED,Land Mobile,Repeater,UHF (300 MHz-3 GHz),7,455.7063,464.4938
ACCESS COMMUNICATIONS LIMITED,Land Mobile,Mobile Transmit,UHF (300 MHz-3 GHz),7,450.6688,469.6813
AGTRANS LIMITED,Land Mobile,Simplex,VHF (30-300 MHz),7,150.075,150.3625
ALLIANCE GROUP LIMITED,Land Mobile,Simplex,UHF (300 MHz-3 GHz),7,455.2438,466.9563
BABCOCK (NZ) LIMITED,Land Mobile,Simplex,UHF (300 MHz-3 GHz),7,458.6563,483.9438
CALDER STEWART PLANT LIMITED,Land Mobile,Simplex,VHF (30-300 MHz),7,166.2875,171.6125
CDC DATA CENTRES NZ LIMITED,Land Mobile,Mobile Transmit,UHF (300 MHz-3 GHz),7,467.0688,469.7313
CDC DATA CENTRES NZ LIMITED,Land Mobile,Repeater,UHF (300 MHz-3 GHz),7,461.8813,464.5438
CITY COMMS LIMITED,Land Mobile,Mobile Transmit,VHF (30-300 MHz),7,167.475,169.7625
COLVINS LIMITED,Land Mobile,Simplex,UHF (300 MHz-3 GHz),7,449.9563,483.6813
COMVITA NEW ZEALAND LIMITED,Land Mobile,Simplex,UHF (300 MHz-3 GHz),7,482.5188,489.5438
CROSS COUNTRY VEHICLE CLUB (WELLINGTON) INC,Land Mobile,Simplex,VHF (30-300 MHz),7,84.4625,170.45
DMS PROGROWERS LIMITED,Land Mobile,Simplex,UHF (300 MHz-3 GHz),7,470.7938,482.1813
EASTLAND PORT LIMITED,Maritime,Unspecified,VHF (30-300 MHz),7,156.5,162.025
ELECTRIX LIMITED,Land Mobile,Simplex,UHF (300 MHz-3 GHz),7,453.3063,489.9813
ENZAFRUIT NEW ZEALAND INTERNATIONAL LIMITED,Land Mobile,Simplex,UHF (300 MHz-3 GHz),7,453.3063,466.9188
EPRO LTD,Land Mobile,Simplex,VHF (30-300 MHz),7,150.3625,153.5938
Eden Park Trust Board,Land Mobile,Mobile Transmit,UHF (300 MHz-3 GHz),7,472.0438,493.6813
Eden Park Trust Board,Land Mobile,Repeater,UHF (300 MHz-3 GHz),7,478.0313,487.6688
FAULDINGS SOUND LIMITED,Land Mobile,Simplex,UHF (300 MHz-3 GHz),7,449.9563,466.9188
FIBRE NETWORKS NZ LIMITED,Land Mobile,Simplex,UHF (300 MHz-3 GHz),7,466.7063,482.8063
Fire and Emergency New Zealand,Land Mobile,Repeater,VHF (30-300 MHz),7,143.2125,143.25
GENESIS ENERGY LIMITED,Fixed Link,Bi-directional,VHF (30-300 MHz),7,158.6188,160.2875
GOODMAN FIELDER NEW ZEALAND LIMITED,Land Mobile,Simplex,UHF (300 MHz-3 GHz),7,458.4688,489.0313
HASTINGS DISTRICT COUNCIL,Land Mobile,Mobile Transmit,UHF (300 MHz-3 GHz),7,450.5125,453.1313
HASTINGS DISTRICT COUNCIL,Land Mobile,Repeater,UHF (300 MHz-3 GHz),7,455.55,458.1688
HAWKES BAY VOLUNTEER COAST GUARD INC,Maritime,Unspecified,HF (3-30 MHz),7,4.1264,6.5174
HUTT CITY COUNCIL WELLINGTON WATER MANAGEMENT,Land Mobile,Repeater,UHF (300 MHz-3 GHz),7,455.8188,464.6313
HUTT CITY COUNCIL WELLINGTON WATER MANAGEMENT,Land Mobile,Mobile Transmit,UHF (300 MHz-3 GHz),7,450.7813,469.8188
HYNDS PIPE SYSTEMS LTD,Land Mobile,Simplex,UHF (300 MHz-3 GHz),7,449.9438,489.0813
J SWAP CONTRACTORS LIMITED,Land Mobile,Simplex,VHF (30-300 MHz),7,165.7875,171.1875
KAPITI COAST DISTRICT COUNCIL,Land Mobile,Repeater,UHF (300 MHz-3 GHz),7,462.0188,464.7688
KAPITI COAST DISTRICT COUNCIL,Land Mobile,Mobile Transmit,UHF (300 MHz-3 GHz),7,467.2063,469.9563
KELLY LOGGING LTD,Land Mobile,Simplex,VHF (30-300 MHz),7,150.5,173.7438
KIWI LUMBER (PUTARURU) LTD,Land Mobile,Simplex,UHF (300 MHz-3 GHz),7,476.3938,483.1813
M B LANGLEY,Land Mobile,Simplex,HF (3-30 MHz),7,3.0244,7.8914
M S BARNES,Land Mobile,Simplex,UHF (300 MHz-3 GHz),7,449.9938,488.2688
MANAWA ENERGY GENERATION LIMITED,Land Mobile,Mobile Transmit,VHF (30-300 MHz),7,155.1938,169.6625
MANAWA ENERGY GENERATION LIMITED,Land Mobile,Repeater,VHF (30-300 MHz),7,151.0125,165.0625
MANGOIHE LOGGING CO LTD,Land Mobile,Simplex,VHF (30-300 MHz),7,150.3375,153.5938
MARLBOROUGH-NELSON MARINE RADIO ASSOCIATION INCORPORATED,Maritime,Mobile Transmit,VHF (30-300 MHz),7,156.025,156.325
MARLBOROUGH-NELSON MARINE RADIO ASSOCIATION INCORPORATED,Maritime,Repeater,VHF (30-300 MHz),7,160.625,160.925
MILLENNIUM & COPTHORNE HOTELS NEW ZEALAND LIMITED,Land Mobile,Simplex,UHF (300 MHz-3 GHz),7,476.1313,482.4938
MOUNT CAMPBELL CONNECT LIMITED,Land Mobile,Repeater,UHF (300 MHz-3 GHz),7,415.6375,463.0563
NELSON CITY COUNCIL,Fixed Link,Bi-directional,UHF (300 MHz-3 GHz),7,420.0125,446.9688
NEW ZEALAND CRICKET INC,Land Mobile,Simplex,UHF (300 MHz-3 GHz),7,455.3063,483.8313
NEW ZEALAND INSTITUTE FOR PUBLIC HEALTH AND FORENSIC SCIENCE LIMITED,Fixed Link,Bi-directional,UHF (300 MHz-3 GHz),7,450.0125,459.9125
NEW ZEALAND POST LIMITED,Land Mobile,Simplex,UHF (300 MHz-3 GHz),7,461.5438,488.5188
NZ DEFENCE FORCE HEADQUARTERS,Maritime,Unspecified,VHF (30-300 MHz),7,156.3,157.3
NZ RED CROSS INC SOCIETY (NATIONAL OFFICE),Land Mobile,Simplex,MF (300 kHz-3 MHz),7,2.5814,2.5814
OBERTECH GROUP LTD,Land Mobile,Mobile Transmit,UHF (300 MHz-3 GHz),7,450.5063,818.0688
OBERTECH GROUP LTD,Land Mobile,Repeater,UHF (300 MHz-3 GHz),7,455.5438,863.0688
OMV NEW ZEALAND LIMITED,Aeronautical,Base Station,VHF (30-300 MHz),7,119.1,133.65
OPEN COUNTRY DAIRY LIMITED,Land Mobile,Simplex,UHF (300 MHz-3 GHz),7,458.6563,489.9688
PASSAGE GUARDIAN CHARITABLE TRUST,Land Mobile,Simplex,HF (3-30 MHz),7,3.1964,10.4194
PEDERSEN KAWERAU LIMITED,Land Mobile,Simplex,VHF (30-300 MHz),7,150.1125,153.5813
PORT OF TAURANGA LIMITED,Maritime,Unspecified,VHF (30-300 MHz),7,156.575,162.025
POWER WEED CONTROL LTD,Land Mobile,Simplex,VHF (30-300 MHz),7,150.1875,153.5813
R D TOTTENHAM,Land Mobile,Simplex,VHF (30-300 MHz),7,84.1,153.5813
RADIO NEW ZEALAND LIMITED,Fixed Link,Uni-directional,UHF (300 MHz-3 GHz),7,929.25,934.75
REPEATER SYSTEMS AND SERVICES LTD,Land Mobile,Mobile Transmit,VHF (30-300 MHz),7,153.6813,155.4438
REPEATER SYSTEMS AND SERVICES LTD,Land Mobile,Repeater,VHF (30-300 MHz),7,151.2625,153.0
ROTORUA DISTRICT COUNCIL,Land Mobile,Repeater,UHF (300 MHz-3 GHz),7,455.6438,464.1688
ROTORUA DISTRICT COUNCIL,Land Mobile,Mobile Transmit,UHF (300 MHz-3 GHz),7,450.6063,469.3563
ROYAL NEW ZEALAND COASTGUARD INCORPORATED,Maritime,Unspecified,MF (300 kHz-3 MHz),7,2.0134,2.4814
RT NORTH LIMITED,Land Mobile,Mobile Transmit,VHF (30-300 MHz),7,155.4813,155.8938
RT NORTH LIMITED,Land Mobile,Repeater,VHF (30-300 MHz),7,151.3,151.7125
SIGHT TRAFFIC MANAGEMENT 2023 LIMITED,Land Mobile,Simplex,UHF (300 MHz-3 GHz),7,477.5813,483.5688
SILVER FERN FARMS LIMITED,Land Mobile,Repeater,UHF (300 MHz-3 GHz),7,456.9938,464.8063
SILVER FERN FARMS LIMITED,Land Mobile,Mobile Transmit,UHF (300 MHz-3 GHz),7,451.9563,469.9938
SISTEMA PLASTICS LIMITED,Land Mobile,Simplex,UHF (300 MHz-3 GHz),7,482.1188,488.9938
SKY CITY AUCKLAND LTD,Land Mobile,Repeater,UHF (300 MHz-3 GHz),7,478.6688,862.6063
SKY CITY AUCKLAND LTD,Land Mobile,Mobile Transmit,UHF (300 MHz-3 GHz),7,472.6813,817.6063
SOUTH PORT NEW ZEALAND LIMITED,Land Mobile,Simplex,UHF (300 MHz-3 GHz),7,449.7563,461.6313
SOUTH WAIKATO DISTRICT COUNCIL,Land Mobile,Simplex,HF (3-30 MHz),7,3.3554,5.3934
SPECIALISED CONTAINER SERVICES(AUCK) LTD,Land Mobile,Simplex,UHF (300 MHz-3 GHz),7,458.3688,458.3688
STAND FORESTRY LIMITED,Land Mobile,Simplex,VHF (30-300 MHz),7,150.85,170.7875
TASMAN DISTRICT COUNCIL,Land Mobile,Repeater,UHF (300 MHz-3 GHz),7,455.875,464.775
TASMAN DISTRICT COUNCIL,Land Mobile,Mobile Transmit,UHF (300 MHz-3 GHz),7,450.8375,469.9625
TERMINALS (NZ) LTD,Land Mobile,Simplex,UHF (300 MHz-3 GHz),7,455.1875,464.9563
THE LINES CO LTD,Land Mobile,Repeater,UHF (300 MHz-3 GHz),7,455.7438,464.4688
THE LINES CO LTD,Land Mobile,Mobile Transmit,UHF (300 MHz-3 GHz),7,450.7063,469.6563
THE NATIONAL PACIFIC MEDIA TRUST,Fixed Link,Uni-directional,UHF (300 MHz-3 GHz),7,842.75,930.75
THERMOSASH COMMERCIAL LIMITED,Land Mobile,Simplex,UHF (300 MHz-3 GHz),7,470.7688,489.1313
TUMU TIMBERS LIMITED,Land Mobile,Simplex,UHF (300 MHz-3 GHz),7,470.8063,489.8688
WAIMAKARIRI DISTRICT COUNCIL,Land Mobile,Repeater,UHF (300 MHz-3 GHz),7,455.9688,464.375
WAIMAKARIRI DISTRICT COUNCIL,Land Mobile,Mobile Transmit,UHF (300 MHz-3 GHz),7,450.9313,469.5625
WAIPA DISTRICT COUNCIL,Fixed Link,Bi-directional,UHF (300 MHz-3 GHz),7,453.8563,459.4125
WALKER WIRELESS LIMITED,Land Mobile,Mobile Transmit,VHF (30-300 MHz),7,153.7188,169.575
WALKER WIRELESS LIMITED,Land Mobile,Repeater,VHF (30-300 MHz),7,151.9375,164.975
WESTPOWER LTD,Land Mobile,Repeater,VHF (30-300 MHz),7,151.325,153.3875
WESTPOWER LTD,Land Mobile,Mobile Transmit,UHF (300 MHz-3 GHz),7,467.0375,467.6125
WESTPOWER LTD,Land Mobile,Mobile Transmit,VHF (30-300 MHz),7,154.1813,155.9813
WESTPOWER LTD,Land Mobile,Repeater,UHF (300 MHz-3 GHz),7,461.85,462.425
WHAKATANE RTUA,Land Mobile,Mobile Transmit,VHF (30-300 MHz),7,154.0813,169.675
WHAKATANE RTUA,Land Mobile,Repeater,VHF (30-300 MHz),7,151.625,165.075
WHAKATANE RTUA,Land Mobile,Mobile Transmit,UHF (300 MHz-3 GHz),7,410.5625,452.8375
WHAKATANE RTUA,Land Mobile,Repeater,UHF (300 MHz-3 GHz),7,418.5625,457.875
Waikato District Health Board,Land Mobile,Mobile Transmit,UHF (300 MHz-3 GHz),7,451.2688,472.4688
William A BLACK,Land Mobile,Simplex,UHF (300 MHz-3 GHz),7,461.7563,464.9063
ADCOCK & DONALDSON CONTRACTING LTD,Land Mobile,Simplex,VHF (30-300 MHz),6,150.25,150.975
AICA NZ LIMITED,Land Mobile,Simplex,UHF (300 MHz-3 GHz),6,453.4813,464.8188
AIR NEW ZEALAND LIMITED,Land Mobile,Repeater,UHF (300 MHz-3 GHz),6,456.0688,481.0063
AIR NEW ZEALAND LIMITED,Land Mobile,Mobile Transmit,UHF (300 MHz-3 GHz),6,451.0313,475.0188
AIR NEW ZEALAND LTD,Land Mobile,Simplex,UHF (300 MHz-3 GHz),6,458.3938,483.4563
ALCOM COMMUNICATION SERVICES LIMITED,Fixed Link,Bi-directional,SHF (3-30 GHz),6,18250.0,19315.0
ALL TRAFFIC MANAGEMENT SERVICES LIMITED,Land Mobile,Simplex,UHF (300 MHz-3 GHz),6,453.3438,461.4813
ALLIED INVESTMENTS LIMITED,Land Mobile,Simplex,UHF (300 MHz-3 GHz),6,482.5188,482.8938
ALPINE GUIDES WESTLAND,Land Mobile,Simplex,VHF (30-300 MHz),6,150.6875,166.6625
ALSCO NZ,Land Mobile,Simplex,UHF (300 MHz-3 GHz),6,449.9563,470.8563
ARCHITECTURAL GLASS PRODUCTS LIMITED,Land Mobile,Simplex,UHF (300 MHz-3 GHz),6,482.5813,483.1688
AUCKLAND CITY MISSION,Land Mobile,Simplex,UHF (300 MHz-3 GHz),6,483.0188,489.8813
AUCKLAND EMERGENCY MANAGEMENT,Land Mobile,Simplex,UHF (300 MHz-3 GHz),6,482.0563,488.5188
AUCKLAND TROTTING CLUB (INC),Land Mobile,Simplex,UHF (300 MHz-3 GHz),6,455.1063,489.8813
AUCKLAND VHF GROUP INC,Amateur,Mobile Transmit,VHF (30-300 MHz),6,52.725,146.3
AUCKLAND VHF GROUP INC,Amateur,Repeater,VHF (30-300 MHz),6,53.725,146.9
BAY OF PLENTY DISTRICT HEALTH BOARD,Land Mobile,Simplex,UHF (300 MHz-3 GHz),6,476.1188,477.8438
BEACH ENERGY RESOURCES NZ (KUPE) LIMITED,Land Mobile,Repeater,UHF (300 MHz-3 GHz),6,456.2063,463.0188
BEACH ENERGY RESOURCES NZ (KUPE) LIMITED,Land Mobile,Simplex,UHF (300 MHz-3 GHz),6,455.2438,466.9813
BEACH ENERGY RESOURCES NZ (KUPE) LIMITED,Land Mobile,Mobile Transmit,UHF (300 MHz-3 GHz),6,451.1688,468.2063
BLUEGRASS CONTRACTING LIMITED,Land Mobile,Simplex,VHF (30-300 MHz),6,165.875,170.8125
BP OIL NEW ZEALAND LIMITED,Land Mobile,Simplex,UHF (300 MHz-3 GHz),6,455.0813,482.1438
BRANDT TRACTOR LIMITED,Land Mobile,Repeater,UHF (300 MHz-3 GHz),6,455.5063,464.4688
BRANDT TRACTOR LIMITED,Land Mobile,Simplex,UHF (300 MHz-3 GHz),6,453.3938,458.6563
BRIAN FM LIMITED,Fixed Link,Bi-directional,SHF (3-30 GHz),6,10835.0,19370.0
BT MINING LIMITED,Land Mobile,Simplex,VHF (30-300 MHz),6,150.0875,170.3625
BURSON LOGGING LIMITED,Land Mobile,Simplex,VHF (30-300 MHz),6,159.1,170.4375
CARDRONA SKI RESORT LTD,Land Mobile,Repeater,UHF (300 MHz-3 GHz),6,462.1813,480.5438
CHAPMAN ENGINEERING LIMITED,Land Mobile,Simplex,UHF (300 MHz-3 GHz),6,470.7813,488.2813
CITY COMMS LIMITED,Land Mobile,Repeater,VHF (30-300 MHz),6,162.875,165.1625
CIVIL CONSTRUCTION LIMITED,Land Mobile,Simplex,UHF (300 MHz-3 GHz),6,453.3563,466.7188
CLAYMARK LIMITED,Land Mobile,Simplex,UHF (300 MHz-3 GHz),6,482.5188,489.0688
COMMUNICATE LIMITED,Fixed Link,Bi-directional,UHF (300 MHz-3 GHz),6,443.125,448.5813
COMMUNICATE LIMITED,Land Mobile,Mobile Transmit,UHF (300 MHz-3 GHz),6,472.0063,472.8063
COMMUNICATE LIMITED,Land Mobile,Repeater,UHF (300 MHz-3 GHz),6,477.9938,478.7938
COMMUNICATIONS SPECIALISTS LIMITED,Land Mobile,Repeater,UHF (300 MHz-3 GHz),6,455.3313,462.1438
COMMUNICATIONS SPECIALISTS LIMITED,Land Mobile,Mobile Transmit,UHF (300 MHz-3 GHz),6,450.2938,467.3313
CONTACT ENERGY LIMITED,Fixed Link,Bi-directional,SHF (3-30 GHz),6,7236.5,11545.0
COUNTIES ENERGY LIMITED,Land Mobile,Simplex,VHF (30-300 MHz),6,150.2375,150.95
COUNTIES MANUKAU PACIFIC TRUST,Land Mobile,Simplex,UHF (300 MHz-3 GHz),6,449.9563,489.9563
CSE CROSSCOM PTY LTD,Land Mobile,Simplex,UHF (300 MHz-3 GHz),6,458.3938,466.9688
DART RIVER SAFARIS LIMITED,Land Mobile,Simplex,VHF (30-300 MHz),6,150.0625,153.5563
DEPARTMENT OF CONSERVATION,Land Mobile,Repeater,UHF (300 MHz-3 GHz),6,455.7938,486.5063
DEPARTMENT OF CONSERVATION,Land Mobile,Mobile Transmit,UHF (300 MHz-3 GHz),6,450.7563,492.5188
DOMINION CONSTRUCTORS LIMITED,Land Mobile,Simplex,UHF (300 MHz-3 GHz),6,458.4063,488.8938
DOWNER NEW ZEALAND LIMITED,Land Mobile,Simplex,UHF (300 MHz-3 GHz),6,471.7313,489.1313
DUNEDIN CASINOS LTD,Land Mobile,Simplex,UHF (300 MHz-3 GHz),6,470.7688,489.7438
DUNEDIN RAILWAYS LIMITED,Land Mobile,Simplex,UHF (300 MHz-3 GHz),6,458.6188,461.6813
DYLAN SMART,Land Mobile,Simplex,VHF (30-300 MHz),6,84.1625,170.65
ELECTRA LIMITED,Land Mobile,Mobile Transmit,VHF (30-300 MHz),6,153.7563,169.7
ELECTRA LIMITED,Land Mobile,Repeater,VHF (30-300 MHz),6,151.1875,165.1
ELECTRICITY ASHBURTON LIMITED,Fixed Link,Bi-directional,SHF (3-30 GHz),6,10995.0,11525.0
ENVIROWASTE SERVICES LTD,Land Mobile,Simplex,UHF (300 MHz-3 GHz),6,458.6438,483.5438
EVONIK PEROXIDE LIMITED,Land Mobile,Simplex,UHF (300 MHz-3 GHz),6,461.6688,466.9188
EZY TRAFFIC LIMITED,Land Mobile,Simplex,VHF (30-300 MHz),6,150.375,153.5938
Emergency Management Southland,Land Mobile,Simplex,HF (3-30 MHz),6,3.3614,5.4084
FAR NORTH DISTRICT COUNCIL,Land Mobile,Simplex,HF (3-30 MHz),6,4.9234,5.3904
FAR NORTH RADIO AND SEA RESCUE INCORPORATED,Maritime,Unspecified,MF (300 kHz-3 MHz),6,2.0464,2.4814
FAR NORTH RADIO AND SEA RESCUE INCORPORATED,Maritime,Unspecified,HF (3-30 MHz),6,4.1264,6.2254
FEAR CONSULTING LIMITED,Land Mobile,Simplex,VHF (30-300 MHz),6,150.625,153.5313
FONTERRA BRANDS LIMITED,Land Mobile,Simplex,UHF (300 MHz-3 GHz),6,455.0938,458.4688
FRONTLINE AMBULANCE CHARITABLE TRUST,Land Mobile,Simplex,UHF (300 MHz-3 GHz),6,453.3563,458.4813
Fire and Emergency New Zealand,Land Mobile,Simplex,VHF (30-300 MHz),6,84.825,143.825
GAMBLE FOREST HARVESTING LTD,Land Mobile,Simplex,VHF (30-300 MHz),6,150.6375,166.3
GENESIS ENERGY LIMITED,Land Mobile,Simplex,UHF (300 MHz-3 GHz),6,453.4688,464.8813
GISBORNE.NET.N.Z. LIMITED,Spectrum Licence,Unspecified,UHF (300 MHz-3 GHz),6,2600.0,2600.0
GOODMAN CONTRACTORS LIMITED,Land Mobile,Repeater,UHF (300 MHz-3 GHz),6,456.9188,464.0438
GRAVITY MEDIA (AUSTRALIA) PTY LTD,Land Mobile,Simplex,UHF (300 MHz-3 GHz),6,489.5438,489.9813
GREY DISTRICT COUNCIL,Land Mobile,Repeater,UHF (300 MHz-3 GHz),6,456.6,478.0063
GREY DISTRICT COUNCIL,Land Mobile,Mobile Transmit,UHF (300 MHz-3 GHz),6,451.5625,472.0188
GRIT MOTORSPORT LIMITED,Land Mobile,Simplex,UHF (300 MHz-3 GHz),6,453.3688,466.6938
GROUND BASE SOLUTIONS LIMITED,Land Mobile,Simplex,VHF (30-300 MHz),6,150.35,153.5313
HAURAKI MAORI TRUST BOARD,Broadcasting,Unspecified,VHF (30-300 MHz),6,92.2,105.1
HAWKES BAY CRANE HIRE (2015) LIMITED,Land Mobile,Simplex,UHF (300 MHz-3 GHz),6,471.7188,489.3688
HAWKES BAY REGIONAL COUNCIL,Fixed Link,Bi-directional,UHF (300 MHz-3 GHz),6,450.1875,450.2375
HAWKESWOOD MINING LIMITED,Land Mobile,Simplex,VHF (30-300 MHz),6,150.1625,150.775
HIGGINS CONTRACTORS LIMITED,Land Mobile,Simplex,VHF (30-300 MHz),6,150.7,153.5938
HODDERVILLE FARMS LIMITED,Land Mobile,Simplex,VHF (30-300 MHz),6,150.075,153.5813
HORIZON ENERGY GROUP LIMITED,Fixed Link,Bi-directional,UHF (300 MHz-3 GHz),6,443.175,1521.0
INETWORKS LIMITED,Land Mobile,Repeater,UHF (300 MHz-3 GHz),6,419.325,464.7563
INETWORKS LIMITED,Land Mobile,Mobile Transmit,UHF (300 MHz-3 GHz),6,411.325,469.9438
JUKEN NEW ZEALAND LTD,Land Mobile,Repeater,VHF (30-300 MHz),6,152.65,162.8375
JUKEN NEW ZEALAND LTD,Land Mobile,Mobile Transmit,VHF (30-300 MHz),6,154.4313,167.4375
JUKEN NEW ZEALAND LTD,Land Mobile,Simplex,UHF (300 MHz-3 GHz),6,453.3063,455.1688
Jesse Coleman,Land Mobile,Simplex,VHF (30-300 MHz),6,150.0625,150.3625
KAIPARA LIMITED,Land Mobile,Simplex,VHF (30-300 MHz),6,165.8125,170.6125
KORDIA LIMITED,Maritime,Unspecified,HF (3-30 MHz),6,4.3794,22.7334
KORDIA LIMITED,Outside Broadcast,Unspecified,UHF (300 MHz-3 GHz),6,2720.0,2880.0
LAKEVIEW HELICOPTERS LIMITED,Land Mobile,Simplex,VHF (30-300 MHz),6,150.9375,170.45
LANYON & LE COMPTE CONSTRUCTION LIMITED,Land Mobile,Simplex,UHF (300 MHz-3 GHz),6,471.7188,482.9563
MANAWATU COMMUNICATIONS LIMITED,Land Mobile,Simplex,VHF (30-300 MHz),6,150.0875,170.8
MANAWATU COMMUNICATIONS LIMITED,Land Mobile,Simplex,UHF (300 MHz-3 GHz),6,453.3813,466.9813
MANAWATU TRAFFIC SOLUTIONS LIMITED,Land Mobile,Simplex,UHF (300 MHz-3 GHz),6,458.4813,465.1188
MANAWATU-WANGANUI REGIONAL COUNCIL,Fixed Link,Bi-directional,SHF (3-30 GHz),6,6123.1,19205.0
MAP PROJECTS LIMITED,Land Mobile,Simplex,VHF (30-300 MHz),6,150.2375,150.95
MARIN CONSTRUCTION LIMITED,Land Mobile,Simplex,UHF (300 MHz-3 GHz),6,482.0813,483.5813
MARLBOROUGH AMATEUR RADIO CLUB INC,Amateur,Mobile Transmit,VHF (30-300 MHz),6,145.0,147.825
MARLBOROUGH AMATEUR RADIO CLUB INC,Amateur,Repeater,VHF (30-300 MHz),6,145.6,147.225
MATARIKI FORESTS,Fixed Link,Bi-directional,UHF (300 MHz-3 GHz),6,420.5375,466.3125
MEDIA BAY OF PLENTY LIMITED,Fixed Link,Uni-directional,UHF (300 MHz-3 GHz),6,929.375,934.625
MERCURY NZ LIMITED,Land Mobile,Mobile Transmit,UHF (300 MHz-3 GHz),6,467.0938,469.7438
MILLS ALBERT LIMITED,Land Mobile,Simplex,VHF (30-300 MHz),6,150.125,150.7
MOBIL OIL NEW ZEALAND LIMITED,Land Mobile,Simplex,UHF (300 MHz-3 GHz),6,453.3313,455.2563
MOTORSPORT NEW ZEALAND INCORPORATED,Land Mobile,Simplex,UHF (300 MHz-3 GHz),6,453.4938,489.6813
Martyn Levy,Land Mobile,Simplex,UHF (300 MHz-3 GHz),6,477.5563,477.6938
NELSON CITY COUNCIL,Land Mobile,Mobile Transmit,UHF (300 MHz-3 GHz),6,450.3688,469.1375
NELSON MARLBOROUGH TRAFFIC MANAGEMENT LIMITED,Land Mobile,Simplex,VHF (30-300 MHz),6,150.1,153.5688
NEP LIVE EVENTS LIMITED,Land Mobile,Simplex,UHF (300 MHz-3 GHz),6,453.3063,464.9813
NETSPEED DATA LIMITED,Spectrum Licence,Unspecified,SHF (3-30 GHz),6,3330.0,3330.0
NEWLANDS GROUP LIMITED,Land Mobile,Simplex,UHF (300 MHz-3 GHz),6,449.9438,489.0063
NOREAST PRODUCTIONS LIMITED,Land Mobile,Simplex,UHF (300 MHz-3 GHz),6,458.4688,466.9063
NW GROUP LIMITED,Land Mobile,Simplex,UHF (300 MHz-3 GHz),6,453.3813,483.0938
NZ DEFENCE FORCE HEADQUARTERS,Land Mobile,Simplex,MF (300 kHz-3 MHz),6,2.1094,2.2744
NZ DEFENCE FORCE HEADQUARTERS,Radiodetermination,Beacon,MF (300 kHz-3 MHz),6,0.348,2.001
NZ MAORI ARTS & CRAFTS,Land Mobile,Simplex,VHF (30-300 MHz),6,150.1125,166.625
NZ NATIONAL NETWORKS LIMITED,Land Mobile,Simplex,UHF (300 MHz-3 GHz),6,453.3938,464.9813
NZART NELSON BRANCH INC,Amateur,Repeater,VHF (30-300 MHz),6,144.575,147.2
New Zealand Transport Agency,Land Mobile,Simplex,VHF (30-300 MHz),6,166.25,166.7625
PAN PAC FOREST PRODUCTS LTD,Land Mobile,Mobile Transmit,UHF (300 MHz-3 GHz),6,467.2563,473.1438
PAN PAC FOREST PRODUCTS LTD,Land Mobile,Repeater,UHF (300 MHz-3 GHz),6,462.0688,479.1313
PARLIAMENTARY SECURITY SERVICES,Land Mobile,Mobile Transmit,UHF (300 MHz-3 GHz),6,491.2563,493.8813
PARLIAMENTARY SECURITY SERVICES,Land Mobile,Repeater,UHF (300 MHz-3 GHz),6,485.2438,487.8688
PORT BLAKELY LIMITED,Land Mobile,Simplex,VHF (30-300 MHz),6,150.8125,150.8375
PORT MARLBOROUGH NEW ZEALAND LIMITED,Land Mobile,Simplex,UHF (300 MHz-3 GHz),6,453.3813,489.7438
PORT NELSON LIMITED,Fixed Link,Bi-directional,UHF (300 MHz-3 GHz),6,449.3813,459.5188
PORT OTAGO LIMITED,Fixed Link,Bi-directional,SHF (3-30 GHz),6,12828.0,22547.0
PORT TARANAKI LIMITED,Land Mobile,Simplex,UHF (300 MHz-3 GHz),6,449.7563,466.9938
PORT TARANAKI LIMITED,Land Mobile,Simplex,VHF (30-300 MHz),6,150.2125,153.5938
POWERNET LIMITED,Land Mobile,Mobile Transmit,UHF (300 MHz-3 GHz),6,450.3875,468.2625
POWERNET LIMITED,Land Mobile,Repeater,UHF (300 MHz-3 GHz),6,455.425,463.075
PRIMOWIRELESS LIMITED,Fixed Link,Bi-directional,EHF (>30 GHz),6,72250.0,84500.0
PURE TUROA LIMITED,Land Mobile,Repeater,VHF (30-300 MHz),6,152.2625,165.25
PURE TUROA LIMITED,Land Mobile,Mobile Transmit,VHF (30-300 MHz),6,154.0438,169.85
PURE TUROA LIMITED,Land Mobile,Simplex,VHF (30-300 MHz),6,153.4813,166.6375
QUEENSTOWN LAKES DISTRICT COUNCIL,Land Mobile,Repeater,VHF (30-300 MHz),6,149.475,164.325
QUEENSTOWN LAKES DISTRICT COUNCIL,Land Mobile,Mobile Transmit,VHF (30-300 MHz),6,148.0875,168.925
RAVENSDOWN LIMITED,Land Mobile,Mobile Transmit,UHF (300 MHz-3 GHz),6,467.8813,469.3063
RELCO PACIFIC LIMITED,Land Mobile,Simplex,UHF (300 MHz-3 GHz),6,476.1313,488.5313
RELIANCE TRAFFIC SERVICES LIMITED,Land Mobile,Simplex,UHF (300 MHz-3 GHz),6,470.7563,477.9813
RINGS SCENIC TOURS LIMITED,Land Mobile,Simplex,UHF (300 MHz-3 GHz),6,483.0063,483.9688
ROAD METALS COMPANY LIMITED,Land Mobile,Simplex,UHF (300 MHz-3 GHz),6,453.3313,465.1188
ROSS REID CONTRACTORS LIMITED,Land Mobile,Simplex,UHF (300 MHz-3 GHz),6,476.3188,488.9813
ROUTEBURN WALK LTD,Fixed Link,Bi-directional,UHF (300 MHz-3 GHz),6,453.875,459.1875
ROYAL AUCKLAND GOLF CLUB INCORPORATED,Land Mobile,Simplex,UHF (300 MHz-3 GHz),6,455.0313,461.6813
ROYAL NEW ZEALAND COASTGUARD INCORPORATED,Fixed Link,Uni-directional,UHF (300 MHz-3 GHz),6,420.8625,454.1
RT NORTH LIMITED,Fixed Link,Bi-directional,UHF (300 MHz-3 GHz),6,454.625,459.9875
RUBBER MONKEY SALES LIMITED,Land Mobile,Simplex,UHF (300 MHz-3 GHz),6,458.4563,466.9563
RUSSELL W RICHARDSON,Land Mobile,Simplex,UHF (300 MHz-3 GHz),6,453.4938,476.3188
S K LOW,Land Mobile,Simplex,VHF (30-300 MHz),6,84.15,165.775
SEALES WINSLOW LTD,Land Mobile,Simplex,UHF (300 MHz-3 GHz),6,482.0313,483.7188
SEALORD GROUP LTD,Land Mobile,Simplex,UHF (300 MHz-3 GHz),6,449.9688,455.1563
SEQUAL LUMBER LIMITED,Land Mobile,Simplex,UHF (300 MHz-3 GHz),6,476.2938,488.5313
SIMS PACIFIC METALS LIMITED,Land Mobile,Simplex,UHF (300 MHz-3 GHz),6,453.3313,488.3813
SMITH EARTHWORKS LIMITED,Land Mobile,Simplex,VHF (30-300 MHz),6,166.0375,166.7
SOUND AND RADIO COMMUNICATION LIMITED,Fixed Link,Bi-directional,UHF (300 MHz-3 GHz),6,420.5625,459.6125
SOUND AND RADIO COMMUNICATION LIMITED,Land Mobile,Mobile Transmit,UHF (300 MHz-3 GHz),6,450.6563,469.6938
SOUND AND RADIO COMMUNICATION LIMITED,Land Mobile,Repeater,UHF (300 MHz-3 GHz),6,455.6938,464.5063
SOUTHLAND DISTRICT COUNCIL,Fixed Link,Bi-directional,UHF (300 MHz-3 GHz),6,440.1125,458.8875
SPECTRATECH LIMITED,Land Mobile,Simplex,UHF (300 MHz-3 GHz),6,455.0688,476.3938
STMSNZ LIMITED,Land Mobile,Simplex,VHF (30-300 MHz),6,150.1375,150.425
SUMMIT FORESTS NEW ZEALAND LIMITED,Land Mobile,Simplex,VHF (30-300 MHz),6,150.15,153.5438
SWISSPORT NEW ZEALAND LIMITED,Aeronautical,Base Station,VHF (30-300 MHz),6,121.9,133.95
T E RADIO LIMITED,Land Mobile,Mobile Transmit,VHF (30-300 MHz),6,155.1063,169.65
T E RADIO LIMITED,Land Mobile,Repeater,VHF (30-300 MHz),6,151.2375,165.05
TAHAROA IRONSANDS LIMITED,Land Mobile,Simplex,VHF (30-300 MHz),6,150.5625,153.5188
TAIT INTERNATIONAL LIMITED,Fixed Link,Bi-directional,SHF (3-30 GHz),6,14683.0,23506.0
TARARUA DISTRICT COUNCIL,Fixed Link,Bi-directional,UHF (300 MHz-3 GHz),6,450.0375,459.2313
TASMAN FOREST MANAGEMENT LTD,Land Mobile,Simplex,VHF (30-300 MHz),6,150.7625,153.5563
TAURANGA CITY COUNCIL,Land Mobile,Mobile Transmit,UHF (300 MHz-3 GHz),6,450.5125,469.9375
TAURANGA CITY COUNCIL,Land Mobile,Repeater,UHF (300 MHz-3 GHz),6,455.55,464.75
TAYLOR CORPORATION (1995) LIMITED,Land Mobile,Simplex,UHF (300 MHz-3 GHz),6,458.4313,464.8688
TE KAPUA WHAKAPIPI CHARITABLE TRUST,Broadcasting,Unspecified,VHF (30-300 MHz),6,89.4,100.6
TEAM NEW ZEALAND LIMITED,Land Mobile,Simplex,VHF (30-300 MHz),6,166.3375,171.2125
TELETRONICS LIMITED,Fixed Link,Bi-directional,SHF (3-30 GHz),6,7881.125,11545.0
TETRA PAK (NEW ZEALAND) LIMITED,Land Mobile,Simplex,UHF (300 MHz-3 GHz),6,453.4813,455.2813
THAMES COROMANDEL DISTRICT COUNCIL,Land Mobile,Mobile Transmit,UHF (300 MHz-3 GHz),6,450.3375,472.3938
THAMES COROMANDEL DISTRICT COUNCIL,Land Mobile,Repeater,UHF (300 MHz-3 GHz),6,455.375,478.3813
THAMES COROMANDEL DISTRICT COUNCIL,Telemetry & Telecommand,Uni-directional,UHF (300 MHz-3 GHz),6,471.075,471.4
THE LINES CO LTD,Fixed Link,Bi-directional,SHF (3-30 GHz),6,6500.0,10602.0
THE OTAGO BRANCH OF THE NEW ZEALAND ASSOC OF RADIO TRANSMITTERS INCORPORATED,Amateur,Repeater,VHF (30-300 MHz),6,144.575,146.9
TODD PETROLEUM MINING COMPANY LIMITED,Fixed Link,Bi-directional,UHF (300 MHz-3 GHz),6,420.1625,458.8875
TRACTOR REPAIRS & SPARES LIMITED,Land Mobile,Simplex,UHF (300 MHz-3 GHz),6,471.6688,471.6813
TREBLE CONE INVESTMENTS LIMITED,Land Mobile,Simplex,UHF (300 MHz-3 GHz),6,458.3938,461.7563
TWIZEL AUTOMATION AND COMMUNICATIONS LIMITED,Fixed Link,Bi-directional,SHF (3-30 GHz),6,11115.0,19590.0
Taupo District Council,Land Mobile,Mobile Transmit,UHF (300 MHz-3 GHz),6,450.5375,467.7875
Taupo District Council,Land Mobile,Repeater,UHF (300 MHz-3 GHz),6,455.575,462.6
Unifone New Zealand Limited,Fixed Link,Bi-directional,EHF (>30 GHz),6,72250.0,84500.0
VENTIA PTY LIMITED,Land Mobile,Simplex,UHF (300 MHz-3 GHz),6,453.5438,489.8313
VIEWNAMICS LIMITED,Land Mobile,Simplex,UHF (300 MHz-3 GHz),6,488.2438,489.8313
VITC Ltd,Land Mobile,Simplex,UHF (300 MHz-3 GHz),6,482.4938,489.9188
WAIPA DISTRICT COUNCIL,Land Mobile,Simplex,VHF (30-300 MHz),6,150.25,150.25
WANNA INTERNET LIMITED,Fixed Link,Bi-directional,SHF (3-30 GHz),6,10875.0,11645.0
WELLINGTON MUSEUMS TRUST INCORPORATED,Land Mobile,Simplex,UHF (300 MHz-3 GHz),6,458.4563,483.4813
WELLINGTON VHF GROUP INC,Amateur,Repeater,VHF (30-300 MHz),6,53.75,147.1
WELLINGTON WATER LIMITED,Land Mobile,Mobile Transmit,VHF (30-300 MHz),6,153.9688,155.8688
WELLINGTON WATER LIMITED,Land Mobile,Repeater,VHF (30-300 MHz),6,151.2125,152.1875
WESTERN BAY OF PLENTY DISTRICT COUNCIL,Land Mobile,Simplex,UHF (300 MHz-3 GHz),6,488.3063,489.9813
WIZWIRELESS LIMITED,Spectrum Licence,Unspecified,SHF (3-30 GHz),6,3320.0,3320.0
WOODCOM LIMITED,Land Mobile,Simplex,UHF (300 MHz-3 GHz),6,449.9563,488.2938
WOODCOM LIMITED,Land Mobile,Mobile Transmit,UHF (300 MHz-3 GHz),6,451.0938,469.4938
WOODCOM LIMITED,Land Mobile,Repeater,UHF (300 MHz-3 GHz),6,456.1313,464.3063
1C LIMITED,Land Mobile,Simplex,UHF (300 MHz-3 GHz),5,458.3938,458.4438
247 TRAFFIC SOLUTIONS NZ LIMITED,Land Mobile,Simplex,UHF (300 MHz-3 GHz),5,458.3563,466.9688
A. J. BATES LIMITED,Land Mobile,Simplex,UHF (300 MHz-3 GHz),5,482.7438,483.6313
A.T.S LOGGING LIMITED,Land Mobile,Simplex,VHF (30-300 MHz),5,166.425,173.8188
A2 NUTRITIONALS NZ LIMITED,Land Mobile,Simplex,UHF (300 MHz-3 GHz),5,477.5563,488.2813
ADVANCED SYSTEMS INTEGRATION 2022 LIMITED,Land Mobile,Repeater,VHF (30-300 MHz),5,151.425,163.8125
ADVANCED SYSTEMS INTEGRATION 2022 LIMITED,Land Mobile,Mobile Transmit,VHF (30-300 MHz),5,154.7063,168.4125
AIR SAFARIS AND SERVICES (NZ) LTD,Aeronautical,Base Station,VHF (30-300 MHz),5,118.6,130.8
AIRWAYS CORPORATION OF NEW ZEALAND LIMITED,Radiodetermination,Beacon,LF (30-300 kHz),5,0.226,0.278
ALCOM COMMUNICATION SERVICES LIMITED,Land Mobile,Mobile Transmit,UHF (300 MHz-3 GHz),5,411.1125,472.9438
ALCOM COMMUNICATION SERVICES LIMITED,Land Mobile,Repeater,UHF (300 MHz-3 GHz),5,419.1125,478.9313
ANDREWS CONSTRUCTION LIMITED,Land Mobile,Simplex,UHF (300 MHz-3 GHz),5,477.5313,489.1188
AOTEA CENTRE TRUST BOARD,Land Mobile,Repeater,UHF (300 MHz-3 GHz),5,484.5063,487.5188
AOTEA CENTRE TRUST BOARD,Land Mobile,Mobile Transmit,UHF (300 MHz-3 GHz),5,490.5188,493.5313
ASHBURTON CONTRACTING LTD,Land Mobile,Simplex,VHF (30-300 MHz),5,165.8125,170.85
ASPIRING HELICOPTERS LTD,Land Mobile,Simplex,VHF (30-300 MHz),5,165.825,165.825
ATLAS CONCRETE LTD,Land Mobile,Simplex,UHF (300 MHz-3 GHz),5,483.2063,489.0563
AUCKLAND COUNCIL,Fixed Link,Bi-directional,UHF (300 MHz-3 GHz),5,454.1,459.1375
Arthur Corbett,Land Mobile,Simplex,VHF (30-300 MHz),5,150.125,150.95
Auckland Council (Connected communities),Land Mobile,Simplex,UHF (300 MHz-3 GHz),5,458.4188,461.8063
Auckland Council... Manukau Leisure Services,Land Mobile,Simplex,UHF (300 MHz-3 GHz),5,482.4938,489.9438
BALLANCE AGRI-NUTRIENTS LIMITED,Land Mobile,Repeater,UHF (300 MHz-3 GHz),5,461.9688,487.5938
BALLANCE AGRI-NUTRIENTS LIMITED,Land Mobile,Mobile Transmit,UHF (300 MHz-3 GHz),5,467.1563,493.6063
BAX CONTRACTORS LIMITED,Land Mobile,Simplex,VHF (30-300 MHz),5,150.0625,150.7875
BBL CONTRACTING LIMITED,Land Mobile,Simplex,VHF (30-300 MHz),5,166.2375,166.625
BRIDGE IT NZ LIMITED,Land Mobile,Simplex,VHF (30-300 MHz),5,166.05,166.775
BROSNAN CONSTRUCTION LIMITED,Land Mobile,Simplex,UHF (300 MHz-3 GHz),5,470.7563,477.9813
BT MINING LIMITED,Fixed Link,Uni-directional,UHF (300 MHz-3 GHz),5,450.1375,454.0
BULLER DISTRICT COUNCIL,Land Mobile,Simplex,HF (3-30 MHz),5,3.0244,5.6814
BUTTON LOGGING,Land Mobile,Simplex,VHF (30-300 MHz),5,159.125,166.375
Bay of Plenty Regional Council,Fixed Link,Bi-directional,UHF (300 MHz-3 GHz),5,453.6313,458.6688
Bay of Plenty Regional Council,Maritime,Unspecified,VHF (30-300 MHz),5,156.575,162.025
C 3 LIMITED,Land Mobile,Repeater,UHF (300 MHz-3 GHz),5,462.0813,485.7938
C 3 LIMITED,Land Mobile,Mobile Transmit,UHF (300 MHz-3 GHz),5,467.2688,491.8063
CALLAGHAN INNOVATION RESEARCH LIMITED,Land Mobile,Simplex,UHF (300 MHz-3 GHz),5,453.5313,489.0063
CAMERON QUARRY LIMITED,Land Mobile,Simplex,VHF (30-300 MHz),5,150.2125,150.95
CANTERBURY COMMUNICATIONS LIMITED,Land Mobile,Simplex,VHF (30-300 MHz),5,150.375,172.7375
CARDRONA SKI RESORT LTD,Land Mobile,Simplex,UHF (300 MHz-3 GHz),5,458.4688,461.5938
CARDRONA SKI RESORT LTD,Land Mobile,Mobile Transmit,UHF (300 MHz-3 GHz),5,467.3688,474.5563
CARTER HOLT HARVEY MARSDEN PT,Land Mobile,Simplex,UHF (300 MHz-3 GHz),5,458.4938,461.5563
CARTER HOLT HARVEY PULP & PAPER - KINLEITH MILL,Telemetry & Telecommand,Uni-directional,UHF (300 MHz-3 GHz),5,471.1,471.1
CENTREPORT LIMITED,Telemetry & Telecommand,Uni-directional,UHF (300 MHz-3 GHz),5,466.8125,471.425
CHRISTCHURCH CASINOS LTD,Land Mobile,Simplex,UHF (300 MHz-3 GHz),5,453.5813,465.1188
CHRISTCHURCH CITY COUNCIL,Land Mobile,Simplex,UHF (300 MHz-3 GHz),5,466.9188,483.7188
CITYGUARD NZ LIMITED,Land Mobile,Simplex,UHF (300 MHz-3 GHz),5,470.7688,483.9813
CLAYMARK GROUP LIMITED PARTNERSHIP,Land Mobile,Simplex,UHF (300 MHz-3 GHz),5,482.7063,483.4313
CLEARWATER CONSTRUCTION LIMITED,Land Mobile,Simplex,UHF (300 MHz-3 GHz),5,483.6938,489.9313
CNZ 03 LIMITED,Land Mobile,Repeater,VHF (30-300 MHz),5,152.65,164.4125
CNZ 03 LIMITED,Land Mobile,Mobile Transmit,VHF (30-300 MHz),5,154.4313,169.0125
COASTLINE AUTO ELECTRICAL 2011 LIMITED,Land Mobile,Simplex,VHF (30-300 MHz),5,166.075,166.775
COLD AIR HELICOPTERS LIMITED,Land Mobile,Simplex,VHF (30-300 MHz),5,150.175,150.175
COLVINS LIMITED,Land Mobile,Mobile Transmit,UHF (300 MHz-3 GHz),5,450.6438,477.25
COLVINS LIMITED,Land Mobile,Repeater,UHF (300 MHz-3 GHz),5,455.6813,478.9313
Canterbury Offroad Club Incorporated,Land Mobile,Simplex,VHF (30-300 MHz),5,170.4,171.65
Columbia Scientific Balloon Facility,Land Mobile,Simplex,VHF (30-300 MHz),5,150.5625,150.9875
Condor Energy Services,Land Mobile,Simplex,VHF (30-300 MHz),5,150.125,153.4938
D & H STEEL CONSTRUCTION LIMITED,Land Mobile,Simplex,UHF (300 MHz-3 GHz),5,471.9438,489.8938
DAVID KING TECHNICIAN LIMITED,Land Mobile,Simplex,UHF (300 MHz-3 GHz),5,453.3313,476.3938
DAVID KING TECHNICIAN LIMITED,Land Mobile,Simplex,VHF (30-300 MHz),5,150.8625,172.6125
DAWSON & HAVARD LIMITED,Land Mobile,Simplex,VHF (30-300 MHz),5,159.125,159.375
DELEGAT LIMITED,Land Mobile,Simplex,VHF (30-300 MHz),5,150.1125,166.0
DUNEDIN CITY COUNCIL,Land Mobile,Simplex,VHF (30-300 MHz),5,150.575,158.9125
DUNEDIN RAILWAYS LIMITED,Fixed Link,Bi-directional,UHF (300 MHz-3 GHz),5,424.5125,429.525
DUNEDIN RAILWAYS LIMITED,Land Mobile,Mobile Transmit,VHF (30-300 MHz),5,155.2813,155.7063
DUNEDIN RAILWAYS LIMITED,Land Mobile,Repeater,VHF (30-300 MHz),5,151.1,151.525
David John Neil,Land Mobile,Simplex,UHF (300 MHz-3 GHz),5,453.3938,461.6438
EASTERN SOUTHLAND CAR CLUB INCORPORATED,Land Mobile,Simplex,VHF (30-300 MHz),5,150.175,172.95
ELECNOR NEW ZEALAND LIMITED,Land Mobile,Simplex,UHF (300 MHz-3 GHz),5,477.6188,483.1188
ENVIRONMENT CANTERBURY,Land Mobile,Mobile Transmit,VHF (30-300 MHz),5,154.0313,155.9813
ENVIRONMENT CANTERBURY,Land Mobile,Repeater,VHF (30-300 MHz),5,151.0375,152.25
ENVIROWASTE SERVICES LTD,Fixed Link,Bi-directional,UHF (300 MHz-3 GHz),5,449.4438,449.4438
EXPRESS COURIERS LIMITED,Land Mobile,Simplex,UHF (300 MHz-3 GHz),5,461.5313,489.5438
EZY HIRE - EZY DOES IT LIMITED,Land Mobile,Simplex,UHF (300 MHz-3 GHz),5,477.6188,483.0813
FAR NORTH RADIO AND SEA RESCUE INCORPORATED,Maritime,Unspecified,VHF (30-300 MHz),5,156.425,156.875
FILM RADIOS.COM LIMITED,Land Mobile,Simplex,UHF (300 MHz-3 GHz),5,482.6313,489.0313
FLUKER SURVEYING LIMITED,Land Mobile,Simplex,UHF (300 MHz-3 GHz),5,464.8188,464.9813
FONTERRA CO-OPERATIVE GROUP,Land Mobile,Repeater,UHF (300 MHz-3 GHz),5,458.0313,479.5563
FONTERRA CO-OPERATIVE GROUP,Land Mobile,Mobile Transmit,UHF (300 MHz-3 GHz),5,452.9938,473.5688
FONTERRA CO-OPERATIVE GROUP LIMITED,Fixed Link,Bi-directional,UHF (300 MHz-3 GHz),5,450.1875,450.1875
GPS CONTROL SYSTEMS LIMITED,Land Mobile,Simplex,VHF (30-300 MHz),5,165.95,165.95
GRAHAM TUCKEY CONTRACTING LIMITED,Land Mobile,Simplex,VHF (30-300 MHz),5,150.3,170.8375
GROUNDS & SERVICES LIMITED,Land Mobile,Simplex,UHF (300 MHz-3 GHz),5,453.4688,466.9938
HAMILTON CITY COUNCIL,Land Mobile,Simplex,UHF (300 MHz-3 GHz),5,453.5813,489.9438
HANLON PLUMBING LIMITED,Land Mobile,Simplex,UHF (300 MHz-3 GHz),5,477.6938,482.5313
HOLCIM (NEW ZEALAND) LIMITED,Telemetry & Telecommand,Uni-directional,UHF (300 MHz-3 GHz),5,471.325,471.325
HR CEMENT LIMITED,Land Mobile,Simplex,UHF (300 MHz-3 GHz),5,461.5813,466.9188
INDEPENDENT LIQUOR (NZ) LIMITED,Land Mobile,Simplex,UHF (300 MHz-3 GHz),5,476.3313,489.5438
INSPECTION & CONSULTANCY SERVICES LIMITED,Land Mobile,Simplex,UHF (300 MHz-3 GHz),5,458.3688,458.5313
INTERNATIONAL BUDDHIST TRUST OF NEW ZEALAND (NORTH ISLAND),Land Mobile,Simplex,UHF (300 MHz-3 GHz),5,453.3688,455.2813
ISAAC CONSTRUCTION LIMITED,Land Mobile,Simplex,UHF (300 MHz-3 GHz),5,449.9563,464.8813
J.J BARBER HOLDINGS LIMITED,Land Mobile,Simplex,UHF (300 MHz-3 GHz),5,458.4688,465.1188
JENSEN STEEL FABRICATORS LTD,Land Mobile,Simplex,UHF (300 MHz-3 GHz),5,461.6438,466.7188
JETSTAR AIRWAYS PTY LTD,Land Mobile,Repeater,UHF (300 MHz-3 GHz),5,461.9313,480.0063
JETSTAR AIRWAYS PTY LTD,Land Mobile,Mobile Transmit,UHF (300 MHz-3 GHz),5,467.1188,474.0188
JND LIMITED,Broadcasting,Unspecified,VHF (30-300 MHz),5,88.7,105.3
KAIKOURA DISTRICT COUNCIL,Fixed Link,Bi-directional,UHF (300 MHz-3 GHz),5,454.925,459.9625
KIWIRAIL,Fixed Link,Bi-directional,VHF (30-300 MHz),5,162.3688,166.9688
KORDIA LIMITED,Fixed Link,Uni-directional,SHF (3-30 GHz),5,4730.0,8207.27
KORDIA LIMITED,Land Mobile,Repeater,UHF (300 MHz-3 GHz),5,462.3063,463.75
KORDIA LIMITED,Land Mobile,Mobile Transmit,UHF (300 MHz-3 GHz),5,467.4938,468.9375
KORDIA LIMITED,Satellite & Space,Unspecified,SHF (3-30 GHz),5,6080.5,14231.25
KURT REID,Land Mobile,Simplex,UHF (300 MHz-3 GHz),5,455.0063,483.8563
KURU CONTRACTING LIMITED,Land Mobile,Simplex,VHF (30-300 MHz),5,150.075,150.65
LAWTER (N.Z.) LIMITED,Land Mobile,Simplex,UHF (300 MHz-3 GHz),5,458.3563,464.9938
LIVEMEDIA NZ LIMITED,Land Mobile,Repeater,VHF (30-300 MHz),5,161.025,161.025
LIVEMEDIA NZ LIMITED,Land Mobile,Mobile Transmit,VHF (30-300 MHz),5,158.125,158.125
LOU PRINCE 1995 LTD,Land Mobile,Simplex,VHF (30-300 MHz),5,159.3375,172.025
LVL80 CRANES NZ LIMITED,Land Mobile,Simplex,UHF (300 MHz-3 GHz),5,449.8313,483.1063
MANAWATU AMATEUR RADIO SOCIETY INCORPORATED,Amateur,Unspecified,HF (3-30 MHz),5,3.5686,28.1246
MARITIME NEW ZEALAND,Aeronautical,Base Station,VHF (30-300 MHz),5,119.0,130.4
MCS PTT LIMITED,Land Mobile,Simplex,VHF (30-300 MHz),5,150.9375,172.7875
MEDIAWORKS RADIO LIMITED,Satellite & Space,Unspecified,SHF (3-30 GHz),5,4004.586,6198.417
MEN AT WORK CANTERBURY LIMITED,Land Mobile,Simplex,UHF (300 MHz-3 GHz),5,470.8313,483.9688
MIKE EDRIDGE CONTRACTING LTD,Land Mobile,Simplex,VHF (30-300 MHz),5,165.7125,170.35
MILFORD TRACK LIMITED,Fixed Link,Bi-directional,UHF (300 MHz-3 GHz),5,421.8125,458.8875
MILLS CHAPMAN COMMUNICATIONS LTD,Land Mobile,Simplex,VHF (30-300 MHz),5,150.25,165.825
MINISTRY OF JUSTICE - COURT SECURITY,Land Mobile,Mobile Transmit,UHF (300 MHz-3 GHz),5,472.0313,473.8688
MIRAKA LIMITED,Land Mobile,Simplex,UHF (300 MHz-3 GHz),5,482.2063,483.9063
MITIGATE GROUP LIMITED,Land Mobile,Simplex,UHF (300 MHz-3 GHz),5,483.2063,488.5188
NAPIER CITY COUNCIL,Land Mobile,Repeater,UHF (300 MHz-3 GHz),5,486.675,487.775
NAPIER CITY COUNCIL,Land Mobile,Mobile Transmit,UHF (300 MHz-3 GHz),5,492.6875,493.7875
NATIONAL GUARDS LIMITED,Land Mobile,Simplex,UHF (300 MHz-3 GHz),5,453.5063,477.5813
NELSON PINE INDUSTRIES LTD,Land Mobile,Simplex,UHF (300 MHz-3 GHz),5,470.8188,488.3063
NETWORK TASMAN LTD,Land Mobile,Mobile Transmit,VHF (30-300 MHz),5,153.6313,155.9813
NETWORK TASMAN LTD,Land Mobile,Repeater,VHF (30-300 MHz),5,151.7,152.15
NETWORK WAITAKI LTD,Land Mobile,Mobile Transmit,UHF (300 MHz-3 GHz),5,467.0563,469.7063
NETWORK WAITAKI LTD,Land Mobile,Repeater,UHF (300 MHz-3 GHz),5,461.8688,464.5188
NEW IMAGE GROUP LIMITED,Land Mobile,Simplex,UHF (300 MHz-3 GHz),5,482.5313,483.9563
NEW PLYMOUTH DISTRICT COUNCIL,Land Mobile,Simplex,VHF (30-300 MHz),5,165.725,170.8125
NEW ZEALAND ASSOCIATION OF RADIO TRANSMITTERS INC,Amateur,Repeater,VHF (30-300 MHz),5,146.675,146.925
NEW ZEALAND ASSOCIATION OF RADIO TRANSMITTERS INC,Amateur,Beacon,HF (3-30 MHz),5,14.1,28.2
NEW ZEALAND ASSOCIATION OF RADIO TRANSMITTERS INC,Amateur,Mobile Transmit,VHF (30-300 MHz),5,146.075,146.325
NEW ZEALAND INSTITUTE FOR EARTH SCIENCE LIMITED,Land Mobile,Simplex,VHF (30-300 MHz),5,150.7125,172.9625
NEW ZEALAND INSTITUTE FOR EARTH SCIENCE LIMITED,Meteorological,Unspecified,UHF (300 MHz-3 GHz),5,401.25,403.15
NEW ZEALAND POLICE,Land Mobile,Simplex,HF (3-30 MHz),5,3.0244,5.6814
NORTHLAND RUGBY LIMITED,Land Mobile,Simplex,UHF (300 MHz-3 GHz),5,470.7688,477.8563
NZART CHRISTCHURCH BRANCH 05 INC,Amateur,Mobile Transmit,VHF (30-300 MHz),5,144.575,147.875
NZART SOUTH CANTERBURY BRANCH INC,Amateur,Repeater,VHF (30-300 MHz),5,144.575,146.95
Neil Campbell and William David Campbell,Broadcasting,Unspecified,VHF (30-300 MHz),5,90.4,99.9
New Zealand Qualifications Authority,Land Mobile,Simplex,UHF (300 MHz-3 GHz),5,483.4188,489.5438
OCEANA GOLD (NEW ZEALAND) LIMITED,Fixed Link,Bi-directional,UHF (300 MHz-3 GHz),5,449.5563,449.5563
OMR2 HOLDINGS LIMITED PARTNERSHIP,Land Mobile,Simplex,VHF (30-300 MHz),5,170.85,172.35
ORANGA TAMARIKI - MINISTRY FOR CHILDREN,Land Mobile,Simplex,UHF (300 MHz-3 GHz),5,464.9688,470.8563
OTAGO MARITIME V H F ASSOCIATION INCORPORATED,Fixed Link,Bi-directional,UHF (300 MHz-3 GHz),5,441.2625,446.2688
OTPP NEW ZEALAND FOREST INVESTMENTS LIMITED,Land Mobile,Simplex,VHF (30-300 MHz),5,150.25,150.7625
PALMERSTON NORTH CITY COUNCIL,Land Mobile,Repeater,UHF (300 MHz-3 GHz),5,456.5063,464.3313
PALMERSTON NORTH CITY COUNCIL,Land Mobile,Mobile Transmit,UHF (300 MHz-3 GHz),5,451.4688,469.5188
PLANEBIZ LTD,Aeronautical,Base Station,VHF (30-300 MHz),5,131.25,133.725
PORT BLAKELY LIMITED,Land Mobile,Repeater,VHF (30-300 MHz),5,151.8,152.6
PORT BLAKELY LIMITED,Land Mobile,Mobile Transmit,VHF (30-300 MHz),5,154.0688,155.9813
PURE CONTRACTING LIMITED,Land Mobile,Simplex,VHF (30-300 MHz),5,150.2875,153.5563
PURE TUROA LIMITED,Land Mobile,Simplex,UHF (300 MHz-3 GHz),5,449.9688,471.5813
QUBE FORESTRY NZ LIMITED,Land Mobile,Simplex,VHF (30-300 MHz),5,150.8625,166.25
RADIO COROMANDEL LIMITED,Broadcasting,Unspecified,VHF (30-300 MHz),5,94.0,95.1
RADISSON HOTELS NEW ZEALAND LIMITED,Land Mobile,Simplex,UHF (300 MHz-3 GHz),5,470.7938,482.1438
RCC SYSTEMS LIMITED,Land Mobile,Simplex,UHF (300 MHz-3 GHz),5,449.9938,461.6188
REAL JOURNEYS LIMITED,Land Mobile,Mobile Transmit,VHF (30-300 MHz),5,155.2813,167.3375
REAL JOURNEYS LIMITED,Land Mobile,Repeater,VHF (30-300 MHz),5,151.1,162.7375
RED STAG TIMBER LIMITED,Land Mobile,Simplex,VHF (30-300 MHz),5,150.2875,153.4813
RIGGERS AND OPERATORS LIMITED,Land Mobile,Simplex,UHF (300 MHz-3 GHz),5,470.7188,477.5188
ROSEWARNE LOGGING LTD,Land Mobile,Simplex,VHF (30-300 MHz),5,150.0625,153.5313
ROYS PEAK RADIO USERS INCORPORATED,Fixed Link,Bi-directional,UHF (300 MHz-3 GHz),5,420.7875,459.1125
SAFE ROAD SERVICES LIMITED,Land Mobile,Simplex,UHF (300 MHz-3 GHz),5,458.5188,461.6938
SANFORD LIMITED,Maritime,Unspecified,HF (3-30 MHz),5,4.1264,6.5174
SCANPOWER LTD,Land Mobile,Simplex,VHF (30-300 MHz),5,150.2625,170.8125
SCOTT LOGGING LIMITED,Land Mobile,Simplex,VHF (30-300 MHz),5,166.65,170.7625
SEEKA LIMITED,Land Mobile,Simplex,UHF (300 MHz-3 GHz),5,477.5688,483.2063
SKY CITY AUCKLAND LTD,Land Mobile,Simplex,UHF (300 MHz-3 GHz),5,482.5188,488.2813
SMITH CRANE & CONSTRUCTION LTD,Land Mobile,Simplex,UHF (300 MHz-3 GHz),5,458.6188,489.8188
SOUND SERVICES MASTERWORKS GROUP LIMITED,Land Mobile,Simplex,UHF (300 MHz-3 GHz),5,476.1188,488.7563
SOUTH PINE (NELSON) LIMITED,Land Mobile,Simplex,UHF (300 MHz-3 GHz),5,477.6438,482.5313
SOUTH WAIKATO DISTRICT COUNCIL,Land Mobile,Mobile Transmit,UHF (300 MHz-3 GHz),5,472.4563,473.8125
SOUTH WAIKATO DISTRICT COUNCIL,Land Mobile,Repeater,UHF (300 MHz-3 GHz),5,478.4438,479.8
SPACE OPERATIONS NEW ZEALAND LIMITED,Fixed Link,Bi-directional,UHF (300 MHz-3 GHz),5,454.025,459.1375
SPEIRS LOGGING LIMITED,Land Mobile,Simplex,VHF (30-300 MHz),5,150.0625,159.325
STEWART LOGGING LIMITED,Land Mobile,Simplex,VHF (30-300 MHz),5,150.775,159.35
SUMMERSET MANAGEMENT GROUP LIMITED,Land Mobile,Simplex,UHF (300 MHz-3 GHz),5,477.5563,477.8563
Sport Northland,Land Mobile,Simplex,UHF (300 MHz-3 GHz),5,470.7563,477.6188
TAHAROA IRONSANDS LIMITED,Land Mobile,Mobile Transmit,VHF (30-300 MHz),5,153.9813,169.5375
TAHAROA IRONSANDS LIMITED,Land Mobile,Repeater,VHF (30-300 MHz),5,152.2,164.9375
TARA-ITI HOLDINGS NZ,Land Mobile,Simplex,UHF (300 MHz-3 GHz),5,476.3313,483.6688
TARARUA DISTRICT COUNCIL,Land Mobile,Repeater,UHF (300 MHz-3 GHz),5,457.2438,462.575
TARARUA DISTRICT COUNCIL,Land Mobile,Mobile Transmit,UHF (300 MHz-3 GHz),5,452.2063,467.7625
TASMAN DISTRICT COUNCIL,Land Mobile,Simplex,VHF (30-300 MHz),5,150.5875,158.7688
TAYLORS CONTRACTING COMPANY LIMITED,Land Mobile,Mobile Transmit,UHF (300 MHz-3 GHz),5,450.4688,469.1125
TAYLORS CONTRACTING COMPANY LIMITED,Land Mobile,Repeater,UHF (300 MHz-3 GHz),5,455.5063,463.925
TE RUNANGA O NGAI TAHU,Broadcasting,Unspecified,VHF (30-300 MHz),5,89.1,99.6
TE RUNANGA O TURANGANUI A KIWA,Fixed Link,Uni-directional,UHF (300 MHz-3 GHz),5,405.325,845.25
TE RUNANGANUI O NGATI POROU TRUSTEE LIMITED,Broadcasting,Unspecified,VHF (30-300 MHz),5,93.3,98.5
TE WAIARIKI PUREA TRUST,Land Mobile,Simplex,VHF (30-300 MHz),5,150.1625,153.5813
TECHLIGHT LIMITED,Land Mobile,Repeater,UHF (300 MHz-3 GHz),5,457.3813,458.1688
TECHLIGHT LIMITED,Land Mobile,Mobile Transmit,UHF (300 MHz-3 GHz),5,452.3438,453.1313
THE LAMINEX GROUP,Land Mobile,Simplex,UHF (300 MHz-3 GHz),5,453.5313,482.7063
THE OTAGO BRANCH OF THE NEW ZEALAND ASSOC OF RADIO TRANSMITTERS INCORPORATED,Amateur,Mobile Transmit,VHF (30-300 MHz),5,146.05,147.0
THE WAREHOUSE LIMITED,Land Mobile,Simplex,UHF (300 MHz-3 GHz),5,458.3438,466.6813
THOMAS EARTH SHAPING LIMITED,Land Mobile,Simplex,VHF (30-300 MHz),5,165.9875,166.725
TRAFFIC MANAGEMENT APANUI (2023) LIMITED,Land Mobile,Simplex,UHF (300 MHz-3 GHz),5,482.6063,482.9688
TWO WAY TECHNOLOGIES LIMITED,Land Mobile,Simplex,UHF (300 MHz-3 GHz),5,461.5063,489.0813
Taupo District Council,Fixed Link,Bi-directional,UHF (300 MHz-3 GHz),5,442.1125,448.4813
Taupo District Council,Telemetry & Telecommand,Uni-directional,UHF (300 MHz-3 GHz),5,466.8125,466.8125
Tauranga City Council,Land Mobile,Mobile Transmit,UHF (300 MHz-3 GHz),5,450.2813,453.1313
Tauranga City Council,Land Mobile,Repeater,UHF (300 MHz-3 GHz),5,455.3188,458.1688
TĀTAKI AUCKLAND UNLIMITED LIMITED,Land Mobile,Mobile Transmit,UHF (300 MHz-3 GHz),5,451.0813,491.0813
TĀTAKI AUCKLAND UNLIMITED LIMITED,Land Mobile,Repeater,UHF (300 MHz-3 GHz),5,456.1188,485.0688
UNIVERSITY OF CANTERBURY,Land Mobile,Repeater,UHF (300 MHz-3 GHz),5,461.9438,463.1313
UNIVERSITY OF CANTERBURY,Land Mobile,Mobile Transmit,UHF (300 MHz-3 GHz),5,467.1313,468.3188
VENUES OTAUTAHI LIMITED,Land Mobile,Repeater,UHF (300 MHz-3 GHz),5,456.0063,478.9938
VENUES OTAUTAHI LIMITED,Land Mobile,Mobile Transmit,UHF (300 MHz-3 GHz),5,450.9688,473.0063
VINARCHY NEW ZEALAND LIMITED,Telemetry & Telecommand,Uni-directional,UHF (300 MHz-3 GHz),5,471.225,471.225
Victoria University of Wellington,Land Mobile,Mobile Transmit,UHF (300 MHz-3 GHz),5,411.0,412.0
Victoria University of Wellington,Land Mobile,Repeater,UHF (300 MHz-3 GHz),5,419.0,420.0
WAIPA CIVIL LIMITED,Land Mobile,Simplex,UHF (300 MHz-3 GHz),5,482.7188,483.6688
WAIROA DISTRICT COUNCIL,Fixed Link,Bi-directional,VHF (30-300 MHz),5,166.55,166.55
WAITOMO RTUA,Land Mobile,Repeater,UHF (300 MHz-3 GHz),5,455.9438,464.2438
WAITOMO RTUA,Land Mobile,Mobile Transmit,UHF (300 MHz-3 GHz),5,450.9063,469.4313
WANGANUI DISTRICT COUNCIL,Telemetry & Telecommand,Uni-directional,VHF (30-300 MHz),5,160.1375,160.2125
WARREN KYLE HARRIS,Amateur,Repeater,VHF (30-300 MHz),5,144.575,144.575
WATERCARE SERVICES LTD,Land Mobile,Simplex,VHF (30-300 MHz),5,166.6375,171.55
WELLINGTON REGIONAL ECONOMIC DEVELOPMENT AGENCY LIMITED,Land Mobile,Repeater,UHF (300 MHz-3 GHz),5,456.3188,481.9188
WELLINGTON REGIONAL ECONOMIC DEVELOPMENT AGENCY LIMITED,Land Mobile,Mobile Transmit,UHF (300 MHz-3 GHz),5,451.2813,475.9313
WELLINGTON VHF GROUP INC,Amateur,Mobile Transmit,VHF (30-300 MHz),5,52.75,147.7
WELLINGTON WATER LIMITED,Land Mobile,Simplex,UHF (300 MHz-3 GHz),5,461.6188,489.0813
WILSON CONTRACTORS (2003) LIMITED,Land Mobile,Simplex,UHF (300 MHz-3 GHz),5,449.9438,453.4188
WINDSOR PARK STUD LIMITED,Land Mobile,Simplex,UHF (300 MHz-3 GHz),5,488.2438,489.0438
WIRI OIL SERVICES LTD,Land Mobile,Repeater,UHF (300 MHz-3 GHz),5,457.4063,484.7313
4HF FACILITIES LIMITED,Land Mobile,Repeater,UHF (300 MHz-3 GHz),4,462.5813,861.6125
AB LIME LTD,Land Mobile,Simplex,UHF (300 MHz-3 GHz),4,458.3563,466.9813
ACM NEW ZEALAND LIMITED,Land Mobile,Repeater,UHF (300 MHz-3 GHz),4,463.7188,463.7188
ADVANCED SYSTEMS INTEGRATION 2022 LIMITED,Land Mobile,Simplex,VHF (30-300 MHz),4,150.075,166.4125
AFFCO NEW ZEALAND LIMITED,Land Mobile,Simplex,UHF (300 MHz-3 GHz),4,458.3563,461.6063
AIRTEL LIMITED,Fixed Link,Bi-directional,UHF (300 MHz-3 GHz),4,421.7625,459.8125
AIRWAYS CORPORATION OF NEW ZEALAND LIMITED,Satellite & Space,Unspecified,SHF (3-30 GHz),4,4038.1825,6295.577
ALLIANCE GROUP LIMITED,Land Mobile,Repeater,UHF (300 MHz-3 GHz),4,456.0188,462.4813
ALPINE ENERGY LTD,Land Mobile,Repeater,UHF (300 MHz-3 GHz),4,479.275,479.625
ALPINE ENERGY LTD,Land Mobile,Mobile Transmit,UHF (300 MHz-3 GHz),4,473.2875,473.6375
ANDERSON HELICOPTERS LIMITED,Land Mobile,Simplex,VHF (30-300 MHz),4,150.1125,150.9125
AP Ventures,Fixed Link,Bi-directional,UHF (300 MHz-3 GHz),4,442.7875,465.7625
APATA GROUP LIMITED,Land Mobile,Simplex,UHF (300 MHz-3 GHz),4,488.7563,489.9688
ARBOR FORESTRY LIMITED,Land Mobile,Simplex,VHF (30-300 MHz),4,150.7625,150.825
ARDLAMONT PROJECTS LIMITED,Land Mobile,Simplex,UHF (300 MHz-3 GHz),4,458.3438,458.6188
AUCKLAND COUNCIL,Fixed Link,Bi-directional,SHF (3-30 GHz),4,22316.0,23593.0
AUCKLAND RACING CLUB (INC),Land Mobile,Simplex,UHF (300 MHz-3 GHz),4,477.6563,483.9063
AUCKLAND THEATRE COMPANY LIMITED,Land Mobile,Simplex,UHF (300 MHz-3 GHz),4,453.3438,455.2438
AUCKLAND ZOOLOGICAL PARK,Land Mobile,Simplex,UHF (300 MHz-3 GHz),4,465.0063,488.3813
Agrodome (2011) Limited Partnership,Land Mobile,Simplex,UHF (300 MHz-3 GHz),4,488.3063,489.9563
BATHURST RESOURCES LIMITED,Land Mobile,Simplex,UHF (300 MHz-3 GHz),4,449.9813,466.6938
BAY OF PLENTY DISTRICT HEALTH BOARD,Land Mobile,Repeater,UHF (300 MHz-3 GHz),4,462.0938,487.7063
BAY OF PLENTY DISTRICT HEALTH BOARD,Land Mobile,Mobile Transmit,UHF (300 MHz-3 GHz),4,467.2813,493.7188
BBI WOOD PRODUCTS LIMITED,Land Mobile,Simplex,UHF (300 MHz-3 GHz),4,470.7813,477.6438
BEACH ENERGY RESOURCES NZ (KUPE) LIMITED,Aeronautical,Base Station,VHF (30-300 MHz),4,131.65,133.65
BEACH ENERGY RESOURCES NZ (KUPE) LIMITED,Fixed Link,Bi-directional,SHF (3-30 GHz),4,7747.7,8088.67
BEACH ENERGY RESOURCES NZ (KUPE) LIMITED,Fixed Link,Bi-directional,UHF (300 MHz-3 GHz),4,454.125,1507.0
BIZ TALK LIMITED,Fixed Link,Bi-directional,SHF (3-30 GHz),4,10795.0,11445.0
BLACKSTUMP LOGGING LIMITED,Land Mobile,Simplex,VHF (30-300 MHz),4,165.9875,171.5
BREADCRAFT WAIRARAPA LIMITED,Land Mobile,Simplex,UHF (300 MHz-3 GHz),4,449.9438,455.0438
BT MINING LIMITED,Land Mobile,Repeater,UHF (300 MHz-3 GHz),4,456.7938,464.1188
BT MINING LIMITED,Land Mobile,Mobile Transmit,UHF (300 MHz-3 GHz),4,451.7563,469.3063
BULLER DISTRICT COUNCIL,Maritime,Unspecified,MF (300 kHz-3 MHz),4,2.0134,2.1834
Ballance Agri-Nutrients Ltd,Land Mobile,Mobile Transmit,UHF (300 MHz-3 GHz),4,468.8813,469.6688
Ballance Agri-Nutrients Ltd,Land Mobile,Repeater,UHF (300 MHz-3 GHz),4,463.6938,464.4813
Ballance Agri-Nutrients Ltd,Land Mobile,Simplex,UHF (300 MHz-3 GHz),4,458.3813,466.9063
Blake Paterson-Reardon,Land Mobile,Simplex,VHF (30-300 MHz),4,170.75,171.8
CALDER DEVELOPMENTS LIMITED,Land Mobile,Simplex,UHF (300 MHz-3 GHz),4,471.7188,489.3813
CANTERBURY AMATEUR RADIO DEVELOPMENT SOCIETY INCORPORATED,Amateur,Repeater,VHF (30-300 MHz),4,53.85,147.375
CANTERBURY AMATEUR RADIO DEVELOPMENT SOCIETY INCORPORATED,Amateur,Mobile Transmit,UHF (300 MHz-3 GHz),4,433.4,1273.0
CANTERBURY AMATEUR RADIO DEVELOPMENT SOCIETY INCORPORATED,Amateur,Repeater,UHF (300 MHz-3 GHz),4,438.4,1293.0
CANTERBURY AMATEUR RADIO DEVELOPMENT SOCIETY INCORPORATED,Amateur,Mobile Transmit,VHF (30-300 MHz),4,52.85,147.975
CANTERBURY CAR CLUB INC,Land Mobile,Simplex,VHF (30-300 MHz),4,165.775,166.05
CANTERBURY COMMUNICATIONS LIMITED,Fixed Link,Bi-directional,SHF (3-30 GHz),4,7925.6,15271.0
CANTERBURY WASTE SERVICES LIMITED,Fixed Link,Bi-directional,SHF (3-30 GHz),4,18415.0,19480.0
CAPE KIDNAPPERS STATION LTD,Land Mobile,Simplex,UHF (300 MHz-3 GHz),4,453.3438,455.0563
CARTER HOLT HARVEY PULP & PAPER - KINLEITH MILL,Land Mobile,Simplex,VHF (30-300 MHz),4,166.0375,166.5625
CARTER HOLT HARVEY WOOD PRODUCTS,Telemetry & Telecommand,Uni-directional,UHF (300 MHz-3 GHz),4,466.8125,471.475
CENTRAL PLAINS WATER LIMITED,Fixed Link,Bi-directional,UHF (300 MHz-3 GHz),4,460.05,465.6125
CENTURY DRILLING & ENERGY SERVICES (NZ) LIMITED,Land Mobile,Simplex,UHF (300 MHz-3 GHz),4,455.0938,482.0438
CHRIS HURRING LOGGING LTD,Land Mobile,Simplex,VHF (30-300 MHz),4,150.3,172.7625
CHRISTCHURCH CITY COUNCIL,Fixed Link,Bi-directional,UHF (300 MHz-3 GHz),4,443.375,448.5313
CHRISTCHURCH CITY COUNCIL,Land Mobile,Simplex,VHF (30-300 MHz),4,84.2875,166.3
CHRISTCHURCH OFFROAD MOTORCYCLE CLUB INCORPORATED,Land Mobile,Simplex,UHF (300 MHz-3 GHz),4,461.7813,483.9563
CMP CONSTRUCTION NZ LIMITED,Land Mobile,Simplex,UHF (300 MHz-3 GHz),4,470.7313,483.5813
COGENT LIMITED,Land Mobile,Repeater,UHF (300 MHz-3 GHz),4,464.5688,487.7563
COGENT LIMITED,Land Mobile,Mobile Transmit,UHF (300 MHz-3 GHz),4,469.7563,493.7688
COLLINS LIFTING LIMITED,Land Mobile,Simplex,UHF (300 MHz-3 GHz),4,470.9813,482.4313
COMMUNICATION NETWORKS MANAGEMENT LIMITED,Land Mobile,Simplex,VHF (30-300 MHz),4,150.125,165.85
COMMUNICATION NETWORKS MANAGEMENT LIMITED,Land Mobile,Mobile Transmit,VHF (30-300 MHz),4,154.2188,155.7563
COMMUNICATION NETWORKS MANAGEMENT LIMITED,Land Mobile,Repeater,VHF (30-300 MHz),4,151.1375,152.4375
COTTONSOFT LIMITED,Land Mobile,Simplex,UHF (300 MHz-3 GHz),4,483.4813,483.9688
CSE Crosscom Pty Ltd,Land Mobile,Simplex,UHF (300 MHz-3 GHz),4,458.4563,461.5188
CSE NEW ZEALAND LIMITED,Fixed Link,Bi-directional,UHF (300 MHz-3 GHz),4,454.225,459.2625
CSL INFRASTRUCTURE LIMITED,Land Mobile,Simplex,UHF (300 MHz-3 GHz),4,483.7063,489.0188
CULHAM ENGINEERING COMPANY LIMITED,Land Mobile,Simplex,UHF (300 MHz-3 GHz),4,453.3188,455.2938
Condor Energy Services,Land Mobile,Simplex,UHF (300 MHz-3 GHz),4,458.3438,465.1188
DAIKEN NEW ZEALAND LIMITED,Land Mobile,Simplex,UHF (300 MHz-3 GHz),4,470.825,489.85
DAIKEN SOUTHLAND LIMITED,Land Mobile,Simplex,UHF (300 MHz-3 GHz),4,464.8313,466.8813
DAIRY GOAT CO-OPERATIVE (N.Z) LTD,Land Mobile,Simplex,UHF (300 MHz-3 GHz),4,453.3688,464.8188
DELTA UTILITY SERVICES LIMITED,Land Mobile,Simplex,VHF (30-300 MHz),4,150.1625,153.5938
DEMPSEY WOOD CIVIL LIMITED,Land Mobile,Simplex,UHF (300 MHz-3 GHz),4,482.1813,483.9188
DEVON ELECTRICAL SERVICES,Land Mobile,Simplex,VHF (30-300 MHz),4,84.75,153.5313
DEVON ELECTRICAL SERVICES,Land Mobile,Mobile Transmit,VHF (30-300 MHz),4,155.6063,167.55
DEVON ELECTRICAL SERVICES,Land Mobile,Repeater,VHF (30-300 MHz),4,151.425,162.95
DRESSMART ONEHUNGA,Land Mobile,Simplex,UHF (300 MHz-3 GHz),4,477.6313,489.5438
DRIVING CREEK RAILWAY LIMITED,Land Mobile,Simplex,UHF (300 MHz-3 GHz),4,482.6438,483.1063
DRUMMOND & ETHERIDGE LIMITED,Land Mobile,Mobile Transmit,UHF (300 MHz-3 GHz),4,467.1188,469.6813
DUNEDIN INTERNATIONAL AIRPORT LIMITED,Land Mobile,Simplex,UHF (300 MHz-3 GHz),4,455.0813,461.6563
DUNEDIN RAILWAYS LIMITED,Land Mobile,Simplex,VHF (30-300 MHz),4,150.8625,150.9125
DYLAN SMART,Land Mobile,Simplex,UHF (300 MHz-3 GHz),4,453.5188,477.5688
Daniel Smith Industries Ltd,Land Mobile,Simplex,VHF (30-300 MHz),4,170.825,172.775
David A Frost,Land Mobile,Mobile Transmit,VHF (30-300 MHz),4,153.6438,155.4813
David A Frost,Land Mobile,Repeater,VHF (30-300 MHz),4,151.0125,152.7875
David John,Land Mobile,Simplex,UHF (300 MHz-3 GHz),4,483.6938,483.9813
Department of Internal Affairs- Archives New Zealand,Land Mobile,Simplex,UHF (300 MHz-3 GHz),4,488.3438,489.0563
EASTLAND GENERATION LIMITED,Fixed Link,Bi-directional,SHF (3-30 GHz),4,18360.0,19370.0
ELECTRA LIMITED,Land Mobile,Simplex,VHF (30-300 MHz),4,153.5063,153.5563
EMBASSY OF THE UNITED STATES OF AMERICA,Land Mobile,Mobile Transmit,UHF (300 MHz-3 GHz),4,467.8063,469.6563
ENTAIN NEW ZEALAND LIMITED,Land Mobile,Mobile Transmit,VHF (30-300 MHz),4,154.0063,169.725
ENTELAR GROUP LIMITED,Land Mobile,Simplex,VHF (30-300 MHz),4,165.8375,170.775
ENVIRONMENT CANTERBURY,Maritime,Repeater,VHF (30-300 MHz),4,160.7,160.875
ENVIRONMENT CANTERBURY,Maritime,Mobile Transmit,VHF (30-300 MHz),4,156.1,156.275
ENVIRONMENT SOUTHLAND,Fixed Link,Bi-directional,UHF (300 MHz-3 GHz),4,421.2125,459.7125
ENZA  LTD,Land Mobile,Simplex,UHF (300 MHz-3 GHz),4,453.3063,458.4813
EPWORTH CORPORATION LIMITED,Fixed Link,Bi-directional,SHF (3-30 GHz),4,10715.0,11445.0
EUROCELL WOOD PRODUCTS LIMITED,Land Mobile,Simplex,UHF (300 MHz-3 GHz),4,449.9563,466.9688
EVERY PERSON,General User Licence,Unspecified,LF (30-300 kHz),4,0.0495,0.16
EVOLUTION WIRELESS LIMITED,Fixed Link,Bi-directional,EHF (>30 GHz),4,72875.0,84750.0
FIORDLAND FISHERMANS RADIO ASSOCIATION,Fixed Link,Bi-directional,UHF (300 MHz-3 GHz),4,453.65,459.5875
FIRST GAS LIMITED,Fixed Link,Uni-directional,UHF (300 MHz-3 GHz),4,449.7313,450.1625
FIRST GAS LIMITED,Land Mobile,Simplex,UHF (300 MHz-3 GHz),4,455.1813,465.1188
FIRST GAS LIMITED,Land Mobile,Mobile Transmit,VHF (30-300 MHz),4,153.7563,167.375
FIRST GAS LIMITED,Land Mobile,Repeater,VHF (30-300 MHz),4,151.975,162.775
FONTERRA CO-OPERATIVE GROUP,Land Mobile,Simplex,UHF (300 MHz-3 GHz),4,449.9813,466.9688
FONTERRA CO-OPERATIVE GROUP,Paging,Unspecified,VHF (30-300 MHz),4,40.68,160.5125
FONTERRA CO-OPERATIVE GROUP LIMITED,Telemetry & Telecommand,Uni-directional,UHF (300 MHz-3 GHz),4,466.8375,466.8375
FONTERRA LIMITED,Land Mobile,Repeater,UHF (300 MHz-3 GHz),4,457.8063,463.1438
FONTERRA LIMITED,Land Mobile,Mobile Transmit,UHF (300 MHz-3 GHz),4,452.7688,468.3313
FOREST LOADERS LTD,Land Mobile,Simplex,VHF (30-300 MHz),4,150.325,150.8
FOREST360 LIMITED,Land Mobile,Simplex,UHF (300 MHz-3 GHz),4,453.3938,461.5563
FOX FRANZ HELISERVICES LIMITED,Aeronautical,Base Station,VHF (30-300 MHz),4,118.6,119.1
FPNZ LIMITED,Land Mobile,Simplex,VHF (30-300 MHz),4,150.2875,153.5313
FROTANET LIMITED,Land Mobile,Mobile Transmit,VHF (30-300 MHz),4,155.7688,169.6
FROTANET LIMITED,Land Mobile,Repeater,VHF (30-300 MHz),4,151.5875,165.0
FULTON HOGAN LIMITED,Land Mobile,Repeater,UHF (300 MHz-3 GHz),4,455.5688,464.5188
Fire and Emergency New Zealand,Fixed Link,Bi-directional,UHF (300 MHz-3 GHz),4,453.6438,458.6813
Fire and Emergency New Zealand,Land Mobile,Mobile Transmit,VHF (30-300 MHz),4,140.2125,140.25
GASKELL CONTRACTING LTD,Land Mobile,Simplex,UHF (300 MHz-3 GHz),4,464.8438,466.9938
GIBBONS HOLDINGS LIMITED,Land Mobile,Simplex,VHF (30-300 MHz),4,170.3875,171.6375
GISBORNE AMATEUR RADIO CLUB INC,Amateur,Repeater,VHF (30-300 MHz),4,144.575,146.9
GLOBAL COMMUNICATION SYSTEMS LIMITED,Land Mobile,Simplex,VHF (30-300 MHz),4,150.2,150.275
GLOBAL FILM SOLUTIONS LIMITED,Land Mobile,Simplex,UHF (300 MHz-3 GHz),4,483.9188,489.5438
GO TRAFFIC MANAGEMENT SERVICES LIMITED,Land Mobile,Simplex,VHF (30-300 MHz),4,166.2125,171.425
GOLDEN BAY CEMENT,Land Mobile,Simplex,UHF (300 MHz-3 GHz),4,458.6438,461.5313
GOLDPINE INDUSTRIES LTD,Land Mobile,Simplex,VHF (30-300 MHz),4,150.5875,165.875
GOODWIN PILOTING SERVICES LIMITED,Land Mobile,Simplex,VHF (30-300 MHz),4,150.925,172.8875
GRAYMONT (NZ) LIMITED,Land Mobile,Mobile Transmit,UHF (300 MHz-3 GHz),4,450.5813,453.0688
GRAYMONT (NZ) LIMITED,Land Mobile,Repeater,UHF (300 MHz-3 GHz),4,455.6188,458.1063
GREAT EAGLE HOTELS (AUCKLAND LIMITED),Land Mobile,Simplex,UHF (300 MHz-3 GHz),4,454.9813,466.6813
GREENCYCLE LIMITED,Land Mobile,Simplex,UHF (300 MHz-3 GHz),4,449.9313,453.4813
GREENLEA PREMIER MEATS LTD,Land Mobile,Simplex,UHF (300 MHz-3 GHz),4,458.4938,466.8938
H & H CONTRACTORS LIMITED,Land Mobile,Simplex,UHF (300 MHz-3 GHz),4,476.1188,477.8563
HABITAT NZ LIMITED,Land Mobile,Simplex,VHF (30-300 MHz),4,166.05,166.775
HACKETT AJ BUNGY,Land Mobile,Simplex,VHF (30-300 MHz),4,150.15,153.5563
HALLENSTEIN GLASSON HOLDINGS LIMITED,Land Mobile,Simplex,UHF (300 MHz-3 GHz),4,458.4438,466.8688
HAMILTON CITY COUNCIL (WAIKATO EVENTS CENTRE),Land Mobile,Simplex,UHF (300 MHz-3 GHz),4,453.3813,466.6938
HASTINGS DISTRICT COUNCIL,Land Mobile,Simplex,UHF (300 MHz-3 GHz),4,453.5188,482.1688
HATUMA LIME CO LTD,Land Mobile,Simplex,VHF (30-300 MHz),4,150.1,153.5563
HAWKES BAY DISTRICT HEALTH BOARD,Land Mobile,Simplex,UHF (300 MHz-3 GHz),4,449.9938,458.3688
HAWKES BAY VOLUNTEER COAST GUARD INC,Maritime,Unspecified,MF (300 kHz-3 MHz),4,2.0464,2.4814
HEALTHALLIANCE N.Z. LIMITED,Land Mobile,Repeater,UHF (300 MHz-3 GHz),4,463.9688,481.4188
HEALTHALLIANCE N.Z. LIMITED,Land Mobile,Mobile Transmit,UHF (300 MHz-3 GHz),4,469.1563,475.4313
HELENA BAY HOLDINGS LIMITED,Land Mobile,Repeater,UHF (300 MHz-3 GHz),4,463.0938,484.3688
HELENA BAY HOLDINGS LIMITED,Land Mobile,Mobile Transmit,UHF (300 MHz-3 GHz),4,468.2813,490.3813
HELI RESOURCES 2012 LIMITED,Telemetry & Telecommand,Uni-directional,UHF (300 MHz-3 GHz),4,471.6,476.275
HELICOPTER CHARTER NELSON LTD,Land Mobile,Simplex,VHF (30-300 MHz),4,165.8625,165.8625
HELICOPTER SERVICES BOP LTD,Aeronautical,Base Station,VHF (30-300 MHz),4,132.75,135.7063
HEXION (N.Z.) LIMITED,Land Mobile,Simplex,UHF (300 MHz-3 GHz),4,453.4938,465.1188
HI-LIFT CRANES,Land Mobile,Simplex,UHF (300 MHz-3 GHz),4,471.7313,489.3688
HONEYWELL LIMITED,Land Mobile,Mobile Transmit,UHF (300 MHz-3 GHz),4,467.0313,469.7313
HONEYWELL LIMITED,Land Mobile,Repeater,UHF (300 MHz-3 GHz),4,461.8438,464.5438
HORIZON ENERGY GROUP LIMITED,Fixed Link,Bi-directional,VHF (30-300 MHz),4,162.3438,166.9938
HT KING LOGGING LIMITED,Land Mobile,Simplex,VHF (30-300 MHz),4,165.7375,165.825
HUME PINE (NZ) LTD,Land Mobile,Simplex,UHF (300 MHz-3 GHz),4,470.7563,482.5688
HURUNUI DISTRICT COUNCIL,Fixed Link,Bi-directional,UHF (300 MHz-3 GHz),4,443.775,448.8813
HUTT VALLEY DHB,Paging,Unspecified,VHF (30-300 MHz),4,31.375,160.5875
HYBRID TECHNOLOGIES LIMITED,Fixed Link,Bi-directional,SHF (3-30 GHz),4,18360.0,19590.0
IAN ROEBUCK CRANE HIRE LTD,Land Mobile,Simplex,UHF (300 MHz-3 GHz),4,449.9688,458.6438
IGNITION NETWORKS LIMITED,Land Mobile,Simplex,MF (300 kHz-3 MHz),4,2.7034,2.7034
INFLITE SKI PLANES LIMITED,Land Mobile,Simplex,VHF (30-300 MHz),4,150.875,150.875
INTEGRATED FOODS LIMITED,Land Mobile,Mobile Transmit,VHF (30-300 MHz),4,154.5188,155.6563
INTEGRATED FOODS LIMITED,Land Mobile,Repeater,VHF (30-300 MHz),4,151.475,153.2656
INVERCARGILL AIRPORT LIMITED,Land Mobile,Simplex,UHF (300 MHz-3 GHz),4,476.3938,477.7063
INVERCARGILL CITY COUNCIL,Land Mobile,Mobile Transmit,UHF (300 MHz-3 GHz),4,453.0844,468.1875
INVERCARGILL CITY COUNCIL,Land Mobile,Repeater,UHF (300 MHz-3 GHz),4,458.1219,463.0
ISO LIMITED,Land Mobile,Mobile Transmit,UHF (300 MHz-3 GHz),4,472.0063,492.7188
ISO LIMITED,Land Mobile,Repeater,UHF (300 MHz-3 GHz),4,477.9938,486.7063
J B Valentine,Broadcasting,Unspecified,VHF (30-300 MHz),4,88.6,106.2
J D RIGGING SERVICES LIMITED,Land Mobile,Simplex,UHF (300 MHz-3 GHz),4,482.4563,489.9688
J P MCLEAN,Land Mobile,Simplex,VHF (30-300 MHz),4,84.475,150.875
JETSTAR AIRWAYS PTY LTD,Aeronautical,Base Station,VHF (30-300 MHz),4,130.125,131.95
JOHN TURKINGTON LIMITED,Land Mobile,Simplex,VHF (30-300 MHz),4,150.3375,153.5938
JOHNSON CONTRACTORS LIMITED,Land Mobile,Simplex,UHF (300 MHz-3 GHz),4,482.2063,483.5938
JUKEN NEW ZEALAND LTD,Fixed Link,Bi-directional,UHF (300 MHz-3 GHz),4,453.775,459.5375
Jerry Carillo,Land Mobile,Simplex,UHF (300 MHz-3 GHz),4,458.4313,461.7688
K B ENVIRONMENTAL SERVICES LIMITED,Land Mobile,Simplex,VHF (30-300 MHz),4,150.3375,153.5563
K J EGGELING,Maritime,Unspecified,MF (300 kHz-3 MHz),4,2.0464,2.4814
K&S BEARD LOGGING LTD,Land Mobile,Simplex,VHF (30-300 MHz),4,170.525,173.9438
KAIKŌURA HURUNUI WATER SERVICES LIMITED,Fixed Link,Bi-directional,UHF (300 MHz-3 GHz),4,443.575,448.6813
KAINGAROA ROADING CONTRACTORS LTD,Land Mobile,Simplex,VHF (30-300 MHz),4,150.6875,153.5563
KAIPARA LIMITED,Land Mobile,Mobile Transmit,VHF (30-300 MHz),4,167.2875,168.3
KAIPARA LIMITED,Land Mobile,Repeater,VHF (30-300 MHz),4,162.6875,163.7
KEA AEROSPACE LIMITED,Land Mobile,Simplex,UHF (300 MHz-3 GHz),4,483.9438,2441.75
KIMBERLY CONTRACTORS 2014 LIMITED,Land Mobile,Simplex,VHF (30-300 MHz),4,165.8,170.7875
KORDIA LIMITED,Land Mobile,Mobile Transmit,VHF (30-300 MHz),4,155.4563,168.7625
KORDIA LIMITED,Land Mobile,Repeater,VHF (30-300 MHz),4,151.275,164.1625
LAND MEAT NEW ZEALAND LIMITED,Land Mobile,Simplex,UHF (300 MHz-3 GHz),4,449.9313,455.1688
LIFE PHARMACY QUEENSTOWN LIMITED,Land Mobile,Simplex,UHF (300 MHz-3 GHz),4,458.3813,461.6438
LIGHTSPEED TECHNOLOGY GROUP LIMITED,Land Mobile,Simplex,UHF (300 MHz-3 GHz),4,477.6313,482.2063
LIQUIGAS LTD,Fixed Link,Bi-directional,UHF (300 MHz-3 GHz),4,421.5125,459.7375
LIQUIGAS NZ LTD,Fixed Link,Bi-directional,UHF (300 MHz-3 GHz),4,420.2875,425.625
LIVESTOCK IMPROVEMENT CORPORATION LTD,Land Mobile,Repeater,UHF (300 MHz-3 GHz),4,463.2313,479.9063
LIVESTOCK IMPROVEMENT CORPORATION LTD,Land Mobile,Mobile Transmit,UHF (300 MHz-3 GHz),4,468.4188,473.9188
LOG MARKETING NEW ZEALAND LIMITED,Land Mobile,Simplex,VHF (30-300 MHz),4,150.1875,150.8125
LYTTELTON PORT COMPANY LIMITED,Fixed Link,Bi-directional,UHF (300 MHz-3 GHz),4,454.15,459.5625
M S BARNES,Land Mobile,Simplex,VHF (30-300 MHz),4,150.2125,166.275
MACQUARIE ASSET MANAGEMENT (NZ) LIMITED,Land Mobile,Mobile Transmit,UHF (300 MHz-3 GHz),4,472.4188,473.2063
MACQUARIE ASSET MANAGEMENT (NZ) LIMITED,Land Mobile,Repeater,UHF (300 MHz-3 GHz),4,478.4063,479.1938
MAGNESS SOUND LIMITED,Land Mobile,Simplex,UHF (300 MHz-3 GHz),4,458.4813,461.5813
MANAWATU AMATEUR RADIO SOCIETY INCORPORATED,Amateur,Repeater,VHF (30-300 MHz),4,144.575,147.125
MANAWATU AMATEUR RADIO SOCIETY INCORPORATED,Amateur,Repeater,UHF (300 MHz-3 GHz),4,438.525,439.7125
MANAWATU COMMUNICATIONS LIMITED,Land Mobile,Mobile Transmit,VHF (30-300 MHz),4,153.7688,167.5
MANAWATU COMMUNICATIONS LIMITED,Land Mobile,Repeater,VHF (30-300 MHz),4,151.0375,162.9
MARITIME NEW ZEALAND,Maritime,Unspecified,MF (300 kHz-3 MHz),4,2.1745,2.2084
MARLEY NEW ZEALAND LTD,Land Mobile,Simplex,UHF (300 MHz-3 GHz),4,461.6688,466.9813
MASTERTON DISTRICT COUNCIL,Land Mobile,Simplex,HF (3-30 MHz),4,3.3554,5.3874
MASTERTON DISTRICT COUNCIL,Land Mobile,Repeater,VHF (30-300 MHz),4,162.7125,162.8375
MASTERTON DISTRICT COUNCIL,Land Mobile,Mobile Transmit,VHF (30-300 MHz),4,167.3125,167.4375
MATAMATA PIAKO DISTRICT COUNCIL,Telemetry & Telecommand,Uni-directional,VHF (30-300 MHz),4,160.1875,160.1875
MCALPINES TIMBER LIMITED,Land Mobile,Simplex,UHF (300 MHz-3 GHz),4,470.8063,489.0813
MCINTOSH CRANES LIMITED,Land Mobile,Simplex,UHF (300 MHz-3 GHz),4,458.3563,458.6563
MCINTYRE CONSTRUCTION LIMITED,Land Mobile,Simplex,VHF (30-300 MHz),4,150.175,150.575
MERRILL & RING NEW ZEALAND LIMITED,Land Mobile,Simplex,VHF (30-300 MHz),4,150.6125,166.75
METEOROLOGICAL SERVICE OF NEW ZEALAND LIMITED,Aeronautical,Base Station,VHF (30-300 MHz),4,121.0,134.8
METEOROLOGICAL SERVICE OF NEW ZEALAND LIMITED,Fixed Link,Uni-directional,UHF (300 MHz-3 GHz),4,449.3813,449.4063
MILLBROOK COUNTRY CLUB LIMITED,Land Mobile,Simplex,UHF (300 MHz-3 GHz),4,453.3813,458.5063
MLC GROUP LIMITED,Land Mobile,Simplex,UHF (300 MHz-3 GHz),4,470.7563,476.3938
MOBIL OIL NEW ZEALAND LIMITED,Fixed Link,Uni-directional,UHF (300 MHz-3 GHz),4,450.0125,465.2125
MOBILE SYSTEMS LIMITED,Land Mobile,Simplex,VHF (30-300 MHz),4,150.875,170.375
MOREPORK FOREST HARVESTING LIMITED,Land Mobile,Simplex,VHF (30-300 MHz),4,166.575,171.7
MOUNT CAMPBELL CONNECT LIMITED,Fixed Link,Bi-directional,SHF (3-30 GHz),4,7895.95,15159.0
MOUNT CAMPBELL CONNECT LIMITED,Land Mobile,Simplex,VHF (30-300 MHz),4,165.9375,165.95
MOVE SPECIALIST LIFTING & TRANSPORT LIMITED,Land Mobile,Simplex,UHF (300 MHz-3 GHz),4,458.4313,466.9938
Mathew Baranow,Land Mobile,Simplex,UHF (300 MHz-3 GHz),4,470.7688,477.6063
Matthew Shelton,Land Mobile,Simplex,UHF (300 MHz-3 GHz),4,453.3188,455.2063
Michael Bowen,Land Mobile,Simplex,UHF (300 MHz-3 GHz),4,458.6438,464.9938
NASSER HONEYCOMBE,Land Mobile,Simplex,VHF (30-300 MHz),4,150.0875,153.5563
NAVICOM DYNAMICS LIMITED,Land Mobile,Simplex,UHF (300 MHz-3 GHz),4,453.3188,476.2688
NELSPECS LIMITED,Fixed Link,Bi-directional,SHF (3-30 GHz),4,10935.0,11625.0
NETCOM SERVICES LIMITED,Land Mobile,Simplex,VHF (30-300 MHz),4,150.2375,166.7625
NEW ZEALAND CUSTOMS SERVICE(NATIONAL MANAGER BORDER OPERATIONS),Maritime,Unspecified,MF (300 kHz-3 MHz),4,2.0134,2.1834
NEW ZEALAND CUSTOMS SERVICE(NATIONAL MANAGER BORDER OPERATIONS),Maritime,Unspecified,HF (3-30 MHz),4,3.3074,4.9624
NEW ZEALAND HEALTH ASSOCIATION LIMITED,Land Mobile,Simplex,UHF (300 MHz-3 GHz),4,488.2688,489.8938
NEW ZEALAND INSTITUTE FOR EARTH SCIENCE LIMITED,Satellite & Space,Unspecified,SHF (3-30 GHz),4,7812.0,8212.5
NEW ZEALAND OIL SERVICES LIMITED,Land Mobile,Repeater,UHF (300 MHz-3 GHz),4,455.4188,478.5313
NEW ZEALAND OIL SERVICES LIMITED,Land Mobile,Mobile Transmit,UHF (300 MHz-3 GHz),4,450.3813,472.5438
NEW ZEALAND SKILLS AND EDUCATION GROUP LIMITED,Land Mobile,Simplex,UHF (300 MHz-3 GHz),4,458.3438,465.1188
NGA KAITIAKI I TE REO WHAKAPAOHO O TE HIKU O TE IKA,Fixed Link,Uni-directional,UHF (300 MHz-3 GHz),4,850.75,918.875
NGA WATENE MAORI O TE ROHE POTAE REGIONAL ASSOCIATION INCORPORATED,Land Mobile,Simplex,UHF (300 MHz-3 GHz),4,455.1063,466.8688
NORTHPORT LIMITED,Fixed Link,Bi-directional,UHF (300 MHz-3 GHz),4,420.0125,458.675
NZ DEFENCE FORCE HEADQUARTERS,Radiodetermination,Beacon,UHF (300 MHz-3 GHz),4,330.2,331.7
NZ DEFENCE FORCE HEADQUARTERS,Telemetry & Telecommand,Uni-directional,VHF (30-300 MHz),4,160.2375,160.2375
NZART CHRISTCHURCH BRANCH 05 INC,Amateur,Repeater,VHF (30-300 MHz),4,144.575,147.275
NZART TAUPO BRANCH,Amateur,Repeater,VHF (30-300 MHz),4,144.575,147.85
NZFM (2022) LIMITED PARTNERSHIP,Land Mobile,Repeater,VHF (30-300 MHz),4,151.9125,163.0125
NZFM (2022) LIMITED PARTNERSHIP,Land Mobile,Mobile Transmit,VHF (30-300 MHz),4,153.6938,167.6125
NZME RADIO LIMITED,Fixed Link,Bi-directional,EHF (>30 GHz),4,38052.0,39340.0
New Plymouth District Council,Fixed Link,Bi-directional,UHF (300 MHz-3 GHz),4,440.025,459.0688
New Zealand Transport,Land Mobile,Simplex,UHF (300 MHz-3 GHz),4,482.7563,483.9688
New Zealand Transport Agency,Fixed Link,Bi-directional,UHF (300 MHz-3 GHz),4,453.7063,458.7563
O & K GLYNN TRANSPORT LIMITED,Land Mobile,Simplex,VHF (30-300 MHz),4,153.5313,166.4125
OCEANA GOLD (NEW ZEALAND) LIMITED,Fixed Link,Bi-directional,VHF (30-300 MHz),4,158.3,161.2
OCEANIA DAIRY LIMITED,Land Mobile,Mobile Transmit,UHF (300 MHz-3 GHz),4,467.7563,468.0563
OCEANIA DAIRY LIMITED,Land Mobile,Repeater,UHF (300 MHz-3 GHz),4,462.5688,462.8688
OMV NEW ZEALAND LIMITED,Radiodetermination,Beacon,MF (300 kHz-3 MHz),4,0.338,0.406
OPIE CONTRACTORS LIMITED,Land Mobile,Simplex,UHF (300 MHz-3 GHz),4,455.1688,466.9563
ORION NEW ZEALAND LTD,Land Mobile,Simplex,UHF (300 MHz-3 GHz),4,455.1563,458.4188
OTAGO MARITIME V H F ASSOCIATION INCORPORATED,Maritime,Repeater,VHF (30-300 MHz),4,160.625,160.925
OTAGO MARITIME V H F ASSOCIATION INCORPORATED,Maritime,Mobile Transmit,VHF (30-300 MHz),4,156.025,156.325
PAGE & MACRAE LIMITED,Land Mobile,Simplex,UHF (300 MHz-3 GHz),4,477.9188,489.8188
PALMERSTON NORTH CITY COUNCIL,Fixed Link,Bi-directional,SHF (3-30 GHz),4,18415.0,19590.0
PALMERSTON NORTH CITY COUNCIL,Land Mobile,Repeater,VHF (30-300 MHz),4,162.7625,165.275
PALMERSTON NORTH CITY COUNCIL,Land Mobile,Mobile Transmit,VHF (30-300 MHz),4,167.3625,169.875
PARAPARAUMU ENGINEERING LIMITED,Land Mobile,Simplex,UHF (300 MHz-3 GHz),4,458.3688,464.8688
PASSAGE GUARDIAN CHARITABLE TRUST,Maritime,Unspecified,MF (300 kHz-3 MHz),4,2.0464,2.4454
PJ & MJ OLSEN LTD,Land Mobile,Simplex,VHF (30-300 MHz),4,150.1375,150.9875
PORT OF TAURANGA LIMITED,Fixed Link,Bi-directional,UHF (300 MHz-3 GHz),4,454.6438,459.6813
PORT TARANAKI LIMITED,Maritime,Unspecified,MF (300 kHz-3 MHz),4,2.0134,2.1834
POWERCO LIMITED,Telemetry & Telecommand,Uni-directional,VHF (30-300 MHz),4,160.1875,160.1875
PRESTIGE CRANES LIMITED,Land Mobile,Simplex,UHF (300 MHz-3 GHz),4,471.7188,477.9063
PROLIFE FOODS LIMITED,Land Mobile,Simplex,VHF (30-300 MHz),4,150.15,150.65
PTS LOGISTICS LIMITED,Land Mobile,Simplex,VHF (30-300 MHz),4,165.9125,171.825
PURE TUROA LIMITED,Fixed Link,Bi-directional,SHF (3-30 GHz),4,11135.0,15215.0
Parekama Farm Partnership,Land Mobile,Simplex,UHF (300 MHz-3 GHz),4,453.4063,455.0688
PowerNet OTAGONET,Land Mobile,Simplex,VHF (30-300 MHz),4,165.7125,170.85
QUEENSTOWN AIRPORT CORPORATION LTD,Land Mobile,Mobile Transmit,UHF (300 MHz-3 GHz),4,450.3688,467.0188
QUEENSTOWN AIRPORT CORPORATION LTD,Land Mobile,Repeater,UHF (300 MHz-3 GHz),4,455.4063,461.8313
R D TOTTENHAM,Land Mobile,Repeater,VHF (30-300 MHz),4,81.0875,83.025
R D TOTTENHAM,Land Mobile,Mobile Transmit,VHF (30-300 MHz),4,85.0563,86.9938
R S CABLING LIMITED,Land Mobile,Simplex,VHF (30-300 MHz),4,166.4,171.7
RADIO NGATI POROU CHARITABLE TRUST,Fixed Link,Uni-directional,UHF (300 MHz-3 GHz),4,843.625,931.25
RAINBOWS END,Land Mobile,Simplex,UHF (300 MHz-3 GHz),4,458.6438,461.7188
RALPH SCHULTZ HELICOPTERS LIMITED,Aeronautical,Base Station,VHF (30-300 MHz),4,132.625,132.875
RALPH SCHULTZ HELICOPTERS LIMITED,Land Mobile,Simplex,VHF (30-300 MHz),4,150.175,150.3125
RCC SYSTEMS LIMITED,Land Mobile,Simplex,VHF (30-300 MHz),4,166.3125,171.2125
RIEDEL COMMUNICATIONS AUSTRALIA PTY LTD,Land Mobile,Mobile Transmit,UHF (300 MHz-3 GHz),4,474.0938,474.3563
RIGHT KARTS (2016) LIMITED,Land Mobile,Simplex,UHF (300 MHz-3 GHz),4,476.3188,476.3938
RIVER CITY PORT LIMITED,Maritime,Unspecified,MF (300 kHz-3 MHz),4,2.0134,2.1834
ROCKET LAB LIMITED,Meteorological,Unspecified,UHF (300 MHz-3 GHz),4,400.3,401.6
ROTORUA DISTRICT COUNCIL (Events & Venues),Land Mobile,Simplex,UHF (300 MHz-3 GHz),4,476.1313,477.5938
RUAPEHU DISTRICT COUNCIL,Land Mobile,Mobile Transmit,UHF (300 MHz-3 GHz),4,451.5063,490.8063
RUAPEHU DISTRICT COUNCIL,Land Mobile,Repeater,UHF (300 MHz-3 GHz),4,456.5438,484.7938
RURAL CONNECTIVITY GROUP LIMITED,Spectrum Licence,Unspecified,SHF (3-30 GHz),4,3500.0,3760.0
Reuben Anthony Hector,Land Mobile,Simplex,UHF (300 MHz-3 GHz),4,453.3313,458.6563
Russell Fricker,Land Mobile,Simplex,UHF (300 MHz-3 GHz),4,470.7438,482.7188
S K LOW,Land Mobile,Simplex,UHF (300 MHz-3 GHz),4,455.0313,461.5938
SCENIC CIRCLE HOTELS LIMITED,Land Mobile,Simplex,UHF (300 MHz-3 GHz),4,477.8563,488.2438
SELWYN WATER LIMITED,Fixed Link,Bi-directional,UHF (300 MHz-3 GHz),4,442.0375,447.2438
SERCO NEW ZEALAND LIMITED,Land Mobile,Mobile Transmit,UHF (300 MHz-3 GHz),4,450.3688,451.3188
SERCO NEW ZEALAND LIMITED,Land Mobile,Repeater,UHF (300 MHz-3 GHz),4,455.4063,456.3563
SKYLINE NETWORKS NZ LIMITED,Fixed Link,Bi-directional,EHF (>30 GHz),4,72250.0,82250.0
SKYLINE NETWORKS NZ LIMITED,Fixed Link,Bi-directional,SHF (3-30 GHz),4,18360.0,19480.0
SKYLINE SKYRIDES LIMITED,Land Mobile,Simplex,UHF (300 MHz-3 GHz),4,464.9688,465.0063
SKYWORK HELICOPTERS LTD,Land Mobile,Simplex,VHF (30-300 MHz),4,150.3125,150.6875
SOUTH PACIFIC MEATS LIMITED,Land Mobile,Simplex,UHF (300 MHz-3 GHz),4,453.3813,458.4188
SOUTH PACIFIC PICTURES LIMITED,Land Mobile,Simplex,UHF (300 MHz-3 GHz),4,453.3438,466.7188
SOUTH PORT NEW ZEALAND LIMITED,Fixed Link,Bi-directional,UHF (300 MHz-3 GHz),4,453.8938,459.3688
SOUTH WAIKATO DISTRICT COUNCIL,Land Mobile,Simplex,UHF (300 MHz-3 GHz),4,482.8063,483.1313
SOUTHERN HEMISPHERE PROVING GROUNDS LIMITED,Land Mobile,Simplex,UHF (300 MHz-3 GHz),4,461.7813,471.5813
SOUTHLAND HELICOPTERS LIMITED,Land Mobile,Simplex,VHF (30-300 MHz),4,150.2375,150.925
SOUTHLAND MARITIME VHF USERS ASSOCIATION INC,Fixed Link,Bi-directional,UHF (300 MHz-3 GHz),4,450.1375,450.1375
SPARTAN CONSTRUCTION LIMITED,Land Mobile,Simplex,UHF (300 MHz-3 GHz),4,471.7313,477.9188
SPECTRATECH LIMITED,Land Mobile,Simplex,VHF (30-300 MHz),4,150.4,166.675
STEVENSON CONCRETE LIMITED,Land Mobile,Simplex,UHF (300 MHz-3 GHz),4,476.2938,481.9938
STRAITNZ BLUEBRIDGE LIMITED,Land Mobile,Simplex,UHF (300 MHz-3 GHz),4,458.4563,466.8688
SUMMIT FORESTS NEW ZEALAND LIMITED,Land Mobile,Mobile Transmit,VHF (30-300 MHz),4,154.0688,154.3813
SUMMIT FORESTS NEW ZEALAND LIMITED,Land Mobile,Repeater,VHF (30-300 MHz),4,152.2875,152.6
SUMNER LIFEBOAT INST INC,Maritime,Unspecified,MF (300 kHz-3 MHz),4,2.0464,2.4454
SUNFRUIT LIMITED,Land Mobile,Simplex,UHF (300 MHz-3 GHz),4,482.0563,488.2938
South Taranaki Branch 87  NZART (Inc),Amateur,Mobile Transmit,VHF (30-300 MHz),4,144.8,147.65
South Taranaki Branch 87  NZART (Inc),Amateur,Repeater,VHF (30-300 MHz),4,144.8,147.65
TASMAN DISTRICT COUNCIL,Fixed Link,Bi-directional,UHF (300 MHz-3 GHz),4,420.8125,446.3188
TASMAN FOREST SERVICES LIMITED,Land Mobile,Simplex,VHF (30-300 MHz),4,150.3375,150.8125
TASMAN PINE FORESTS LIMITED,Land Mobile,Simplex,VHF (30-300 MHz),4,150.8,153.5438
TAYLOR CORPORATION (1995) LIMITED,Land Mobile,Simplex,VHF (30-300 MHz),4,150.275,150.5875
TE RUNANGANUI O TE ARAWA,Broadcasting,Unspecified,VHF (30-300 MHz),4,88.7,93.9
TE WHAKAKITENGA O WAIKATO INCORPORATED,Broadcasting,Unspecified,VHF (30-300 MHz),4,95.4,106.4
TE WHARE AWHINA O TE IWI COMMUNITY TRUST,Broadcasting,Unspecified,VHF (30-300 MHz),4,97.2,105.3
TECHNICAL EVENT SOLUTIONS LIMITED,Land Mobile,Simplex,UHF (300 MHz-3 GHz),4,477.5563,483.6563
TEGEL FOODS LIMITED,Land Mobile,Simplex,UHF (300 MHz-3 GHz),4,453.4938,482.5438
TENON CLEARWOOD LIMITED PARTNERSHIP,Land Mobile,Simplex,UHF (300 MHz-3 GHz),4,470.775,470.85
THE CANTERBURY COMMUNICATIONS TRUST,Fixed Link,Uni-directional,UHF (300 MHz-3 GHz),4,412.1125,929.75
THE FARMERS' TRADING COMPANY LIMITED,Land Mobile,Simplex,UHF (300 MHz-3 GHz),4,455.2813,488.5188
THE HERITAGE HOTEL,Land Mobile,Simplex,UHF (300 MHz-3 GHz),4,461.5688,488.9938
THE LINES CO LTD,Land Mobile,Simplex,VHF (30-300 MHz),4,150.3125,172.9
THE MANAWATU CAR CLUB (INCORPORATED),Land Mobile,Simplex,UHF (300 MHz-3 GHz),4,461.6563,466.9188
THE NORTH SHORE EVENTS CENTRE TRUST BOARD,Land Mobile,Simplex,UHF (300 MHz-3 GHz),4,488.7563,489.9688
THE OTAGO BRANCH OF THE NEW ZEALAND ASSOC OF RADIO TRANSMITTERS INCORPORATED,Amateur,Mobile Transmit,UHF (300 MHz-3 GHz),4,433.2,434.7
THE OTAGO BRANCH OF THE NEW ZEALAND ASSOC OF RADIO TRANSMITTERS INCORPORATED,Amateur,Repeater,UHF (300 MHz-3 GHz),4,438.2,439.7
THE PILOT COMPANY LIMITED,Land Mobile,Simplex,UHF (300 MHz-3 GHz),4,483.7688,488.7438
THE WELLINGTON CITY MISSION (ANGLICAN) TRUST BOARD,Land Mobile,Simplex,UHF (300 MHz-3 GHz),4,482.5563,488.3563
TIER III LIMITED,Land Mobile,Repeater,VHF (30-300 MHz),4,163.45,163.6875
TIER III LIMITED,Land Mobile,Mobile Transmit,VHF (30-300 MHz),4,168.05,168.2875
TODD ENERGY LIMITED,Land Mobile,Mobile Transmit,UHF (300 MHz-3 GHz),4,450.4688,469.9813
TODD ENERGY LIMITED,Land Mobile,Repeater,UHF (300 MHz-3 GHz),4,455.5063,464.7938
TODD PETROLEUM MINING COMPANY LIMITED,Land Mobile,Repeater,UHF (300 MHz-3 GHz),4,455.7688,464.2813
TODD PETROLEUM MINING COMPANY LIMITED,Land Mobile,Mobile Transmit,UHF (300 MHz-3 GHz),4,450.7313,469.4688
TOTAL WIRELESS LIMITED,Land Mobile,Simplex,UHF (300 MHz-3 GHz),4,453.5063,455.2813
TOTAL WIRELESS LIMITED,Land Mobile,Mobile Transmit,UHF (300 MHz-3 GHz),4,450.5438,473.9313
TOTAL WIRELESS LIMITED,Land Mobile,Repeater,UHF (300 MHz-3 GHz),4,455.5813,479.9188
TOTAL WIRELESS LIMITED,Land Mobile,Simplex,VHF (30-300 MHz),4,165.9125,166.4125
TRANSPOWER NEW ZEALAND LIMITED,Fixed Link,Bi-directional,UHF (300 MHz-3 GHz),4,1427.575,1523.625
TRANSPOWER NEW ZEALAND LIMITED,Land Mobile,Simplex,UHF (300 MHz-3 GHz),4,414.0625,461.7563
TRILITY NEW ZEALAND LIMITED,Land Mobile,Repeater,UHF (300 MHz-3 GHz),4,455.8188,457.8938
TRILITY NEW ZEALAND LIMITED,Land Mobile,Mobile Transmit,UHF (300 MHz-3 GHz),4,450.7813,452.8563
TUWHARETOA FM CHARITABLE TRUST,Fixed Link,Uni-directional,UHF (300 MHz-3 GHz),4,843.75,929.75
Tauranga City Council,Land Mobile,Simplex,VHF (30-300 MHz),4,165.7125,170.8375
Te Aratika Drilling Limited,Land Mobile,Simplex,UHF (300 MHz-3 GHz),4,461.7688,477.8688
Te Nehenehenui Trust,Broadcasting,Unspecified,VHF (30-300 MHz),4,91.8,106.2
Te Whatu Ora Health New Zealand,Land Mobile,Simplex,UHF (300 MHz-3 GHz),4,458.3938,466.8938
Te Whatu Ora Health New Zealand,Land Mobile,Mobile Transmit,UHF (300 MHz-3 GHz),4,467.2063,467.8688
Te Whatu Ora Health New Zealand,Land Mobile,Repeater,UHF (300 MHz-3 GHz),4,462.0188,462.6813
Tim Hunter,Broadcasting,Unspecified,VHF (30-300 MHz),4,95.8,104.6
Toi Ohomai Institute of Technology,Maritime,Unspecified,HF (3-30 MHz),4,4.1264,6.2254
UBP LIMITED,Land Mobile,Simplex,UHF (300 MHz-3 GHz),4,482.5563,482.6563
UNWIRED IT LIMITED,Fixed Link,Bi-directional,SHF (3-30 GHz),4,10715.0,11325.0
UPPER HUTT COMMUNITY RESCUE INCORPORATED,Land Mobile,Simplex,UHF (300 MHz-3 GHz),4,449.9313,455.0938
VAN TIEL PYROTECHNICS LTD,Land Mobile,Simplex,UHF (300 MHz-3 GHz),4,476.3688,489.6063
VENUE RESPONSE LIMITED,Land Mobile,Simplex,UHF (300 MHz-3 GHz),4,482.9938,489.9813
VESTAS-NEW ZEALAND WIND TECHNOLOGY LIMITED,Land Mobile,Mobile Transmit,UHF (300 MHz-3 GHz),4,451.2563,451.7188
VESTAS-NEW ZEALAND WIND TECHNOLOGY LIMITED,Land Mobile,Repeater,UHF (300 MHz-3 GHz),4,456.2938,456.7563
VITAL LIMITED,Land Mobile,Simplex,VHF (30-300 MHz),4,158.7,166.7375
VOLCANIC PLATEAU LOGGING LIMITED,Land Mobile,Simplex,VHF (30-300 MHz),4,166.2375,166.2375
Victoria University of Wellington,Land Mobile,Simplex,UHF (300 MHz-3 GHz),4,458.3563,464.9438
WAIHEKE DOCUMENTS AND SECURITY LIMITED,Land Mobile,Simplex,UHF (300 MHz-3 GHz),4,482.0563,482.8813
WAIHI GOLD MINING CO LTD,Land Mobile,Repeater,VHF (30-300 MHz),4,151.425,153.175
WAIHI GOLD MINING CO LTD,Land Mobile,Mobile Transmit,VHF (30-300 MHz),4,171.425,172.975
WAIHI GOLD MINING CO LTD,Telemetry & Telecommand,Uni-directional,UHF (300 MHz-3 GHz),4,466.8375,471.25
WAIKATO VHF GROUP INC,Amateur,Mobile Transmit,UHF (300 MHz-3 GHz),4,434.35,439.35
WAIKATO VHF GROUP INC,Amateur,Repeater,VHF (30-300 MHz),4,145.475,146.95
WAIKATO VHF GROUP INC,Amateur,Mobile Transmit,VHF (30-300 MHz),4,144.875,146.35
WAIKAWA FISHING CO LTD,Maritime,Unspecified,HF (3-30 MHz),4,4.1264,6.2254
WAIMA LOGGING LIMITED,Land Mobile,Simplex,VHF (30-300 MHz),4,166.3375,171.7
WAIPA CIVIL DEFENCE ORGANISATION,Land Mobile,Simplex,VHF (30-300 MHz),4,148.0625,149.025
WAIPA DISTRICT COUNCIL,Land Mobile,Mobile Transmit,UHF (300 MHz-3 GHz),4,467.5313,475.9625
WAIPA DISTRICT COUNCIL,Land Mobile,Repeater,UHF (300 MHz-3 GHz),4,462.3438,481.95
WANAKA SKI CLUB INC,Land Mobile,Simplex,UHF (300 MHz-3 GHz),4,458.4938,461.4813
WASTE MANAGEMENT NZLTD,Fixed Link,Bi-directional,UHF (300 MHz-3 GHz),4,420.1125,425.6
WATERCARE SERVICES LTD,Fixed Link,Bi-directional,EHF (>30 GHz),4,37254.0,38570.0
WATERCARE SERVICES LTD,Telemetry & Telecommand,Bi-directional,UHF (300 MHz-3 GHz),4,466.8125,466.8125
WATTS AND HUGHES CONSTRUCTION LTD,Land Mobile,Simplex,UHF (300 MHz-3 GHz),4,477.5313,483.5813
WAVERLEY WIND FARM LIMITED,Fixed Link,Bi-directional,UHF (300 MHz-3 GHz),4,441.6625,447.0438
WELLINGTON ELECTRICITY LINES LIMITED,Fixed Link,Uni-directional,UHF (300 MHz-3 GHz),4,450.0625,450.1625
WELLINGTON REGIONAL COUNCIL,Telemetry & Telecommand,Uni-directional,VHF (30-300 MHz),4,160.1875,160.1875
WEST COAST REGIONAL COUNCIL,Land Mobile,Repeater,VHF (30-300 MHz),4,153.05,153.2
WEST COAST REGIONAL COUNCIL,Land Mobile,Mobile Transmit,VHF (30-300 MHz),4,154.8313,154.9813
WEST COAST REGIONAL COUNCIL,Telemetry & Telecommand,Uni-directional,VHF (30-300 MHz),4,160.1375,160.2375
WESTERN BAY OF PLENTY DISTRICT COUNCIL,Fixed Link,Bi-directional,UHF (300 MHz-3 GHz),4,453.8313,459.3375
WESTLAND DISTRICT COUNCIL,Fixed Link,Bi-directional,UHF (300 MHz-3 GHz),4,422.1875,427.5
WESTSIDE NEW ZEALAND LIMITED,Fixed Link,Bi-directional,UHF (300 MHz-3 GHz),4,1439.5,1516.0
WETA WORKSHOP LIMITED,Land Mobile,Simplex,UHF (300 MHz-3 GHz),4,482.7188,489.6813
WHAKATANE MILL LIMITED,Land Mobile,Simplex,UHF (300 MHz-3 GHz),4,453.4063,464.9063
WHAKATANE RTUA,Fixed Link,Bi-directional,UHF (300 MHz-3 GHz),4,454.5,459.775
WHAKATOHEA MUSSELS (OPOTIKI) LIMITED,Land Mobile,Simplex,UHF (300 MHz-3 GHz),4,449.9563,453.3938
WHANGAREI DISTRICT COUNCIL,Land Mobile,Simplex,UHF (300 MHz-3 GHz),4,476.3563,483.4938
WINDSOR GROUP LIMITED,Land Mobile,Simplex,UHF (300 MHz-3 GHz),4,470.7688,482.0188
WIRI OIL SERVICES LTD,Fixed Link,Bi-directional,UHF (300 MHz-3 GHz),4,454.35,459.8875
WIRI OIL SERVICES LTD,Land Mobile,Mobile Transmit,UHF (300 MHz-3 GHz),4,452.3688,490.7438
WOOD MARKETING SERVICES LIMITED,Land Mobile,Simplex,VHF (30-300 MHz),4,153.5313,166.4
WOODCOM LIMITED,Land Mobile,Repeater,VHF (30-300 MHz),4,151.05,152.5375
WOODCOM LIMITED,Land Mobile,Mobile Transmit,VHF (30-300 MHz),4,154.3188,155.8938
Wellington City Council ...Smart Council,Fixed Link,Bi-directional,SHF (3-30 GHz),4,21644.0,22946.0
YOURNZDRIVER LIMITED,Land Mobile,Simplex,UHF (300 MHz-3 GHz),4,453.4938,455.1188
360 CRANES & HAULAGE LIMITED,Land Mobile,Simplex,UHF (300 MHz-3 GHz),3,470.8563,477.9188
3I OPCO LIMITED,Telemetry & Telecommand,Uni-directional,UHF (300 MHz-3 GHz),3,471.05,471.225
4HF FACILITIES LIMITED,Land Mobile,Simplex,MF (300 kHz-3 MHz),3,2.0194,2.3194
4HF FACILITIES LIMITED,Land Mobile,Mobile Transmit,VHF (30-300 MHz),3,85.2688,169.25
A & K CRANES LIMITED,Land Mobile,Simplex,UHF (300 MHz-3 GHz),3,471.9438,482.4313
A & R LOGGING LIMITED,Land Mobile,Simplex,VHF (30-300 MHz),3,170.875,171.5
ABSOLUTE CATERERS LIMITED,Land Mobile,Simplex,UHF (300 MHz-3 GHz),3,461.5813,476.3938
AC CIVIL LIMITED,Land Mobile,Simplex,VHF (30-300 MHz),3,170.6375,171.2125
ACFS PORT LOGISTICS NZ LIMITED,Land Mobile,Simplex,UHF (300 MHz-3 GHz),3,449.9688,453.4563
ADAMS CONTRACTING LIMITED,Land Mobile,Simplex,UHF (300 MHz-3 GHz),3,461.7938,464.9938
AFFCO NEW ZEALAND LTD,Land Mobile,Simplex,UHF (300 MHz-3 GHz),3,453.5188,458.5313
AFFCO NZ LTD,Fixed Link,Bi-directional,UHF (300 MHz-3 GHz),3,454.55,454.55
AGILE INFRASTRUCTURE SERVICES LIMITED,Land Mobile,Simplex,UHF (300 MHz-3 GHz),3,464.9938,466.9063
AIR BP INTERNATIONAL LTD,Aeronautical,Base Station,VHF (30-300 MHz),3,121.7,133.9
AIR CHATHAMS LIMITED,Aeronautical,Base Station,VHF (30-300 MHz),3,133.775,133.775
AIREDALE ROSEBERY IRRIGATION COMPANY LIMITED,Telemetry & Telecommand,Uni-directional,UHF (300 MHz-3 GHz),3,471.2,471.2
AIRWAYS CORPORATION OF NEW ZEALAND LIMITED,Aeronautical,Mobile Transmit,VHF (30-300 MHz),3,125.75,128.9
AIRWAYS CORPORATION OF NEW ZEALAND LIMITED,Aeronautical,Repeater,VHF (30-300 MHz),3,125.75,128.9
ALBERT STREET OPERATIONS LIMITED,Land Mobile,Simplex,UHF (300 MHz-3 GHz),3,458.4688,465.1188
ALINTA ENZ LIMITED,Land Mobile,Simplex,UHF (300 MHz-3 GHz),3,453.4563,453.6063
ALLIANCE GROUP LIMITED,Land Mobile,Mobile Transmit,UHF (300 MHz-3 GHz),3,450.9813,467.6688
AMURI NET LIMITED,Land Mobile,Mobile Transmit,VHF (30-300 MHz),3,167.5125,169.8
AMURI NET LIMITED,Land Mobile,Repeater,UHF (300 MHz-3 GHz),3,463.0813,464.1438
AMURI NET LIMITED,Land Mobile,Mobile Transmit,UHF (300 MHz-3 GHz),3,468.2688,469.3313
AMURI NET LIMITED,Land Mobile,Repeater,VHF (30-300 MHz),3,162.9125,165.2
ANDERSEN TATE LIMITED,Land Mobile,Simplex,UHF (300 MHz-3 GHz),3,464.9438,476.3188
AOTEA CENTRE TRUST BOARD,Land Mobile,Simplex,UHF (300 MHz-3 GHz),3,489.8438,489.9813
AQUAMAX HYDROBLASTING LIMITED,Land Mobile,Simplex,UHF (300 MHz-3 GHz),3,483.1688,483.6938
ARAWA PARK HOTEL ROTORUA,Land Mobile,Simplex,UHF (300 MHz-3 GHz),3,476.1188,477.6938
ARB INNOVATIONS LIMITED,Land Mobile,Simplex,VHF (30-300 MHz),3,153.5313,171.5125
ASALEO CARE NEW ZEALAND LIMITED,Land Mobile,Simplex,UHF (300 MHz-3 GHz),3,453.4688,455.1063
ASPIRING TRAFFIC LIMITED,Land Mobile,Simplex,VHF (30-300 MHz),3,166.375,171.2125
ATHLETICS OTAGO INCORPORATED,Land Mobile,Simplex,UHF (300 MHz-3 GHz),3,458.5313,466.6813
AUCKLAND EAST CITY ELIM CHURCH TRUST,Land Mobile,Simplex,UHF (300 MHz-3 GHz),3,476.3313,477.8688
AUCKLAND EMERGENCY MANAGEMENT,Land Mobile,Mobile Transmit,UHF (300 MHz-3 GHz),3,450.5688,467.2938
AUCKLAND EMERGENCY MANAGEMENT,Land Mobile,Repeater,UHF (300 MHz-3 GHz),3,455.6063,462.1063
AUCKLAND INTERNATIONAL AIRPORT LIMITED,Land Mobile,Simplex,UHF (300 MHz-3 GHz),3,483.7063,868.6188
AUCKLAND ZOOLOGICAL PARK,Land Mobile,Mobile Transmit,UHF (300 MHz-3 GHz),3,472.9438,473.9063
AUCKLAND ZOOLOGICAL PARK,Land Mobile,Repeater,UHF (300 MHz-3 GHz),3,478.9313,479.8938
AURORA ENERGY LIMITED,Land Mobile,Simplex,VHF (30-300 MHz),3,165.7875,172.75
AZELIS NEW ZEALAND LIMITED,Land Mobile,Simplex,UHF (300 MHz-3 GHz),3,458.4438,465.1188
Alan Radford,Land Mobile,Simplex,UHF (300 MHz-3 GHz),3,454.9938,461.6563
Albany Shopping Centre (No 2) Limited,Land Mobile,Mobile Transmit,UHF (300 MHz-3 GHz),3,472.2688,473.6438
Albany Shopping Centre (No 2) Limited,Land Mobile,Repeater,UHF (300 MHz-3 GHz),3,478.2563,479.6313
BAIRD HARVESTING LIMITED,Land Mobile,Simplex,VHF (30-300 MHz),3,166.0625,166.375
BAKELS EDIBLE OILS (NZ) LIMITED,Land Mobile,Simplex,UHF (300 MHz-3 GHz),3,482.5938,483.9688
BALLE CLARKE HOLDINGS LIMITED,Land Mobile,Simplex,VHF (30-300 MHz),3,165.725,172.8625
BASCIK TRANSPORT LIMITED,Land Mobile,Simplex,UHF (300 MHz-3 GHz),3,461.7563,488.3813
BAY OF PLENTY DISTRICT HEALTH BOARD,Paging,Unspecified,VHF (30-300 MHz),3,40.68,160.3875
BAYGOLD LIMITED,Land Mobile,Simplex,UHF (300 MHz-3 GHz),3,449.9688,455.0438
BAYWIDE COMMUNICATIONS LIMITED,Land Mobile,Mobile Transmit,UHF (300 MHz-3 GHz),3,451.1625,472.6813
BAYWIDE COMMUNICATIONS LIMITED,Land Mobile,Repeater,UHF (300 MHz-3 GHz),3,456.2,478.6688
BIRCHFIELD COAL MINES LIMITED,Land Mobile,Simplex,UHF (300 MHz-3 GHz),3,482.0688,483.7313
BLACK FOREST STATION LIMITED,Land Mobile,Simplex,VHF (30-300 MHz),3,150.7,150.7
BLACKHEAD QUARRIES LIMITED,Land Mobile,Simplex,UHF (300 MHz-3 GHz),3,458.3563,458.4688
BMX NEW ZEALAND INCORPORATED,Land Mobile,Simplex,VHF (30-300 MHz),3,166.2375,166.6375
BP OIL NEW ZEALAND LIMITED,Aeronautical,Base Station,VHF (30-300 MHz),3,133.675,133.9
BP OIL NEW ZEALAND LIMITED,Land Mobile,Mobile Transmit,UHF (300 MHz-3 GHz),3,451.7313,472.5688
BP OIL NEW ZEALAND LIMITED,Land Mobile,Repeater,UHF (300 MHz-3 GHz),3,456.7688,478.5563
BRANDT TRACTOR LIMITED,Land Mobile,Mobile Transmit,UHF (300 MHz-3 GHz),3,450.4688,469.6563
BRIAN PERRY CIVIL LIMITED,Land Mobile,Simplex,VHF (30-300 MHz),3,150.1,153.5688
BROADSPECTRUM (NEW ZEALAND) LIMITED,Land Mobile,Simplex,UHF (300 MHz-3 GHz),3,483.9563,488.9938
BT MINING LIMITED,Telemetry & Telecommand,Uni-directional,UHF (300 MHz-3 GHz),3,471.1,471.1
BULLER ELECTRICITY LTD,Land Mobile,Repeater,VHF (30-300 MHz),3,163.575,164.325
BULLER ELECTRICITY LTD,Land Mobile,Mobile Transmit,VHF (30-300 MHz),3,168.175,168.925
BURNSIDE CONTRACTORS LIMITED,Land Mobile,Simplex,VHF (30-300 MHz),3,150.3125,153.5063
Blair Nielsen-Vold,Land Mobile,Simplex,VHF (30-300 MHz),3,172.8625,172.8625
C J ELLIS & COMPANY LIMITED,Land Mobile,Simplex,VHF (30-300 MHz),3,150.6375,150.95
CAMBRIDGE EXCAVATORS LIMITED,Land Mobile,Simplex,UHF (300 MHz-3 GHz),3,449.9438,453.5063
CANTERBURY COMMUNICATIONS LIMITED,Land Mobile,Simplex,UHF (300 MHz-3 GHz),3,482.6313,489.0063
CANTERBURY DISTRICT HEALTH BOARD,Land Mobile,Simplex,UHF (300 MHz-3 GHz),3,868.6125,868.8125
CAPE PALLISER MARINE RADIO ASSOCIATION INC,Maritime,Mobile Transmit,VHF (30-300 MHz),3,156.15,156.35
CAPE PALLISER MARINE RADIO ASSOCIATION INC,Maritime,Repeater,VHF (30-300 MHz),3,160.75,160.95
CAPITAL COMMUNICATIONS (AUCKLAND)  LTD,Land Mobile,Mobile Transmit,UHF (300 MHz-3 GHz),3,469.3188,472.0563
CAPITAL COMMUNICATIONS (AUCKLAND)  LTD,Land Mobile,Repeater,UHF (300 MHz-3 GHz),3,464.1313,478.0438
"CAPITAL, COAST AND HUTT VALLEY HEALTH NEW ZEALAND",Land Mobile,Mobile Transmit,UHF (300 MHz-3 GHz),3,452.2063,452.6813
"CAPITAL, COAST AND HUTT VALLEY HEALTH NEW ZEALAND",Land Mobile,Repeater,UHF (300 MHz-3 GHz),3,457.2438,457.7188
CARTER HOLT HARVEY BUILDING PRODUCTS LIMITED,Land Mobile,Simplex,UHF (300 MHz-3 GHz),3,461.4813,466.8563
CARTER HOLT HARVEY MARSDEN PT,Land Mobile,Simplex,VHF (30-300 MHz),3,150.1375,150.7875
CARTER HOLT HARVEY PULP & PAPER - KINLEITH MILL,Land Mobile,Repeater,VHF (30-300 MHz),3,151.55,162.9
CARTER HOLT HARVEY PULP & PAPER - KINLEITH MILL,Land Mobile,Mobile Transmit,VHF (30-300 MHz),3,155.7313,167.5
CASHMORE CONTRACTING (2014) LIMITED,Land Mobile,Simplex,VHF (30-300 MHz),3,150.3375,153.5313
CENTRAL DISTRICTS PEST CONTROL LTD,Land Mobile,Simplex,VHF (30-300 MHz),3,150.7,170.8
CENTRAL FM (2020) LIMITED,Broadcasting,Unspecified,VHF (30-300 MHz),3,99.4,106.0
CENTRAL HOUSE MOVERS LTD,Land Mobile,Simplex,VHF (30-300 MHz),3,150.0625,153.5938
CENTRAL OTAGO DISTRICT COUNCIL,Land Mobile,Simplex,UHF (300 MHz-3 GHz),3,453.3313,458.3813
CENTRAL PLAINS WATER LIMITED,Land Mobile,Repeater,UHF (300 MHz-3 GHz),3,456.875,457.9
CENTRAL PLAINS WATER LIMITED,Land Mobile,Mobile Transmit,UHF (300 MHz-3 GHz),3,451.8375,452.8625
CENTRAL WOOD RECYCLERS LIMITED,Land Mobile,Simplex,VHF (30-300 MHz),3,165.7625,166.0875
CENTREPORT LIMITED,Fixed Link,Uni-directional,UHF (300 MHz-3 GHz),3,454.35,454.5
CHOPPER WORX LIMITED,Land Mobile,Simplex,VHF (30-300 MHz),3,166.3625,166.75
CHRISTCHURCH INTERNATIONAL AIRPORT LIMITED,Land Mobile,Mobile Transmit,UHF (300 MHz-3 GHz),3,450.4188,491.0125
CHRISTCHURCH INTERNATIONAL AIRPORT LIMITED,Land Mobile,Repeater,UHF (300 MHz-3 GHz),3,455.4563,485.0
CITY CARE LIMITED,Land Mobile,Repeater,VHF (30-300 MHz),3,164.7,164.7
CLELANDS TIMBER PRODUCTS LIMITED,Land Mobile,Simplex,UHF (300 MHz-3 GHz),3,453.3688,455.1063
CLL SERVICE AND SOLUTIONS LIMITED,Land Mobile,Simplex,UHF (300 MHz-3 GHz),3,464.8313,489.3188
CLUTHA DISTRICT COUNCIL,Fixed Link,Bi-directional,UHF (300 MHz-3 GHz),3,420.2625,425.275
CLUTHA DISTRICT COUNCIL,Land Mobile,Mobile Transmit,VHF (30-300 MHz),3,154.5813,154.7688
CLUTHA DISTRICT COUNCIL,Land Mobile,Repeater,VHF (30-300 MHz),3,152.8,152.9875
CMH CONTRACTING LIMITED,Land Mobile,Simplex,VHF (30-300 MHz),3,166.375,166.375
COLLEGE HILL PRODUCTIONS LIMITED,Land Mobile,Simplex,UHF (300 MHz-3 GHz),3,482.0188,482.1938
COMMUNICATIONS SPECIALISTS LIMITED,Land Mobile,Mobile Transmit,VHF (30-300 MHz),3,153.9188,155.6563
COMMUNICATIONS SPECIALISTS LIMITED,Land Mobile,Repeater,VHF (30-300 MHz),3,151.475,152.6875
COMPLETE EARTHWORKS & CIVIL LIMITED,Land Mobile,Simplex,UHF (300 MHz-3 GHz),3,449.9313,455.0813
CONCRETE LOGISTICS LIMITED,Land Mobile,Simplex,UHF (300 MHz-3 GHz),3,470.8563,483.0813
CONSTRUCTION CONTRACTS LIMITED,Land Mobile,Simplex,VHF (30-300 MHz),3,165.7375,166.475
COOLPAK COOLSTORES LIMITED,Land Mobile,Simplex,UHF (300 MHz-3 GHz),3,461.5438,461.5438
CORDE LIMITED,Land Mobile,Simplex,UHF (300 MHz-3 GHz),3,453.5438,458.4313
CSE Crosscom Pty Ltd,Land Mobile,Mobile Transmit,UHF (300 MHz-3 GHz),3,452.3438,475.8313
CSE Crosscom Pty Ltd,Land Mobile,Repeater,UHF (300 MHz-3 GHz),3,457.3813,481.8188
CSE NEW ZEALAND LIMITED,Land Mobile,Mobile Transmit,VHF (30-300 MHz),3,154.2188,155.3188
CSE NEW ZEALAND LIMITED,Land Mobile,Repeater,VHF (30-300 MHz),3,151.1375,152.4375
CSE NEW ZEALAND LIMITED,Telemetry & Telecommand,Uni-directional,UHF (300 MHz-3 GHz),3,471.125,471.375
CURLE ELECTRICAL SERVICES LIMITED,Land Mobile,Simplex,UHF (300 MHz-3 GHz),3,466.8938,466.9813
DB BREWERIES LIMITED,Land Mobile,Repeater,UHF (300 MHz-3 GHz),3,478.75,484.8813
DB BREWERIES LIMITED,Land Mobile,Mobile Transmit,UHF (300 MHz-3 GHz),3,472.7625,490.8938
DEVON ELECTRICAL SERVICES,Land Mobile,Simplex,UHF (300 MHz-3 GHz),3,455.1563,466.9188
DOUG HOOD LIMITED,Land Mobile,Simplex,VHF (30-300 MHz),3,150.1875,150.1875
DOUG MACLEAN CONTRACTING LIMITED,Land Mobile,Simplex,VHF (30-300 MHz),3,150.375,150.375
DOVE COMMUNICATIONS (2023) LIMITED,Land Mobile,Simplex,VHF (30-300 MHz),3,166.375,166.525
DUNEDIN CITY COUNCIL,Land Mobile,Simplex,UHF (300 MHz-3 GHz),3,455.1563,461.6188
David FORSYTH,Land Mobile,Simplex,VHF (30-300 MHz),3,172.35,172.875
David Stephen Henry,Land Mobile,Simplex,UHF (300 MHz-3 GHz),3,458.4063,461.7563
Department of Internal Affairs- Archives New Zealand,Land Mobile,Mobile Transmit,UHF (300 MHz-3 GHz),3,491.9938,493.6938
Department of Internal Affairs- Archives New Zealand,Land Mobile,Repeater,UHF (300 MHz-3 GHz),3,485.9813,487.6813
Downer Heb Joint Venture- T/A Mt Messenger Alliance,Land Mobile,Simplex,VHF (30-300 MHz),3,150.125,150.2375
E C CIVIL LIMITED,Land Mobile,Simplex,VHF (30-300 MHz),3,166.025,166.6375
EASTLAND GENERATION LIMITED,Land Mobile,Simplex,VHF (30-300 MHz),3,165.825,166.75
EDWARDS TRANSPORT (NZ) LIMITED,Land Mobile,Simplex,VHF (30-300 MHz),3,150.25,150.75
ELEVATOR INSTALLATIONS NZ LTD,Land Mobile,Simplex,UHF (300 MHz-3 GHz),3,449.9438,455.0938
EMMETTS CIVIL CONSTRUCTION LIMITED,Land Mobile,Simplex,UHF (300 MHz-3 GHz),3,471.9438,482.4313
EMMONS DEVELOPMENTS NEW ZEALAND LIMITED,Land Mobile,Simplex,UHF (300 MHz-3 GHz),3,470.7813,482.1813
ENTAIN NEW ZEALAND LIMITED,Land Mobile,Mobile Transmit,UHF (300 MHz-3 GHz),3,493.2313,493.7313
ENVIRONMENT CANTERBURY,Fixed Link,Bi-directional,VHF (30-300 MHz),3,162.45,167.05
EXARO CONTRACTING LIMITED,Land Mobile,Simplex,VHF (30-300 MHz),3,171.2125,172.625
EXARO CONTRACTING LIMITED,Land Mobile,Simplex,UHF (300 MHz-3 GHz),3,453.4688,464.8188
Elton Wichman,Land Mobile,Simplex,UHF (300 MHz-3 GHz),3,453.5063,453.5438
Emergency Management Southland,Fixed Link,Bi-directional,UHF (300 MHz-3 GHz),3,454.7188,459.7563
Emergency Management Southland,Land Mobile,Simplex,MF (300 kHz-3 MHz),3,2.0314,2.0314
Equity Trustees Limited,Land Mobile,Repeater,UHF (300 MHz-3 GHz),3,455.6063,464.5813
Equity Trustees Limited,Land Mobile,Mobile Transmit,UHF (300 MHz-3 GHz),3,450.5688,469.7688
FEDERATION OF ISLAMIC ASSOCIATIONS OF NEW ZEALAND INCORPORATED,Land Mobile,Simplex,UHF (300 MHz-3 GHz),3,461.5938,461.7813
FINCH CONTRACTING LTD,Land Mobile,Simplex,VHF (30-300 MHz),3,165.775,170.375
FIORDLAND FISHERMANS RADIO ASSOCIATION,Maritime,Unspecified,MF (300 kHz-3 MHz),3,2.0464,2.4454
FISTONICH BUILDING REMOVALS LIMITED,Land Mobile,Simplex,UHF (300 MHz-3 GHz),3,453.3313,455.2438
FLETCHER CONCRETE AND INFRASTRUCTURE LIMITED,Land Mobile,Mobile Transmit,UHF (300 MHz-3 GHz),3,468.6938,469.5188
FLETCHER CONCRETE AND INFRASTRUCTURE LIMITED,Land Mobile,Repeater,UHF (300 MHz-3 GHz),3,463.5063,464.3313
FORD CIVIL LIMITED,Land Mobile,Simplex,VHF (30-300 MHz),3,171.55,172.35
FOREST PROTECH SERVICES LIMITED,Land Mobile,Simplex,VHF (30-300 MHz),3,166.1,166.4125
FOREST360 LIMITED,Land Mobile,Simplex,VHF (30-300 MHz),3,166.4125,170.825
FORM BUILDING & DEVELOPMENTS LIMITED,Land Mobile,Simplex,UHF (300 MHz-3 GHz),3,483.6938,488.4188
FOSTER CONSTRUCTION LIMITED,Land Mobile,Simplex,UHF (300 MHz-3 GHz),3,470.6813,482.2813
FRASER HYDE CONTRACTING LIMITED,Land Mobile,Simplex,VHF (30-300 MHz),3,171.225,171.8
FREESTYLE HOPS LIMITED,Land Mobile,Simplex,VHF (30-300 MHz),3,171.175,171.825
FREYSSINET NEW ZEALAND LIMITED,Land Mobile,Simplex,UHF (300 MHz-3 GHz),3,482.0438,483.4938
FROTANET LIMITED,Land Mobile,Simplex,VHF (30-300 MHz),3,150.0875,170.8375
FROZEN FRESH LIMITED,Land Mobile,Simplex,UHF (300 MHz-3 GHz),3,470.7563,476.2938
FULTON HOGAN LIMITED,Land Mobile,Mobile Transmit,UHF (300 MHz-3 GHz),3,450.5313,469.7063
GANELLEN CONSTRUCTION LIMITED,Land Mobile,Simplex,UHF (300 MHz-3 GHz),3,482.0313,483.2063
GENERA LIMITED,Land Mobile,Simplex,UHF (300 MHz-3 GHz),3,483.8938,489.0813
GEORGE GRANT ENGINEERING LIMITED,Land Mobile,Simplex,UHF (300 MHz-3 GHz),3,464.9688,466.9188
GISBORNE AMATEUR RADIO CLUB INC,Amateur,Mobile Transmit,VHF (30-300 MHz),3,146.2,146.3
GOLDEN BAY CEMENT,Land Mobile,Repeater,UHF (300 MHz-3 GHz),3,461.8438,462.4188
GOLDEN BAY CEMENT,Land Mobile,Mobile Transmit,UHF (300 MHz-3 GHz),3,467.0313,467.6063
GOLDEN BAY CEMENT,Telemetry & Telecommand,Uni-directional,UHF (300 MHz-3 GHz),3,471.05,471.05
GOODEARTH HOTELS NZ (AUCKLAND) LIMITED,Land Mobile,Simplex,UHF (300 MHz-3 GHz),3,483.5438,488.2813
GOOSE COMMUNICATIONS LIMITED,Land Mobile,Simplex,UHF (300 MHz-3 GHz),3,453.5063,458.5188
GREYMOUTH PETROLEUM LTD,Land Mobile,Simplex,UHF (300 MHz-3 GHz),3,477.5438,477.6938
Graham FITZGERALD,Land Mobile,Simplex,VHF (30-300 MHz),3,150.625,170.6125
H. G. LEACH & COMPANY LIMITED,Land Mobile,Simplex,UHF (300 MHz-3 GHz),3,461.6813,470.8438
HANGING AROUND LIMITED,Land Mobile,Simplex,UHF (300 MHz-3 GHz),3,489.0563,489.8313
HAUTAPU HAULAGE LIMITED,Land Mobile,Simplex,VHF (30-300 MHz),3,150.2375,150.65
HAWKES BAY & EAST COAST AERO CLUB INC,Aeronautical,Base Station,VHF (30-300 MHz),3,119.1,132.95
HAWKES BAY REGIONAL COUNCIL,Land Mobile,Mobile Transmit,UHF (300 MHz-3 GHz),3,450.8125,451.5375
HAWKES BAY REGIONAL COUNCIL,Land Mobile,Repeater,UHF (300 MHz-3 GHz),3,455.85,456.575
HELI RESOURCES 2012 LIMITED,Land Mobile,Simplex,VHF (30-300 MHz),3,150.6875,153.5563
HERON CONSTRUCTION CO LTD,Land Mobile,Simplex,VHF (30-300 MHz),3,150.275,153.5688
HOLCIM (NEW ZEALAND) LIMITED,Land Mobile,Simplex,UHF (300 MHz-3 GHz),3,461.5188,464.9063
HOLCIM (NEW ZEALAND) LIMITED,Land Mobile,Simplex,VHF (30-300 MHz),3,150.2375,153.4813
HORIZON ENERGY GROUP LIMITED,Land Mobile,Simplex,VHF (30-300 MHz),3,150.1125,150.4
HRH LIMITED PARTNERSHIP,Land Mobile,Simplex,UHF (300 MHz-3 GHz),3,458.4813,477.5688
HUMES DRAINAGE AND WATERMAINS,Land Mobile,Simplex,UHF (300 MHz-3 GHz),3,461.5938,466.9813
HURUNUI DISTRICT COUNCIL,Land Mobile,Mobile Transmit,VHF (30-300 MHz),3,155.2938,169.525
HURUNUI DISTRICT COUNCIL,Land Mobile,Repeater,VHF (30-300 MHz),3,151.1125,164.925
HURUNUI HELICOPTERS LIMITED,Land Mobile,Simplex,VHF (30-300 MHz),3,172.875,172.875
Hawkes Bay Amateur Radio Club (Inc),Amateur,Repeater,VHF (30-300 MHz),3,144.575,146.7
High Wire Trust,Land Mobile,Simplex,VHF (30-300 MHz),3,165.7125,165.9125
IAN CUNNINGHAM AND ROSEANNA COILS,Broadcasting,Unspecified,VHF (30-300 MHz),3,90.5,100.1
IFS GROWTH LIMITED,Land Mobile,Simplex,VHF (30-300 MHz),3,165.9625,171.75
IGNITION NETWORKS LIMITED,Land Mobile,Simplex,VHF (30-300 MHz),3,150.1,150.6
IMAGE HOLDINGS LIMITED,Land Mobile,Simplex,UHF (300 MHz-3 GHz),3,458.4563,482.6188
INET CORPORATION LIMITED,Land Mobile,Repeater,UHF (300 MHz-3 GHz),3,419.075,419.575
INET CORPORATION LIMITED,Land Mobile,Mobile Transmit,UHF (300 MHz-3 GHz),3,411.075,411.575
INFINITY MEDIA GROUP LIMITED,Fixed Link,Uni-directional,UHF (300 MHz-3 GHz),3,928.25,929.25
INSTRUMENTATION AND AUTOMATION ENGINEERING LIMITED,Land Mobile,Simplex,UHF (300 MHz-3 GHz),3,449.9313,455.0813
INTA-WOOD FORESTRY LIMITED,Land Mobile,Simplex,VHF (30-300 MHz),3,150.3375,153.5563
INTERNATIONAL NUTRITIONALS LIMITED,Land Mobile,Simplex,UHF (300 MHz-3 GHz),3,482.5938,483.6063
Ian Cunningham,Broadcasting,Unspecified,VHF (30-300 MHz),3,100.8,105.6
JNS HARVESTING LIMITED,Land Mobile,Simplex,VHF (30-300 MHz),3,150.125,150.9125
JONDA ENTERPRISES CONTRACTING LIMITED,Land Mobile,Simplex,VHF (30-300 MHz),3,150.95,150.95
JUKEN NEW ZEALAND LIMITED,Land Mobile,Repeater,VHF (30-300 MHz),3,151.525,151.7125
JUKEN NEW ZEALAND LIMITED,Land Mobile,Mobile Transmit,VHF (30-300 MHz),3,155.7063,155.8938
JUKEN NEW ZEALAND LIMITED,Land Mobile,Simplex,VHF (30-300 MHz),3,150.3,153.5313
JV ELECTRONICS LTD,Land Mobile,Mobile Transmit,UHF (300 MHz-3 GHz),3,450.4563,450.7063
JV ELECTRONICS LTD,Land Mobile,Repeater,UHF (300 MHz-3 GHz),3,455.4938,455.7438
Jacob Peter Simonsen,Land Mobile,Simplex,UHF (300 MHz-3 GHz),3,482.0813,482.7938
K & S FREIGHTERS LIMITED,Land Mobile,Simplex,UHF (300 MHz-3 GHz),3,476.2938,477.9813
K. M. NESHAUSEN LIMITED,Land Mobile,Simplex,VHF (30-300 MHz),3,150.3375,170.3375
KAIKŌURA HURUNUI WATER SERVICES LIMITED,Land Mobile,Repeater,VHF (30-300 MHz),3,162.825,163.3875
KAIKŌURA HURUNUI WATER SERVICES LIMITED,Land Mobile,Mobile Transmit,VHF (30-300 MHz),3,167.425,167.9875
KAITIAKI GROUP LIMITED,Land Mobile,Simplex,UHF (300 MHz-3 GHz),3,453.3688,455.0563
KAPITI COAST DISTRICT COUNCIL,Land Mobile,Simplex,UHF (300 MHz-3 GHz),3,483.4563,489.7438
KARAPIRO ROWING INC,Land Mobile,Simplex,UHF (300 MHz-3 GHz),3,458.4063,464.8438
KEA AEROSPACE LIMITED,Aeronautical,Base Station,SHF (3-30 GHz),3,5035.125,5035.125
KING COUNTRY HARVESTING LIMITED,Land Mobile,Simplex,VHF (30-300 MHz),3,171.8,172.75
KING FACADE INTERNATIONAL LIMITED,Land Mobile,Simplex,UHF (300 MHz-3 GHz),3,483.7563,489.9438
KIWI LUMBER (GISBORNE) LIMITED,Land Mobile,Simplex,VHF (30-300 MHz),3,165.75,166.275
KIWI LUMBER (OHINEWAI) HOLDINGS LIMITED,Land Mobile,Simplex,UHF (300 MHz-3 GHz),3,458.3438,461.6313
KURT REID,Land Mobile,Simplex,VHF (30-300 MHz),3,84.8875,166.6875
Kieran James Robottom,Land Mobile,Simplex,VHF (30-300 MHz),3,170.625,170.8
LAKELAND TRANSPORT LIMITED,Land Mobile,Simplex,VHF (30-300 MHz),3,150.6875,153.5688
LEADER PRODUCTS LIMITED,Land Mobile,Simplex,UHF (300 MHz-3 GHz),3,458.3813,458.6563
LES MILLS NEW ZEALAND LIMITED,Land Mobile,Simplex,UHF (300 MHz-3 GHz),3,455.1563,476.3938
LES OLEARY LIMITED,Land Mobile,Simplex,VHF (30-300 MHz),3,150.8625,166.3
LINFOX LOGISTICS (N.Z.) LIMITED,Land Mobile,Simplex,UHF (300 MHz-3 GHz),3,482.4938,483.6563
"LION - BEER, SPIRITS & WINE (NZ) LIMITED",Land Mobile,Simplex,UHF (300 MHz-3 GHz),3,458.3688,458.5313
LUMBERJACK LOGGING LIMITED,Land Mobile,Simplex,VHF (30-300 MHz),3,165.7625,172.8125
M BUSHELL,Land Mobile,Simplex,VHF (30-300 MHz),3,150.625,150.925
M E LEASK,Maritime,Unspecified,MF (300 kHz-3 MHz),3,2.0464,2.4454
M2 MOTOR SPORT LIMITED,Land Mobile,Simplex,UHF (300 MHz-3 GHz),3,477.5688,483.1688
MACAULAY METALS LIMITED,Land Mobile,Simplex,UHF (300 MHz-3 GHz),3,458.4813,466.9813
MANAWATU AMATEUR RADIO SOCIETY INCORPORATED,Amateur,Mobile Transmit,UHF (300 MHz-3 GHz),3,433.525,434.125
MANAWATU MINI SPREADERS,Land Mobile,Simplex,VHF (30-300 MHz),3,153.5563,153.5563
MANAWATU-WANGANUI REGIONAL COUNCIL,Land Mobile,Simplex,UHF (300 MHz-3 GHz),3,458.4563,483.6313
MANGOIHE GROUND BASE LIMITED,Land Mobile,Simplex,VHF (30-300 MHz),3,170.325,170.325
MANIOTOTO CONTRACTING (2004) LIMITED,Land Mobile,Simplex,VHF (30-300 MHz),3,166.675,172.725
MARINETEC ENGINEERING LIMITED,Land Mobile,Simplex,UHF (300 MHz-3 GHz),3,471.7188,489.3813
MARLBOROUGH DISTRICT COUNCIL,Fixed Link,Uni-directional,UHF (300 MHz-3 GHz),3,450.2375,450.2375
MARLBOROUGH DISTRICT COUNCIL,Meteorological,Unspecified,EHF (>30 GHz),3,80000.0,80000.0
MARLBOROUGH LINES LIMITED,Land Mobile,Simplex,VHF (30-300 MHz),3,150.9125,153.5563
MARSH CONTRACTING LIMITED,Land Mobile,Simplex,UHF (300 MHz-3 GHz),3,453.3938,458.5188
MARSHALL LOGGING LIMITED,Land Mobile,Simplex,VHF (30-300 MHz),3,172.55,172.975
MASTERTON DISTRICT COUNCIL,Aeronautical,Base Station,VHF (30-300 MHz),3,119.1,132.8
MBD CONTRACTING LIMITED,Land Mobile,Simplex,VHF (30-300 MHz),3,150.1375,153.4938
MCCORMICK LOGGING LTD,Land Mobile,Simplex,VHF (30-300 MHz),3,150.2875,153.5313
MCDERMOTT EARTHWORKS LIMITED,Land Mobile,Simplex,VHF (30-300 MHz),3,150.0625,150.225
MCINDOE LOGGING LIMITED,Land Mobile,Simplex,VHF (30-300 MHz),3,150.15,150.925
METHVEN SEARCH & RESCUE,Land Mobile,Simplex,HF (3-30 MHz),3,3.0244,5.6814
METLIFECARE RETIREMENT VILLAGES LIMITED,Paging,Unspecified,VHF (30-300 MHz),3,160.4625,160.5625
MHV WATER LIMITED,Land Mobile,Mobile Transmit,UHF (300 MHz-3 GHz),3,472.1875,472.5438
MHV WATER LIMITED,Land Mobile,Repeater,UHF (300 MHz-3 GHz),3,478.175,478.5313
MICROSOFT NEW ZEALAND LTD,Land Mobile,Repeater,UHF (300 MHz-3 GHz),3,463.4313,464.0188
MICROSOFT NEW ZEALAND LTD,Land Mobile,Simplex,UHF (300 MHz-3 GHz),3,461.6188,465.0063
MICROSOFT NEW ZEALAND LTD,Land Mobile,Mobile Transmit,UHF (300 MHz-3 GHz),3,468.6188,469.2063
MIDLAND SCAFFOLDING & RIGGING LIMITED,Land Mobile,Simplex,UHF (300 MHz-3 GHz),3,488.2688,489.6813
MIKE HURRING LOGGING LTD,Land Mobile,Simplex,VHF (30-300 MHz),3,150.1875,150.65
MINARET STATION LTD,Land Mobile,Mobile Transmit,VHF (30-300 MHz),3,155.4313,169.9125
MINARET STATION LTD,Land Mobile,Repeater,VHF (30-300 MHz),3,151.25,165.3125
MJF LIGHTING LTD,Land Mobile,Simplex,UHF (300 MHz-3 GHz),3,477.7063,488.3188
MJH ENGINEERING LTD,Land Mobile,Simplex,UHF (300 MHz-3 GHz),3,455.1188,466.9813
MOBIL OIL (NZ) LTD,Land Mobile,Simplex,UHF (300 MHz-3 GHz),3,453.3188,455.2563
MOBIL OIL NEW ZEALAND LIMITED,Land Mobile,Repeater,UHF (300 MHz-3 GHz),3,456.3688,462.7688
MOBIL OIL NEW ZEALAND LIMITED,Land Mobile,Mobile Transmit,UHF (300 MHz-3 GHz),3,451.3313,467.9563
MOTUEKA BRANCH OF THE NEW ZEALAND ASSOCIATION OF RADIO TRANSMITTERS INCORPORATED,Amateur,Mobile Transmit,VHF (30-300 MHz),3,146.1,147.975
MOTUEKA BRANCH OF THE NEW ZEALAND ASSOCIATION OF RADIO TRANSMITTERS INCORPORATED,Amateur,Repeater,VHF (30-300 MHz),3,146.35,147.375
MOUNT CAMPBELL CONNECT LIMITED,Land Mobile,Mobile Transmit,UHF (300 MHz-3 GHz),3,407.6375,468.2438
MOUNTAIN HELICOPTERS FOX GLACIER LIMITED,Land Mobile,Simplex,VHF (30-300 MHz),3,150.4375,150.4375
MT LYFORD SKI AREA,Land Mobile,Simplex,VHF (30-300 MHz),3,150.8625,150.8625
MUSEUM OF NEW ZEALAND TE PAPA TONGAREWA,Land Mobile,Simplex,UHF (300 MHz-3 GHz),3,455.0188,455.2938
MUSEUM OF TRANSPORT AND TECHNOLOGY,Land Mobile,Repeater,VHF (30-300 MHz),3,151.9875,152.4875
MUSEUM OF TRANSPORT AND TECHNOLOGY,Land Mobile,Mobile Transmit,VHF (30-300 MHz),3,153.7688,154.2688
MUSICK POINT RADIO GROUP INCORPORATED,Amateur,Repeater,UHF (300 MHz-3 GHz),3,439.575,1294.625
MY FOOD BAG LIMITED,Land Mobile,Simplex,UHF (300 MHz-3 GHz),3,464.8688,488.7563
Mainfreight,Land Mobile,Simplex,UHF (300 MHz-3 GHz),3,453.3438,455.2438
Matthew Shelton,Land Mobile,Simplex,VHF (30-300 MHz),3,165.725,166.65
Michael Bowen,Land Mobile,Simplex,VHF (30-300 MHz),3,170.75,170.825
MidCentral District Health Board,Paging,Unspecified,VHF (30-300 MHz),3,160.3375,160.3625
NCI PACKAGING (N.Z.) LIMITED,Land Mobile,Simplex,UHF (300 MHz-3 GHz),3,488.3438,489.8313
NELSON CAR CLUB INC,Land Mobile,Simplex,VHF (30-300 MHz),3,150.2125,171.225
NELSON CITY COUNCIL,Land Mobile,Simplex,VHF (30-300 MHz),3,172.35,172.8625
NELSON MARLBOROUGH AREA HEALTH BOARD,Paging,Unspecified,VHF (30-300 MHz),3,31.4,160.5875
NETWORK TASMAN LTD,Land Mobile,Simplex,VHF (30-300 MHz),3,150.075,165.7875
NEW PLYMOUTH DISTRICT COUNCIL,Land Mobile,Simplex,UHF (300 MHz-3 GHz),3,453.3063,453.3688
NEW PLYMOUTH DISTRICT COUNCIL,Land Mobile,Mobile Transmit,UHF (300 MHz-3 GHz),3,452.4188,472.0063
NEW PLYMOUTH DISTRICT COUNCIL,Land Mobile,Repeater,UHF (300 MHz-3 GHz),3,457.4563,477.9938
NEW ZEALAND AUDIO,Land Mobile,Simplex,UHF (300 MHz-3 GHz),3,470.7688,477.6063
NEW ZEALAND CLASSIC MOTOR CYCLE RACING REGISTER INCORPORATED,Land Mobile,Simplex,UHF (300 MHz-3 GHz),3,482.6063,483.1688
NEW ZEALAND CUSTOMS SERVICE(NATIONAL MANAGER BORDER OPERATIONS),Land Mobile,Simplex,UHF (300 MHz-3 GHz),3,455.2313,465.0563
NEW ZEALAND LAND SEARCH AND RESCUE INCORPORATED,Maritime,Unspecified,MF (300 kHz-3 MHz),3,2.0464,2.4454
NEW ZEALAND POLICE,Fixed Link,Bi-directional,UHF (300 MHz-3 GHz),3,454.15,459.1875
NEW ZEALAND RESEARCH VESSELS LIMITED,Land Mobile,Simplex,UHF (300 MHz-3 GHz),3,476.3313,488.2438
NEW ZEALAND WINERIES LIMITED,Land Mobile,Simplex,UHF (300 MHz-3 GHz),3,482.9063,483.9313
NEWCREST CONSTRUCTION LIMITED,Land Mobile,Simplex,VHF (30-300 MHz),3,166.2,166.6375
NEWLANDS GROUP LIMITED,Land Mobile,Simplex,VHF (30-300 MHz),3,166.35,172.725
NEWMONT WAIHI GOLD LTD,Land Mobile,Mobile Transmit,UHF (300 MHz-3 GHz),3,469.1188,469.7938
NEWMONT WAIHI GOLD LTD,Land Mobile,Repeater,UHF (300 MHz-3 GHz),3,463.9313,464.6063
NEXT GENERATION CLUBS NZ LIMITED,Land Mobile,Simplex,UHF (300 MHz-3 GHz),3,476.3563,483.4313
NGA KAITIAKI I TE REO WHAKAPAOHO O TE HIKU O TE IKA,Broadcasting,Unspecified,VHF (30-300 MHz),3,97.1,104.3
NGATAI ELECTRICAL LIMITED,Land Mobile,Simplex,UHF (300 MHz-3 GHz),3,477.8688,482.6063
NGATI POROU FORESTS LIMITED,Land Mobile,Repeater,VHF (30-300 MHz),3,152.875,153.0
NGATI POROU FORESTS LIMITED,Land Mobile,Mobile Transmit,VHF (30-300 MHz),3,154.6563,154.7813
NGATI TUWHARETOA GEOTHERMAL ASSETS LIMITED,Land Mobile,Simplex,UHF (300 MHz-3 GHz),3,477.6188,482.6063
NIKAU CONTRACTORS LIMITED,Land Mobile,Simplex,UHF (300 MHz-3 GHz),3,482.5438,483.7563
NORTH SHORE AERO CLUB INC,Aeronautical,Base Station,VHF (30-300 MHz),3,118.0,130.45
NORTHLAND COASTGUARD AIR PATROL,Aeronautical,Base Station,VHF (30-300 MHz),3,119.1,130.025
NORTHPOWER LIMITED,Land Mobile,Repeater,UHF (300 MHz-3 GHz),3,462.15,463.5563
NORTHPOWER LIMITED,Land Mobile,Mobile Transmit,UHF (300 MHz-3 GHz),3,467.3375,468.7438
NZ APPLICATION SERVICE LIMITED,Land Mobile,Simplex,UHF (300 MHz-3 GHz),3,458.4313,466.8563
NZ DEFENCE FORCE HEADQUARTERS,Paging,Unspecified,VHF (30-300 MHz),3,160.3375,160.4375
NZ DEFENCE FORCE HEADQUARTERS,Radiodetermination,Unspecified,SHF (3-30 GHz),3,9325.0,13700.0
NZ FOREST WORKS LIMITED,Land Mobile,Simplex,VHF (30-300 MHz),3,150.35,153.5563
NZART CHRISTCHURCH BRANCH 05 INC,Amateur,Repeater,UHF (300 MHz-3 GHz),3,438.975,439.7
NZART NELSON BRANCH INC,Amateur,Mobile Transmit,VHF (30-300 MHz),3,146.2,147.8
NZART SOUTH CANTERBURY BRANCH INC,Amateur,Mobile Transmit,VHF (30-300 MHz),3,146.025,146.35
NZEC MANAGEMENT LIMITED,Land Mobile,Mobile Transmit,VHF (30-300 MHz),3,153.8813,155.6813
NZEC MANAGEMENT LIMITED,Land Mobile,Repeater,VHF (30-300 MHz),3,151.5,153.125
NZONE ENTERPRISES LIMITED,Land Mobile,Simplex,UHF (300 MHz-3 GHz),3,483.4188,483.6313
NZONE ENTERPRISES LIMITED,Land Mobile,Simplex,VHF (30-300 MHz),3,165.7625,165.9875
Nelson Marlborough Institute of Technology,Maritime,Unspecified,MF (300 kHz-3 MHz),3,2.1834,2.4454
Nga Tangata Tiaki o Whanganui,Broadcasting,Unspecified,VHF (30-300 MHz),3,91.0,100.0
North Canterbury Radio Trust,Broadcasting,Unspecified,VHF (30-300 MHz),3,103.7,104.9
North Taranaki Maori Wardens Association,Land Mobile,Simplex,UHF (300 MHz-3 GHz),3,465.0063,477.6313
OAMARU MEATS LIMITED,Land Mobile,Simplex,VHF (30-300 MHz),3,165.7375,165.9125
OCKHAM CONSTRUCTION LIMITED,Land Mobile,Simplex,UHF (300 MHz-3 GHz),3,464.9813,482.1438
ODERINGS NURSERIES LTD,Land Mobile,Simplex,VHF (30-300 MHz),3,150.1125,153.5938
OFF-ROAD ADVENTURES QUEENSTOWN LIMITED,Land Mobile,Simplex,VHF (30-300 MHz),3,172.8625,172.8625
OHAKUNE MACHINERY HIRE & TRANSPORT LIMITED,Land Mobile,Simplex,VHF (30-300 MHz),3,166.0625,166.0625
OJI FIBRE SOLUTIONS (NZ) LIMITED,Land Mobile,Repeater,UHF (300 MHz-3 GHz),3,480.2313,480.7813
OJI FIBRE SOLUTIONS (NZ) LIMITED,Land Mobile,Mobile Transmit,UHF (300 MHz-3 GHz),3,474.2438,474.7938
OREGON ITM FRAME AND TRUSS LIMITED,Land Mobile,Simplex,UHF (300 MHz-3 GHz),3,483.7688,488.9813
OTAGO UNIVERSITY STUDENTS ASSOCIATION,Fixed Link,Uni-directional,UHF (300 MHz-3 GHz),3,846.75,916.875
OVERDIMENSIONAL TRANSPORT SERVICES LIMITED,Land Mobile,Simplex,UHF (300 MHz-3 GHz),3,458.3438,461.5438
OXBOW LIMITED,Land Mobile,Simplex,VHF (30-300 MHz),3,166.475,172.3
Otago Rugby Football Union Incorporated,Land Mobile,Simplex,UHF (300 MHz-3 GHz),3,466.7188,466.9188
P.P.G.S. LOGGING LTD,Land Mobile,Simplex,UHF (300 MHz-3 GHz),3,461.5563,464.9938
PALMERSTON NORTH CITY COUNCIL,Land Mobile,Simplex,VHF (30-300 MHz),3,165.7625,170.8375
PALMERSTON NORTH SPEEDWAY LIMITED,Land Mobile,Simplex,UHF (300 MHz-3 GHz),3,483.0938,483.9188
PAN PAC FOREST PRODUCTS LTD,Land Mobile,Simplex,UHF (300 MHz-3 GHz),3,458.4813,464.9688
PAN PAC FOREST PRODUCTS LTD,Telemetry & Telecommand,Uni-directional,UHF (300 MHz-3 GHz),3,471.025,471.3
PAPPNS TRADING COMPANY LIMITED,Land Mobile,Simplex,UHF (300 MHz-3 GHz),3,449.9438,453.4688
PARININIHI KI WAITOTARA INCORPORATION,Land Mobile,Simplex,VHF (30-300 MHz),3,150.5625,150.6375
PEDERSEN KINLEITH LIMITED,Land Mobile,Simplex,UHF (300 MHz-3 GHz),3,453.4563,453.5313
PENINSULA FORESTRY SERVICES LIMITED,Land Mobile,Simplex,VHF (30-300 MHz),3,150.8375,153.5563
PERMAPINE LIMITED,Land Mobile,Simplex,UHF (300 MHz-3 GHz),3,455.0563,458.3563
PF OLSEN GROUP HOLDINGS LIMITED,Land Mobile,Simplex,VHF (30-300 MHz),3,165.7375,165.975
PIETERS HORTICULTURE LIMITED,Land Mobile,Simplex,UHF (300 MHz-3 GHz),3,476.2938,477.8688
PIPELINE AND CIVIL LTD,Land Mobile,Simplex,UHF (300 MHz-3 GHz),3,453.3063,466.9938
PLANEBIZ LTD,Land Mobile,Mobile Transmit,UHF (300 MHz-3 GHz),3,450.5813,472.7375
PLANEBIZ LTD,Land Mobile,Repeater,UHF (300 MHz-3 GHz),3,455.6188,478.725
POHUTUKAWA COAST BIKE CLUB INCORPORATED,Land Mobile,Simplex,VHF (30-300 MHz),3,166.4625,170.3125
PORT NELSON LIMITED,Maritime,Unspecified,VHF (30-300 MHz),3,156.6,156.8
PORT OF TAURANGA LIMITED,Fixed Link,Uni-directional,UHF (300 MHz-3 GHz),3,450.0875,453.6813
PORT OF TAURANGA LIMITED,Telemetry & Telecommand,Uni-directional,UHF (300 MHz-3 GHz),3,471.1,471.475
PORT OTAGO LIMITED,Fixed Link,Uni-directional,UHF (300 MHz-3 GHz),3,450.0125,450.0125
PORT OTAGO LIMITED,Telemetry & Telecommand,Uni-directional,UHF (300 MHz-3 GHz),3,471.3,471.475
PORT TARANAKI LIMITED,Fixed Link,Uni-directional,UHF (300 MHz-3 GHz),3,450.0375,450.1875
PORTERS SKI AREA LIMITED,Land Mobile,Simplex,UHF (300 MHz-3 GHz),3,455.0813,461.5063
PR HOTELS LIMITED,Land Mobile,Simplex,UHF (300 MHz-3 GHz),3,458.6188,464.8313
PREMIER BEEHIVE NZ,Land Mobile,Simplex,UHF (300 MHz-3 GHz),3,458.3438,461.6063
PREMIERE EXHIBITIONS LIMITED,Land Mobile,Simplex,UHF (300 MHz-3 GHz),3,461.5313,466.9063
PRIME ELECTRICAL & DATA SERVICES LIMITED,Land Mobile,Simplex,UHF (300 MHz-3 GHz),3,481.9938,482.1938
PRIME PANELS NEW ZEALAND LIMITED,Land Mobile,Simplex,UHF (300 MHz-3 GHz),3,476.3188,477.8688
PRIME SPEED SPORT LIMITED,Land Mobile,Simplex,UHF (300 MHz-3 GHz),3,477.9813,489.0313
PRO AG CONTRACTING LIMITED,Land Mobile,Simplex,UHF (300 MHz-3 GHz),3,458.3438,458.6563
PRO-TECT (AUCK) LIMITED,Land Mobile,Simplex,UHF (300 MHz-3 GHz),3,449.9563,458.4063
PRORISK NZ LIMITED,Land Mobile,Simplex,UHF (300 MHz-3 GHz),3,477.5438,482.4938
PUKEPINE SAWMILLS (1998) LTD,Land Mobile,Simplex,UHF (300 MHz-3 GHz),3,455.0188,458.6313
PURE TUROA LIMITED,Land Mobile,Mobile Transmit,UHF (300 MHz-3 GHz),3,451.2063,452.4438
PURE TUROA LIMITED,Land Mobile,Repeater,UHF (300 MHz-3 GHz),3,456.2438,457.4813
Porirua City Council,Land Mobile,Simplex,UHF (300 MHz-3 GHz),3,461.5313,461.7188
QUALITY DEMOLITION & CONTRACTING (2011) LIMITED,Land Mobile,Simplex,UHF (300 MHz-3 GHz),3,458.6438,466.7063
QUALITY TRAFFIC MANAGEMENT LIMITED,Land Mobile,Simplex,UHF (300 MHz-3 GHz),3,488.3438,489.0688
QUEENSTOWN ALPINE SKI TEAM,Land Mobile,Simplex,UHF (300 MHz-3 GHz),3,461.7063,464.9563
QUEENSTOWN LAKES DISTRICT COUNCIL,Fixed Link,Bi-directional,UHF (300 MHz-3 GHz),3,454.9688,460.0063
R.E.M. FARMING LIMITED,Land Mobile,Simplex,VHF (30-300 MHz),3,84.3,150.6
RACE LAB LIMITED,Land Mobile,Simplex,UHF (300 MHz-3 GHz),3,470.7688,470.8563
RADIO COROMANDEL LIMITED,Fixed Link,Uni-directional,UHF (300 MHz-3 GHz),3,844.75,930.25
RADIO NEW ZEALAND LIMITED,Land Mobile,Simplex,UHF (300 MHz-3 GHz),3,477.5688,489.8688
RADIO SYSTEMS LIMITED,Land Mobile,Repeater,UHF (300 MHz-3 GHz),3,463.1813,464.3438
RADIO SYSTEMS LIMITED,Land Mobile,Mobile Transmit,UHF (300 MHz-3 GHz),3,468.3688,469.5313
RAVENSDOWN AEROWORK LIMITED,Aeronautical,Base Station,VHF (30-300 MHz),3,133.05,133.325
RAYLAND ENTERPRISES LIMITED,Land Mobile,Simplex,UHF (300 MHz-3 GHz),3,470.8188,477.6563
RED RAT CLOTHING LIMITED,Land Mobile,Simplex,UHF (300 MHz-3 GHz),3,458.4063,461.7563
REDWOODS OUTDOOR ACTIVITIES NZ LIMITED,Land Mobile,Simplex,UHF (300 MHz-3 GHz),3,482.7563,483.5063
REMOTE NETWORKS LIMITED,Land Mobile,Mobile Transmit,VHF (30-300 MHz),3,169.0125,169.9125
REMOTE NETWORKS LIMITED,Land Mobile,Repeater,VHF (30-300 MHz),3,164.4125,165.3125
RESERVE BANK OF NEW ZEALAND,Land Mobile,Simplex,UHF (300 MHz-3 GHz),3,461.5188,461.7438
RHYTHM & ALPS LIMITED,Land Mobile,Simplex,UHF (300 MHz-3 GHz),3,482.8313,483.4813
RIEDEL COMMUNICATIONS AUSTRALIA PTY LTD,Land Mobile,Simplex,UHF (300 MHz-3 GHz),3,477.5813,489.0563
RIMANUI FARMS LTD,Land Mobile,Mobile Transmit,VHF (30-300 MHz),3,155.9688,169.5375
RIMANUI FARMS LTD,Land Mobile,Repeater,VHF (30-300 MHz),3,151.7875,164.9375
ROBERT PASCOE CARRIERS LIMITED,Land Mobile,Simplex,UHF (300 MHz-3 GHz),3,453.5438,464.8938
ROCK QUEST PROMOTIONS LIMITED,Land Mobile,Simplex,UHF (300 MHz-3 GHz),3,477.6313,482.9438
ROCKIT PACKING COMPANY LIMITED,Land Mobile,Simplex,UHF (300 MHz-3 GHz),3,483.7438,483.8438
RODNEY AMATEUR RADIO CLUB INC,Amateur,Mobile Transmit,VHF (30-300 MHz),3,146.25,147.9
ROTORUA BRANCH 33 (NZART) INC,Amateur,Repeater,VHF (30-300 MHz),3,144.35,147.35
ROTORUANZ LIMITED,Land Mobile,Simplex,UHF (300 MHz-3 GHz),3,461.5813,464.8563
ROUTEBURN WALK LTD,Land Mobile,Repeater,VHF (30-300 MHz),3,151.125,151.45
ROUTEBURN WALK LTD,Land Mobile,Simplex,VHF (30-300 MHz),3,150.1,150.1
ROUTEBURN WALK LTD,Land Mobile,Mobile Transmit,VHF (30-300 MHz),3,155.3063,155.6313
ROYS PEAK RADIO USERS INCORPORATED,Land Mobile,Repeater,VHF (30-300 MHz),3,151.025,164.2125
ROYS PEAK RADIO USERS INCORPORATED,Land Mobile,Mobile Transmit,VHF (30-300 MHz),3,155.2063,168.8125
RUAPEHU DISTRICT COUNCIL,Telemetry & Telecommand,Uni-directional,UHF (300 MHz-3 GHz),3,471.125,471.125
Raukawa Charitable Trust,Broadcasting,Unspecified,VHF (30-300 MHz),3,90.6,95.7
Retailors,Land Mobile,Simplex,UHF (300 MHz-3 GHz),3,466.7063,466.8938
S P MANN,Land Mobile,Simplex,VHF (30-300 MHz),3,84.4875,170.7625
SAFARI GROUP (NZ) LIMITED,Land Mobile,Simplex,UHF (300 MHz-3 GHz),3,470.8438,477.8688
SAINT CLAIR ESTATE WINES LIMITED,Land Mobile,Simplex,UHF (300 MHz-3 GHz),3,470.7688,477.5938
SANDERSON GROUP LIMITED,Land Mobile,Simplex,UHF (300 MHz-3 GHz),3,453.3688,455.2813
SATHERLEY LOGGING (2006) LIMITED,Land Mobile,Simplex,VHF (30-300 MHz),3,150.925,159.2
SCHICK CONSTRUCTION & CARTAGE LTD,Land Mobile,Simplex,UHF (300 MHz-3 GHz),3,458.6563,464.9938
SHANNON BULK HAULAGE LIMITED,Land Mobile,Simplex,VHF (30-300 MHz),3,166.35,166.35
SHAW'S WIRE ROPES LIMITED,Land Mobile,Simplex,VHF (30-300 MHz),3,150.9625,153.5563
SKIPPS LOGGING LIMITED,Land Mobile,Simplex,VHF (30-300 MHz),3,150.3,150.8125
SOUND AND RADIO COMMUNICATION LIMITED,Land Mobile,Simplex,HF (3-30 MHz),3,3.3494,7.4254
SOUTH TARANAKI DISTRICT COUNCIL,Land Mobile,Mobile Transmit,UHF (300 MHz-3 GHz),3,450.9688,468.1313
SOUTH TARANAKI DISTRICT COUNCIL,Land Mobile,Repeater,UHF (300 MHz-3 GHz),3,456.0063,462.9438
SOUTHERN HEMISPHERE PROVING GROUNDS LIMITED,Land Mobile,Repeater,UHF (300 MHz-3 GHz),3,462.8063,463.9688
SOUTHERN HEMISPHERE PROVING GROUNDS LIMITED,Land Mobile,Mobile Transmit,UHF (300 MHz-3 GHz),3,467.9938,469.1563
SOUTHERN LAKES HELICOPTERS LIMITED,Land Mobile,Simplex,HF (3-30 MHz),3,3.3374,5.4714
SOUTHERN SCREENWORKS LIMITED,Land Mobile,Simplex,VHF (30-300 MHz),3,150.075,150.95
SOUTHLAND MARITIME VHF USERS ASSOCIATION INC,Maritime,Repeater,VHF (30-300 MHz),3,160.65,160.775
SOUTHLAND MARITIME VHF USERS ASSOCIATION INC,Maritime,Mobile Transmit,VHF (30-300 MHz),3,156.05,156.175
SOUTHLAND SPORTS CAR CLUB INC,Land Mobile,Simplex,UHF (300 MHz-3 GHz),3,483.5938,483.9563
SPECTRUM LIGHTING AND SOUND 2019 LIMITED,Land Mobile,Simplex,VHF (30-300 MHz),3,150.125,150.9875
SPHC EQUITIES LIMITED,Land Mobile,Simplex,UHF (300 MHz-3 GHz),3,461.5063,464.9563
STEELSERV LIMITED,Land Mobile,Simplex,UHF (300 MHz-3 GHz),3,482.5438,482.7438
STEVENSON CONSTRUCTION MATERIALS LIMITED,Land Mobile,Simplex,VHF (30-300 MHz),3,84.5,150.1
STRATEGIC SECURITY GROUP LIMITED,Land Mobile,Simplex,UHF (300 MHz-3 GHz),3,458.4688,461.7563
SUB SURFACE DRILLING LIMITED,Land Mobile,Simplex,UHF (300 MHz-3 GHz),3,466.7063,466.9563
SYNLAIT MILK LIMITED,Land Mobile,Simplex,UHF (300 MHz-3 GHz),3,477.6688,483.4938
St Lukes Group (No 2) Limited,Land Mobile,Simplex,UHF (300 MHz-3 GHz),3,470.7813,488.3063
TACTICAL SOLUTIONS LIMITED,Land Mobile,Simplex,UHF (300 MHz-3 GHz),3,477.7063,489.0688
TAGGART EARTHMOVING LIMITED,Land Mobile,Simplex,VHF (30-300 MHz),3,150.1875,165.825
TAHAROA IRONSANDS LIMITED,Telemetry & Telecommand,Uni-directional,UHF (300 MHz-3 GHz),3,471.025,471.05
TAIRAWHITI DHB,Land Mobile,Simplex,VHF (30-300 MHz),3,150.6125,171.175
TAIT INTERNATIONAL LIMITED,Land Mobile,Simplex,UHF (300 MHz-3 GHz),3,465.1188,868.6813
TALLEY'S LIMITED,Maritime,Unspecified,MF (300 kHz-3 MHz),3,2.0464,2.4454
TALLEY'S LIMITED,Paging,Unspecified,VHF (30-300 MHz),3,160.4875,160.5375
TAUMARUNUI RTUA,Land Mobile,Repeater,VHF (30-300 MHz),3,151.4,152.1875
TAUMARUNUI RTUA,Land Mobile,Mobile Transmit,VHF (30-300 MHz),3,153.9688,155.7938
TAURANGA RADIO CLUB INCORPORATED,Amateur,Repeater,UHF (300 MHz-3 GHz),3,433.025,433.55
TAURANGA RADIO CLUB INCORPORATED,Amateur,Mobile Transmit,UHF (300 MHz-3 GHz),3,438.025,438.55
TAURANGA VOLUNTEER COASTGUARD ASSOCIATION INCORPORATED,Maritime,Unspecified,MF (300 kHz-3 MHz),3,2.0464,2.4454
TE ARAI LINKS,Land Mobile,Simplex,VHF (30-300 MHz),3,165.7375,166.0625
TE ARAI LINKS,Land Mobile,Repeater,VHF (30-300 MHz),3,151.0625,151.6125
TE ARAI LINKS,Land Mobile,Mobile Transmit,VHF (30-300 MHz),3,155.2438,155.7938
TE PUKE AMATEUR RADIO CLUB INCORPORATED,Amateur,Repeater,VHF (30-300 MHz),3,144.575,147.175
TE REO IRIRANGI O TARANAKI CHARITABLE TRUST,Broadcasting,Unspecified,VHF (30-300 MHz),3,94.8,98.4
TE REO IRIRANGI O TE MANUKA TUTAHI TRUST,Fixed Link,Uni-directional,UHF (300 MHz-3 GHz),3,422.6625,930.75
TE RUNANGA O TURANGANUI A KIWA,Broadcasting,Unspecified,VHF (30-300 MHz),3,91.7,98.1
TEGEL FOODS LIMITED,Land Mobile,Repeater,UHF (300 MHz-3 GHz),3,455.9313,480.1813
TEGEL FOODS LIMITED,Land Mobile,Mobile Transmit,UHF (300 MHz-3 GHz),3,450.8938,474.1938
TEGEL FOODS LTD,Land Mobile,Mobile Transmit,UHF (300 MHz-3 GHz),3,467.2813,472.2688
TEGEL FOODS LTD,Land Mobile,Repeater,UHF (300 MHz-3 GHz),3,462.0938,478.2563
TEMPLE BASIN SKI CLUB INCORPORATED,Land Mobile,Simplex,VHF (30-300 MHz),3,150.375,150.925
TENON CLEARWOOD LIMITED PARTNERSHIP,Telemetry & Telecommand,Uni-directional,UHF (300 MHz-3 GHz),3,466.8125,471.475
THE FRESH FRUIT COMPANY OF NEW ZEALAND LIMITED,Land Mobile,Simplex,UHF (300 MHz-3 GHz),3,458.3813,466.9563
THE HELICOPTER LINE LTD,Land Mobile,Simplex,VHF (30-300 MHz),3,150.1625,150.8
THE MOKIHINUI-LYELL BACKCOUNTRY TRUST,Land Mobile,Mobile Transmit,VHF (30-300 MHz),3,155.5313,155.9438
THE MOKIHINUI-LYELL BACKCOUNTRY TRUST,Land Mobile,Repeater,VHF (30-300 MHz),3,151.35,151.7625
THE TASMAN BROADCASTING TRUST,Broadcasting,Unspecified,VHF (30-300 MHz),3,88.9,104.8
THE TATUA CO-OPERATIVE DAIRY COMPANY LIMITED,Land Mobile,Mobile Transmit,UHF (300 MHz-3 GHz),3,473.7188,473.9938
THE TATUA CO-OPERATIVE DAIRY COMPANY LIMITED,Land Mobile,Repeater,UHF (300 MHz-3 GHz),3,479.7063,479.9813
THE ULTIMATE CARE GROUP LIMITED,Paging,Unspecified,VHF (30-300 MHz),3,160.3375,160.5875
TIAKI PLANTATIONS COMPANY,Land Mobile,Simplex,HF (3-30 MHz),3,3.3494,7.4254
TIMARU CONTAINER TERMINAL LIMITED,Maritime,Unspecified,MF (300 kHz-3 MHz),3,2.0464,2.1834
TODD GENERATION LIMITED,Land Mobile,Mobile Transmit,UHF (300 MHz-3 GHz),3,469.2313,469.5938
TODD GENERATION LIMITED,Land Mobile,Repeater,UHF (300 MHz-3 GHz),3,464.0438,464.4063
TOM & JERRY ENTERPRISES LIMITED,Land Mobile,Simplex,UHF (300 MHz-3 GHz),3,449.9438,453.5438
TOUR SECURITY LIMITED,Land Mobile,Simplex,UHF (300 MHz-3 GHz),3,458.4063,466.9563
TRANSAM NEW ZEALAND LIMITED,Land Mobile,Simplex,UHF (300 MHz-3 GHz),3,458.3688,461.7688
TRH SERVICES LIMITED,Land Mobile,Simplex,UHF (300 MHz-3 GHz),3,483.4938,488.2688
TUI GARDEN PRODUCTS LIMITED,Land Mobile,Simplex,UHF (300 MHz-3 GHz),3,483.9688,489.0563
Taualai  Wells,Land Mobile,Simplex,UHF (300 MHz-3 GHz),3,449.9344,476.2906
Tim Earl,Land Mobile,Simplex,UHF (300 MHz-3 GHz),3,455.1688,455.2438
Tuapiro Marae Charitable Trust,Land Mobile,Simplex,VHF (30-300 MHz),3,150.1625,150.4125
TŪ ĀTEA LIMITED,Spectrum Licence,Unspecified,UHF (300 MHz-3 GHz),3,2382.5,2382.5
UNIVERSITY OF CANTERBURY STUDENTS' ASSOCIATION INCORPORATED,Broadcasting,Unspecified,VHF (30-300 MHz),3,98.5,98.5
UNIVERSITY OF WAIKATO,Land Mobile,Repeater,UHF (300 MHz-3 GHz),3,456.4188,456.4938
UNIVERSITY OF WAIKATO,Land Mobile,Mobile Transmit,UHF (300 MHz-3 GHz),3,451.3813,451.4563
UPPER HUTT BRANCH NZART INC,Amateur,Repeater,VHF (30-300 MHz),3,53.95,147.3
UPPER HUTT BRANCH NZART INC,Amateur,Mobile Transmit,VHF (30-300 MHz),3,52.95,147.9
UPPER HUTT CITY COUNCIL,Land Mobile,Simplex,UHF (300 MHz-3 GHz),3,453.6188,476.1188
UPSTAGE PRODUCTIONS (2011) LIMITED,Land Mobile,Simplex,VHF (30-300 MHz),3,84.35,170.775
VALLEY DEEP LOGGING LIMITED,Land Mobile,Simplex,VHF (30-300 MHz),3,171.2875,172.8125
VAN LEEUWEN LOGGING,Land Mobile,Simplex,VHF (30-300 MHz),3,153.5313,166.025
VECTOR LIMITED,Land Mobile,Repeater,UHF (300 MHz-3 GHz),3,478.1813,478.3563
VECTOR LIMITED,Land Mobile,Mobile Transmit,UHF (300 MHz-3 GHz),3,472.1938,472.3688
VENTIA NZ LIMITED,Land Mobile,Simplex,UHF (300 MHz-3 GHz),3,449.9438,455.0438
VILLA MARIA ESTATE LIMITED,Land Mobile,Simplex,UHF (300 MHz-3 GHz),3,477.5438,477.9813
VISION COMPLETE EARTHWORKS LIMITED,Land Mobile,Simplex,UHF (300 MHz-3 GHz),3,455.1063,466.6938
VITAL LIMITED,Aeronautical,Base Station,VHF (30-300 MHz),3,133.65,133.65
VITAL LIMITED,Maritime,Mobile Transmit,VHF (30-300 MHz),3,157.5,157.55
VITAL LIMITED,Maritime,Repeater,VHF (30-300 MHz),3,162.1,162.15
VORTEX VENTURES LIMITED,Land Mobile,Simplex,VHF (30-300 MHz),3,150.125,150.9625
WA Flipp,Land Mobile,Simplex,UHF (300 MHz-3 GHz),3,453.3563,453.3563
WAIKATO RUGBY UNION INCORPORATED,Land Mobile,Simplex,UHF (300 MHz-3 GHz),3,449.9313,455.1188
WAIKATO SOUND & LIGHTING 2010 LIMITED,Land Mobile,Simplex,UHF (300 MHz-3 GHz),3,458.5188,466.7063
WAIKAWA FISHING CO LTD,Maritime,Unspecified,MF (300 kHz-3 MHz),3,2.0464,2.4454
WAIMEA CONTRACT CARRIERS LTD,Land Mobile,Simplex,VHF (30-300 MHz),3,165.7375,166.3125
WAIRARAPA AMATEUR RADIO CLUB INC,Amateur,Repeater,VHF (30-300 MHz),3,146.8,147.325
WAIRARAPA AMATEUR RADIO CLUB INC,Amateur,Mobile Transmit,VHF (30-300 MHz),3,146.2,147.925
WAIRARAPA DISTRICT HEALTH BOARD,Land Mobile,Simplex,UHF (300 MHz-3 GHz),3,461.5313,461.7938
WAITAKERE CITY STADIUM TRUST,Land Mobile,Simplex,UHF (300 MHz-3 GHz),3,470.7688,476.1313
WAITOA NATURAL PROTEINS LIMITED,Land Mobile,Simplex,UHF (300 MHz-3 GHz),3,458.4063,458.6563
WANGANUI BRANCH NZART,Amateur,Mobile Transmit,UHF (300 MHz-3 GHz),3,434.2375,438.8
WANGANUI DISTRICT COUNCIL,Land Mobile,Mobile Transmit,VHF (30-300 MHz),3,155.4938,155.7688
WANGANUI DISTRICT COUNCIL,Land Mobile,Repeater,VHF (30-300 MHz),3,151.3125,151.5875
WASTE DISPOSAL SERVICES,Land Mobile,Simplex,UHF (300 MHz-3 GHz),3,453.5438,455.2938
WASTE MANAGEMENT NZ LIMITED,Land Mobile,Simplex,UHF (300 MHz-3 GHz),3,453.3313,489.6563
WATERCARE SERVICES LTD,Land Mobile,Repeater,VHF (30-300 MHz),3,163.275,163.275
WATERCARE SERVICES LTD,Land Mobile,Mobile Transmit,VHF (30-300 MHz),3,167.875,167.875
WATERCARE SERVICES LTD,Telemetry & Telecommand,Uni-directional,UHF (300 MHz-3 GHz),3,471.225,471.225
WEATHER RADAR NEW ZEALAND LIMITED,Meteorological,Unspecified,SHF (3-30 GHz),3,9410.0,9410.0
WEL NETWORKS LIMITED,Land Mobile,Simplex,UHF (300 MHz-3 GHz),3,453.5063,470.85
WELLINGTON CITY COUNCIL,Land Mobile,Mobile Transmit,UHF (300 MHz-3 GHz),3,451.0125,468.8438
WELLINGTON CITY COUNCIL,Land Mobile,Repeater,UHF (300 MHz-3 GHz),3,456.05,463.6563
WELLINGTON REGIONAL COUNCIL,Land Mobile,Repeater,UHF (300 MHz-3 GHz),3,457.8188,458.3188
WELLINGTON REGIONAL COUNCIL,Land Mobile,Mobile Transmit,VHF (30-300 MHz),3,155.3813,155.5938
WELLINGTON REGIONAL COUNCIL,Land Mobile,Repeater,VHF (30-300 MHz),3,151.2,151.4125
WELLINGTON REGIONAL COUNCIL,Land Mobile,Mobile Transmit,UHF (300 MHz-3 GHz),3,452.7813,453.2813
WELLINGTON VHF GROUP INC,Amateur,Beacon,UHF (300 MHz-3 GHz),3,432.275,1296.275
WELLS INSTRUMENT AND ELECTRICAL (MW) LIMITED,Land Mobile,Simplex,UHF (300 MHz-3 GHz),3,449.9563,455.0813
WEST COAST FORESTS LIMITED PARTNERSHIP,Land Mobile,Simplex,VHF (30-300 MHz),3,150.3375,153.5313
WESTERN ENERGY SERVICES LIMITED,Land Mobile,Simplex,UHF (300 MHz-3 GHz),3,449.9563,458.3563
WESTLAND DISTRICT COUNCIL,Land Mobile,Mobile Transmit,VHF (30-300 MHz),3,155.2313,155.5563
WESTLAND DISTRICT COUNCIL,Land Mobile,Repeater,VHF (30-300 MHz),3,151.05,151.375
WESTLAND DISTRICT COUNCIL,Land Mobile,Simplex,VHF (30-300 MHz),3,148.4625,153.5813
WESTPOWER LTD,Land Mobile,Simplex,VHF (30-300 MHz),3,150.0875,150.9375
WESTSIDE NEW ZEALAND LIMITED,Land Mobile,Mobile Transmit,VHF (30-300 MHz),3,153.6813,154.9188
WESTSIDE NEW ZEALAND LIMITED,Land Mobile,Repeater,VHF (30-300 MHz),3,151.9,153.1375
WHAKATANE COAST GUARD ASSOCIATION INC,Maritime,Unspecified,MF (300 kHz-3 MHz),3,2.0464,2.4814
WHANGAREI AMATEUR RADIO CLUB,Amateur,Mobile Transmit,VHF (30-300 MHz),3,144.825,146.05
WHANGAREI AMATEUR RADIO CLUB,Amateur,Repeater,VHF (30-300 MHz),3,145.425,146.65
WHANGAREI DISTRICT COUNCIL,Land Mobile,Simplex,MF (300 kHz-3 MHz),3,2.0194,2.4664
WHAREHINE LIMITED,Land Mobile,Simplex,UHF (300 MHz-3 GHz),3,458.3563,464.9438
WILSON BROS EARTHMOVERS LIMITED,Land Mobile,Simplex,VHF (30-300 MHz),3,150.625,153.5563
WINSTONE AGGREGATES LIMITED,Land Mobile,Simplex,VHF (30-300 MHz),3,84.2125,150.6875
ZERO INVASIVE PREDATORS LIMITED,Land Mobile,Repeater,VHF (30-300 MHz),3,162.6625,163.0875
ZERO INVASIVE PREDATORS LIMITED,Land Mobile,Mobile Transmit,VHF (30-300 MHz),3,167.2625,167.6875
1 TRAFFIC SERVICES LIMITED,Land Mobile,Simplex,UHF (300 MHz-3 GHz),2,461.5188,464.8563
4HF FACILITIES LIMITED,Land Mobile,Mobile Transmit,UHF (300 MHz-3 GHz),2,467.7688,816.6125
A & R EARTHMOVERS LIMITED,Land Mobile,Simplex,UHF (300 MHz-3 GHz),2,453.4063,453.5313
A A R GAMBLE,Fixed Link,Bi-directional,UHF (300 MHz-3 GHz),2,421.7875,426.8
A GALE CONTRACTING LTD,Land Mobile,Simplex,VHF (30-300 MHz),2,171.025,173.9188
A JENKINS,Land Mobile,Simplex,VHF (30-300 MHz),2,150.2125,150.875
A SQUARED TECHNOLOGIES NETWORK LIMITED,Land Mobile,Mobile Transmit,VHF (30-300 MHz),2,153.6938,154.4063
A SQUARED TECHNOLOGIES NETWORK LIMITED,Land Mobile,Repeater,VHF (30-300 MHz),2,151.9125,152.625
A.T. COOK CONTRACTING LIMITED,Land Mobile,Simplex,UHF (300 MHz-3 GHz),2,449.9938,453.4063
A2 NUTRITIONALS NZ LIMITED,Land Mobile,Mobile Transmit,UHF (300 MHz-3 GHz),2,475.6813,475.8563
A2 NUTRITIONALS NZ LIMITED,Land Mobile,Repeater,UHF (300 MHz-3 GHz),2,481.6688,481.8438
AB LIME LTD,Land Mobile,Mobile Transmit,UHF (300 MHz-3 GHz),2,468.3313,468.4813
AB LIME LTD,Land Mobile,Repeater,UHF (300 MHz-3 GHz),2,463.1438,463.2938
ABLE TASMAN FORESTRY SERVICES LIMITED,Land Mobile,Simplex,VHF (30-300 MHz),2,150.825,153.5313
ACQUIRE.CO.NZ LIMITED,Fixed Link,Bi-directional,SHF (3-30 GHz),2,10715.0,11245.0
ACTIVE TRAFFIC CONTROL LIMITED,Land Mobile,Simplex,UHF (300 MHz-3 GHz),2,458.3438,458.6313
ADM NEW ZEALAND LIMITED,Land Mobile,Simplex,UHF (300 MHz-3 GHz),2,449.9563,453.4563
ADVANCED SYSTEMS INTEGRATION 2022 LIMITED,Land Mobile,Simplex,UHF (300 MHz-3 GHz),2,461.5938,482.5688
AIR LIQUIDE NEW ZEALAND LIMITED,Land Mobile,Simplex,UHF (300 MHz-3 GHz),2,453.4688,458.6313
AIR NEW ZEALAND LIMITED,Fixed Link,Bi-directional,UHF (300 MHz-3 GHz),2,454.9625,459.975
AIR SAFARIS AND SERVICES (NZ) LTD,Land Mobile,Simplex,VHF (30-300 MHz),2,150.2125,150.2125
AIRTEL LIMITED,Fixed Link,Bi-directional,SHF (3-30 GHz),2,10975.0,11505.0
AIRWAYS CORPORATION OF NEW ZEALAND LIMITED,Aeronautical,Base Station,UHF (300 MHz-3 GHz),2,329.0,332.6
AIRWAYS CORPORATION OF NEW ZEALAND LIMITED,Fixed Link,Uni-directional,UHF (300 MHz-3 GHz),2,450.2375,450.2375
AIRWORK HOLDINGS LIMITED,Aeronautical,Base Station,VHF (30-300 MHz),2,131.6,131.6
ALLIANCE GROUP LIMITED,Fixed Link,Bi-directional,UHF (300 MHz-3 GHz),2,440.0125,445.0188
ALLIANCE GROUP LTD,Land Mobile,Simplex,UHF (300 MHz-3 GHz),2,449.9563,483.1313
ALLIANCE GROUP MATAURA PLANT,Land Mobile,Repeater,UHF (300 MHz-3 GHz),2,457.0813,457.1438
ALLIANCE GROUP MATAURA PLANT,Land Mobile,Simplex,VHF (30-300 MHz),2,153.5063,153.5563
ALLIANCE GROUP MATAURA PLANT,Land Mobile,Mobile Transmit,UHF (300 MHz-3 GHz),2,452.0438,452.1063
ALLIED ASPHALT LIMITED,Land Mobile,Simplex,UHF (300 MHz-3 GHz),2,453.3313,453.6188
ALLWOOD ENTERPRISES LIMITED,Land Mobile,Simplex,VHF (30-300 MHz),2,170.7875,171.225
ALPHA PROTECTION SERVICES LIMITED,Land Mobile,Simplex,UHF (300 MHz-3 GHz),2,488.3313,489.0813
ALPINE GUIDES WESTLAND,Land Mobile,Repeater,VHF (30-300 MHz),2,151.1375,151.2875
ALPINE GUIDES WESTLAND,Land Mobile,Mobile Transmit,VHF (30-300 MHz),2,155.3188,155.4688
ALTA TECH LIMITED,Land Mobile,Simplex,UHF (300 MHz-3 GHz),2,449.9938,453.3688
ALTA TECH LIMITED,Land Mobile,Simplex,VHF (30-300 MHz),2,165.725,165.825
AMERICOLD NZ LIMITED,Telemetry & Telecommand,Uni-directional,UHF (300 MHz-3 GHz),2,471.075,471.425
AMURI IRRIGATION COMPANY LIMITED,Fixed Link,Bi-directional,UHF (300 MHz-3 GHz),2,442.8875,447.8938
AMURI NET LIMITED,Fixed Link,Bi-directional,EHF (>30 GHz),2,71750.0,81750.0
ANDERSON & O`LEARY LTD,Land Mobile,Simplex,UHF (300 MHz-3 GHz),2,455.2188,455.2938
ANDREW QUIGLEY CONTRACTING LTD,Land Mobile,Simplex,VHF (30-300 MHz),2,166.0375,170.6
ANDREWS HOUSEMOVERS LTD,Land Mobile,Simplex,VHF (30-300 MHz),2,153.4938,153.5688
ANTHONY (Tony) van POPPEL,Land Mobile,Simplex,VHF (30-300 MHz),2,171.2625,172.4375
ANTHONY (Tony) van POPPEL,Land Mobile,Simplex,UHF (300 MHz-3 GHz),2,449.9688,455.0563
ANZCO FOODS LIMITED,Land Mobile,Simplex,UHF (300 MHz-3 GHz),2,488.3313,488.7438
AOTEA COMMUNITY RADIO TRUST,Broadcasting,Unspecified,VHF (30-300 MHz),2,94.6,104.0
ARB INNOVATIONS LIMITED,Land Mobile,Simplex,UHF (300 MHz-3 GHz),2,458.3438,458.6313
ARBORCARE TREE COMPANY NZ LIMITED,Land Mobile,Simplex,VHF (30-300 MHz),2,150.9875,165.7125
ARDMORE AIRPORT LIMITED,Aeronautical,Base Station,VHF (30-300 MHz),2,118.1,120.1
ASALEO CARE NEW ZEALAND LIMITED,Land Mobile,Repeater,UHF (300 MHz-3 GHz),2,458.0063,458.0813
ASALEO CARE NEW ZEALAND LIMITED,Land Mobile,Mobile Transmit,UHF (300 MHz-3 GHz),2,452.9688,453.0438
ASHBURTON DISTRICT COUNCIL,Fixed Link,Bi-directional,UHF (300 MHz-3 GHz),2,453.7188,453.7188
ASHBURTON DISTRICT COUNCIL,Land Mobile,Repeater,UHF (300 MHz-3 GHz),2,457.125,457.85
ASHBURTON DISTRICT COUNCIL,Land Mobile,Mobile Transmit,UHF (300 MHz-3 GHz),2,452.0875,452.8125
ASHBURTON LYNDHURST IRRIGATION LIMITED,Land Mobile,Repeater,UHF (300 MHz-3 GHz),2,456.4188,456.525
ASHBURTON LYNDHURST IRRIGATION LIMITED,Land Mobile,Mobile Transmit,UHF (300 MHz-3 GHz),2,451.3813,451.4875
ATHLETICS CANTERBURY INC,Land Mobile,Simplex,UHF (300 MHz-3 GHz),2,482.6188,489.9438
ATIAWA TOA FM LIMITED,Fixed Link,Uni-directional,UHF (300 MHz-3 GHz),2,841.75,930.75
ATLAS GROUP LIMITED,Land Mobile,Simplex,UHF (300 MHz-3 GHz),2,461.6563,464.9813
AUCKLAND COUNCIL,Land Mobile,Simplex,UHF (300 MHz-3 GHz),2,470.7938,476.3563
AUCKLAND EMERGENCY MANAGEMENT,Land Mobile,Simplex,VHF (30-300 MHz),2,165.8375,166.0875
AUCKLAND MUSEUM,Land Mobile,Mobile Transmit,UHF (300 MHz-3 GHz),2,472.2438,472.3563
AUCKLAND MUSEUM,Land Mobile,Repeater,UHF (300 MHz-3 GHz),2,478.2313,478.3438
AUCKLAND QUARRY PRODUCTS LIMITED,Land Mobile,Simplex,UHF (300 MHz-3 GHz),2,476.2938,477.5438
AUCKLAND RUGBY FOOTBALL UNION,Land Mobile,Simplex,UHF (300 MHz-3 GHz),2,483.5063,489.9438
AUCKLAND THOROUGHBRED RACING INCORPORATED,Land Mobile,Simplex,UHF (300 MHz-3 GHz),2,466.7188,466.8938
AUCKLAND YACHT & BOATING ASSOCIATION INCORPORATED,Maritime,Repeater,VHF (30-300 MHz),2,160.8,160.925
AUCKLAND YACHT & BOATING ASSOCIATION INCORPORATED,Maritime,Mobile Transmit,VHF (30-300 MHz),2,156.2,156.325
AUSTIN CLUB LIMITED,Land Mobile,Simplex,UHF (300 MHz-3 GHz),2,461.6938,466.9563
AUTOSPORT CLUB INC,Land Mobile,Simplex,VHF (30-300 MHz),2,165.7375,170.375
AWHITU WINDFARMS LIMITED,Land Mobile,Simplex,VHF (30-300 MHz),2,165.7875,166.3125
Albany Senior High School Board of Trustees,Land Mobile,Simplex,UHF (300 MHz-3 GHz),2,483.6563,483.6938
Auckland Central Marina,Land Mobile,Simplex,UHF (300 MHz-3 GHz),2,464.9688,466.7563
Auckland Council,Fixed Link,Bi-directional,SHF (3-30 GHz),2,21686.0,22918.0
Auckland Grammar School,Land Mobile,Simplex,VHF (30-300 MHz),2,165.975,166.2125
Auckland Meat Processors Limited,Land Mobile,Repeater,UHF (300 MHz-3 GHz),2,457.3063,486.4063
Auckland Meat Processors Limited,Land Mobile,Mobile Transmit,UHF (300 MHz-3 GHz),2,452.2688,492.4188
B ALERT NZ LIMITED,Land Mobile,Simplex,UHF (300 MHz-3 GHz),2,482.5688,483.5063
B G CONTRACTING LIMITED,Land Mobile,Repeater,UHF (300 MHz-3 GHz),2,463.3063,463.3438
B G CONTRACTING LIMITED,Land Mobile,Mobile Transmit,UHF (300 MHz-3 GHz),2,468.4938,468.5313
BABCOCK (NZ) LIMITED,Land Mobile,Mobile Transmit,UHF (300 MHz-3 GHz),2,467.0313,468.0938
BABCOCK (NZ) LIMITED,Land Mobile,Simplex,VHF (30-300 MHz),2,150.3875,150.4375
BABCOCK (NZ) LIMITED,Land Mobile,Repeater,UHF (300 MHz-3 GHz),2,461.8438,462.9063
BALCO LOGGING LIMITED,Land Mobile,Simplex,VHF (30-300 MHz),2,153.5313,165.825
BALLANCE AGRI-NUTRIENTS (KAPUNI) LIMITED,Fixed Link,Bi-directional,UHF (300 MHz-3 GHz),2,1435.5,1496.0
BALLANCE AGRI-NUTRIENTS (KAPUNI) LIMITED,Land Mobile,Mobile Transmit,UHF (300 MHz-3 GHz),2,451.5188,451.5688
BALLANCE AGRI-NUTRIENTS (KAPUNI) LIMITED,Land Mobile,Repeater,UHF (300 MHz-3 GHz),2,456.5563,456.6063
BALLANCE AGRI-NUTRIENTS LTD,Land Mobile,Mobile Transmit,VHF (30-300 MHz),2,154.3938,155.2188
BALLANCE AGRI-NUTRIENTS LTD,Land Mobile,Simplex,UHF (300 MHz-3 GHz),2,455.3063,466.9563
BALLANCE AGRI-NUTRIENTS LTD,Land Mobile,Repeater,VHF (30-300 MHz),2,151.0375,152.6125
BARRHILL CHERTSEY IRRIGATION LIMITED,Fixed Link,Bi-directional,UHF (300 MHz-3 GHz),2,453.925,458.9625
BASE CIVIL LIMITED,Land Mobile,Simplex,UHF (300 MHz-3 GHz),2,455.0313,455.1063
BASKETBALL NEW ZEALAND INCORPORATED,Land Mobile,Simplex,UHF (300 MHz-3 GHz),2,476.3313,477.6938
BATHURST RESOURCES LIMITED,Land Mobile,Simplex,VHF (30-300 MHz),2,150.1,150.725
BAY OF ISLANDS AMATEUR RADIO CLUB (INC),Amateur,Repeater,VHF (30-300 MHz),2,144.575,146.75
BAY OF ISLANDS MARINE RADIO ASSOCIATION INC,Maritime,Repeater,VHF (30-300 MHz),2,160.75,160.775
BAY OF ISLANDS MARINE RADIO ASSOCIATION INC,Maritime,Mobile Transmit,VHF (30-300 MHz),2,156.15,156.175
BAY OF PLENTY DISTRICT HEALTH BOARD,Land Mobile,Simplex,VHF (30-300 MHz),2,150.075,150.1625
BEACH ENERGY RESOURCES NZ (KUPE) LIMITED,Land Mobile,Mobile Transmit,VHF (30-300 MHz),2,153.8063,155.5313
BEACH ENERGY RESOURCES NZ (KUPE) LIMITED,Land Mobile,Repeater,VHF (30-300 MHz),2,151.35,152.025
BED BATH AND BEYOND LIMITED,Land Mobile,Simplex,UHF (300 MHz-3 GHz),2,458.4938,461.6938
BLUE DOOR CORPORATION LIMITED,Fixed Link,Bi-directional,SHF (3-30 GHz),2,10715.0,11245.0
BLUE SKY MEATS (N.Z.) LIMITED,Land Mobile,Simplex,UHF (300 MHz-3 GHz),2,455.1688,458.4688
BLUE WOOD LOGGING LIMITED,Land Mobile,Simplex,VHF (30-300 MHz),2,150.75,150.75
BLUELINE DRAINS LIMITED,Land Mobile,Simplex,UHF (300 MHz-3 GHz),2,482.6188,489.8313
BMW NEW ZEALAND LTD,Land Mobile,Simplex,UHF (300 MHz-3 GHz),2,488.3438,489.7438
BODCO LIMITED,Land Mobile,Simplex,UHF (300 MHz-3 GHz),2,461.7063,461.8063
BRACEWELL LIMITED,Land Mobile,Simplex,UHF (300 MHz-3 GHz),2,482.5188,482.6063
BRANCH OUT LTD,Land Mobile,Simplex,VHF (30-300 MHz),2,150.3,150.7625
BROKEN RIVER SKI CLUB INC,Land Mobile,Simplex,VHF (30-300 MHz),2,150.5875,165.9375
BT MINING LIMITED,Land Mobile,Simplex,UHF (300 MHz-3 GHz),2,461.5813,476.075
BUCK FORESTRY SERVICES LIMITED,Land Mobile,Simplex,VHF (30-300 MHz),2,150.3875,150.6625
BULK STORAGE TERMINALS LTD,Fixed Link,Bi-directional,UHF (300 MHz-3 GHz),2,471.375,471.375
BULLER DISTRICT COUNCIL,Maritime,Unspecified,HF (3-30 MHz),2,4.1264,4.4184
BULLER ELECTRICITY LTD,Land Mobile,Simplex,VHF (30-300 MHz),2,150.075,166.25
BULLER ELECTRICITY LTD,Land Mobile,Repeater,UHF (300 MHz-3 GHz),2,462.65,463.25
BULLER ELECTRICITY LTD,Land Mobile,Mobile Transmit,UHF (300 MHz-3 GHz),2,467.8375,468.4375
Bay of Plenty Regional Council,Land Mobile,Mobile Transmit,VHF (30-300 MHz),2,154.4063,155.5063
Bay of Plenty Regional Council,Land Mobile,Repeater,VHF (30-300 MHz),2,151.325,152.625
Brent Pihama,Land Mobile,Simplex,VHF (30-300 MHz),2,165.9125,165.9125
Briscoes (New Zealand) Ltd,Land Mobile,Simplex,UHF (300 MHz-3 GHz),2,488.2563,488.3188
Burnside High School,Land Mobile,Simplex,UHF (300 MHz-3 GHz),2,458.6438,461.6313
C & W LOGGING LIMITED,Land Mobile,Simplex,VHF (30-300 MHz),2,171.9,173.6938
CABLE BAY ADVENTURE PARK LIMITED,Fixed Link,Bi-directional,UHF (300 MHz-3 GHz),2,459.9625,459.9625
CABLE HARVESTING LIMITED,Land Mobile,Simplex,VHF (30-300 MHz),2,153.5313,159.15
CAMBRIDGE STUD LTD,Land Mobile,Simplex,VHF (30-300 MHz),2,150.7875,150.7875
CAMBRIDGE STUD LTD,Land Mobile,Simplex,UHF (300 MHz-3 GHz),2,482.0813,482.0813
CANTERBURY AERO CLUB INC,Aeronautical,Base Station,VHF (30-300 MHz),2,119.2,131.2
CANTERBURY CAR CLUB INC,Land Mobile,Simplex,UHF (300 MHz-3 GHz),2,461.6313,464.9938
CANTERBURY COMMUNICATIONS LIMITED,Fixed Link,Bi-directional,UHF (300 MHz-3 GHz),2,442.3375,447.3438
CANTERBURY CRANES LIMITED,Land Mobile,Simplex,UHF (300 MHz-3 GHz),2,470.9813,477.5188
CANTERBURY RUGBY FOOTBALL UNION INC,Land Mobile,Simplex,UHF (300 MHz-3 GHz),2,466.9938,488.3563
CAPITAL COMMUNICATIONS (AUCKLAND)  LTD,Land Mobile,Simplex,VHF (30-300 MHz),2,165.9625,170.3625
"CAPITAL, COAST AND HUTT VALLEY HEALTH NEW ZEALAND",Land Mobile,Repeater,VHF (30-300 MHz),2,162.75,165.175
"CAPITAL, COAST AND HUTT VALLEY HEALTH NEW ZEALAND",Land Mobile,Simplex,UHF (300 MHz-3 GHz),2,454.9938,455.2938
"CAPITAL, COAST AND HUTT VALLEY HEALTH NEW ZEALAND",Land Mobile,Mobile Transmit,VHF (30-300 MHz),2,167.35,169.775
CARTER HOLT HARVEY PLYWOOD LIMITED,Telemetry & Telecommand,Uni-directional,UHF (300 MHz-3 GHz),2,471.05,471.175
CARTER HOLT HARVEY WOOD PRODUCTS,Land Mobile,Repeater,UHF (300 MHz-3 GHz),2,478.0563,478.2563
CARTER HOLT HARVEY WOOD PRODUCTS,Land Mobile,Mobile Transmit,UHF (300 MHz-3 GHz),2,472.0688,472.2688
CCIS NEW ZEALAND LIMITED,Land Mobile,Simplex,UHF (300 MHz-3 GHz),2,453.3688,455.2813
CEMIX PRODUCTS LIMITED,Land Mobile,Simplex,UHF (300 MHz-3 GHz),2,482.9688,483.5063
CENTRAL EQUIPMENT MOVERS LIMITED,Land Mobile,Simplex,VHF (30-300 MHz),2,150.575,150.825
CENTRAL FM (2020) LIMITED,Fixed Link,Uni-directional,UHF (300 MHz-3 GHz),2,849.75,929.25
CENTRAL HAWKES BAY DISTRICT COUNCIL,Land Mobile,Repeater,UHF (300 MHz-3 GHz),2,462.1563,462.825
CENTRAL HAWKES BAY DISTRICT COUNCIL,Land Mobile,Mobile Transmit,UHF (300 MHz-3 GHz),2,467.3438,468.0125
CENTRAL MACHINE HIRE LIMITED,Land Mobile,Simplex,UHF (300 MHz-3 GHz),2,461.6313,461.7063
CENTRAL OTAGO DISTRICT COUNCIL,Telemetry & Telecommand,Uni-directional,UHF (300 MHz-3 GHz),2,471.175,471.175
CENTRAL SOUTH ISLAND HELICOPTERS LTD,Land Mobile,Simplex,VHF (30-300 MHz),2,170.8375,170.8625
CENTRALINES LTD,Fixed Link,Bi-directional,UHF (300 MHz-3 GHz),2,454.65,459.6875
CENTRALINES LTD,Fixed Link,Uni-directional,UHF (300 MHz-3 GHz),2,450.1375,450.1375
CENTRALINES LTD,Land Mobile,Simplex,VHF (30-300 MHz),2,150.075,150.4125
CHANNEL INFRASTRUCTURE NZ LIMITED,Fixed Link,Bi-directional,UHF (300 MHz-3 GHz),2,454.3,459.3375
CHATHAM ISLANDS ELECTRICITY LIMITED,Land Mobile,Repeater,VHF (30-300 MHz),2,151.2,151.4875
CHATHAM ISLANDS ELECTRICITY LIMITED,Land Mobile,Simplex,VHF (30-300 MHz),2,150.0625,150.8
CHATHAM ISLANDS ELECTRICITY LIMITED,Land Mobile,Mobile Transmit,VHF (30-300 MHz),2,155.3813,155.6688
CHB EARTHMOVERS LIMITED,Land Mobile,Simplex,VHF (30-300 MHz),2,170.375,170.375
CHETWINS CONTRACTING 2020 LIMITED,Land Mobile,Simplex,VHF (30-300 MHz),2,171.175,171.55
CHRISTCHURCH CITY COUNCIL,Land Mobile,Repeater,VHF (30-300 MHz),2,162.925,163.375
CHRISTCHURCH CITY COUNCIL,Land Mobile,Mobile Transmit,VHF (30-300 MHz),2,167.525,167.975
CHRISTCHURCH SPEEDWAY ASSN INC,Land Mobile,Simplex,UHF (300 MHz-3 GHz),2,453.3813,455.3063
CHRISTIAN CITY CHURCH AUCKLAND,Land Mobile,Simplex,UHF (300 MHz-3 GHz),2,458.3563,464.8938
CITYLIFE HOTEL MANAGEMENT (WELLINGTON) LIMITED,Land Mobile,Simplex,UHF (300 MHz-3 GHz),2,477.6188,477.8563
CLEARWATER CIVIL LIMITED,Land Mobile,Simplex,VHF (30-300 MHz),2,166.0375,166.0625
CLOUTMAN BROTHERS MINING & DREDGING LTD,Land Mobile,Simplex,UHF (300 MHz-3 GHz),2,458.6563,461.5813
CLOVA CONNECT LIMITED,Fixed Link,Bi-directional,SHF (3-30 GHz),2,12891.0,13157.0
CNZ 03 LIMITED,Land Mobile,Repeater,UHF (300 MHz-3 GHz),2,463.1063,464.3438
CNZ 03 LIMITED,Land Mobile,Mobile Transmit,UHF (300 MHz-3 GHz),2,468.2938,469.5313
CNZ 03 LIMITED,Land Mobile,Simplex,VHF (30-300 MHz),2,150.8,166.025
COASTLANDS SHOPPINGTOWN LTD,Land Mobile,Simplex,UHF (300 MHz-3 GHz),2,470.75,470.7563
COCHRANE & SON LOGGING LIMITED,Land Mobile,Simplex,VHF (30-300 MHz),2,150.7625,153.5438
COGENT LIMITED,Land Mobile,Repeater,VHF (30-300 MHz),2,163.5375,163.7125
COGENT LIMITED,Land Mobile,Mobile Transmit,VHF (30-300 MHz),2,168.1375,168.3125
COM-CENTRE COMMUNICATION EQUIPMENT LIMITED,Fixed Link,Bi-directional,UHF (300 MHz-3 GHz),2,421.8625,426.875
COMMUNICATION NETWORKS MANAGEMENT LIMITED,Land Mobile,Simplex,UHF (300 MHz-3 GHz),2,449.9438,455.2438
COMMUNICATIONS SPECIALISTS LIMITED,Fixed Link,Bi-directional,UHF (300 MHz-3 GHz),2,424.3625,429.375
COMMUNICATIONS SPECIALISTS LIMITED,Land Mobile,Simplex,VHF (30-300 MHz),2,150.925,172.4125
COMTEL SYSTEMS LTD,Land Mobile,Mobile Transmit,VHF (30-300 MHz),2,154.7188,167.4
COMTEL SYSTEMS LTD,Land Mobile,Repeater,VHF (30-300 MHz),2,152.9375,162.8
CONED UP TRAFFIC MANAGEMENT SOLUTIONS LIMITED,Land Mobile,Simplex,UHF (300 MHz-3 GHz),2,461.7188,466.8688
CONNECTM2M LIMITED,Land Mobile,Simplex,VHF (30-300 MHz),2,150.4,166.675
CONNECTM2M LIMITED,Land Mobile,Simplex,UHF (300 MHz-3 GHz),2,464.9563,476.2938
CONSET CONSTRUCTION LIMITED,Land Mobile,Simplex,UHF (300 MHz-3 GHz),2,489.8188,489.9688
CONTACT ENERGY LIMITED,Land Mobile,Simplex,VHF (30-300 MHz),2,150.2125,150.9875
CONTACT ENERGY LTD NAPIER,Fixed Link,Bi-directional,UHF (300 MHz-3 GHz),2,441.0,446.0063
CONTACT ENERGY LTD NAPIER,Land Mobile,Simplex,UHF (300 MHz-3 GHz),2,464.8938,466.6813
CONTRACT RESOURCES (NEW ZEALAND) LIMITED,Land Mobile,Simplex,UHF (300 MHz-3 GHz),2,453.4563,453.5313
COROMANDEL CONTRACTORS LIMITED,Land Mobile,Simplex,VHF (30-300 MHz),2,171.825,171.825
COSTCO WHOLESALE NEW ZEALAND LIMITED,Land Mobile,Simplex,UHF (300 MHz-3 GHz),2,482.9313,488.3313
COUNTRY HELICOPTERS LIMITED,Land Mobile,Simplex,VHF (30-300 MHz),2,150.6875,153.5938
COUNTRYNET NZ LIMITED,Land Mobile,Mobile Transmit,UHF (300 MHz-3 GHz),2,467.4063,472.4313
COUNTRYNET NZ LIMITED,Land Mobile,Repeater,UHF (300 MHz-3 GHz),2,462.2188,478.4188
COWGIRLS INC LIMITED,Land Mobile,Simplex,UHF (300 MHz-3 GHz),2,483.8188,489.9563
CRAIGIEBURN VALLEY SKI CLUB INC,Land Mobile,Simplex,VHF (30-300 MHz),2,150.375,150.6625
CRANROCK OILFIELD SERVICES LIMITED,Land Mobile,Simplex,VHF (30-300 MHz),2,166.5625,170.6125
CRANSWICK ENTERPRISES LIMITED,Land Mobile,Simplex,VHF (30-300 MHz),2,170.75,171.55
CRS SOLUTIONS LIMITED,Land Mobile,Simplex,VHF (30-300 MHz),2,150.625,150.7375
CSE Crosscom Pty Ltd,Land Mobile,Mobile Transmit,VHF (30-300 MHz),2,167.225,168.475
CSE Crosscom Pty Ltd,Land Mobile,Repeater,VHF (30-300 MHz),2,162.625,163.875
CSI FOODS TRADING LIMITED,Land Mobile,Simplex,UHF (300 MHz-3 GHz),2,466.8563,466.8563
CT CIVIL LIMITED,Land Mobile,Simplex,UHF (300 MHz-3 GHz),2,453.3438,470.8063
CT CIVIL LIMITED,Land Mobile,Simplex,VHF (30-300 MHz),2,165.7625,170.8625
CUNNING STUNTS INTERNATIONAL LIMITED,Land Mobile,Simplex,UHF (300 MHz-3 GHz),2,482.7063,483.1063
CV COMPTON LTD,Land Mobile,Simplex,UHF (300 MHz-3 GHz),2,453.3438,455.0938
CYBERDYNE GROUP LIMITED,Land Mobile,Simplex,UHF (300 MHz-3 GHz),2,458.3563,461.5188
CYCLE WORLD DUNEDIN LIMITED,Land Mobile,Simplex,UHF (300 MHz-3 GHz),2,458.3563,458.5188
Chinese Consulate General in Christchurch,Satellite & Space,Unspecified,SHF (3-30 GHz),2,4037.05,6262.05
Civil Aviation Authority of New Zealand,Land Mobile,Simplex,UHF (300 MHz-3 GHz),2,868.1063,868.7563
Clutha Land Search and Rescue (LandSAR),Land Mobile,Repeater,VHF (30-300 MHz),2,151.5625,151.725
Clutha Land Search and Rescue (LandSAR),Land Mobile,Mobile Transmit,VHF (30-300 MHz),2,155.7438,155.9063
Construcciones y Auxiliar de Ferrocarriles,Fixed Link,Uni-directional,UHF (300 MHz-3 GHz),2,447.6188,447.7188
Counties Manukau District Health,Land Mobile,Repeater,UHF (300 MHz-3 GHz),2,481.0313,481.8063
Counties Manukau District Health,Land Mobile,Mobile Transmit,UHF (300 MHz-3 GHz),2,475.0438,475.8188
D R DRAINAGE LIMITED,Land Mobile,Simplex,VHF (30-300 MHz),2,150.075,150.075
D STUART FORESTRY LIMITED,Land Mobile,Simplex,VHF (30-300 MHz),2,150.3875,150.3875
DAIKEN NEW ZEALAND LIMITED,Land Mobile,Simplex,VHF (30-300 MHz),2,150.7875,153.4938
DAIRY WORKS LTD,Land Mobile,Simplex,UHF (300 MHz-3 GHz),2,482.5688,482.6438
DALTON ELECTRICAL COMPANY LIMITED,Land Mobile,Simplex,VHF (30-300 MHz),2,150.25,150.425
DANIEL LEWIS,Broadcasting,Unspecified,VHF (30-300 MHz),2,92.0,104.0
DAVID JONES (NZ) PTY LIMITED,Land Mobile,Simplex,UHF (300 MHz-3 GHz),2,488.3313,488.3563
DAVID PHILIP EDWARDS,Broadcasting,Unspecified,VHF (30-300 MHz),2,90.3,91.1
DAYLE TIMBER LIMITED,Land Mobile,Simplex,UHF (300 MHz-3 GHz),2,477.5688,482.0563
DB BREWERIES LIMITED,Land Mobile,Simplex,UHF (300 MHz-3 GHz),2,470.85,477.6813
DEAN PEMBERTON,Land Mobile,Simplex,VHF (30-300 MHz),2,165.85,170.45
DEAN PEMBERTON,Land Mobile,Simplex,UHF (300 MHz-3 GHz),2,449.9438,455.0563
DELTA CONTRACTING (2012) LIMITED,Land Mobile,Simplex,VHF (30-300 MHz),2,166.05,166.35
DEPARTMENT OF POST LIMITED,Land Mobile,Simplex,UHF (300 MHz-3 GHz),2,461.6938,466.6938
DGL (NZ) LIMITED,Land Mobile,Simplex,UHF (300 MHz-3 GHz),2,483.9563,488.5188
DICKSON GRAY ELECTRICAL LTD,Land Mobile,Simplex,UHF (300 MHz-3 GHz),2,470.775,470.825
DK CONTRACTING LIMITED,Land Mobile,Simplex,VHF (30-300 MHz),2,150.35,150.7625
DON GRIFFITHS LTD,Land Mobile,Simplex,UHF (300 MHz-3 GHz),2,470.7813,470.7938
DOVE COMMUNICATIONS (2023) LIMITED,Land Mobile,Repeater,VHF (30-300 MHz),2,151.05,163.6375
DOVE COMMUNICATIONS (2023) LIMITED,Land Mobile,Mobile Transmit,VHF (30-300 MHz),2,155.2313,168.2375
DOVE RADIO COMMUNICATIONS LTD,Land Mobile,Mobile Transmit,VHF (30-300 MHz),2,167.2875,167.7625
DOWNTOWN ON BROADWAY LIMITED,Land Mobile,Simplex,UHF (300 MHz-3 GHz),2,458.3938,458.6313
DRILLCO 2019 LIMITED,Land Mobile,Simplex,VHF (30-300 MHz),2,172.55,172.875
DUNEDIN CITY COUNCIL,Land Mobile,Mobile Transmit,VHF (30-300 MHz),2,155.0188,155.8063
DUNEDIN CITY COUNCIL,Land Mobile,Repeater,VHF (30-300 MHz),2,151.625,153.2375
DUNEDIN CITY COUNCIL,Telemetry & Telecommand,Uni-directional,UHF (300 MHz-3 GHz),2,471.25,471.25
DUNEDIN INTERNATIONAL AIRPORT LIMITED,Land Mobile,Repeater,UHF (300 MHz-3 GHz),2,462.3063,462.5313
DUNEDIN INTERNATIONAL AIRPORT LIMITED,Land Mobile,Mobile Transmit,UHF (300 MHz-3 GHz),2,467.4938,467.7188
DYNAMIC CONTROLS,Land Mobile,Simplex,VHF (30-300 MHz),2,84.25,150.7375
DYNAMIC CONTROLS,Land Mobile,Simplex,UHF (300 MHz-3 GHz),2,414.0375,814.3875
Daniel Ritchie,Land Mobile,Simplex,VHF (30-300 MHz),2,150.8625,153.4938
David A Frost,Land Mobile,Simplex,VHF (30-300 MHz),2,166.05,172.7625
David Inch,Land Mobile,Repeater,VHF (30-300 MHz),2,151.575,163.65
David Inch,Land Mobile,Mobile Transmit,VHF (30-300 MHz),2,155.7563,168.25
Downer New Zealand Limited,Fixed Link,Uni-directional,VHF (30-300 MHz),2,170.3,170.3
Downer New Zealand Limited,Land Mobile,Repeater,UHF (300 MHz-3 GHz),2,456.1188,456.1313
Downer New Zealand Limited,Land Mobile,Mobile Transmit,UHF (300 MHz-3 GHz),2,451.0813,451.0938
Downer New Zealand Limited,Paging,Unspecified,VHF (30-300 MHz),2,160.5875,160.5875
Duncan McCrostie,Land Mobile,Simplex,UHF (300 MHz-3 GHz),2,470.7563,477.8688
E CIVIL LIMITED,Land Mobile,Simplex,UHF (300 MHz-3 GHz),2,458.4063,461.5188
E F HANSEN LIMITED,Land Mobile,Simplex,VHF (30-300 MHz),2,150.8625,159.1
EAGARS FUNERALS LIMITED,Land Mobile,Simplex,UHF (300 MHz-3 GHz),2,470.7688,476.1313
EARTHWORK SOLUTIONS LIMITED,Land Mobile,Simplex,VHF (30-300 MHz),2,165.925,166.6
EAST COAST TELEVISION TRUST,Fixed Link,Bi-directional,SHF (3-30 GHz),2,18360.0,19370.0
EASTERN SOUTHLAND BRANCH NZART INC,Amateur,Mobile Transmit,UHF (300 MHz-3 GHz),2,434.85,434.875
EASTERN SOUTHLAND BRANCH NZART INC,Amateur,Repeater,UHF (300 MHz-3 GHz),2,439.85,439.875
EASTLAND GENERATION LIMITED,Land Mobile,Repeater,VHF (30-300 MHz),2,163.1625,165.325
EASTLAND GENERATION LIMITED,Land Mobile,Mobile Transmit,VHF (30-300 MHz),2,167.7625,169.925
ELDERSTOCK LIMITED,Land Mobile,Simplex,UHF (300 MHz-3 GHz),2,488.2438,488.3688
ELDOON FARMS LIMITED,Land Mobile,Simplex,VHF (30-300 MHz),2,150.2,150.925
ELECTRICAL & MACHINERY SERVICES LTD,Land Mobile,Simplex,VHF (30-300 MHz),2,150.75,153.5563
ELECTRICITY ASHBURTON LIMITED,Fixed Link,Bi-directional,UHF (300 MHz-3 GHz),2,441.4125,446.4188
ELECTRICITY ASHBURTON LIMITED,Land Mobile,Simplex,UHF (300 MHz-3 GHz),2,449.9313,455.2188
ELECTRICITY ASHBURTON LIMITED,Land Mobile,Simplex,VHF (30-300 MHz),2,150.1125,150.1125
ELECTRICOM LIMITED,Land Mobile,Simplex,UHF (300 MHz-3 GHz),2,466.7063,466.9563
ELECTRIX LIMITED,Land Mobile,Simplex,VHF (30-300 MHz),2,150.1125,170.8625
ELITE MEDICAL SERVICES LIMITED,Land Mobile,Simplex,VHF (30-300 MHz),2,166.25,166.5125
ELITE MEDICAL SERVICES LIMITED,Land Mobile,Simplex,UHF (300 MHz-3 GHz),2,482.7813,482.8813
ELLIOT BEST,Land Mobile,Simplex,VHF (30-300 MHz),2,150.2625,150.45
ELLIS-LEA FARMS (2000) LIMITED,Land Mobile,Simplex,VHF (30-300 MHz),2,153.4438,153.4438
ENDURANCE LOGGING LIMITED,Land Mobile,Simplex,VHF (30-300 MHz),2,170.975,171.975
ENGINEERING SERVICES ROTORUA LIMITED,Land Mobile,Simplex,UHF (300 MHz-3 GHz),2,477.6563,477.7063
ENTERPRIZE STEEL LIMITED,Land Mobile,Simplex,UHF (300 MHz-3 GHz),2,477.6313,477.6813
ENVIRONMENT CANTERBURY,Land Mobile,Simplex,UHF (300 MHz-3 GHz),2,458.6188,461.5563
ENVIRONMENT SOUTHLAND,Maritime,Repeater,VHF (30-300 MHz),2,160.675,161.5
ENVIRONMENT SOUTHLAND,Maritime,Mobile Transmit,VHF (30-300 MHz),2,156.075,156.9
ENZA  LTD,Land Mobile,Mobile Transmit,UHF (300 MHz-3 GHz),2,467.3938,472.2188
ENZA  LTD,Land Mobile,Repeater,UHF (300 MHz-3 GHz),2,462.2063,478.2063
ENZAFRUIT NEW ZEALAND INTERNATIONAL LIMITED,Land Mobile,Mobile Transmit,UHF (300 MHz-3 GHz),2,468.1188,469.7813
ENZAFRUIT NEW ZEALAND INTERNATIONAL LIMITED,Land Mobile,Repeater,UHF (300 MHz-3 GHz),2,462.9313,464.5938
ETTRICK IRRIGATION COMPANY LIMITED,Land Mobile,Simplex,UHF (300 MHz-3 GHz),2,466.9563,466.9938
EVAN JONES CONSTRUCTION LTD,Land Mobile,Simplex,UHF (300 MHz-3 GHz),2,482.9688,483.0938
EVENTS DIRECT LIMITED,Land Mobile,Simplex,UHF (300 MHz-3 GHz),2,477.6688,477.9813
EVOLUTION WIRELESS LIMITED,Land Mobile,Mobile Transmit,UHF (300 MHz-3 GHz),2,451.9813,452.0063
EVOLUTION WIRELESS LIMITED,Land Mobile,Repeater,UHF (300 MHz-3 GHz),2,457.0188,457.0438
EWART NZ MANAGEMENT LIMITED,Land Mobile,Simplex,UHF (300 MHz-3 GHz),2,458.4938,461.6938
EXPERT TURF SERVICES LIMITED,Land Mobile,Simplex,VHF (30-300 MHz),2,172.8625,172.8875
Eden Park Trust Board,Land Mobile,Simplex,UHF (300 MHz-3 GHz),2,489.0188,489.6813
Elanor Investment Nominees PTY LTD,Land Mobile,Simplex,UHF (300 MHz-3 GHz),2,464.9438,465.0063
FAR NORTH DISTRICT COUNCIL,Land Mobile,Simplex,MF (300 kHz-3 MHz),2,2.4664,2.4664
FAR NORTH RADIO AND SEA RESCUE INCORPORATED,Fixed Link,Bi-directional,UHF (300 MHz-3 GHz),2,421.4375,426.45
FARMLAND FOODS LIMITED,Land Mobile,Repeater,UHF (300 MHz-3 GHz),2,463.4688,463.6813
FARMLAND FOODS LIMITED,Land Mobile,Mobile Transmit,UHF (300 MHz-3 GHz),2,468.6563,468.8688
FARRAH BREADS LIMITED,Land Mobile,Simplex,UHF (300 MHz-3 GHz),2,488.3438,488.7563
FAULKS INVESTMENTS LIMITED,Land Mobile,Simplex,VHF (30-300 MHz),2,165.8375,170.625
FEILDTECH COMMUNICATIONS LIMITED,Land Mobile,Simplex,VHF (30-300 MHz),2,166.6375,172.9
FIORDLAND FISHERMANS RADIO ASSOCIATION,Maritime,Unspecified,HF (3-30 MHz),2,4.1264,4.4184
FIORDLAND LOBSTER COMPANY LIMITED,Maritime,Unspecified,HF (3-30 MHz),2,4.1264,4.1474
FIORDLAND LOBSTER COMPANY LIMITED,Maritime,Unspecified,MF (300 kHz-3 MHz),2,2.1834,2.4814
FIORDLAND VHF USERS  ASSOCIATION,Maritime,Mobile Transmit,VHF (30-300 MHz),2,156.225,156.325
FIORDLAND VHF USERS  ASSOCIATION,Maritime,Repeater,VHF (30-300 MHz),2,160.825,160.925
FIRE SYSTEM INSPECTIONS LIMITED,Land Mobile,Simplex,UHF (300 MHz-3 GHz),2,458.6188,466.6938
FIRST GAS LIMITED,Fixed Link,Bi-directional,VHF (30-300 MHz),2,162.4125,167.0125
FIRST GAS LIMITED,Fixed Link,Bi-directional,UHF (300 MHz-3 GHz),2,453.875,458.9125
FIRST GAS LIMITED,Land Mobile,Repeater,UHF (300 MHz-3 GHz),2,478.0313,478.1188
FIRST GAS LIMITED,Land Mobile,Mobile Transmit,UHF (300 MHz-3 GHz),2,472.0438,472.1313
FISHER AND PAYKEL HEALTHCARE LTD,Land Mobile,Mobile Transmit,UHF (300 MHz-3 GHz),2,469.7938,472.5188
FISHER AND PAYKEL HEALTHCARE LTD,Land Mobile,Repeater,UHF (300 MHz-3 GHz),2,464.6063,478.5063
FLAME BAR AND GRILL (2016) LIMITED,Land Mobile,Simplex,UHF (300 MHz-3 GHz),2,458.3813,461.6938
FLETCHER STEEL LIMITED,Land Mobile,Simplex,UHF (300 MHz-3 GHz),2,489.0563,489.8188
FLEXIBLE WORKFORCE GROUP LIMITED,Land Mobile,Simplex,UHF (300 MHz-3 GHz),2,470.7938,470.8188
FLEXIBLE WORKFORCE GROUP LIMITED,Land Mobile,Simplex,VHF (30-300 MHz),2,150.975,153.5688
FLOCK HILL HOLDINGS,Land Mobile,Mobile Transmit,VHF (30-300 MHz),2,155.4688,155.9188
FLOCK HILL HOLDINGS,Land Mobile,Repeater,VHF (30-300 MHz),2,151.2875,151.7375
FMG INSURANCE LIMITED,Land Mobile,Simplex,UHF (300 MHz-3 GHz),2,477.6938,477.6938
FONTERRA CO-OPERATIVE GROUP,Fixed Link,Uni-directional,UHF (300 MHz-3 GHz),2,421.4125,421.4125
FONTERRA CO-OPERATIVE GROUP,Fixed Link,Bi-directional,UHF (300 MHz-3 GHz),2,454.4313,459.4688
FONTERRA CO-OPERATIVE GROUP LTD,Land Mobile,Repeater,UHF (300 MHz-3 GHz),2,481.2438,484.4813
FONTERRA CO-OPERATIVE GROUP LTD,Land Mobile,Mobile Transmit,UHF (300 MHz-3 GHz),2,475.2563,490.4938
FONTERRA LIMITED,Paging,Unspecified,UHF (300 MHz-3 GHz),2,458.55,458.6
FOREST VIEW LOGGING LIMITED,Land Mobile,Simplex,VHF (30-300 MHz),2,170.775,170.875
FORESTRY LEASING SOLUTIONS LIMITED,Land Mobile,Simplex,VHF (30-300 MHz),2,166.2875,166.3875
FREIGHT & BULK TRANSPORT HOLDINGS LIMITED,Land Mobile,Simplex,VHF (30-300 MHz),2,153.5313,153.5563
FRM HOLDINGS LIMITED,Land Mobile,Simplex,VHF (30-300 MHz),2,165.8375,166.4125
FROTANET LIMITED,Fixed Link,Bi-directional,UHF (300 MHz-3 GHz),2,453.9,458.9375
Far North Districts Amateur Radio Club,Amateur,Repeater,VHF (30-300 MHz),2,146.775,147.1
Far North Districts Amateur Radio Club,Amateur,Mobile Transmit,VHF (30-300 MHz),2,146.175,147.7
G BARBER,Land Mobile,Simplex,VHF (30-300 MHz),2,150.1875,150.1875
GA and NW Coogan Family Trust,Land Mobile,Simplex,VHF (30-300 MHz),2,165.8125,166.1
GASKELL CONTRACTING LTD,Land Mobile,Simplex,VHF (30-300 MHz),2,166.5125,166.5125
GCH AVIATION LIMITED,Aeronautical,Base Station,HF (3-30 MHz),2,3.0334,5.4744
GCH AVIATION LIMITED,Land Mobile,Simplex,VHF (30-300 MHz),2,166.675,166.6875
GENESIS ENERGY LIMITED,Fixed Link,Uni-directional,UHF (300 MHz-3 GHz),2,455.05,455.125
GENESIS ENERGY LIMITED,Land Mobile,Mobile Transmit,VHF (30-300 MHz),2,86.8188,154.6438
GENESIS ENERGY LIMITED,Land Mobile,Repeater,VHF (30-300 MHz),2,82.85,152.8625
GENESIS ENERGY LIMITED,Telemetry & Telecommand,Bi-directional,VHF (30-300 MHz),2,160.2875,160.2875
GENESIS ENERGY LIMITED,Telemetry & Telecommand,Uni-directional,VHF (30-300 MHz),2,160.1375,160.1375
GENESIS ENERGY LIMITED,Telemetry & Telecommand,Bi-directional,UHF (300 MHz-3 GHz),2,471.2,471.2
GILTRAP RACING LIMITED,Land Mobile,Simplex,UHF (300 MHz-3 GHz),2,482.0813,488.9938
GIS SERVICES LIMITED,Land Mobile,Simplex,VHF (30-300 MHz),2,150.3875,150.3875
GISBORNE DISTRICT COUNCIL,Fixed Link,Bi-directional,UHF (300 MHz-3 GHz),2,450.0625,450.0625
GISBORNE DISTRICT COUNCIL,Fixed Link,Bi-directional,SHF (3-30 GHz),2,18140.0,19150.0
GISBORNE DISTRICT COUNCIL,Land Mobile,Simplex,VHF (30-300 MHz),2,150.1125,166.7125
GISBORNE.NET.N.Z. LIMITED,Fixed Link,Bi-directional,EHF (>30 GHz),2,73375.0,83375.0
GLEESON & COX TRANSPORT LIMITED,Land Mobile,Simplex,VHF (30-300 MHz),2,150.5875,150.5875
GLOBAL ENGINEERING LIMITED,Land Mobile,Simplex,UHF (300 MHz-3 GHz),2,482.4313,488.9438
GLOBE WIRELESS (NEW ZEALAND) LTD,Fixed Link,Bi-directional,SHF (3-30 GHz),2,10518.0,10609.0
GOLDEN BAY CEMENT,Fixed Link,Bi-directional,UHF (300 MHz-3 GHz),2,454.3313,459.3688
GOLDEN BAY CEMENT,Land Mobile,Simplex,VHF (30-300 MHz),2,150.2625,150.4375
GOODMAN CONTRACTORS LIMITED,Land Mobile,Mobile Transmit,UHF (300 MHz-3 GHz),2,451.8813,469.2313
GPS CONTROL SYSTEMS LIMITED,Land Mobile,Mobile Transmit,VHF (30-300 MHz),2,169.025,169.75
GRAINCORP FEEDS LIMITED,Land Mobile,Simplex,UHF (300 MHz-3 GHz),2,489.0063,489.0063
GREENBRIAR LIMITED,Land Mobile,Simplex,VHF (30-300 MHz),2,84.975,150.5625
GREY DISTRICT COUNCIL,Land Mobile,Mobile Transmit,VHF (30-300 MHz),2,155.3313,155.7063
GREY DISTRICT COUNCIL,Land Mobile,Repeater,VHF (30-300 MHz),2,151.15,151.525
GREYMOUTH PETROLEUM ACQUISITION COMPANY LTD,Land Mobile,Simplex,UHF (300 MHz-3 GHz),2,449.9313,455.1938
GREYMOUTH PETROLEUM ACQUISITION COMPANY LTD,Land Mobile,Simplex,VHF (30-300 MHz),2,150.275,150.975
GREYMOUTH PETROLEUM LTD,Fixed Link,Bi-directional,SHF (3-30 GHz),2,10755.0,11285.0
GREYMOUTH PETROLEUM LTD,Land Mobile,Repeater,VHF (30-300 MHz),2,151.575,152.65
GREYMOUTH PETROLEUM LTD,Land Mobile,Mobile Transmit,UHF (300 MHz-3 GHz),2,450.6125,450.6875
GREYMOUTH PETROLEUM LTD,Land Mobile,Mobile Transmit,VHF (30-300 MHz),2,154.4313,155.7563
GREYMOUTH PETROLEUM LTD,Land Mobile,Repeater,UHF (300 MHz-3 GHz),2,455.65,455.725
GRIMMER CONTRACTING LTD,Land Mobile,Simplex,VHF (30-300 MHz),2,171.0375,171.1125
GROUND CONNECT LIMITED,Land Mobile,Simplex,UHF (300 MHz-3 GHz),2,461.5563,461.6188
GROUNDFIX LIMITED,Land Mobile,Simplex,UHF (300 MHz-3 GHz),2,455.0938,455.3063
GULF HARBOUR MARINA LIMITED,Land Mobile,Simplex,UHF (300 MHz-3 GHz),2,461.5563,464.9938
GULFBAY ENTERPRISE LIMITED,Land Mobile,Repeater,UHF (300 MHz-3 GHz),2,456.9313,457.8313
GULFBAY ENTERPRISE LIMITED,Land Mobile,Mobile Transmit,UHF (300 MHz-3 GHz),2,451.8938,452.7938
Glendowie College,Land Mobile,Simplex,UHF (300 MHz-3 GHz),2,455.0938,458.3938
Graeme Richards,Land Mobile,Simplex,VHF (30-300 MHz),2,150.2,165.8375
Graeme Richards,Land Mobile,Simplex,UHF (300 MHz-3 GHz),2,455.0563,458.4563
Graham Knight,Land Mobile,Simplex,UHF (300 MHz-3 GHz),2,482.5438,482.6563
H BLACKBEE CONTRACTORS LIMITED,Land Mobile,Simplex,VHF (30-300 MHz),2,166.4625,166.6125
HAAST RESCUE CENTRE LIMITED,Maritime,Mobile Transmit,VHF (30-300 MHz),2,156.025,156.125
HAAST RESCUE CENTRE LIMITED,Maritime,Repeater,VHF (30-300 MHz),2,160.625,160.725
HAGAN FORESTRY LIMITED,Land Mobile,Simplex,VHF (30-300 MHz),2,150.3375,153.5313
HALLIBURTON NZ LTD,Land Mobile,Simplex,UHF (300 MHz-3 GHz),2,464.9688,466.8813
HAMILTON WORKINGMENS CLUB INC,Land Mobile,Simplex,UHF (300 MHz-3 GHz),2,461.7563,466.9563
HARTY TRAFFIC NZ LIMITED,Land Mobile,Simplex,UHF (300 MHz-3 GHz),2,482.1813,482.5188
HARVESTIT LIMITED,Land Mobile,Simplex,VHF (30-300 MHz),2,150.2875,153.5313
HASTINGS DISTRICT COUNCIL,Fixed Link,Bi-directional,SHF (3-30 GHz),2,18250.0,19260.0
HASTINGS DISTRICT COUNCIL,Land Mobile,Simplex,VHF (30-300 MHz),2,150.0875,166.5
HATUMA LIME CO LTD,Land Mobile,Simplex,UHF (300 MHz-3 GHz),2,449.9438,449.9438
HAURAKI DISTRICT COUNCIL,Land Mobile,Repeater,UHF (300 MHz-3 GHz),2,485.5188,486.1688
HAURAKI DISTRICT COUNCIL,Land Mobile,Mobile Transmit,UHF (300 MHz-3 GHz),2,491.5313,492.1813
HAURAKI DISTRICT COUNCIL,Telemetry & Telecommand,Uni-directional,UHF (300 MHz-3 GHz),2,471.15,471.15
HAWERA AERO CLUB INC,Aeronautical,Base Station,VHF (30-300 MHz),2,119.1,130.65
HAWKE'S BAY AIRPORT LIMITED,Land Mobile,Simplex,UHF (300 MHz-3 GHz),2,461.6688,464.9688
HAWKE'S BAY COMMUNITY FITNESS CENTRE TRUST,Land Mobile,Simplex,UHF (300 MHz-3 GHz),2,461.7688,464.9688
HAWKES BAY DISTRICT HEALTH BOARD,Land Mobile,Mobile Transmit,UHF (300 MHz-3 GHz),2,450.2813,450.8938
HAWKES BAY DISTRICT HEALTH BOARD,Land Mobile,Repeater,UHF (300 MHz-3 GHz),2,455.3188,455.9313
HAWKES BAY PROTEIN LIMITED,Land Mobile,Simplex,UHF (300 MHz-3 GHz),2,477.6563,482.9938
HAWKES BAY REGIONAL COUNCIL,Land Mobile,Mobile Transmit,VHF (30-300 MHz),2,155.5563,168.5375
HAWKES BAY REGIONAL COUNCIL,Land Mobile,Repeater,VHF (30-300 MHz),2,151.375,163.9375
HAWKES BAY REGIONAL COUNCIL,Maritime,Unspecified,VHF (30-300 MHz),2,161.975,162.025
HAWKESWOOD CIVIL LIMITED,Land Mobile,Simplex,VHF (30-300 MHz),2,166.1,166.4625
HAWTHORNE GROUP LIMITED,Land Mobile,Simplex,UHF (300 MHz-3 GHz),2,470.7813,476.1313
HEALTH NEW ZEALAND LIMITED,Land Mobile,Simplex,VHF (30-300 MHz),2,150.2,153.4313
HEALTHALLIANCE N.Z. LIMITED,Land Mobile,Simplex,UHF (300 MHz-3 GHz),2,466.6938,483.7688
HELI HARVEST LTD,Land Mobile,Simplex,VHF (30-300 MHz),2,150.275,150.8
HELICOPTER CHARTER KARAMEA (2006) LIMITED,Land Mobile,Simplex,VHF (30-300 MHz),2,150.5375,150.5375
HELICOPTER SERVICES BOP LTD,Land Mobile,Simplex,VHF (30-300 MHz),2,150.45,153.5938
HELIOPS SOUTHLAND LTD,Land Mobile,Simplex,VHF (30-300 MHz),2,166.725,166.725
HELIVENTURES NZ LIMITED,Land Mobile,Simplex,VHF (30-300 MHz),2,166.25,170.6375
HIBISCUS COAST MOTOR SPORTS CLUB INC,Land Mobile,Simplex,VHF (30-300 MHz),2,150.2125,170.325
HICKFORD LOGGING LIMITED,Land Mobile,Simplex,VHF (30-300 MHz),2,150.35,153.5313
HIDDEN LAKES (2008) LIMITED,Fixed Link,Bi-directional,UHF (300 MHz-3 GHz),2,454.9063,459.9438
HIDDEN LAKES (2008) LIMITED,Land Mobile,Simplex,VHF (30-300 MHz),2,170.725,170.725
HIGGS CONSTRUCTION LIMITED,Land Mobile,Simplex,UHF (300 MHz-3 GHz),2,471.7313,477.5313
HIGH COUNTRY HARVESTING LIMITED,Land Mobile,Simplex,UHF (300 MHz-3 GHz),2,476.3813,476.3813
HIROCK LIMITED,Land Mobile,Simplex,UHF (300 MHz-3 GHz),2,453.3188,455.2938
HIWAY NEW ZEALAND LIMITED,Land Mobile,Simplex,UHF (300 MHz-3 GHz),2,470.7813,476.3313
HM LOGGING LIMITED,Land Mobile,Simplex,VHF (30-300 MHz),2,153.5313,166.6
HOLMES EQUIPMENT LIMITED,Land Mobile,Simplex,UHF (300 MHz-3 GHz),2,470.9813,471.7313
HOOD TRANSPORT LIMITED,Land Mobile,Simplex,VHF (30-300 MHz),2,150.3375,153.5313
HORIZON FARMING LTD,Land Mobile,Mobile Transmit,VHF (30-300 MHz),2,168.475,169.4125
HORIZON FARMING LTD,Land Mobile,Repeater,VHF (30-300 MHz),2,163.875,164.8125
HOSPITALLER ORDER OF ST JOHN OF JERUSALEM,Land Mobile,Repeater,VHF (30-300 MHz),2,152.15,153.3
HOSPITALLER ORDER OF ST JOHN OF JERUSALEM,Land Mobile,Mobile Transmit,VHF (30-300 MHz),2,153.9313,155.0813
HUTT CITY COUNCIL WELLINGTON WATER MANAGEMENT,Fixed Link,Bi-directional,UHF (300 MHz-3 GHz),2,454.8438,459.8813
HUTT VALLEY DHB,Land Mobile,Simplex,UHF (300 MHz-3 GHz),2,454.9938,455.1688
HUTT VALLEY MOTORSPORT CLUB INCORPORATED,Land Mobile,Simplex,VHF (30-300 MHz),2,150.275,150.45
HYBRID TECHNOLOGIES LIMITED,Fixed Link,Bi-directional,EHF (>30 GHz),2,71750.0,81750.0
HYNDS PIPES SYSTEMS LTD,Land Mobile,Simplex,UHF (300 MHz-3 GHz),2,466.9063,489.9313
Hamish Franklin,Land Mobile,Simplex,VHF (30-300 MHz),2,153.5313,153.5938
Harris Technology Limited,Land Mobile,Simplex,VHF (30-300 MHz),2,166.3125,166.3875
Health New Zealand,Land Mobile,Simplex,VHF (30-300 MHz),2,150.6375,153.5688
Health New Zealand,Land Mobile,Simplex,UHF (300 MHz-3 GHz),2,461.8063,461.8063
Heath Clapperton,Land Mobile,Simplex,UHF (300 MHz-3 GHz),2,458.5063,461.6688
Higgie Tweeddale Partnership,Land Mobile,Simplex,VHF (30-300 MHz),2,150.675,150.675
Honey Harvest Apiary,Land Mobile,Simplex,UHF (300 MHz-3 GHz),2,453.3438,453.4688
I H WEDDING & SONS (WAIKATO) LIMITED,Land Mobile,Simplex,UHF (300 MHz-3 GHz),2,489.0563,489.8313
IGNITION FIREWOOD LIMITED,Land Mobile,Simplex,VHF (30-300 MHz),2,150.3375,153.5313
IHUMATAO QUARRIES LTD,Land Mobile,Simplex,UHF (300 MHz-3 GHz),2,483.5063,488.5313
INFLITE SKI PLANES LIMITED,Land Mobile,Mobile Transmit,VHF (30-300 MHz),2,154.9688,155.7188
INFLITE SKI PLANES LIMITED,Land Mobile,Repeater,VHF (30-300 MHz),2,151.5375,153.1875
INGHAMS ENTERPRISES (NZ) PTY LTD,Land Mobile,Simplex,UHF (300 MHz-3 GHz),2,458.4688,461.5813
INSPIRE NET LIMITED,Fixed Link,Bi-directional,EHF (>30 GHz),2,71375.0,81375.0
INVERCARGILL CITY COUNCIL,Fixed Link,Bi-directional,UHF (300 MHz-3 GHz),2,443.475,448.4813
INVERCARGILL CITY COUNCIL,Land Mobile,Simplex,UHF (300 MHz-3 GHz),2,455.2781,461.5031
ISO LIMITED,Land Mobile,Simplex,VHF (30-300 MHz),2,166.45,170.65
Ian Williams,Land Mobile,Simplex,UHF (300 MHz-3 GHz),2,464.8938,482.0188
Ian Williams,Land Mobile,Simplex,VHF (30-300 MHz),2,84.225,150.425
Icon Logistics Limited,Land Mobile,Simplex,UHF (300 MHz-3 GHz),2,453.5438,455.3063
J & R WEDD COMPANY LIMITED,Land Mobile,Simplex,VHF (30-300 MHz),2,150.45,150.45
J H WHITTAKER & SONS LIMITED,Land Mobile,Simplex,UHF (300 MHz-3 GHz),2,482.1813,482.7063
J R K DRAINAGE & ROADING CONTRACTORS LIMITED,Land Mobile,Simplex,VHF (30-300 MHz),2,150.45,170.75
J SWAP CONTRACTORS LIMITED,Fixed Link,Bi-directional,UHF (300 MHz-3 GHz),2,420.1625,425.175
JACK LINK'S-NEW ZEALAND LTD,Land Mobile,Simplex,UHF (300 MHz-3 GHz),2,482.0438,488.9688
JADE PROMOTIONS AND EVENTS LIMITED,Land Mobile,Simplex,UHF (300 MHz-3 GHz),2,483.1188,483.6313
JAGRE HOLDINGS LLC,Fixed Link,Bi-directional,UHF (300 MHz-3 GHz),2,420.7875,425.8
JET BAR AND LOUNGE LIMITED,Land Mobile,Simplex,UHF (300 MHz-3 GHz),2,461.5813,461.7438
JL MURRAY & SONS LTD,Land Mobile,Simplex,UHF (300 MHz-3 GHz),2,466.8813,466.9188
JOHN JONES STEEL LIMITED,Land Mobile,Simplex,UHF (300 MHz-3 GHz),2,461.6938,466.9688
JOHNSTON CIVIL LIMITED,Land Mobile,Simplex,UHF (300 MHz-3 GHz),2,453.4563,455.2063
JOHNSTON DICK & ASSOCIATES LIMITED,Fixed Link,Bi-directional,UHF (300 MHz-3 GHz),2,808.75,853.75
JUKEN NEW ZEALAND LIMITED,Fixed Link,Bi-directional,UHF (300 MHz-3 GHz),2,422.1875,427.2
JUKEN NEW ZEALAND LIMITED,Land Mobile,Simplex,UHF (300 MHz-3 GHz),2,458.4438,458.6188
JUKEN NEW ZEALAND LTD,Land Mobile,Repeater,UHF (300 MHz-3 GHz),2,455.6438,457.6438
JUKEN NEW ZEALAND LTD,Land Mobile,Mobile Transmit,UHF (300 MHz-3 GHz),2,450.6063,452.6063
JV ELECTRONICS LTD,Land Mobile,Simplex,VHF (30-300 MHz),2,150.1125,150.675
Joe Bell,Amateur,Repeater,UHF (300 MHz-3 GHz),2,439.475,439.6875
Joe Bell,Amateur,Mobile Transmit,UHF (300 MHz-3 GHz),2,434.475,434.9688
K J EGGELING,Maritime,Unspecified,HF (3-30 MHz),2,4.1264,4.4184
K R SEARLE,Land Mobile,Simplex,VHF (30-300 MHz),2,150.4375,150.6375
KAIKOURA DISTRICT COUNCIL,Paging,Unspecified,VHF (30-300 MHz),2,160.3375,160.3375
KAIPARA LIMITED,Land Mobile,Simplex,UHF (300 MHz-3 GHz),2,488.2563,489.8438
KAKARIKI PROTEINS LIMITED,Land Mobile,Simplex,UHF (300 MHz-3 GHz),2,489.0688,489.8188
KALIN CONTRACTING LIMITED,Land Mobile,Repeater,VHF (30-300 MHz),2,163.125,163.4125
KALIN CONTRACTING LIMITED,Land Mobile,Mobile Transmit,VHF (30-300 MHz),2,167.725,168.0125
KAPITI COAST DISTRICT COUNCIL,Fixed Link,Bi-directional,UHF (300 MHz-3 GHz),2,454.2188,459.2563
KAPITI RETIREMENT TRUST,Paging,Unspecified,VHF (30-300 MHz),2,160.3875,160.5125
KARDON CONSULTANTS LTD,Land Mobile,Simplex,UHF (300 MHz-3 GHz),2,453.3313,454.9813
KARM SAFETY MANAGEMENT LIMITED,Land Mobile,Simplex,UHF (300 MHz-3 GHz),2,461.6188,461.7938
KARORI SANCTUARY TRUST,Land Mobile,Simplex,VHF (30-300 MHz),2,150.575,150.95
KAWAU BROADBAND LIMITED,Fixed Link,Bi-directional,SHF (3-30 GHz),2,11035.0,11565.0
KE GREEN LOGGING LTD,Land Mobile,Simplex,VHF (30-300 MHz),2,150.1875,159.35
KEA AEROSPACE LIMITED,Aeronautical,Unspecified,SHF (3-30 GHz),2,5035.125,5035.125
KENNARDS HIRE NEW ZEALAND LIMITED,Land Mobile,Simplex,UHF (300 MHz-3 GHz),2,489.8688,489.9688
KERNOHAN CONTRACTORS LIMITED,Land Mobile,Simplex,UHF (300 MHz-3 GHz),2,482.5563,482.5813
KERR & LADBROOK CATERING LIMITED,Land Mobile,Simplex,UHF (300 MHz-3 GHz),2,453.3188,464.8438
KGL PLANT HOLDINGS LIMITED,Land Mobile,Simplex,UHF (300 MHz-3 GHz),2,476.1313,483.4688
KING COUNTRY PET FOOD NEW ZEALAND LIMITED,Land Mobile,Simplex,UHF (300 MHz-3 GHz),2,477.8563,482.2188
KIWI LUMBER (DANNEVIRKE) LIMITED,Land Mobile,Simplex,VHF (30-300 MHz),2,150.6375,150.6875
KIWICOAST APIARIES LIMITED,Land Mobile,Simplex,VHF (30-300 MHz),2,172.55,172.8875
KIWIRAIL LTD,Telemetry & Telecommand,Uni-directional,UHF (300 MHz-3 GHz),2,471.4,471.4
KMART NZ HOLDINGS LIMITED,Land Mobile,Mobile Transmit,UHF (300 MHz-3 GHz),2,468.3563,468.3938
KMART NZ HOLDINGS LIMITED,Land Mobile,Repeater,UHF (300 MHz-3 GHz),2,463.1688,463.2063
KORDIA LIMITED,Land Mobile,Simplex,UHF (300 MHz-3 GHz),2,471.0063,489.05
KT SERVICES LIMITED,Land Mobile,Simplex,UHF (300 MHz-3 GHz),2,461.5563,461.6438
KT SERVICES LIMITED,Land Mobile,Simplex,VHF (30-300 MHz),2,165.7375,165.925
Kaipara College,Land Mobile,Simplex,UHF (300 MHz-3 GHz),2,477.6688,477.8438
Karl Burtscher,Land Mobile,Simplex,UHF (300 MHz-3 GHz),2,477.6438,477.9813
Kieran James Robottom,Land Mobile,Simplex,UHF (300 MHz-3 GHz),2,477.5938,481.9938
Kieran James Robottom,Land Mobile,Mobile Transmit,VHF (30-300 MHz),2,167.225,169.925
Kieran James Robottom,Land Mobile,Repeater,VHF (30-300 MHz),2,162.625,165.325
LEACH & CO LIMITED,Land Mobile,Simplex,VHF (30-300 MHz),2,166.35,166.75
LEES VALLEY STATION LLC,Land Mobile,Simplex,VHF (30-300 MHz),2,84.975,170.8375
LEOLABS NEW ZEALAND LIMITED,Radiodetermination,Unspecified,UHF (300 MHz-3 GHz),2,2940.0,2960.0
LG MANUFACTURING CO LIMITED,Land Mobile,Simplex,UHF (300 MHz-3 GHz),2,482.1188,482.1563
LINCOLN UNIVERSITY,Fixed Link,Bi-directional,SHF (3-30 GHz),2,11075.0,11605.0
LINEAGE LOGISTICS NEW ZEALAND,Land Mobile,Simplex,UHF (300 MHz-3 GHz),2,453.5938,455.1563
LINKED EARTHWORKS LIMITED,Land Mobile,Simplex,UHF (300 MHz-3 GHz),2,458.3438,458.4813
LINKWATER SETTLERS INCORPORATED,Land Mobile,Simplex,VHF (30-300 MHz),2,150.0625,150.1875
"LION - BEER, SPIRITS & WINE (NZ) LIMITED",Land Mobile,Mobile Transmit,UHF (300 MHz-3 GHz),2,467.0188,467.0813
"LION - BEER, SPIRITS & WINE (NZ) LIMITED",Land Mobile,Repeater,UHF (300 MHz-3 GHz),2,461.8313,461.8938
LIQUEO BULK STORAGE LIMITED,Land Mobile,Simplex,UHF (300 MHz-3 GHz),2,455.2188,455.2188
LIQUIGAS LTD,Land Mobile,Simplex,UHF (300 MHz-3 GHz),2,455.1813,455.2688
LISTER HELICOPTERS LTD,Land Mobile,Simplex,VHF (30-300 MHz),2,166.4875,166.4875
LIVEWIRE AUDIO VISUAL LIMITED,Land Mobile,Mobile Transmit,UHF (300 MHz-3 GHz),2,472.2063,472.2438
LOGHAUL LIMITED,Land Mobile,Simplex,VHF (30-300 MHz),2,170.7625,170.7625
LRAE COMMS GROUP LIMITED,Spectrum Licence,Unspecified,SHF (3-30 GHz),2,3310.0,3310.0
LT TRANSPORT LIMITED,Land Mobile,Simplex,UHF (300 MHz-3 GHz),2,449.9563,453.5438
LYTTELTON ENGINEERING CO,Land Mobile,Simplex,VHF (30-300 MHz),2,150.1125,150.7125
LYTTELTON PORT COMPANY LIMITED,Maritime,Unspecified,VHF (30-300 MHz),2,156.6,156.8
Lahar Logging Ltd,Land Mobile,Simplex,VHF (30-300 MHz),2,153.5438,153.5438
M A & L P PICARD LTD,Land Mobile,Simplex,VHF (30-300 MHz),2,153.5313,153.5563
M R HOLLAND,Land Mobile,Repeater,UHF (300 MHz-3 GHz),2,455.4813,461.9063
M R HOLLAND,Land Mobile,Mobile Transmit,UHF (300 MHz-3 GHz),2,450.4438,467.0938
M.F.L LOGGING LIMITED,Land Mobile,Simplex,VHF (30-300 MHz),2,166.7375,170.625
MACAULAY METALS LIMITED,Fixed Link,Bi-directional,SHF (3-30 GHz),2,21434.0,22666.0
MACKENZIE MANAGEMENT LIMITED,Land Mobile,Simplex,VHF (30-300 MHz),2,150.075,150.725
MACTRACTOR LIMITED,Land Mobile,Simplex,VHF (30-300 MHz),2,150.7375,153.5563
MAGNUM CONSTRUCTION LTD,Land Mobile,Simplex,VHF (30-300 MHz),2,165.8125,170.3125
MAINPOWER NEW ZEALAND LTD,Land Mobile,Simplex,VHF (30-300 MHz),2,170.325,170.6125
MAMMOTH LIMITED,Land Mobile,Simplex,VHF (30-300 MHz),2,172.4125,172.4125
MANAWA ENERGY GENERATION LIMITED,Fixed Link,Bi-directional,SHF (3-30 GHz),2,18387.5,19397.5
MANAWATU AMATEUR RADIO SOCIETY INCORPORATED,Amateur,Mobile Transmit,VHF (30-300 MHz),2,146.05,147.725
MANAWATU DISTRICT COUNCIL,Telemetry & Telecommand,Uni-directional,UHF (300 MHz-3 GHz),2,471.05,471.05
MANAWATU-WANGANUI REGIONAL COUNCIL,Telemetry & Telecommand,Uni-directional,UHF (300 MHz-3 GHz),2,466.8125,466.8375
MANFEILD PARK TRUST,Land Mobile,Simplex,UHF (300 MHz-3 GHz),2,453.3688,453.4938
"MANGAHAO JOINT VENTURE, MANGAHAO POWER STATION,",Land Mobile,Mobile Transmit,VHF (30-300 MHz),2,85.2938,153.8688
"MANGAHAO JOINT VENTURE, MANGAHAO POWER STATION,",Land Mobile,Repeater,VHF (30-300 MHz),2,81.325,152.0875
MARAETAI SAILING CLUB INCORPORATED,Land Mobile,Simplex,UHF (300 MHz-3 GHz),2,489.0688,489.9813
MARLBOROUGH AIRPORT LIMITED,Aeronautical,Base Station,VHF (30-300 MHz),2,118.1,122.8
MARLBOROUGH AMATEUR RADIO CLUB INC,Amateur,Beacon,VHF (30-300 MHz),2,50.054,50.2945
MARLBOROUGH DISTRICT COUNCIL,Land Mobile,Simplex,VHF (30-300 MHz),2,153.4813,153.5563
MARLBOROUGH LOGGING LIMITED,Land Mobile,Simplex,VHF (30-300 MHz),2,150.1125,150.5375
MARLBOROUGH TOUR COMPANY LIMITED,Fixed Link,Bi-directional,UHF (300 MHz-3 GHz),2,450.1125,450.1125
MARLBOROUGH-NELSON MARINE RADIO ASSOCIATION INCORPORATED,Fixed Link,Bi-directional,UHF (300 MHz-3 GHz),2,454.325,459.3625
MARTON BRANCH NZART,Amateur,Unspecified,UHF (300 MHz-3 GHz),2,432.3,1296.5
MARTON BRANCH NZART,Amateur,Unspecified,VHF (30-300 MHz),2,50.293,144.489
MASSEY UNIVERSITY,Fixed Link,Bi-directional,UHF (300 MHz-3 GHz),2,449.5313,449.5313
MASSEY UNIVERSITY,Land Mobile,Repeater,VHF (30-300 MHz),2,151.6375,153.15
MASSEY UNIVERSITY,Land Mobile,Mobile Transmit,VHF (30-300 MHz),2,154.9313,155.8188
MASSEY UNIVERSITY,Land Mobile,Mobile Transmit,UHF (300 MHz-3 GHz),2,450.5813,472.6313
MASSEY UNIVERSITY,Land Mobile,Repeater,UHF (300 MHz-3 GHz),2,455.6188,478.6188
MASTERTON DISTRICT COUNCIL,Land Mobile,Repeater,UHF (300 MHz-3 GHz),2,455.3938,487.525
MASTERTON DISTRICT COUNCIL,Land Mobile,Mobile Transmit,UHF (300 MHz-3 GHz),2,450.3563,493.5375
MASTERTON DISTRICT COUNCIL,Land Mobile,Simplex,MF (300 kHz-3 MHz),2,2.0194,2.0224
MATAMATA DIRECTIONAL DRILLING LIMITED,Land Mobile,Simplex,UHF (300 MHz-3 GHz),2,458.6188,461.5063
MATAMATA PIAKO DISTRICT COUNCIL,Land Mobile,Mobile Transmit,UHF (300 MHz-3 GHz),2,467.8625,468.3125
MATAMATA PIAKO DISTRICT COUNCIL,Land Mobile,Repeater,UHF (300 MHz-3 GHz),2,462.675,463.125
MAUNGATAUTARI ECOLOGICAL ISLAND TRUST,Fixed Link,Bi-directional,UHF (300 MHz-3 GHz),2,442.4375,447.4438
MAUNGATAUTARI ECOLOGICAL ISLAND TRUST,Land Mobile,Mobile Transmit,UHF (300 MHz-3 GHz),2,491.5063,491.7188
MAUNGATAUTARI ECOLOGICAL ISLAND TRUST,Land Mobile,Repeater,UHF (300 MHz-3 GHz),2,485.4938,485.7063
MCCARTHY TRANSPORT  LTD,Land Mobile,Simplex,VHF (30-300 MHz),2,150.2,150.9875
MCCROSTIE TRUCKING LIMITED,Land Mobile,Simplex,UHF (300 MHz-3 GHz),2,453.4938,453.4938
MCKAY LIMITED,Land Mobile,Simplex,UHF (300 MHz-3 GHz),2,483.9313,489.9438
MCLAREN CONTRACTING LIMITED,Land Mobile,Simplex,UHF (300 MHz-3 GHz),2,483.7313,483.7563
MECHANISED CABLE HARVESTING 2025 LIMITED,Land Mobile,Simplex,VHF (30-300 MHz),2,170.9375,173.8313
MEDIAWORKS RADIO LIMITED,Fixed Link,Bi-directional,EHF (>30 GHz),2,37583.0,38843.0
MEDIAWORKS RADIO LIMITED,Land Mobile,Simplex,VHF (30-300 MHz),2,159.4625,159.5375
MEDICS ON SCENE LIMITED,Land Mobile,Simplex,UHF (300 MHz-3 GHz),2,461.5188,461.6813
MELODY DAIRIES LIMITED PARTNERSHIP,Land Mobile,Simplex,UHF (300 MHz-3 GHz),2,482.1188,483.4563
MERCURY BAY BRANCH 85 NZART,Amateur,Repeater,UHF (300 MHz-3 GHz),2,434.8,434.975
MERCURY BAY BRANCH 85 NZART,Amateur,Mobile Transmit,UHF (300 MHz-3 GHz),2,439.8,439.975
MERCURY NZ LIMITED,Fixed Link,Bi-directional,UHF (300 MHz-3 GHz),2,465.7625,465.7625
MERCURY NZ LIMITED,Paging,Unspecified,VHF (30-300 MHz),2,160.4875,160.4875
MERIDIAN ENERGY LIMITED,Telemetry & Telecommand,Uni-directional,VHF (30-300 MHz),2,160.1375,160.1375
METEOROLOGICAL SERVICE OF NEW ZEALAND LIMITED,Meteorological,Unspecified,EHF (>30 GHz),2,35120.0,94000.0
METRO CAPITAL HOLDINGS LIMITED,Fixed Link,Uni-directional,UHF (300 MHz-3 GHz),2,405.625,849.25
METROPOLITAN GLASS & GLAZING LIMITED,Land Mobile,Simplex,UHF (300 MHz-3 GHz),2,466.7188,466.8563
METSPRAY (NZ) 2013 LIMITED,Land Mobile,Simplex,UHF (300 MHz-3 GHz),2,464.8188,465.1188
MICHAEL HANNAN PROJECT SERVICES LIMITED,Land Mobile,Simplex,UHF (300 MHz-3 GHz),2,470.6438,488.8813
MIKE EDRIDGE CONTRACTING LTD,Land Mobile,Repeater,UHF (300 MHz-3 GHz),2,462.9563,463.1188
MIKE EDRIDGE CONTRACTING LTD,Land Mobile,Mobile Transmit,UHF (300 MHz-3 GHz),2,468.1438,468.3063
MIKE HARRIS EARTHMOVING LIMITED,Land Mobile,Simplex,VHF (30-300 MHz),2,150.7,150.725
MILFORD TRACK LIMITED,Land Mobile,Mobile Transmit,VHF (30-300 MHz),2,154.8313,154.9063
MILFORD TRACK LIMITED,Land Mobile,Repeater,VHF (30-300 MHz),2,153.05,153.125
MILLS CHAPMAN COMMUNICATIONS LTD,Fixed Link,Bi-directional,SHF (3-30 GHz),2,18360.0,19370.0
MILLS CHAPMAN COMMUNICATIONS LTD,Land Mobile,Repeater,VHF (30-300 MHz),2,151.8375,152.8625
MILLS CHAPMAN COMMUNICATIONS LTD,Land Mobile,Mobile Transmit,VHF (30-300 MHz),2,153.6188,154.6438
MOANA COMMUNICATIONS,Fixed Link,Uni-directional,UHF (300 MHz-3 GHz),2,405.175,933.75
MOBIL OIL NZ LTD,Land Mobile,Simplex,UHF (300 MHz-3 GHz),2,455.1938,455.2688
MOBILE SYSTEMS LIMITED,Fixed Link,Bi-directional,UHF (300 MHz-3 GHz),2,461.35,466.5625
MONDIALE FREIGHT SERVICES LIMITED,Fixed Link,Bi-directional,EHF (>30 GHz),2,74250.0,84250.0
MRS HIGGINS (2004) LIMITED,Land Mobile,Simplex,UHF (300 MHz-3 GHz),2,489.0563,489.8438
MULTI-MEDIA SYSTEMS LIMITED,Land Mobile,Simplex,UHF (300 MHz-3 GHz),2,449.9938,465.0063
MUSEUM OF NEW ZEALAND TE PAPA TONGAREWA,Land Mobile,Mobile Transmit,UHF (300 MHz-3 GHz),2,450.3188,451.3813
MUSEUM OF NEW ZEALAND TE PAPA TONGAREWA,Land Mobile,Repeater,UHF (300 MHz-3 GHz),2,455.3563,456.4188
MUSICK POINT RADIO GROUP INCORPORATED,Amateur,Mobile Transmit,Unknown,2,,
Marama Hunter,Land Mobile,Simplex,UHF (300 MHz-3 GHz),2,483.1813,483.5813
Marr Farms Ltd,Land Mobile,Simplex,VHF (30-300 MHz),2,153.5563,153.5563
Martyn Levy,Land Mobile,Simplex,VHF (30-300 MHz),2,165.775,165.775
Mid-Canterbury Building Removals Ltd,Land Mobile,Simplex,VHF (30-300 MHz),2,150.15,150.7375
MidCentral District Health Board,Land Mobile,Repeater,VHF (30-300 MHz),2,151.475,165.1875
MidCentral District Health Board,Land Mobile,Mobile Transmit,VHF (30-300 MHz),2,155.6563,169.7875
N B ABEL,Land Mobile,Simplex,VHF (30-300 MHz),2,166.725,171.7
NAPIER CITY COUNCIL,Fixed Link,Bi-directional,UHF (300 MHz-3 GHz),2,443.025,448.0313
NAPIER CITY COUNCIL,Land Mobile,Simplex,VHF (30-300 MHz),2,172.35,172.625
NARELLAN POOLS (NZ) PTY LIMITED,Land Mobile,Simplex,UHF (300 MHz-3 GHz),2,477.6188,477.8688
NATIONWIRED LIMITED,Land Mobile,Simplex,UHF (300 MHz-3 GHz),2,482.0438,489.8688
NAVICO GROUP APAC LIMITED,Radiodetermination,Unspecified,SHF (3-30 GHz),2,9410.0,9445.0
NELSON CITY COUNCIL,Land Mobile,Simplex,UHF (300 MHz-3 GHz),2,470.7938,477.8688
NELSON MARKETING AND BUSINESS CONSULTANTS LIMITED,Broadcasting,Unspecified,UHF (300 MHz-3 GHz),2,514.0,522.0
NELSON MARKETING AND BUSINESS CONSULTANTS LIMITED,Fixed Link,Bi-directional,SHF (3-30 GHz),2,5945.2,6197.24
NELSON MARLBOROUGH AREA HEALTH BOARD,Land Mobile,Simplex,UHF (300 MHz-3 GHz),2,470.775,470.8
NELSON MARLBOROUGH AREA HEALTH BOARD,Land Mobile,Repeater,UHF (300 MHz-3 GHz),2,462.0688,462.0688
NELSON MARLBOROUGH AREA HEALTH BOARD,Land Mobile,Mobile Transmit,UHF (300 MHz-3 GHz),2,467.2563,467.2563
NELSPECS LIMITED,Fixed Link,Bi-directional,UHF (300 MHz-3 GHz),2,441.5375,446.5438
NET ALARMS LIMITED,Land Mobile,Simplex,UHF (300 MHz-3 GHz),2,868.1,868.5
NETCOM SERVICES LIMITED,Fixed Link,Bi-directional,UHF (300 MHz-3 GHz),2,440.0125,445.0188
NETSPEED LIMITED,Fixed Link,Bi-directional,SHF (3-30 GHz),2,10715.0,11245.0
NETWORK TASMAN LTD,Land Mobile,Repeater,UHF (300 MHz-3 GHz),2,455.35,456.4688
NETWORK TASMAN LTD,Land Mobile,Mobile Transmit,UHF (300 MHz-3 GHz),2,450.3125,451.4313
NETWORK TASMAN LTD,Paging,Unspecified,VHF (30-300 MHz),2,157.825,157.825
NEW PLYMOUTH AMATEUR RADIO CLUB,Amateur,Mobile Transmit,UHF (300 MHz-3 GHz),2,433.475,438.8
NEW PLYMOUTH AMATEUR RADIO CLUB,Amateur,Repeater,UHF (300 MHz-3 GHz),2,433.8,438.475
NEW PLYMOUTH AMATEUR RADIO CLUB,Amateur,Mobile Transmit,VHF (30-300 MHz),2,147.2,147.8
NEW PLYMOUTH AMATEUR RADIO CLUB,Amateur,Repeater,VHF (30-300 MHz),2,147.2,147.8
NEW ZEALAND OIL SERVICES LIMITED,Fixed Link,Bi-directional,UHF (300 MHz-3 GHz),2,454.425,459.4625
NEW ZEALAND POLICE,Maritime,Unspecified,MF (300 kHz-3 MHz),2,2.1834,2.4814
NEW ZEALAND ROCKETRY ASSOCIATION INCORPORATED,Land Mobile,Simplex,UHF (300 MHz-3 GHz),2,470.8563,477.6563
NEW ZEALAND STARCH LIMITED,Paging,Unspecified,VHF (30-300 MHz),2,31.4,160.5375
NEW ZEALAND SYMPHONY ORCHESTRA,Land Mobile,Simplex,UHF (300 MHz-3 GHz),2,483.7813,488.3813
NEW ZEALAND WARRIORS LIMITED,Land Mobile,Simplex,UHF (300 MHz-3 GHz),2,488.2563,488.2813
NEWVALE COAL,Land Mobile,Simplex,UHF (300 MHz-3 GHz),2,489.85,489.85
NGA MANU TRUST,Land Mobile,Simplex,VHF (30-300 MHz),2,171.55,172.8875
NGA WAIRIKI - NGATI APA DEVELOPMENTS LIMITED,Land Mobile,Simplex,VHF (30-300 MHz),2,150.1,150.1
NGATI REHUA-NGATIWAI KI AOTEA TRUST,Land Mobile,Mobile Transmit,VHF (30-300 MHz),2,153.8063,153.9688
NGATI REHUA-NGATIWAI KI AOTEA TRUST,Land Mobile,Repeater,VHF (30-300 MHz),2,152.025,152.1875
NGATI TUWHARETOA GEOTHERMAL ASSETS LIMITED,Land Mobile,Repeater,UHF (300 MHz-3 GHz),2,480.0188,480.9438
NGATI TUWHARETOA GEOTHERMAL ASSETS LIMITED,Land Mobile,Mobile Transmit,UHF (300 MHz-3 GHz),2,474.0313,474.9563
NGATIHINE HEALTH TRUST,Fixed Link,Uni-directional,UHF (300 MHz-3 GHz),2,848.75,849.25
NIAGARA SAWMILLING CO LTD,Land Mobile,Simplex,VHF (30-300 MHz),2,165.85,165.85
NOKOMAI HELICOPTERS LTD,Land Mobile,Simplex,VHF (30-300 MHz),2,166.35,166.35
NOMAD ADVENTURES LIMITED,Land Mobile,Simplex,VHF (30-300 MHz),2,150.1875,150.3125
NORTH CANTERBURY AMATEUR RADIO CLUB,Amateur,Mobile Transmit,VHF (30-300 MHz),2,146.15,146.375
NORTH CANTERBURY AMATEUR RADIO CLUB,Amateur,Repeater,VHF (30-300 MHz),2,146.75,146.975
NORTHLAND CAR CLUB INCORPORATED,Land Mobile,Simplex,VHF (30-300 MHz),2,150.3125,165.95
NORTHLAND EVENTS CENTRE (2021) TRUST,Land Mobile,Simplex,UHF (300 MHz-3 GHz),2,476.3563,477.7063
NORTHLAND FOREST MANAGERS (1995) LIMITED,Land Mobile,Mobile Transmit,VHF (30-300 MHz),2,154.3563,154.5188
NORTHLAND FOREST MANAGERS (1995) LIMITED,Land Mobile,Simplex,VHF (30-300 MHz),2,150.95,153.5563
NORTHLAND FOREST MANAGERS (1995) LIMITED,Land Mobile,Repeater,VHF (30-300 MHz),2,152.575,152.7375
NORTHPORT LIMITED,Maritime,Unspecified,VHF (30-300 MHz),2,156.55,156.8
NORTHPORT LTD,Land Mobile,Simplex,UHF (300 MHz-3 GHz),2,464.9688,466.9938
NORTHPOWER LIMITED,Fixed Link,Bi-directional,SHF (3-30 GHz),2,7866.3,8177.62
NOVA FLOWTEC SERVICES LTD,Land Mobile,Simplex,UHF (300 MHz-3 GHz),2,464.9063,466.7188
NOVACOMM LIMITED,Land Mobile,Simplex,VHF (30-300 MHz),2,165.7375,170.3375
NOVACOMM LIMITED,Land Mobile,Simplex,UHF (300 MHz-3 GHz),2,449.9938,455.0938
NP WOOD FIBRE COMPANY LIMITED,Land Mobile,Simplex,VHF (30-300 MHz),2,150.3375,153.5313
NZ HOT HOUSE LIMITED,Fixed Link,Bi-directional,SHF (3-30 GHz),2,18222.5,19232.5
NZART CHRISTCHURCH BRANCH 05 INC,Amateur,Mobile Transmit,UHF (300 MHz-3 GHz),2,433.975,434.7
NZART CHRISTCHURCH BRANCH 05 INC,Amateur,Beacon,VHF (30-300 MHz),2,50.04,144.285
NZART EASTERN BOP BRANCH,Amateur,Repeater,VHF (30-300 MHz),2,144.575,147.3
NZART KAPITI BRANCH INC,Amateur,Mobile Transmit,VHF (30-300 MHz),2,144.75,146.25
NZART KAPITI BRANCH INC,Amateur,Repeater,VHF (30-300 MHz),2,145.35,146.85
NZART KAPITI BRANCH INC,Amateur,Mobile Transmit,UHF (300 MHz-3 GHz),2,434.65,434.7
NZART KAPITI BRANCH INC,Amateur,Repeater,UHF (300 MHz-3 GHz),2,439.65,439.7
NZART NORTH OTAGO BRANCH 64,Amateur,Repeater,UHF (300 MHz-3 GHz),2,438.65,439.2375
NZART RAGLAN BRANCH 83,Amateur,Mobile Transmit,UHF (300 MHz-3 GHz),2,434.425,434.45
NZART RAGLAN BRANCH 83,Amateur,Repeater,VHF (30-300 MHz),2,145.35,147.05
NZART RAGLAN BRANCH 83,Amateur,Mobile Transmit,VHF (30-300 MHz),2,144.75,147.65
NZART RAGLAN BRANCH 83,Amateur,Repeater,UHF (300 MHz-3 GHz),2,439.425,439.45
NZART SOUTH CANTERBURY BRANCH INC,Amateur,Repeater,UHF (300 MHz-3 GHz),2,438.45,438.85
NZART SOUTH CANTERBURY BRANCH INC,Amateur,Mobile Transmit,UHF (300 MHz-3 GHz),2,433.45,433.85
NZART SOUTHLAND BRANCH INC,Amateur,Repeater,VHF (30-300 MHz),2,145.775,146.8
NZART SOUTHLAND BRANCH INC,Amateur,Mobile Transmit,VHF (30-300 MHz),2,145.175,146.2
NZART TAUMARUNUI BRANCH,Amateur,Repeater,VHF (30-300 MHz),2,147.15,147.275
NZART TAUMARUNUI BRANCH,Amateur,Mobile Transmit,VHF (30-300 MHz),2,147.75,147.875
NZART TAUPO BRANCH,Amateur,Mobile Transmit,VHF (30-300 MHz),2,146.15,147.25
NZEC MANAGEMENT LIMITED,Fixed Link,Bi-directional,UHF (300 MHz-3 GHz),2,420.7125,425.725
NZEC MANAGEMENT LIMITED,Land Mobile,Simplex,VHF (30-300 MHz),2,165.8125,170.6
NZFM (2022) LIMITED PARTNERSHIP,Fixed Link,Bi-directional,UHF (300 MHz-3 GHz),2,449.4563,449.4563
Nathan Jang,Fixed Link,Bi-directional,EHF (>30 GHz),2,37100.0,38360.0
National Emergency Management Agency,Fixed Link,Bi-directional,VHF (30-300 MHz),2,162.4375,167.0375
New Zealand Ministry of Foreign Affairs & Trade,Land Mobile,Simplex,UHF (300 MHz-3 GHz),2,482.9688,483.4688
New Zealand Transport,Land Mobile,Repeater,UHF (300 MHz-3 GHz),2,486.3188,486.4688
New Zealand Transport,Land Mobile,Mobile Transmit,UHF (300 MHz-3 GHz),2,492.3313,492.4813
New Zealand Transport Agency,Fixed Link,Bi-directional,SHF (3-30 GHz),2,11115.0,11645.0
New Zealand Transport Agency,Land Mobile,Mobile Transmit,VHF (30-300 MHz),2,155.1813,169.3625
New Zealand Transport Agency,Land Mobile,Repeater,VHF (30-300 MHz),2,153.4,164.7625
Nga Tangata Tiaki o Whanganui,Fixed Link,Uni-directional,UHF (300 MHz-3 GHz),2,850.75,929.25
Ngamanawa Incorporation,Land Mobile,Simplex,VHF (30-300 MHz),2,170.3375,170.6375
North Canterbury Radio Trust,Fixed Link,Uni-directional,UHF (300 MHz-3 GHz),2,465.2125,930.75
OBERTECH GROUP LTD,Fixed Link,Bi-directional,UHF (300 MHz-3 GHz),2,1428.125,1522.625
OCEAN VIEW LOGGING LIMITED,Land Mobile,Simplex,VHF (30-300 MHz),2,165.85,166.2
OHAU SNOW HOLDINGS LIMITED,Land Mobile,Simplex,UHF (300 MHz-3 GHz),2,455.0563,455.0563
OLSEN GROUP MANAGEMENT SERVICES LIMITED,Land Mobile,Simplex,VHF (30-300 MHz),2,166.4375,166.4375
OMAMARI LOGGING LIMITED,Land Mobile,Simplex,VHF (30-300 MHz),2,150.8125,153.5438
OMARAMA SOARING CENTRE INCORPORATED,Fixed Link,Bi-directional,UHF (300 MHz-3 GHz),2,450.1125,450.1125
OMV NEW ZEALAND LIMITED,Fixed Link,Bi-directional,VHF (30-300 MHz),2,165.6938,170.2938
OMV NEW ZEALAND LIMITED,Fixed Link,Bi-directional,UHF (300 MHz-3 GHz),2,423.1625,428.175
OMV NEW ZEALAND LIMITED,Radiodetermination,Unspecified,SHF (3-30 GHz),2,3000.0,9400.0
ON TRACK EARTHMOVING LIMITED,Land Mobile,Simplex,VHF (30-300 MHz),2,165.7875,165.7875
ONE PURE INTERNATIONAL GROUP LIMITED,Land Mobile,Simplex,UHF (300 MHz-3 GHz),2,483.4188,488.2563
ONEFORTYONE NEW ZEALAND LIMITED,Land Mobile,Simplex,UHF (300 MHz-3 GHz),2,477.5563,483.2063
OPOUNUI HOLDING LIMITED,Fixed Link,Bi-directional,UHF (300 MHz-3 GHz),2,450.2125,450.2125
OPSEC SOLUTIONS LIMITED,Land Mobile,Simplex,VHF (30-300 MHz),2,166.1375,166.225
ORION NEW ZEALAND LTD,Fixed Link,Uni-directional,UHF (300 MHz-3 GHz),2,425.1,425.675
ORION NEW ZEALAND LTD,Land Mobile,Simplex,VHF (30-300 MHz),2,166.0625,166.0625
OSBORNE MOTOR SPORT LIMITED,Land Mobile,Simplex,UHF (300 MHz-3 GHz),2,483.4188,483.4438
OTOROHANGA DISTRICT COUNCIL,Land Mobile,Simplex,VHF (30-300 MHz),2,148.2125,149.6
OUTWARD BOUND TRUST OF NEW ZEALAND,Land Mobile,Simplex,HF (3-30 MHz),2,3.0244,5.6814
OWL OPTICS LIMITED,Land Mobile,Simplex,VHF (30-300 MHz),2,166.025,170.625
PACIFIC RIM FOODS LIMITED,Land Mobile,Simplex,UHF (300 MHz-3 GHz),2,488.3438,488.5188
PACT STEEL LIMITED,Land Mobile,Simplex,UHF (300 MHz-3 GHz),2,477.5313,477.9188
PAEROA CONTRACTING LIMITED,Land Mobile,Simplex,VHF (30-300 MHz),2,166.25,166.3125
PAKIHIROA STATION,Land Mobile,Simplex,VHF (30-300 MHz),2,166.3,172.8875
PALLET SUPPLIES CO LTD,Land Mobile,Simplex,UHF (300 MHz-3 GHz),2,461.7688,464.9438
PALMERSTON NORTH CITY COUNCIL,Land Mobile,Simplex,UHF (300 MHz-3 GHz),2,455.0188,489.6063
PAN PAC FOREST PRODUCTS (OTAGO) LIMITED,Land Mobile,Simplex,VHF (30-300 MHz),2,150.3875,150.3875
PARATA LIMITED,Land Mobile,Simplex,VHF (30-300 MHz),2,170.35,170.45
PASSAGE GUARDIAN CHARITABLE TRUST,Land Mobile,Simplex,MF (300 kHz-3 MHz),2,2.3194,2.7034
PASSIVE FIRE NZ LIMITED,Land Mobile,Simplex,UHF (300 MHz-3 GHz),2,482.9063,483.4438
PATON LOGGING LIMITED,Land Mobile,Simplex,VHF (30-300 MHz),2,150.3125,150.975
PEDERSEN KINLEITH LIMITED,Telemetry & Telecommand,Bi-directional,UHF (300 MHz-3 GHz),2,471.075,471.075
PERRYSCOPE PRODUCTIONS LIMITED,Broadcasting,Unspecified,VHF (30-300 MHz),2,90.4,106.4
PETE BURGESS CONTRACTING LIMITED,Land Mobile,Simplex,VHF (30-300 MHz),2,166.2875,166.2875
PGG WRIGHTSON LIMITED,Land Mobile,Simplex,UHF (300 MHz-3 GHz),2,483.5813,483.7688
PGG WRIGHTSON LTD,Land Mobile,Simplex,UHF (300 MHz-3 GHz),2,464.8688,466.9688
PHARMALINK EXTRACTS LIMITED,Land Mobile,Simplex,UHF (300 MHz-3 GHz),2,461.6313,466.9938
PINFOLD HEALTH SERVICES LTD,Land Mobile,Simplex,HF (3-30 MHz),2,4.8574,5.2914
PIPEFLOW TECHNOLOGY LIMITED,Land Mobile,Simplex,UHF (300 MHz-3 GHz),2,455.0438,455.1063
PLANEBIZ LTD,Land Mobile,Simplex,UHF (300 MHz-3 GHz),2,453.3688,458.4313
PMG GENERATION FUND TRUSTEES LIMITED,Land Mobile,Simplex,UHF (300 MHz-3 GHz),2,461.6188,464.8563
POLLOCK & SONS CRANE HIRE LIMITED,Land Mobile,Simplex,UHF (300 MHz-3 GHz),2,477.5938,477.6813
PORT BLAKELY LIMITED,Fixed Link,Bi-directional,UHF (300 MHz-3 GHz),2,454.7,459.7375
PORT NELSON LIMITED,Land Mobile,Repeater,UHF (300 MHz-3 GHz),2,457.0688,479.9563
PORT NELSON LIMITED,Land Mobile,Simplex,VHF (30-300 MHz),2,158.6,158.675
PORT NELSON LIMITED,Land Mobile,Mobile Transmit,UHF (300 MHz-3 GHz),2,452.0313,473.9688
PORT OF NAPIER LIMITED,Fixed Link,Bi-directional,EHF (>30 GHz),2,72500.0,82500.0
PORT OF NAPIER LIMITED,Telemetry & Telecommand,Uni-directional,VHF (30-300 MHz),2,36.35,160.1875
PORT TARANAKI LIMITED,Land Mobile,Repeater,UHF (300 MHz-3 GHz),2,461.9063,462.0438
PORT TARANAKI LIMITED,Land Mobile,Mobile Transmit,UHF (300 MHz-3 GHz),2,467.0938,467.2313
PORT TARANAKI LIMITED,Maritime,Unspecified,HF (3-30 MHz),2,4.1264,4.4184
POTAKA STATION LIMITED,Land Mobile,Mobile Transmit,VHF (30-300 MHz),2,168.55,169.4125
POTAKA STATION LIMITED,Land Mobile,Repeater,VHF (30-300 MHz),2,163.95,164.8125
POWER JOINTING (2018) LIMITED,Land Mobile,Simplex,UHF (300 MHz-3 GHz),2,483.4938,483.6813
POWERCO LIMITED,Fixed Link,Bi-directional,EHF (>30 GHz),2,37198.0,38458.0
POWERFIBRE LIMITED,Fixed Link,Bi-directional,SHF (3-30 GHz),2,10755.0,11285.0
POWERNET LIMITED,Fixed Link,Bi-directional,VHF (30-300 MHz),2,162.2875,166.8875
PPG INDUSTRIES NEW ZEALAND LIMITED,Land Mobile,Simplex,UHF (300 MHz-3 GHz),2,461.5188,461.7563
PRATT & WHITNEY HOLDINGS SAS,Land Mobile,Simplex,UHF (300 MHz-3 GHz),2,453.4938,455.2438
PRECAST HQ LIMITED,Land Mobile,Simplex,UHF (300 MHz-3 GHz),2,488.9563,489.3813
PRECINCT PROPERTIES HOLDINGS LIMITED,Land Mobile,Mobile Transmit,UHF (300 MHz-3 GHz),2,490.3188,490.5438
PRECINCT PROPERTIES HOLDINGS LIMITED,Land Mobile,Repeater,UHF (300 MHz-3 GHz),2,484.3063,484.5313
PRESBYTERIAN SUPPORT SERVICES (SOUTH CANTERBURY),Paging,Unspecified,VHF (30-300 MHz),2,160.3375,160.3375
PRIMEPORT TIMARU LTD,Maritime,Unspecified,VHF (30-300 MHz),2,161.975,162.025
PRO AG CONTRACTING LIMITED,Land Mobile,Simplex,VHF (30-300 MHz),2,84.25,172.775
PROBIZ SOLUTIONS LIMITED,Land Mobile,Simplex,UHF (300 MHz-3 GHz),2,483.4188,483.5063
PROFESSIONAL TRAFFIC SOLUTIONS LIMITED,Land Mobile,Simplex,UHF (300 MHz-3 GHz),2,461.5313,461.7188
PROFRUIT (2006) LIMITED,Land Mobile,Simplex,UHF (300 MHz-3 GHz),2,461.5563,466.8688
PROGRESSIVE HARVESTING LIMITED,Land Mobile,Simplex,VHF (30-300 MHz),2,166.6375,166.675
PROLIFT CRANE HIRE LIMITED,Land Mobile,Simplex,UHF (300 MHz-3 GHz),2,489.1313,489.8188
PUKEPINE SAWMILLS (1998) LTD,Land Mobile,Repeater,UHF (300 MHz-3 GHz),2,479.3563,479.6813
PUKEPINE SAWMILLS (1998) LTD,Land Mobile,Mobile Transmit,UHF (300 MHz-3 GHz),2,473.3688,473.6938
PUKEPINE SAWMILLS (1998) LTD,Land Mobile,Simplex,VHF (30-300 MHz),2,153.5313,153.5563
PUYSEGUR HOLDINGS LTD,Maritime,Unspecified,HF (3-30 MHz),2,4.1264,4.4184
PUYSEGUR HOLDINGS LTD,Maritime,Unspecified,MF (300 kHz-3 MHz),2,2.0464,2.1834
PVH BRANDS NZ LIMITED,Land Mobile,Simplex,UHF (300 MHz-3 GHz),2,470.7813,477.5563
PYE PEAK RADIO SPECTRUM PARK LIMITED,Land Mobile,Mobile Transmit,VHF (30-300 MHz),2,167.6375,167.8625
PYE PEAK RADIO SPECTRUM PARK LIMITED,Land Mobile,Repeater,VHF (30-300 MHz),2,163.0375,163.2625
Pamela Greer,Land Mobile,Simplex,UHF (300 MHz-3 GHz),2,471.65,477.7438
Parkland Products Limited,Land Mobile,Mobile Transmit,UHF (300 MHz-3 GHz),2,451.7813,469.8625
Philip Garside,Amateur,Mobile Transmit,UHF (300 MHz-3 GHz),2,434.65,434.65
Philip Knight,Land Mobile,Simplex,VHF (30-300 MHz),2,150.1625,150.2
PowerNet OTAGONET,Telemetry & Telecommand,Bi-directional,UHF (300 MHz-3 GHz),2,466.8375,466.8375
QPAM LIMITED,Land Mobile,Mobile Transmit,UHF (300 MHz-3 GHz),2,475.6313,491.7063
QPAM LIMITED,Land Mobile,Repeater,UHF (300 MHz-3 GHz),2,481.6188,485.6938
QUBE PORTS NZ LIMITED,Land Mobile,Simplex,VHF (30-300 MHz),2,150.1,150.725
QUEENSTOWN LAKES DISTRICT COUNCIL,Land Mobile,Repeater,UHF (300 MHz-3 GHz),2,462.5063,484.6063
QUEENSTOWN LAKES DISTRICT COUNCIL,Land Mobile,Mobile Transmit,UHF (300 MHz-3 GHz),2,467.6938,490.6188
QUEENSTOWN LAKES DISTRICT COUNCIL,Land Mobile,Simplex,UHF (300 MHz-3 GHz),2,458.4313,461.8063
R & R LOGGING LIMITED,Land Mobile,Simplex,VHF (30-300 MHz),2,159.35,159.35
R D MOORE,Land Mobile,Simplex,VHF (30-300 MHz),2,84.25,150.8625
R D TOTTENHAM,Land Mobile,Simplex,UHF (300 MHz-3 GHz),2,453.6063,458.3938
R E CAULFIELD,Fixed Link,Bi-directional,SHF (3-30 GHz),2,7547.0,7708.0
RACER PRODUCTS LIMITED,Land Mobile,Simplex,UHF (300 MHz-3 GHz),2,489.5438,489.6813
RADIO CENTRAL LIMITED,Broadcasting,Unspecified,VHF (30-300 MHz),2,94.3,104.3
RADIO CLUTHA LIMITED,Fixed Link,Uni-directional,UHF (300 MHz-3 GHz),2,444.45,461.4
RADIO ELECTRONICS GROUP,Amateur,Mobile Transmit,VHF (30-300 MHz),2,147.725,147.725
RADIO ELECTRONICS GROUP,Amateur,Mobile Transmit,UHF (300 MHz-3 GHz),2,438.875,438.875
RADIO HOKONUI LIMITED,Broadcasting,Unspecified,VHF (30-300 MHz),2,94.8,95.2
RADIO KIDNAPPERS CHARITABLE TRUST,Fixed Link,Uni-directional,UHF (300 MHz-3 GHz),2,842.75,928.875
RADIO SAMOA NETWORK NZ LIMITED,Fixed Link,Uni-directional,UHF (300 MHz-3 GHz),2,405.475,413.475
RADIO WAVES LIMITED,Land Mobile,Mobile Transmit,UHF (300 MHz-3 GHz),2,467.3563,474.1188
RAINBOW SPORTS CLUB INCORPORATED,Land Mobile,Simplex,VHF (30-300 MHz),2,150.6125,150.7875
RANGITATA SOUTH IRRIGATION LIMITED,Fixed Link,Bi-directional,UHF (300 MHz-3 GHz),2,440.0625,445.0688
RANGITOTO RADIO (INCORPORATED),Fixed Link,Bi-directional,UHF (300 MHz-3 GHz),2,453.775,458.8125
RAPID DRY TOWELS LIMITED,Land Mobile,Simplex,UHF (300 MHz-3 GHz),2,461.6188,464.8813
RATA FOREST MANAGEMENT LIMITED,Land Mobile,Simplex,VHF (30-300 MHz),2,166.4375,166.475
RATEC MOTORSPORT INCORPORATED,Land Mobile,Simplex,VHF (30-300 MHz),2,165.725,170.3125
RAVENSDOWN LIMITED,Land Mobile,Simplex,UHF (300 MHz-3 GHz),2,458.5063,464.9813
RB CIVIL LIMITED,Land Mobile,Simplex,VHF (30-300 MHz),2,166.0375,166.65
RE FORD LIMITED,Land Mobile,Simplex,VHF (30-300 MHz),2,165.9,165.9
REAL JOURNEYS LIMITED,Land Mobile,Simplex,VHF (30-300 MHz),2,166.45,172.95
REAL PET FOOD COMPANY LIMITED,Land Mobile,Simplex,UHF (300 MHz-3 GHz),2,477.6688,477.8563
REED CONTRACTING NELSON LTD,Land Mobile,Simplex,VHF (30-300 MHz),2,150.1375,150.7375
REEFTON-BULLER BRANCH NZART,Amateur,Repeater,UHF (300 MHz-3 GHz),2,439.95,439.975
REEFTON-BULLER BRANCH NZART,Amateur,Mobile Transmit,UHF (300 MHz-3 GHz),2,434.95,434.975
REMAP LIMITED,Land Mobile,Simplex,UHF (300 MHz-3 GHz),2,453.5938,455.2438
REMOTE NETWORKS LIMITED,Fixed Link,Bi-directional,UHF (300 MHz-3 GHz),2,442.6375,447.6438
REPTECH CORPORATION LIMITED,Land Mobile,Simplex,UHF (300 MHz-3 GHz),2,482.0563,483.9063
RHEMA MEDIA INCORPORATED,Satellite & Space,Unspecified,SHF (3-30 GHz),2,12468.35,14236.0
RICCARTON HIGH SCHOOL,Land Mobile,Simplex,VHF (30-300 MHz),2,150.8625,150.8625
RICHRO CRANE & CARTAGE LIMITED,Land Mobile,Simplex,UHF (300 MHz-3 GHz),2,477.9188,482.4563
RICHVIEW LIMITED,Land Mobile,Simplex,UHF (300 MHz-3 GHz),2,466.8938,489.9563
RIDGE ROAD IRRIGATION COMPANY LIMITED,Telemetry & Telecommand,Uni-directional,UHF (300 MHz-3 GHz),2,471.225,471.225
RIMANUI FARMS LTD,Land Mobile,Mobile Transmit,UHF (300 MHz-3 GHz),2,492.1938,492.7438
RIMANUI FARMS LTD,Land Mobile,Repeater,UHF (300 MHz-3 GHz),2,486.1813,486.7313
RIVER CITY PORT LIMITED,Land Mobile,Simplex,UHF (300 MHz-3 GHz),2,471.9688,471.9813
RIVERVIEW CONTRACTING LIMITED,Land Mobile,Simplex,VHF (30-300 MHz),2,150.125,150.125
RMD TRANSPORT LIMITED,Land Mobile,Simplex,UHF (300 MHz-3 GHz),2,488.9813,489.3188
ROBERT J. COTTON LIMITED,Land Mobile,Simplex,UHF (300 MHz-3 GHz),2,458.3938,461.5563
ROCK CONTROL LIMITED,Land Mobile,Simplex,VHF (30-300 MHz),2,171.825,172.55
RODNEY AMATEUR RADIO CLUB INC,Amateur,Repeater,VHF (30-300 MHz),2,146.85,147.3
ROTORUA BRANCH 33 (NZART) INC,Amateur,Mobile Transmit,VHF (30-300 MHz),2,144.95,147.95
ROTORUA DISTRICT COUNCIL,Fixed Link,Uni-directional,UHF (300 MHz-3 GHz),2,450.0625,450.0625
ROTORUA REGIONAL AIRPORT LIMITED,Land Mobile,Simplex,UHF (300 MHz-3 GHz),2,476.3188,482.0063
ROYAL NEW ZEALAND COASTGUARD INCORPORATED,Fixed Link,Bi-directional,SHF (3-30 GHz),2,21490.0,22722.0
ROYAL NEW ZEALAND COASTGUARD INCORPORATED,Land Mobile,Mobile Transmit,UHF (300 MHz-3 GHz),2,469.1719,469.9344
ROYAL NEW ZEALAND COASTGUARD INCORPORATED,Land Mobile,Repeater,UHF (300 MHz-3 GHz),2,463.9844,464.7469
ROYAL WELLINGTON GOLF CLUB INCORPORATED,Land Mobile,Simplex,UHF (300 MHz-3 GHz),2,483.5063,488.2813
ROYS HILL AGGREGATES LIMITED,Land Mobile,Simplex,VHF (30-300 MHz),2,150.2,150.9625
ROYS PEAK RADIO USERS INCORPORATED,Maritime,Repeater,VHF (30-300 MHz),2,160.8,160.925
ROYS PEAK RADIO USERS INCORPORATED,Maritime,Mobile Transmit,VHF (30-300 MHz),2,156.2,156.325
RUAPEHU DISTRICT COUNCIL,Fixed Link,Bi-directional,UHF (300 MHz-3 GHz),2,454.2313,459.2688
RUAPEHU DISTRICT COUNCIL,Land Mobile,Mobile Transmit,VHF (30-300 MHz),2,153.9938,155.6438
RUAPEHU DISTRICT COUNCIL,Land Mobile,Repeater,VHF (30-300 MHz),2,151.4625,152.2125
RURAL INTERNET NEW ZEALAND LIMITED,Broadcasting,Unspecified,VHF (30-300 MHz),2,90.2,93.6
RUSSELL GORDON CONTRACTING LIMITED,Land Mobile,Simplex,UHF (300 MHz-3 GHz),2,483.0188,483.9313
Radio KAHUNGUNU INC,Fixed Link,Uni-directional,UHF (300 MHz-3 GHz),2,405.8875,916.75
Rangitata Diversion Race Management Ltd,Land Mobile,Repeater,VHF (30-300 MHz),2,151.825,153.1125
Rangitata Diversion Race Management Ltd,Land Mobile,Mobile Transmit,VHF (30-300 MHz),2,153.6063,154.8938
Reuben Anthony Hector,Land Mobile,Simplex,VHF (30-300 MHz),2,150.175,150.3625
Richard J Hall,Land Mobile,Mobile Transmit,VHF (30-300 MHz),2,168.575,168.575
Richard J Hall,Land Mobile,Repeater,VHF (30-300 MHz),2,163.975,163.975
Ricky J HUNTINGTON,Fixed Link,Bi-directional,SHF (3-30 GHz),2,8321.0,8440.0
S MCKAY,Land Mobile,Mobile Transmit,VHF (30-300 MHz),2,154.3563,168.175
S MCKAY,Land Mobile,Repeater,VHF (30-300 MHz),2,152.575,163.575
S P MANN,Land Mobile,Simplex,UHF (300 MHz-3 GHz),2,453.6188,458.4938
SANDS GROUP NEW ZEALAND LIMITED,Land Mobile,Simplex,UHF (300 MHz-3 GHz),2,482.0563,483.9063
SANFORD LIMITED,Maritime,Unspecified,MF (300 kHz-3 MHz),2,2.1834,2.4454
SCANPOWER LTD,Land Mobile,Mobile Transmit,VHF (30-300 MHz),2,154.4188,155.7688
SCANPOWER LTD,Land Mobile,Repeater,VHF (30-300 MHz),2,151.5875,152.6375
SCANPOWER LTD,Land Mobile,Mobile Transmit,UHF (300 MHz-3 GHz),2,467.2438,467.4063
SCANPOWER LTD,Land Mobile,Repeater,UHF (300 MHz-3 GHz),2,462.0563,462.2188
SCHERING-PLOUGH ANIMAL HEALTH LTD,Land Mobile,Mobile Transmit,UHF (300 MHz-3 GHz),2,450.3938,450.4188
SCHERING-PLOUGH ANIMAL HEALTH LTD,Land Mobile,Repeater,UHF (300 MHz-3 GHz),2,455.4313,455.4563
SCN HELICOPTERS LIMITED,Land Mobile,Simplex,VHF (30-300 MHz),2,166.3375,166.65
SCOTT CONSTRUCTION LIMITED,Land Mobile,Simplex,UHF (300 MHz-3 GHz),2,488.3563,489.1188
SEARLE FORESTRY CONTRACTORS LIMITED,Land Mobile,Simplex,VHF (30-300 MHz),2,150.775,153.5313
SELECT SOLUTIONS LIMITED,Fixed Link,Bi-directional,SHF (3-30 GHz),2,10835.0,11365.0
SELWYN COLLEGE,Land Mobile,Simplex,VHF (30-300 MHz),2,150.075,153.5563
SEYMOURS (OPOTIKI) HOLDINGS LIMITED,Land Mobile,Simplex,VHF (30-300 MHz),2,150.35,153.5313
SGS NEW ZEALAND LIMITED,Land Mobile,Simplex,UHF (300 MHz-3 GHz),2,455.1813,455.2563
SHADOWLAND EXPEDITIONS LIMITED,Maritime,Unspecified,MF (300 kHz-3 MHz),2,2.1834,2.4814
SHORE CITY SHOPPING CENTRE PTY LIMITED,Land Mobile,Simplex,UHF (300 MHz-3 GHz),2,483.4188,483.8563
SHOTOVER JET QUEENSTOWN LTD,Land Mobile,Simplex,VHF (30-300 MHz),2,153.5563,153.5563
SHOW LIGHT AND POWER GP LIMITED,Land Mobile,Simplex,UHF (300 MHz-3 GHz),2,453.3563,453.4813
SHUNDI CUSTOMS LIMITED,Land Mobile,Simplex,UHF (300 MHz-3 GHz),2,482.2938,482.8563
SIBERIA STATION LIMITED,Land Mobile,Simplex,UHF (300 MHz-3 GHz),2,449.9563,453.3688
SIEMENS GAMESA RENEWABLE ENERGY PTY LTD,Land Mobile,Mobile Transmit,UHF (300 MHz-3 GHz),2,450.3563,450.3688
SIEMENS GAMESA RENEWABLE ENERGY PTY LTD,Land Mobile,Repeater,UHF (300 MHz-3 GHz),2,455.3938,455.4063
SIERRA ALPHA LIMITED,Land Mobile,Simplex,UHF (300 MHz-3 GHz),2,453.3688,455.0813
SIGNALS NZ 2025 LIMITED,Fixed Link,Bi-directional,SHF (3-30 GHz),2,10915.0,11445.0
SILVER FERN SHIPPING LIMITED,Land Mobile,Simplex,UHF (300 MHz-3 GHz),2,453.3063,453.5813
SIMPLE TRAFFIC MANAGEMENT LIMITED,Land Mobile,Simplex,UHF (300 MHz-3 GHz),2,489.8188,489.9688
SKYLINE ENTERPRISES,Land Mobile,Repeater,VHF (30-300 MHz),2,162.6375,163.3125
SKYLINE ENTERPRISES,Land Mobile,Mobile Transmit,VHF (30-300 MHz),2,167.2375,167.9125
SKYLINE SKYRIDES LIMITED,Land Mobile,Simplex,VHF (30-300 MHz),2,171.425,171.425
SMYTHE CONTRACTORS LIMITED,Land Mobile,Simplex,UHF (300 MHz-3 GHz),2,461.5813,466.8938
SONO SOUND SYSTEMS LIMITED,Land Mobile,Simplex,UHF (300 MHz-3 GHz),2,476.3188,476.3188
SORENSEN TRANSPORT WAVERLEY LIMITED,Land Mobile,Simplex,VHF (30-300 MHz),2,165.725,165.8875
SOURCE AND SUPPLY FOOD CO LIMITED,Land Mobile,Simplex,UHF (300 MHz-3 GHz),2,477.6813,483.7438
SOUTH EAST AIR LTD,Aeronautical,Base Station,VHF (30-300 MHz),2,130.2,130.2
SOUTH PORT NEW ZEALAND LIMITED,Maritime,Unspecified,VHF (30-300 MHz),2,156.7,156.8
SOUTH PORT NEW ZEALAND LIMITED,Paging,Unspecified,VHF (30-300 MHz),2,160.4625,160.5875
SOUTH WAIKATO DISTRICT COUNCIL,Fixed Link,Bi-directional,UHF (300 MHz-3 GHz),2,454.425,459.4625
SOUTHDIG LIMITED,Land Mobile,Simplex,VHF (30-300 MHz),2,150.375,150.375
SOUTHERN FORESTS NZ LIMITED,Land Mobile,Simplex,VHF (30-300 MHz),2,150.9875,150.9875
SOUTHERN LAKES HELICOPTERS LIMITED,Fixed Link,Bi-directional,UHF (300 MHz-3 GHz),2,454.95,459.9875
SOUTHERN LAKES HELICOPTERS LIMITED,Land Mobile,Repeater,VHF (30-300 MHz),2,152.15,153.25
SOUTHERN LAKES HELICOPTERS LIMITED,Land Mobile,Simplex,VHF (30-300 MHz),2,150.1625,150.9125
SOUTHERN LAKES HELICOPTERS LIMITED,Land Mobile,Mobile Transmit,VHF (30-300 MHz),2,153.9313,155.0313
SOUTHERN LOGGING SERVICES LIMITED,Land Mobile,Simplex,VHF (30-300 MHz),2,166.775,170.4
SOUTHERN OMS LIMITED,Land Mobile,Simplex,UHF (300 MHz-3 GHz),2,458.4813,461.7188
SOUTHERN TOWER'S LIMITED,Land Mobile,Simplex,UHF (300 MHz-3 GHz),2,470.9688,488.7188
SOUTHERN WINGS LIMITED,Aeronautical,Base Station,VHF (30-300 MHz),2,118.5,119.1
SOUTHLAND COMMUNITY BROADCASTERS CHARITABLE TRUST,Broadcasting,Unspecified,VHF (30-300 MHz),2,93.2,96.4
SOUTHLAND DISTRICT COUNCIL,Land Mobile,Simplex,VHF (30-300 MHz),2,165.9375,165.9375
SOUTHWOOD EXPORT LIMITED,Land Mobile,Mobile Transmit,VHF (30-300 MHz),2,154.2188,155.1188
SOUTHWOOD EXPORT LIMITED,Land Mobile,Repeater,VHF (30-300 MHz),2,152.4375,153.3375
SOUTHWOOD EXPORT LTD,Land Mobile,Simplex,VHF (30-300 MHz),2,150.0875,170.3875
SPARK NEW ZEALAND TRADING LIMITED,Fixed Link,Bi-directional,EHF (>30 GHz),2,74750.0,84750.0
SPB LOGGING LIMITED,Land Mobile,Simplex,VHF (30-300 MHz),2,165.9875,166.3875
SPECIALISED CONTAINER SERVICES,Land Mobile,Simplex,UHF (300 MHz-3 GHz),2,466.9063,483.8688
SPECIALISED CONTAINER SERVICES,Land Mobile,Mobile Transmit,UHF (300 MHz-3 GHz),2,467.2438,467.6188
SPECIALISED CONTAINER SERVICES(AUCK) LTD,Land Mobile,Repeater,UHF (300 MHz-3 GHz),2,462.4563,462.4563
SPENO RAIL MAINTENANCE AUSTRALIA PTY. LTD,Land Mobile,Simplex,UHF (300 MHz-3 GHz),2,465.1188,466.9688
SPRAY MARKS NZ LIMITED,Land Mobile,Simplex,UHF (300 MHz-3 GHz),2,477.6438,483.6313
STANLEY GRAY LIMITED,Land Mobile,Simplex,VHF (30-300 MHz),2,150.225,150.275
STEAD CONSTRUCTION LIMITED,Land Mobile,Simplex,UHF (300 MHz-3 GHz),2,483.2063,489.1188
STEVENSON AGGREGATES LIMITED,Land Mobile,Repeater,UHF (300 MHz-3 GHz),2,463.5813,463.5813
STEVENSON AGGREGATES LIMITED,Land Mobile,Mobile Transmit,UHF (300 MHz-3 GHz),2,468.7688,468.7688
STONEY CREEK (EST 1994) LIMITED,Land Mobile,Simplex,VHF (30-300 MHz),2,150.3625,150.7
STRAVON SAFARIS LIMITED,Land Mobile,Simplex,VHF (30-300 MHz),2,166.2719,166.45
STRINGFELLOW CONTRACTS LTD,Land Mobile,Simplex,VHF (30-300 MHz),2,150.6625,153.5938
STUART TIMBER CO LTD,Land Mobile,Simplex,UHF (300 MHz-3 GHz),2,455.0438,458.4563
SUDIMA CHCH AIRPORT LIMITED,Land Mobile,Simplex,UHF (300 MHz-3 GHz),2,477.6938,477.9813
SUMMIT FORESTS NEW ZEALAND LIMITED,Fixed Link,Bi-directional,UHF (300 MHz-3 GHz),2,450.2125,450.2125
SUMNER LIFEBOAT INST INC,Maritime,Unspecified,HF (3-30 MHz),2,4.1264,4.4184
SUNWORTH LIMITED,Land Mobile,Simplex,VHF (30-300 MHz),2,166.425,170.6
SUREVISION LIMITED,Land Mobile,Mobile Transmit,UHF (300 MHz-3 GHz),2,451.8063,452.9938
SURF LIFE SAVING NEW ZEALAND INCORPORATED,Land Mobile,Simplex,UHF (300 MHz-3 GHz),2,483.1813,483.7188
SURVEY GISBORNE LIMITED,Land Mobile,Simplex,VHF (30-300 MHz),2,171.7,172.75
SUTHERLAND & CO LTD,Land Mobile,Simplex,UHF (300 MHz-3 GHz),2,458.6438,461.8063
SWANSON TRANSPORT LIMITED,Land Mobile,Simplex,UHF (300 MHz-3 GHz),2,488.9563,489.3813
SWIRE SHIPPING (NZ) LIMITED,Land Mobile,Simplex,UHF (300 MHz-3 GHz),2,449.9313,449.9688
SYNLAIT MILK LIMITED,Land Mobile,Repeater,UHF (300 MHz-3 GHz),2,478.2438,480.1563
SYNLAIT MILK LIMITED,Land Mobile,Mobile Transmit,UHF (300 MHz-3 GHz),2,472.2563,474.1688
St John,Land Mobile,Simplex,HF (3-30 MHz),2,4.8904,7.8494
St Lukes Group (No 2) Limited,Land Mobile,Repeater,UHF (300 MHz-3 GHz),2,479.6063,480.2938
St Lukes Group (No 2) Limited,Land Mobile,Mobile Transmit,UHF (300 MHz-3 GHz),2,473.6188,474.3063
Steven Reay,Land Mobile,Simplex,UHF (300 MHz-3 GHz),2,868.3375,868.9938
Stuart Ross,Land Mobile,Simplex,UHF (300 MHz-3 GHz),2,466.8688,466.9563
T & T POSHYVAY LIMITED,Land Mobile,Simplex,UHF (300 MHz-3 GHz),2,465.1188,466.9563
T BASE 2 LIMITED,Land Mobile,Repeater,VHF (30-300 MHz),2,151.4875,151.6625
T BASE 2 LIMITED,Land Mobile,Mobile Transmit,VHF (30-300 MHz),2,155.6688,155.8438
T C JURGENS & SONS LIMITED,Land Mobile,Simplex,UHF (300 MHz-3 GHz),2,483.4938,489.5438
T MACFARLANE,Land Mobile,Simplex,VHF (30-300 MHz),2,165.8875,166.4
TAHAROA IRONSANDS LIMITED,Aeronautical,Base Station,VHF (30-300 MHz),2,119.1,119.1
TAHAROA IRONSANDS LIMITED,Fixed Link,Bi-directional,UHF (300 MHz-3 GHz),2,449.4688,449.4688
TAHAROA IRONSANDS LIMITED,Land Mobile,Simplex,UHF (300 MHz-3 GHz),2,461.5188,461.5938
TAHAROA IRONSANDS LIMITED,Maritime,Unspecified,VHF (30-300 MHz),2,161.975,162.025
TAHURUA EARTHMOVERS LIMITED,Land Mobile,Simplex,VHF (30-300 MHz),2,150.3875,150.6375
TAIRAWHITI DHB,Paging,Unspecified,VHF (30-300 MHz),2,160.3375,160.3375
TAIT INTERNATIONAL LIMITED,Fixed Link,Bi-directional,UHF (300 MHz-3 GHz),2,806.25,851.25
TAIT INTERNATIONAL LIMITED,Land Mobile,Simplex,VHF (30-300 MHz),2,84.5125,170.8125
TARANAKI REGIONAL COUNCIL,Fixed Link,Bi-directional,UHF (300 MHz-3 GHz),2,420.7625,425.775
TARANAKI REGIONAL COUNCIL,Land Mobile,Simplex,VHF (30-300 MHz),2,150.5875,153.4813
TASMAN FUELS LIMITED,Land Mobile,Simplex,UHF (300 MHz-3 GHz),2,455.0688,458.4188
TASMAN INSULATION NEW ZEALAND LIMITED,Land Mobile,Simplex,UHF (300 MHz-3 GHz),2,483.5438,483.8938
TATANA CONTRACTING LIMITED,Land Mobile,Simplex,UHF (300 MHz-3 GHz),2,483.6063,489.0188
TAUPO AIRPORT AUTHORITY,Aeronautical,Base Station,VHF (30-300 MHz),2,118.4,125.2
TAUPO MOTORSPORT PARK (NZ) LIMITED,Land Mobile,Simplex,UHF (300 MHz-3 GHz),2,461.8063,464.9063
TAURANGA CITY COUNCIL,Fixed Link,Uni-directional,UHF (300 MHz-3 GHz),2,450.0125,450.0125
"TAURANGA DISTRICT COUNCIL, AIRPORT AUTHORITY",Land Mobile,Simplex,UHF (300 MHz-3 GHz),2,476.1313,489.9688
TAURANGA SPORT FISHING CLUB INCORPORATED,Maritime,Repeater,VHF (30-300 MHz),2,160.75,160.85
TAURANGA SPORT FISHING CLUB INCORPORATED,Maritime,Mobile Transmit,VHF (30-300 MHz),2,156.15,156.25
TAURANGA VOLUNTEER COASTGUARD ASSOCIATION INCORPORATED,Maritime,Unspecified,HF (3-30 MHz),2,4.1264,4.4184
TAURANGA VOLUNTEER COASTGUARD ASSOCIATION INCORPORATED,Maritime,Mobile Transmit,VHF (30-300 MHz),2,156.125,156.325
TAURANGA VOLUNTEER COASTGUARD ASSOCIATION INCORPORATED,Maritime,Repeater,VHF (30-300 MHz),2,160.725,160.925
TAYLOR PRESTON LTD,Land Mobile,Simplex,UHF (300 MHz-3 GHz),2,453.4688,453.5188
TAYLORS CONTRACTING COMPANY LIMITED,Land Mobile,Mobile Transmit,VHF (30-300 MHz),2,154.7938,168.4375
TAYLORS CONTRACTING COMPANY LIMITED,Land Mobile,Repeater,VHF (30-300 MHz),2,153.0125,163.8375
TE HAU STATION LIMITED,Land Mobile,Repeater,VHF (30-300 MHz),2,162.7875,163.0625
TE HAU STATION LIMITED,Land Mobile,Mobile Transmit,VHF (30-300 MHz),2,167.3875,167.6625
TE PUKE AMATEUR RADIO CLUB INCORPORATED,Amateur,Mobile Transmit,VHF (30-300 MHz),2,145.125,147.775
TE REO IRIRANGI O NGATI RAUKAWA,Fixed Link,Uni-directional,UHF (300 MHz-3 GHz),2,928.25,931.75
TE REO IRIRANGI O TE ARAWA TRUST,Broadcasting,Unspecified,VHF (30-300 MHz),2,99.1,103.6
TE REO IRIRANGI O TE ARAWA TRUST,Fixed Link,Uni-directional,UHF (300 MHz-3 GHz),2,849.25,928.25
TE RUNANGA A IWI O NGAPUHI C/O TAUTOKO RADIO,Fixed Link,Uni-directional,UHF (300 MHz-3 GHz),2,920.75,931.75
TE RUNANGA O NGATI AWA,Broadcasting,Unspecified,VHF (30-300 MHz),2,96.9,106.5
TE RUNANGA O NGATI HINE,Broadcasting,Unspecified,VHF (30-300 MHz),2,99.1,99.6
TE WHANAU O WAIPAREIRA TRUST INC. / MANUKAU URBAN MAORI AUTHORITY,Fixed Link,Uni-directional,UHF (300 MHz-3 GHz),2,930.375,932.875
TECHSPAN MOTORSPORT NEW ZEALAND LIMITED,Land Mobile,Simplex,UHF (300 MHz-3 GHz),2,488.5313,489.0313
TELETECH COMMUNICATIONS LTD,Land Mobile,Simplex,VHF (30-300 MHz),2,150.8125,166.225
TERRA VIVA HOME & GARDEN LIMITED,Land Mobile,Simplex,UHF (300 MHz-3 GHz),2,461.5938,466.9688
THAMES COROMANDEL DISTRICT COUNCIL,Land Mobile,Simplex,MF (300 kHz-3 MHz),2,2.0194,2.0224
THAMES VALLEY CAR CLUB INC,Land Mobile,Simplex,VHF (30-300 MHz),2,150.2125,150.6125
THE BASEMENT THEATRE TRUST,Land Mobile,Simplex,UHF (300 MHz-3 GHz),2,449.9813,453.5063
THE CHRISTIAN CHURCH COMMUNITY TRUST,Land Mobile,Mobile Transmit,UHF (300 MHz-3 GHz),2,477.2125,477.3
THE CHRISTIAN CHURCH COMMUNITY TRUST,Land Mobile,Repeater,UHF (300 MHz-3 GHz),2,476.4625,476.55
THE CHURCH OF JESUS CHRIST OF LATTER-DAY SAINTS TRUST BOARD,Land Mobile,Repeater,UHF (300 MHz-3 GHz),2,478.1188,479.4188
THE CHURCH OF JESUS CHRIST OF LATTER-DAY SAINTS TRUST BOARD,Land Mobile,Mobile Transmit,UHF (300 MHz-3 GHz),2,472.1313,473.4313
THE HELICOPTER LINE LTD,Land Mobile,Mobile Transmit,VHF (30-300 MHz),2,153.9063,154.9563
THE HELICOPTER LINE LTD,Land Mobile,Repeater,VHF (30-300 MHz),2,152.125,153.175
THE HILLS RADIO TRUST,Fixed Link,Uni-directional,UHF (300 MHz-3 GHz),2,444.0375,933.25
THE KELLIHER CHARITABLE TRUST,Land Mobile,Simplex,VHF (30-300 MHz),2,153.4813,153.5938
THE LAMINEX GROUP,Land Mobile,Mobile Transmit,UHF (300 MHz-3 GHz),2,467.0438,467.4688
THE LAMINEX GROUP,Land Mobile,Repeater,UHF (300 MHz-3 GHz),2,461.8563,462.2813
THE MOHAKA AND KAWEKA EMERGENCY RADIO TRUST,Land Mobile,Mobile Transmit,VHF (30-300 MHz),2,167.5875,167.9875
THE MOHAKA AND KAWEKA EMERGENCY RADIO TRUST,Land Mobile,Repeater,VHF (30-300 MHz),2,162.9875,163.3875
THE NEW ZEALAND GOLF ASSOCIATION INC,Land Mobile,Simplex,UHF (300 MHz-3 GHz),2,455.0063,470.7438
THE PROPRIETORS OF PUKETAPU NO 3A BLOCK,Fixed Link,Bi-directional,UHF (300 MHz-3 GHz),2,454.5063,459.5438
THE PROPRIETORS OF PUKETAPU NO 3A BLOCK,Land Mobile,Mobile Transmit,VHF (30-300 MHz),2,154.7688,168.7
THE PROPRIETORS OF PUKETAPU NO 3A BLOCK,Land Mobile,Repeater,VHF (30-300 MHz),2,152.9875,164.1
THE ROYAL NEW ZEALAND BALLET,Land Mobile,Simplex,UHF (300 MHz-3 GHz),2,477.5938,477.6313
THE TASMAN BROADCASTING TRUST,Fixed Link,Uni-directional,UHF (300 MHz-3 GHz),2,929.25,932.75
THE TASMAN TANNING COMPANY LIMITED,Land Mobile,Simplex,UHF (300 MHz-3 GHz),2,465.1188,466.9688
THE VIBRANT GROUP LIMITED,Land Mobile,Simplex,UHF (300 MHz-3 GHz),2,458.4313,464.8688
THE WESTERVELT COMPANY NZ LIMITED,Land Mobile,Repeater,UHF (300 MHz-3 GHz),2,455.6313,457.8313
THE WESTERVELT COMPANY NZ LIMITED,Land Mobile,Mobile Transmit,UHF (300 MHz-3 GHz),2,450.5938,452.7938
THOMSONS TIMBER SUPPLIES LTD,Land Mobile,Simplex,VHF (30-300 MHz),2,150.7875,150.7875
TIAKI PLANTATIONS COMPANY,Fixed Link,Bi-directional,VHF (30-300 MHz),2,165.55,170.15
TIER 1 CONSULTING LIMITED,Land Mobile,Simplex,UHF (300 MHz-3 GHz),2,477.6688,477.8438
TIGER TREE TRIMMING LIMITED,Land Mobile,Simplex,UHF (300 MHz-3 GHz),2,483.1688,483.6313
TOGA HOSPITALITY NZ LIMITED,Land Mobile,Simplex,UHF (300 MHz-3 GHz),2,470.7688,476.3188
TOHAIA FORESTRY HARVESTING LIMITED,Land Mobile,Simplex,VHF (30-300 MHz),2,150.0625,150.7375
TOTARA PARK MOUNTAIN BIKE CLUB INCORPORATED,Land Mobile,Simplex,VHF (30-300 MHz),2,166.2875,166.3375
TRACTOR REPAIRS & SPARES LIMITED,Land Mobile,Mobile Transmit,UHF (300 MHz-3 GHz),2,451.1938,451.6188
TRACTOR REPAIRS & SPARES LIMITED,Land Mobile,Repeater,UHF (300 MHz-3 GHz),2,456.2313,456.6563
TRANSFIELD SERVICES (NEW ZEALAND) LTD,Land Mobile,Simplex,VHF (30-300 MHz),2,150.85,153.5313
TREASURY WINE ESTATES (MATUA) LIMITED,Land Mobile,Simplex,VHF (30-300 MHz),2,166.2625,170.325
TREBLE CONE INVESTMENTS LIMITED,Land Mobile,Mobile Transmit,UHF (300 MHz-3 GHz),2,467.1688,467.2063
TREBLE CONE INVESTMENTS LIMITED,Land Mobile,Repeater,UHF (300 MHz-3 GHz),2,461.9813,462.0188
TRESIDDER PUNANGA LIMITED,Land Mobile,Simplex,VHF (30-300 MHz),2,166.3125,166.3125
TROY WHEELER CONTRACTING LIMITED,Land Mobile,Simplex,VHF (30-300 MHz),2,166.225,166.375
TUAPEKA GOLD PRINT LIMITED,Fixed Link,Bi-directional,EHF (>30 GHz),2,72250.0,82250.0
TUMEKE LOGGERS LIMITED,Land Mobile,Simplex,VHF (30-300 MHz),2,159.275,170.9625
TUWHARETOA FM CHARITABLE TRUST,Fixed Link,Bi-directional,SHF (3-30 GHz),2,18325.5,19335.5
TWEEDDALE'S HONEY (NZ) LIMITED,Land Mobile,Simplex,VHF (30-300 MHz),2,150.9625,150.9625
TWIZEL COMMUNITY RADIO TRUST,Broadcasting,Unspecified,VHF (30-300 MHz),2,92.6,95.8
TWO DEGREES NETWORKS LIMITED,Satellite & Space,Unspecified,EHF (>30 GHz),2,38250.0,47950.0
The Sir Edmund Hillary Outdoor Pursuit Centre of New Zealand,Land Mobile,Repeater,VHF (30-300 MHz),2,163.9,163.9
The Sir Edmund Hillary Outdoor Pursuit Centre of New Zealand,Land Mobile,Mobile Transmit,VHF (30-300 MHz),2,168.5,168.5
Tiroa E & Te Hape B Trusts,Land Mobile,Mobile Transmit,VHF (30-300 MHz),2,168.125,168.6875
Tiroa E & Te Hape B Trusts,Land Mobile,Repeater,VHF (30-300 MHz),2,163.525,164.0875
Tod Partnership,Land Mobile,Simplex,VHF (30-300 MHz),2,165.9375,165.9375
Toi Ohomai Institute of Technology,Maritime,Unspecified,MF (300 kHz-3 MHz),2,2.1834,2.4454
Trevor MCTAVISH,Land Mobile,Simplex,VHF (30-300 MHz),2,150.7875,165.8875
TŪ ĀTEA NETWORK SERVICES LIMITED,Land Mobile,Repeater,VHF (30-300 MHz),2,164.975,165.2625
TŪ ĀTEA NETWORK SERVICES LIMITED,Land Mobile,Mobile Transmit,VHF (30-300 MHz),2,169.575,169.8625
UCT LIMITED,Land Mobile,Simplex,UHF (300 MHz-3 GHz),2,453.4688,455.0938
ULTIMATE EVENT PRODUCTIONS LIMITED,Land Mobile,Mobile Transmit,VHF (30-300 MHz),2,168.8375,169.825
UNIVERSITY OF OTAGO,Fixed Link,Bi-directional,SHF (3-30 GHz),2,5945.2,5945.2
UNIVERSITY OF OTAGO,Land Mobile,Repeater,UHF (300 MHz-3 GHz),2,456.1813,456.3313
UNIVERSITY OF OTAGO,Land Mobile,Mobile Transmit,UHF (300 MHz-3 GHz),2,451.1438,451.2938
UNWIRED IT LIMITED,Spectrum Licence,Unspecified,SHF (3-30 GHz),2,3320.0,3320.0
UPPER HUTT BRANCH NZART INC,Amateur,Repeater,UHF (300 MHz-3 GHz),2,438.6,1292.0
UPPER HUTT BRANCH NZART INC,Amateur,Mobile Transmit,UHF (300 MHz-3 GHz),2,433.6,1272.0
Unitec New Zealand Limited,Land Mobile,Mobile Transmit,UHF (300 MHz-3 GHz),2,490.2563,490.7313
Unitec New Zealand Limited,Land Mobile,Repeater,UHF (300 MHz-3 GHz),2,484.2438,484.7188
University of Auckland Space Institute Te Punaha Atea,Satellite & Space,Unspecified,UHF (300 MHz-3 GHz),2,401.9,401.9
VALARIS LIMITED,Fixed Link,Bi-directional,SHF (3-30 GHz),2,18298.0,19308.0
VECTOR FREE MARLBOROUGH LIMITED,Land Mobile,Simplex,VHF (30-300 MHz),2,150.3625,150.425
VECTOR LIMITED,Land Mobile,Simplex,UHF (300 MHz-3 GHz),2,477.8688,482.9313
VELOCITYNET LIMITED,Fixed Link,Bi-directional,SHF (3-30 GHz),2,10955.0,11485.0
VENTIA PTY LIMITED,Land Mobile,Mobile Transmit,UHF (300 MHz-3 GHz),2,469.8063,469.9688
VENTIA PTY LIMITED,Land Mobile,Repeater,UHF (300 MHz-3 GHz),2,464.6188,464.7813
VENTIA PTY LIMITED,Land Mobile,Simplex,VHF (30-300 MHz),2,150.35,153.5313
VENTURE FORESTRY LIMITED,Land Mobile,Simplex,VHF (30-300 MHz),2,153.5438,153.5438
VENUE RESPONSE LIMITED,Land Mobile,Simplex,VHF (30-300 MHz),2,153.5313,153.5563
VEOLIA WATER SERVICES (ANZ) PTY LTD,Land Mobile,Simplex,VHF (30-300 MHz),2,166.6375,170.725
VEOLIA WATER SERVICES (ANZ) PTY LTD,Land Mobile,Mobile Transmit,UHF (300 MHz-3 GHz),2,473.2688,491.5438
VEOLIA WATER SERVICES (ANZ) PTY LTD,Land Mobile,Simplex,UHF (300 MHz-3 GHz),2,489.0813,489.9813
VEOLIA WATER SERVICES (ANZ) PTY LTD,Land Mobile,Repeater,UHF (300 MHz-3 GHz),2,479.2563,485.5313
VERITY FARMS NEW ZEALAND LIMITED,Land Mobile,Simplex,VHF (30-300 MHz),2,150.0625,150.0625
VERSACE AUSTRALIA PTY LIMITED,Land Mobile,Simplex,UHF (300 MHz-3 GHz),2,458.3938,461.5813
VIADUCT HARBOUR (COMMERCIAL) LIMITED PARTNERSHIP,Land Mobile,Simplex,UHF (300 MHz-3 GHz),2,482.2063,482.6063
VIP STEEL PACKAGING (NZ) LIMITED,Land Mobile,Simplex,UHF (300 MHz-3 GHz),2,489.0688,489.8313
VIRIDIAN GLASS GP LIMITED,Land Mobile,Simplex,UHF (300 MHz-3 GHz),2,488.2688,488.5313
VITAL LIMITED,Fixed Link,Uni-directional,UHF (300 MHz-3 GHz),2,420.0875,425.7
VOLT TV PRODUCTIONS LIMITED,Land Mobile,Simplex,UHF (300 MHz-3 GHz),2,482.8063,488.5188
Vaughan Moloney,Land Mobile,Simplex,UHF (300 MHz-3 GHz),2,461.7688,461.7938
W & L ANDERSON PROPERTY HOLDINGS LTD,Land Mobile,Simplex,UHF (300 MHz-3 GHz),2,461.5688,466.8563
W AMEY & CO LTD,Land Mobile,Simplex,VHF (30-300 MHz),2,150.65,150.7
WAI IKA LIMITED,Land Mobile,Simplex,VHF (30-300 MHz),2,153.4813,153.5563
WAIDE COMMERCIAL CONSTRUCTION LIMITED,Land Mobile,Simplex,UHF (300 MHz-3 GHz),2,483.4438,483.6438
WAIHI GOLD MINING CO LTD,Land Mobile,Repeater,UHF (300 MHz-3 GHz),2,455.3563,463.1688
WAIHI GOLD MINING CO LTD,Land Mobile,Mobile Transmit,UHF (300 MHz-3 GHz),2,450.3188,468.3563
WAIKATO ANGLICAN COLLEGE TRUST,Land Mobile,Simplex,UHF (300 MHz-3 GHz),2,488.3313,489.0813
WAIKATO VHF GROUP INC,Amateur,Mobile Transmit,Unknown,2,,
WAIMAKARIRI DISTRICT COUNCIL - CIVIL DEFENCE,Land Mobile,Repeater,VHF (30-300 MHz),2,163.125,165.1625
WAIMAKARIRI DISTRICT COUNCIL - CIVIL DEFENCE,Land Mobile,Mobile Transmit,VHF (30-300 MHz),2,167.725,169.7625
WAIOTAPU LIMITED PARTNERSHIP,Land Mobile,Simplex,VHF (30-300 MHz),2,150.6375,150.725
WAIPA DISTRICT COUNCIL,Fixed Link,Uni-directional,UHF (300 MHz-3 GHz),2,450.1125,450.1125
WAIRAKEI PASTORAL LIMITED,Land Mobile,Simplex,VHF (30-300 MHz),2,166.225,166.35
WAIROA AVIATION LIMITED,Land Mobile,Simplex,VHF (30-300 MHz),2,170.825,170.825
WAITOMO BRANCH 55 NZART (INC),Amateur,Repeater,VHF (30-300 MHz),2,147.225,147.375
WAITOMO BRANCH 55 NZART (INC),Amateur,Mobile Transmit,VHF (30-300 MHz),2,147.825,147.975
WAITOMO DISTRICT COUNCIL,Land Mobile,Repeater,VHF (30-300 MHz),2,162.6375,164.2875
WAITOMO DISTRICT COUNCIL,Land Mobile,Mobile Transmit,VHF (30-300 MHz),2,167.2375,168.8875
WAITOMO RTUA,Fixed Link,Bi-directional,SHF (3-30 GHz),2,7215.5,7376.5
WAITOMO RTUA,Fixed Link,Bi-directional,UHF (300 MHz-3 GHz),2,442.9125,447.9188
WALKER LOGGN LIMITED,Land Mobile,Mobile Transmit,VHF (30-300 MHz),2,167.25,169.8875
WALKER LOGGN LIMITED,Land Mobile,Repeater,VHF (30-300 MHz),2,162.65,165.2875
WANAKA HARDWARE AND BUILDING SUPPLIES LIMITED,Land Mobile,Simplex,UHF (300 MHz-3 GHz),2,458.4063,461.6188
WANGANUI BRANCH NZART,Amateur,Mobile Transmit,VHF (30-300 MHz),2,146.3,146.9
WANGANUI BRANCH NZART,Amateur,Repeater,VHF (30-300 MHz),2,146.3,146.9
WANGANUI BRANCH NZART,Amateur,Repeater,UHF (300 MHz-3 GHz),2,433.8,439.2375
WANGANUI DISTRICT COUNCIL,Fixed Link,Bi-directional,UHF (300 MHz-3 GHz),2,454.7,459.7375
WANGANUI ROWING ASSOCIATION INCORPORATED,Land Mobile,Simplex,UHF (300 MHz-3 GHz),2,466.8563,466.9938
WASTE MANAGEMENT NZLTD,Land Mobile,Mobile Transmit,UHF (300 MHz-3 GHz),2,467.1938,490.3688
WASTE MANAGEMENT NZLTD,Land Mobile,Repeater,UHF (300 MHz-3 GHz),2,462.0063,484.3563
WATERCARE SERVICES LTD,Land Mobile,Simplex,UHF (300 MHz-3 GHz),2,489.75,868.8125
WATERWORLD TE RAPA,Land Mobile,Simplex,UHF (300 MHz-3 GHz),2,464.8563,466.7188
WE CAN PRECISION ENGINEERING LIMITED,Land Mobile,Simplex,UHF (300 MHz-3 GHz),2,477.6438,477.9813
WEBSTER DRILLING & EXPLORATION LIMITED,Land Mobile,Simplex,UHF (300 MHz-3 GHz),2,483.4938,489.6813
WEKA PASS RAILWAY INCORPORATED,Land Mobile,Simplex,VHF (30-300 MHz),2,150.075,150.45
WELLINGTON CAR CLUB INCORPORATED,Land Mobile,Simplex,UHF (300 MHz-3 GHz),2,483.6938,483.8938
WELLINGTON ELECTRICITY LINES LIMITED,Land Mobile,Mobile Transmit,UHF (300 MHz-3 GHz),2,450.6313,452.9563
WELLINGTON ELECTRICITY LINES LIMITED,Land Mobile,Repeater,UHF (300 MHz-3 GHz),2,455.6688,457.9938
WELLINGTON FAMILY 4X4 CLUB INCORPORATED,Land Mobile,Simplex,VHF (30-300 MHz),2,150.25,150.425
WELLINGTON HOLIDAY PARK LIMITED,Land Mobile,Simplex,UHF (300 MHz-3 GHz),2,477.8563,489.0688
WELLINGTON REGIONAL COUNCIL,Land Mobile,Simplex,UHF (300 MHz-3 GHz),2,453.3313,458.5188
WELLINGTON SCRAP METALS LIMITED,Land Mobile,Simplex,UHF (300 MHz-3 GHz),2,458.4063,461.6188
WELLINGTON SPEEDWAY SOCIETY INCORPORATED,Land Mobile,Simplex,UHF (300 MHz-3 GHz),2,461.6313,466.7063
WELLINGTON WATER LIMITED,Fixed Link,Bi-directional,UHF (300 MHz-3 GHz),2,454.675,459.7125
WELLINGTON WATER LIMITED,Telemetry & Telecommand,Bi-directional,UHF (300 MHz-3 GHz),2,471.3,471.3
WELLINGTON ZOO TRUST,Land Mobile,Repeater,VHF (30-300 MHz),2,151.05,151.5375
WELLINGTON ZOO TRUST,Land Mobile,Mobile Transmit,VHF (30-300 MHz),2,155.2313,155.7188
WENITA FORESTRY LTD,Fixed Link,Bi-directional,UHF (300 MHz-3 GHz),2,453.6313,458.6688
WENITA FORESTRY LTD,Land Mobile,Repeater,VHF (30-300 MHz),2,151.5,152.3
WENITA FORESTRY LTD,Land Mobile,Mobile Transmit,VHF (30-300 MHz),2,154.0813,155.6813
WEST COAST FORESTS LIMITED PARTNERSHIP,Land Mobile,Mobile Transmit,VHF (30-300 MHz),2,154.2813,154.3063
WEST COAST FORESTS LIMITED PARTNERSHIP,Land Mobile,Repeater,VHF (30-300 MHz),2,152.5,152.525
WEST COAST REGIONAL COUNCIL,Fixed Link,Bi-directional,VHF (30-300 MHz),2,163.775,172.225
WESTERN BAY OF PLENTY DISTRICT COUNCIL,Telemetry & Telecommand,Uni-directional,UHF (300 MHz-3 GHz),2,471.325,471.325
WESTERN HELICOPTERS LIMITED,Land Mobile,Simplex,VHF (30-300 MHz),2,150.1375,150.6125
WESTFIELD NEW ZEALAND LIMITED,Land Mobile,Mobile Transmit,UHF (300 MHz-3 GHz),2,467.7063,467.9063
WESTFIELD NEW ZEALAND LIMITED,Land Mobile,Repeater,UHF (300 MHz-3 GHz),2,462.5188,462.7188
WESTFIELD SHOPPING CENTRE MANAGEMENT CO (NZ) LTD,Fixed Link,Bi-directional,EHF (>30 GHz),2,74500.0,84500.0
WESTLAND BRANCH NZART,Amateur,Mobile Transmit,VHF (30-300 MHz),2,146.35,146.35
WESTSIDE NEW ZEALAND LIMITED,Land Mobile,Simplex,VHF (30-300 MHz),2,150.725,153.5688
WHAKATANE COAST GUARD ASSOCIATION INC,Maritime,Unspecified,HF (3-30 MHz),2,4.1264,4.4184
WHAKATANE DISTRICT COUNCIL,Fixed Link,Bi-directional,UHF (300 MHz-3 GHz),2,420.1125,420.1125
WHAKATANE DISTRICT COUNCIL,Land Mobile,Mobile Transmit,UHF (300 MHz-3 GHz),2,450.4625,451.2375
WHAKATANE DISTRICT COUNCIL,Land Mobile,Repeater,UHF (300 MHz-3 GHz),2,455.5,456.275
WINSTON NUTRITIONAL LIMITED,Land Mobile,Simplex,UHF (300 MHz-3 GHz),2,482.8188,483.2063
WINSTONE AGGREGATES LTD,Land Mobile,Simplex,VHF (30-300 MHz),2,150.1125,153.4938
WINSTONE WALLBOARDS LIMITED,Land Mobile,Repeater,UHF (300 MHz-3 GHz),2,455.4313,456.0563
WINSTONE WALLBOARDS LIMITED,Land Mobile,Mobile Transmit,UHF (300 MHz-3 GHz),2,450.3938,451.0188
WIRELESS DYNAMICS LIMITED,Fixed Link,Bi-directional,EHF (>30 GHz),2,72250.0,82250.0
WIRI OIL SERVICES LTD,Land Mobile,Simplex,UHF (300 MHz-3 GHz),2,458.4438,466.7063
WORKING STYLE LIMITED,Land Mobile,Simplex,UHF (300 MHz-3 GHz),2,453.3688,453.5438
William A BLACK,Land Mobile,Repeater,VHF (30-300 MHz),2,151.4125,165.175
William A BLACK,Land Mobile,Mobile Transmit,VHF (30-300 MHz),2,155.5938,169.775
Worksafe New Zealand,Land Mobile,Simplex,VHF (30-300 MHz),2,150.75,153.5563
XRAY TRUST LIMITED,Fixed Link,Bi-directional,SHF (3-30 GHz),2,18360.0,19370.0
YACHTING NEW ZEALAND INCORPORATED,Land Mobile,Simplex,VHF (30-300 MHz),2,166.5625,170.8125
YARDING SOLUTIONS (2016) LIMITED,Land Mobile,Simplex,VHF (30-300 MHz),2,166.2125,166.3125
YEALANDS ESTATE WINES LIMITED,Fixed Link,Bi-directional,UHF (300 MHz-3 GHz),2,450.0125,450.0125
YOUTHTOWN INCORPORATED,Land Mobile,Simplex,UHF (300 MHz-3 GHz),2,483.8438,483.9563
4 OLD EARS LIMITED,Fixed Link,Uni-directional,UHF (300 MHz-3 GHz),1,841.75,841.75
A A R GAMBLE,Amateur,Repeater,UHF (300 MHz-3 GHz),1,438.6,438.6
A A R GAMBLE,Amateur,Mobile Transmit,UHF (300 MHz-3 GHz),1,433.6,433.6
A AND R DEMPSEY LOGGING LIMITED,Land Mobile,Simplex,VHF (30-300 MHz),1,165.85,165.85
A H GILLESPIE LTD,Land Mobile,Simplex,VHF (30-300 MHz),1,150.475,150.475
A HAINES HOUSE HAULAGE,Land Mobile,Simplex,UHF (300 MHz-3 GHz),1,466.8688,466.8688
A J CALDWELL TRADING AS CALDWELL CONTRACTING,Land Mobile,Simplex,VHF (30-300 MHz),1,150.575,150.575
A J DOW,Land Mobile,Simplex,VHF (30-300 MHz),1,150.3625,150.3625
A J TRIPP,Land Mobile,Simplex,VHF (30-300 MHz),1,150.875,150.875
ABLE TASMAN FORESTRY SERVICES LIMITED,Land Mobile,Simplex,UHF (300 MHz-3 GHz),1,455.2438,455.2438
ACCESS COMMUNITY RADIO AUCKLAND INC,Broadcasting,Unspecified,VHF (30-300 MHz),1,104.6,104.6
ACCESS COMMUNITY RADIO AUCKLAND INC,Fixed Link,Uni-directional,UHF (300 MHz-3 GHz),1,849.25,849.25
ACCESS RADIO TARANAKI TRUST,Broadcasting,Unspecified,VHF (30-300 MHz),1,104.4,104.4
ACCESS RADIO TARANAKI TRUST,Fixed Link,Uni-directional,UHF (300 MHz-3 GHz),1,933.25,933.25
ACCESS RADIO WAIRARAPA CHARITABLE TRUST,Broadcasting,Unspecified,VHF (30-300 MHz),1,92.7,92.7
ACCESS RADIO WAIRARAPA CHARITABLE TRUST,Fixed Link,Uni-directional,UHF (300 MHz-3 GHz),1,848.25,848.25
ACERNA PASTURES LIMITED,Land Mobile,Simplex,UHF (300 MHz-3 GHz),1,477.9813,477.9813
ACM NEW ZEALAND LIMITED,Land Mobile,Simplex,UHF (300 MHz-3 GHz),1,458.3688,458.3688
ACM NEW ZEALAND LIMITED,Land Mobile,Mobile Transmit,UHF (300 MHz-3 GHz),1,468.9063,468.9063
ACTIVE NEW ZEALAND LIMITED,Land Mobile,Simplex,VHF (30-300 MHz),1,150.225,150.225
ADAMS CONTRACTING LIMITED,Land Mobile,Simplex,VHF (30-300 MHz),1,150.625,150.625
ADRIFT OUTDOORS LIMITED,Land Mobile,Simplex,VHF (30-300 MHz),1,171.7,171.7
AFFCO LAMB WAIROA,Land Mobile,Mobile Transmit,UHF (300 MHz-3 GHz),1,469.3938,469.3938
AFFCO LAMB WAIROA,Land Mobile,Repeater,UHF (300 MHz-3 GHz),1,464.2063,464.2063
AFFCO LTD,Land Mobile,Mobile Transmit,VHF (30-300 MHz),1,167.225,167.225
AFFCO LTD,Land Mobile,Repeater,VHF (30-300 MHz),1,162.625,162.625
AFFCO LTD,Paging,Unspecified,VHF (30-300 MHz),1,160.5125,160.5125
AFFCO NEW ZEALAND LIMITED,Land Mobile,Mobile Transmit,UHF (300 MHz-3 GHz),1,469.3938,469.3938
AFFCO NEW ZEALAND LIMITED,Land Mobile,Repeater,UHF (300 MHz-3 GHz),1,464.2063,464.2063
AFFCO NEW ZEALAND LTD,Land Mobile,Repeater,UHF (300 MHz-3 GHz),1,461.8938,461.8938
AFFCO NEW ZEALAND LTD,Land Mobile,Mobile Transmit,UHF (300 MHz-3 GHz),1,467.0813,467.0813
AGFIRST ENGINEERING LIMITED,Land Mobile,Simplex,VHF (30-300 MHz),1,166.2625,166.2625
AICA NZ LIMITED,Land Mobile,Mobile Transmit,UHF (300 MHz-3 GHz),1,469.7688,469.7688
AICA NZ LIMITED,Land Mobile,Repeater,UHF (300 MHz-3 GHz),1,464.5813,464.5813
AIR BP INTERNATIONAL,Aeronautical,Base Station,VHF (30-300 MHz),1,133.9,133.9
AIR BP INTERNATIONAL,Land Mobile,Simplex,UHF (300 MHz-3 GHz),1,455.2563,455.2563
AIR CENTER ONE LTD,Aeronautical,Base Station,VHF (30-300 MHz),1,131.7,131.7
AIR NAPIER LIMITED,Aeronautical,Unspecified,VHF (30-300 MHz),1,128.9,128.9
AIR NEW ZEALAND LIMITED,Paging,Unspecified,HF (3-30 MHz),1,27.212,27.212
AIR NEW ZEALAND LTD,Aeronautical,Mobile Transmit,VHF (30-300 MHz),1,132.1,132.1
AIR NEW ZEALAND LTD,Aeronautical,Repeater,VHF (30-300 MHz),1,135.5,135.5
AIR NEW ZEALAND LTD,Land Mobile,Repeater,UHF (300 MHz-3 GHz),1,455.9438,455.9438
AIR NEW ZEALAND LTD,Land Mobile,Mobile Transmit,UHF (300 MHz-3 GHz),1,450.9063,450.9063
AIR NEW ZEALAND LTD,Land Mobile,Simplex,VHF (30-300 MHz),1,84.0625,84.0625
AIRTEL LIMITED,Land Mobile,Repeater,UHF (300 MHz-3 GHz),1,455.975,455.975
AIRTEL LIMITED,Land Mobile,Mobile Transmit,UHF (300 MHz-3 GHz),1,450.9375,450.9375
AIRTEL LIMITED,Land Mobile,Simplex,VHF (30-300 MHz),1,171.225,171.225
AIRWAYS CORPORATION OF NEW ZEALAND LIMITED,Aeronautical,Unspecified,VHF (30-300 MHz),1,128.9,128.9
AIRWAYS CORPORATION OF NEW ZEALAND LIMITED,Land Mobile,Repeater,UHF (300 MHz-3 GHz),1,464.775,464.775
AIRWAYS CORPORATION OF NEW ZEALAND LIMITED,Land Mobile,Mobile Transmit,UHF (300 MHz-3 GHz),1,469.9625,469.9625
AIRWAYS CORPORATION OF NEW ZEALAND LIMITED,Paging,Unspecified,UHF (300 MHz-3 GHz),1,458.6,458.6
AIRWAYS CORPORATION OF NEW ZEALAND LIMITED,Radiodetermination,Mobile Transmit,Unknown,1,,
AKITIO RTUA,Land Mobile,Mobile Transmit,VHF (30-300 MHz),1,155.0063,155.0063
AKITIO RTUA,Land Mobile,Repeater,VHF (30-300 MHz),1,153.225,153.225
ALINTA ENZ LIMITED,Land Mobile,Repeater,UHF (300 MHz-3 GHz),1,479.3438,479.3438
ALINTA ENZ LIMITED,Land Mobile,Mobile Transmit,UHF (300 MHz-3 GHz),1,473.3563,473.3563
ALLEN GODFREY,Land Mobile,Repeater,UHF (300 MHz-3 GHz),1,476.425,476.425
ALLEN GODFREY,Land Mobile,Mobile Transmit,UHF (300 MHz-3 GHz),1,477.175,477.175
ALLIANCE GROUP (DANNEVIRKE PLANT),Land Mobile,Simplex,UHF (300 MHz-3 GHz),1,470.825,470.825
ALLIANCE GROUP LIMITED,Paging,Unspecified,VHF (30-300 MHz),1,160.3875,160.3875
ALLIANCE GROUP LTD,Land Mobile,Repeater,UHF (300 MHz-3 GHz),1,457.4063,457.4063
ALLIANCE GROUP LTD,Land Mobile,Mobile Transmit,UHF (300 MHz-3 GHz),1,452.3688,452.3688
ALLIANCE GROUP LTD,Paging,Unspecified,VHF (30-300 MHz),1,31.35,31.35
ALLIANCE GROUP LTD,Paging,Unspecified,HF (3-30 MHz),1,27.053,27.053
ALLIANCE GROUP MATAURA PLANT,Land Mobile,Simplex,UHF (300 MHz-3 GHz),1,455.0188,455.0188
ALLIANCE GROUP MATAURA PLANT,Paging,Unspecified,HF (3-30 MHz),1,27.003,27.003
ALLIED QUEENSTOWN CONCRETE LIMITED,Land Mobile,Mobile Transmit,UHF (300 MHz-3 GHz),1,450.5438,450.5438
ALLIED QUEENSTOWN CONCRETE LIMITED,Land Mobile,Repeater,UHF (300 MHz-3 GHz),1,455.5813,455.5813
ALPINE GUIDES (AORAKI) LTD,Land Mobile,Simplex,VHF (30-300 MHz),1,153.4813,153.4813
ALPINE GUIDES (AORAKI) LTD,Land Mobile,Mobile Transmit,VHF (30-300 MHz),1,167.5375,167.5375
ALPINE GUIDES (AORAKI) LTD,Land Mobile,Repeater,VHF (30-300 MHz),1,162.9375,162.9375
ALPINE HUNTING NEW ZEALAND LIMITED,Land Mobile,Repeater,VHF (30-300 MHz),1,163.45,163.45
ALPINE HUNTING NEW ZEALAND LIMITED,Land Mobile,Mobile Transmit,VHF (30-300 MHz),1,168.05,168.05
ALPINE JET THRILLS LIMITED,Land Mobile,Simplex,VHF (30-300 MHz),1,153.5813,153.5813
ALSCO NZ,Land Mobile,Simplex,VHF (30-300 MHz),1,171.7,171.7
ALSYNITE ONE NZ LIMITED,Land Mobile,Simplex,UHF (300 MHz-3 GHz),1,454.9813,454.9813
ALTONBROOK FARM LIMITED,Land Mobile,Simplex,VHF (30-300 MHz),1,150.2,150.2
AMERICOLD NZ LIMITED,Land Mobile,Simplex,UHF (300 MHz-3 GHz),1,483.5688,483.5688
AMETHYST HYDRO LIMITED,Land Mobile,Mobile Transmit,VHF (30-300 MHz),1,155.7563,155.7563
AMETHYST HYDRO LIMITED,Land Mobile,Repeater,VHF (30-300 MHz),1,151.575,151.575
AMURI HELICOPTERS LTD,Land Mobile,Simplex,UHF (300 MHz-3 GHz),1,471.6688,471.6688
AMURI HELICOPTERS LTD,Land Mobile,Repeater,VHF (30-300 MHz),1,151.1875,151.1875
AMURI HELICOPTERS LTD,Land Mobile,Mobile Transmit,VHF (30-300 MHz),1,155.3688,155.3688
AMURI IRRIGATION COMPANY LIMITED,Land Mobile,Repeater,UHF (300 MHz-3 GHz),1,456.075,456.075
AMURI IRRIGATION COMPANY LIMITED,Land Mobile,Mobile Transmit,UHF (300 MHz-3 GHz),1,451.0375,451.0375
ANDENE CONTRACTS LIMITED,Land Mobile,Simplex,VHF (30-300 MHz),1,150.4375,150.4375
ANDERSEN TATE LIMITED,Land Mobile,Simplex,VHF (30-300 MHz),1,150.6125,150.6125
ANDREW POOL,Broadcasting,Unspecified,VHF (30-300 MHz),1,89.0,89.0
ANDREW QUIGLEY CONTRACTING LTD,Land Mobile,Repeater,VHF (30-300 MHz),1,163.5375,163.5375
ANDREW QUIGLEY CONTRACTING LTD,Land Mobile,Mobile Transmit,VHF (30-300 MHz),1,168.1375,168.1375
ANNANDALE ENTERPRISES LIMITED,Land Mobile,Simplex,UHF (300 MHz-3 GHz),1,461.5813,461.5813
ANNAVALE LIMITED,Land Mobile,Mobile Transmit,UHF (300 MHz-3 GHz),1,467.8938,467.8938
ANNAVALE LIMITED,Land Mobile,Repeater,UHF (300 MHz-3 GHz),1,462.7063,462.7063
ANZ NATIONAL BANK  LIMITED,Land Mobile,Simplex,UHF (300 MHz-3 GHz),1,455.2438,455.2438
AOTEA COMMUNITY RADIO TRUST,Fixed Link,Uni-directional,UHF (300 MHz-3 GHz),1,929.75,929.75
APC SERVICES LTD,Land Mobile,Simplex,UHF (300 MHz-3 GHz),1,488.3438,488.3438
APES CONTRACTING LIMITED,Land Mobile,Simplex,UHF (300 MHz-3 GHz),1,453.5938,453.5938
APEX CAR RENTALS,Land Mobile,Simplex,UHF (300 MHz-3 GHz),1,483.7438,483.7438
APEX COMMUNICATIONS,Land Mobile,Mobile Transmit,VHF (30-300 MHz),1,155.6313,155.6313
APEX COMMUNICATIONS,Land Mobile,Repeater,VHF (30-300 MHz),1,151.45,151.45
APEX ENGINEERING SERVICES LTD,Land Mobile,Simplex,UHF (300 MHz-3 GHz),1,453.5188,453.5188
APEX PROPERTY SOLUTIONS LIMITED,Land Mobile,Simplex,UHF (300 MHz-3 GHz),1,483.1688,483.1688
APOLLO PROJECTS LIMITED,Land Mobile,Simplex,UHF (300 MHz-3 GHz),1,489.0813,489.0813
ARANUI STATION LIMITED,Land Mobile,Repeater,VHF (30-300 MHz),1,153.3125,153.3125
ARANUI STATION LIMITED,Land Mobile,Mobile Transmit,VHF (30-300 MHz),1,155.0938,155.0938
ARAWOOD FARM LIMITED,Land Mobile,Simplex,VHF (30-300 MHz),1,171.55,171.55
ARBORCARE TREE COMPANY NZ LIMITED,Land Mobile,Simplex,UHF (300 MHz-3 GHz),1,464.9563,464.9563
ARCH WOOD PROTECTION (NZ) LIMITED,Land Mobile,Simplex,UHF (300 MHz-3 GHz),1,489.9688,489.9688
ARDMORE FLYING SCHOOL LTD,Aeronautical,Base Station,VHF (30-300 MHz),1,133.825,133.825
ARENA LIVING OCEAN SHORES GP LIMITED,Paging,Unspecified,VHF (30-300 MHz),1,160.4875,160.4875
ARO HA LIMITED,Land Mobile,Simplex,VHF (30-300 MHz),1,170.6125,170.6125
AROMA (N.Z.) LIMITED,Land Mobile,Simplex,UHF (300 MHz-3 GHz),1,458.4938,458.4938
AROMA (N.Z.) LIMITED,Land Mobile,Repeater,UHF (300 MHz-3 GHz),1,464.7063,464.7063
AROMA (N.Z.) LIMITED,Land Mobile,Mobile Transmit,UHF (300 MHz-3 GHz),1,469.8938,469.8938
ARXADA NZ LIMITED,Land Mobile,Mobile Transmit,UHF (300 MHz-3 GHz),1,468.1188,468.1188
ARXADA NZ LIMITED,Land Mobile,Repeater,UHF (300 MHz-3 GHz),1,462.9313,462.9313
ASAHI BEVERAGES (NZ) LIMITED,Land Mobile,Simplex,UHF (300 MHz-3 GHz),1,470.8188,470.8188
ASHBURTON BRANCH NZART,Amateur,Repeater,UHF (300 MHz-3 GHz),1,438.9,438.9
ASHBURTON BRANCH NZART,Amateur,Mobile Transmit,UHF (300 MHz-3 GHz),1,433.9,433.9
ASHBURTON DISTRICT COUNCIL,Land Mobile,Repeater,VHF (30-300 MHz),1,153.2125,153.2125
ASHBURTON DISTRICT COUNCIL,Land Mobile,Mobile Transmit,VHF (30-300 MHz),1,154.9938,154.9938
ASHBURTON TAXIS (2006) LIMITED,Land Mobile,Simplex,VHF (30-300 MHz),1,150.6625,150.6625
ASHLAND INVESTMENT LTD,Land Mobile,Repeater,VHF (30-300 MHz),1,162.925,162.925
ASHLAND INVESTMENT LTD,Land Mobile,Mobile Transmit,VHF (30-300 MHz),1,167.525,167.525
ASHLEY COMMUNICATIONS LIMITED,Aeronautical,Base Station,VHF (30-300 MHz),1,119.1,119.1
ASHLEY COMMUNICATIONS LIMITED,Fixed Link,Uni-directional,VHF (30-300 MHz),1,162.3,162.3
ASHLEY COMMUNICATIONS LIMITED,Fixed Link,Uni-directional,UHF (300 MHz-3 GHz),1,450.1625,450.1625
ASLAN FARMS LIMITED,Land Mobile,Simplex,UHF (300 MHz-3 GHz),1,477.5688,477.5688
ASSET PLUS INVESTMENTS LIMITED,Land Mobile,Simplex,UHF (300 MHz-3 GHz),1,464.9063,464.9063
ASTRO PINE NZ LIMITED,Land Mobile,Simplex,UHF (300 MHz-3 GHz),1,483.5563,483.5563
ASTROLABE NEW ZEALAND LIMITED,Land Mobile,Mobile Transmit,UHF (300 MHz-3 GHz),1,452.9375,452.9375
ASTROLABE NEW ZEALAND LIMITED,Land Mobile,Repeater,UHF (300 MHz-3 GHz),1,457.975,457.975
AT PACE SOLUTIONS LIMITED,Land Mobile,Simplex,UHF (300 MHz-3 GHz),1,483.4938,483.4938
ATOMISE LIMITED,Land Mobile,Simplex,UHF (300 MHz-3 GHz),1,458.4688,458.4688
AUCKLAND & NORTH HARBOUR GOLF REFEREES ASSOCIATION INCORPORATED,Land Mobile,Simplex,UHF (300 MHz-3 GHz),1,489.9688,489.9688
AUCKLAND AERO CLUB INC,Aeronautical,Base Station,VHF (30-300 MHz),1,133.7,133.7
AUCKLAND BRANCH OF THE NEW ZEALAND ASSOCIATION OF RADIO TRANSMITTERS INCORPORATED,Amateur,Repeater,UHF (300 MHz-3 GHz),1,438.575,438.575
AUCKLAND BRANCH OF THE NEW ZEALAND ASSOCIATION OF RADIO TRANSMITTERS INCORPORATED,Amateur,Mobile Transmit,UHF (300 MHz-3 GHz),1,433.575,433.575
AUCKLAND COUNCIL,Land Mobile,Mobile Transmit,VHF (30-300 MHz),1,155.6813,155.6813
AUCKLAND COUNCIL,Land Mobile,Simplex,VHF (30-300 MHz),1,150.7,150.7
AUCKLAND COUNCIL,Land Mobile,Repeater,VHF (30-300 MHz),1,151.5,151.5
AUCKLAND DISTRICT HEALTH BOARD,Land Mobile,Simplex,VHF (30-300 MHz),1,150.325,150.325
AUCKLAND DISTRICT HEALTH BOARD,Land Mobile,Mobile Transmit,VHF (30-300 MHz),1,155.8438,155.8438
AUCKLAND DISTRICT HEALTH BOARD,Land Mobile,Repeater,VHF (30-300 MHz),1,151.6625,151.6625
AUCKLAND EMERGENCY MANAGEMENT,Aeronautical,Base Station,VHF (30-300 MHz),1,119.1,119.1
AUCKLAND HOTEL INVESTMENTS LIMITED,Land Mobile,Repeater,UHF (300 MHz-3 GHz),1,480.0438,480.0438
AUCKLAND HOTEL INVESTMENTS LIMITED,Land Mobile,Mobile Transmit,UHF (300 MHz-3 GHz),1,474.0563,474.0563
AUCKLAND INTERNATIONAL AIRPORT LIMITED,Aeronautical,Unspecified,VHF (30-300 MHz),1,134.7,134.7
AUCKLAND INTERNATIONAL AIRPORT LIMITED,Aeronautical,Base Station,VHF (30-300 MHz),1,123.0,123.0
AUCKLAND INTERNATIONAL AIRPORT LIMITED,Fixed Link,Uni-directional,UHF (300 MHz-3 GHz),1,412.675,412.675
AUCKLAND INTERNATIONAL AIRPORT LIMITED,Land Mobile,Repeater,VHF (30-300 MHz),1,151.1875,151.1875
AUCKLAND INTERNATIONAL AIRPORT LIMITED,Land Mobile,Mobile Transmit,VHF (30-300 MHz),1,155.3688,155.3688
AUCKLAND INTERNATIONAL AIRPORT LIMITED,Paging,Unspecified,HF (3-30 MHz),1,27.078,27.078
AUCKLAND INTERNATIONAL AIRPORT LIMITED,Paging,Unspecified,VHF (30-300 MHz),1,157.875,157.875
AUCKLAND MUSEUM,Land Mobile,Simplex,UHF (300 MHz-3 GHz),1,477.8438,477.8438
AUCKLAND ONE RAIL LIMITED,Land Mobile,Repeater,UHF (300 MHz-3 GHz),1,485.4063,485.4063
AUCKLAND ONE RAIL LIMITED,Land Mobile,Simplex,VHF (30-300 MHz),1,170.325,170.325
AUCKLAND ONE RAIL LIMITED,Land Mobile,Mobile Transmit,UHF (300 MHz-3 GHz),1,491.4188,491.4188
AUCKLAND TENNIS INCORPORATED,Land Mobile,Simplex,UHF (300 MHz-3 GHz),1,488.7563,488.7563
AUCKLAND VHF GROUP INC,Amateur,Beacon,UHF (300 MHz-3 GHz),1,432.253,432.253
AUCKLAND VHF GROUP INC,Amateur,Beacon,VHF (30-300 MHz),1,144.253,144.253
AUTOSPORT CLUB INC,Land Mobile,Mobile Transmit,VHF (30-300 MHz),1,167.7375,167.7375
AUTOSPORT CLUB INC,Land Mobile,Repeater,VHF (30-300 MHz),1,163.1375,163.1375
AVATAR MANAGEMENT LIMITED,Paging,Unspecified,VHF (30-300 MHz),1,160.5125,160.5125
AWAKERI DRAINAGE LIMITED,Land Mobile,Simplex,VHF (30-300 MHz),1,150.65,150.65
Abby HORE,Land Mobile,Simplex,VHF (30-300 MHz),1,150.5875,150.5875
Adam Rubie,Broadcasting,Unspecified,VHF (30-300 MHz),1,89.5,89.5
Alan Roberts,Land Mobile,Simplex,VHF (30-300 MHz),1,166.2875,166.2875
Alan Saunders,Land Mobile,Simplex,VHF (30-300 MHz),1,170.8,170.8
Albany Shopping Centre (No 2) Limited,Land Mobile,Simplex,UHF (300 MHz-3 GHz),1,488.9813,488.9813
Alex Kyle,Land Mobile,Repeater,VHF (30-300 MHz),1,164.6875,164.6875
Alex Kyle,Land Mobile,Mobile Transmit,VHF (30-300 MHz),1,169.2875,169.2875
Alex REID,Land Mobile,Simplex,VHF (30-300 MHz),1,150.075,150.075
Alexander Behan,Broadcasting,Unspecified,VHF (30-300 MHz),1,92.8,92.8
Alfa Lea Horticulture Ltd,Land Mobile,Simplex,VHF (30-300 MHz),1,150.5625,150.5625
Andrew  Walker,Land Mobile,Simplex,UHF (300 MHz-3 GHz),1,482.7688,482.7688
Andrew Geoffrey Leahy,Land Mobile,Simplex,VHF (30-300 MHz),1,150.3625,150.3625
Andrew Hey,Land Mobile,Simplex,UHF (300 MHz-3 GHz),1,488.3438,488.3438
Andrew Mallett,Amateur,Mobile Transmit,UHF (300 MHz-3 GHz),1,434.1,434.1
Andrew Mallett,Amateur,Repeater,UHF (300 MHz-3 GHz),1,439.1,439.1
Andrew Mallett,Land Mobile,Repeater,UHF (300 MHz-3 GHz),1,476.475,476.475
Andrew Mallett,Land Mobile,Mobile Transmit,UHF (300 MHz-3 GHz),1,477.225,477.225
Andrew Mathewson,Land Mobile,Mobile Transmit,VHF (30-300 MHz),1,168.1125,168.1125
Andrew Mathewson,Land Mobile,Simplex,VHF (30-300 MHz),1,165.7625,165.7625
Andrew Mathewson,Land Mobile,Repeater,VHF (30-300 MHz),1,163.5125,163.5125
Andrew Turner,Land Mobile,Simplex,UHF (300 MHz-3 GHz),1,482.7063,482.7063
Andrew Whittaker,Land Mobile,Simplex,UHF (300 MHz-3 GHz),1,482.0688,482.0688
Anewa Trust,Land Mobile,Simplex,VHF (30-300 MHz),1,165.85,165.85
Anglican-Methodist South Canterbury Glenwood Home Trust,Paging,Unspecified,VHF (30-300 MHz),1,160.3375,160.3375
Angus Bell,Land Mobile,Simplex,VHF (30-300 MHz),1,150.9375,150.9375
Anthony Houston,Land Mobile,Simplex,UHF (300 MHz-3 GHz),1,482.9063,482.9063
Aoraki/Mt Cook Alpine Village Limited,Land Mobile,Mobile Transmit,VHF (30-300 MHz),1,155.8563,155.8563
Aoraki/Mt Cook Alpine Village Limited,Land Mobile,Simplex,VHF (30-300 MHz),1,150.7875,150.7875
Aoraki/Mt Cook Alpine Village Limited,Land Mobile,Repeater,VHF (30-300 MHz),1,151.675,151.675
Ash McConchie,Land Mobile,Simplex,UHF (300 MHz-3 GHz),1,482.5563,482.5563
Auckland Council... Manukau Leisure Services,Land Mobile,Simplex,VHF (30-300 MHz),1,170.7625,170.7625
Auckland Grammar School,Land Mobile,Simplex,UHF (300 MHz-3 GHz),1,489.5438,489.5438
Auckland Meat Processors Limited,Land Mobile,Simplex,UHF (300 MHz-3 GHz),1,482.0188,482.0188
B A PACKER,Land Mobile,Mobile Transmit,UHF (300 MHz-3 GHz),1,477.35,477.35
B A PACKER,Land Mobile,Repeater,UHF (300 MHz-3 GHz),1,476.6,476.6
B KINDT,Amateur,Repeater,VHF (30-300 MHz),1,144.575,144.575
B. BULLOCK (2009) LIMITED,Land Mobile,Simplex,VHF (30-300 MHz),1,150.95,150.95
BAILEY FARMS LIMITED,Land Mobile,Mobile Transmit,UHF (300 MHz-3 GHz),1,467.1438,467.1438
BAILEY FARMS LIMITED,Land Mobile,Repeater,UHF (300 MHz-3 GHz),1,461.9563,461.9563
BAILEY FARMS LIMITED,Land Mobile,Simplex,UHF (300 MHz-3 GHz),1,458.3563,458.3563
BAIRD LOGGING LIMITED,Land Mobile,Simplex,VHF (30-300 MHz),1,150.85,150.85
BAKKER BULBS LIMITED,Land Mobile,Repeater,UHF (300 MHz-3 GHz),1,455.5438,455.5438
BAKKER BULBS LIMITED,Land Mobile,Mobile Transmit,UHF (300 MHz-3 GHz),1,450.5063,450.5063
BALDWIN BLOOMFIELD 2006 FORESTRY COMPANY LIMITED,Land Mobile,Mobile Transmit,VHF (30-300 MHz),1,168.0125,168.0125
BALDWIN BLOOMFIELD 2006 FORESTRY COMPANY LIMITED,Land Mobile,Repeater,VHF (30-300 MHz),1,163.4125,163.4125
BALENCIAGA NEW ZEALAND LIMITED,Land Mobile,Simplex,UHF (300 MHz-3 GHz),1,458.3688,458.3688
BALLANCE AGRI-NUTRIENTS LTD,Land Mobile,Repeater,UHF (300 MHz-3 GHz),1,462.4813,462.4813
BALLANCE AGRI-NUTRIENTS LTD,Land Mobile,Mobile Transmit,UHF (300 MHz-3 GHz),1,467.6688,467.6688
BALLANCE AGRI-NUTRIENTS LTD,Land Mobile,Simplex,VHF (30-300 MHz),1,150.175,150.175
BANK ARCADE HOLDINGS LIMITED,Land Mobile,Simplex,UHF (300 MHz-3 GHz),1,453.4563,453.4563
BARK PRODUCTS LIMITED,Land Mobile,Simplex,UHF (300 MHz-3 GHz),1,453.3688,453.3688
BARRINGTON MALL LIMITED,Land Mobile,Simplex,UHF (300 MHz-3 GHz),1,453.6063,453.6063
BASE CONTRACTING LIMITED,Land Mobile,Repeater,UHF (300 MHz-3 GHz),1,458.2438,458.2438
BASE CONTRACTING LIMITED,Land Mobile,Mobile Transmit,UHF (300 MHz-3 GHz),1,453.2063,453.2063
BAY FM LIMITED,Broadcasting,Unspecified,VHF (30-300 MHz),1,100.7,100.7
BAY FM LIMITED,Fixed Link,Uni-directional,UHF (300 MHz-3 GHz),1,934.25,934.25
BAY OF ISLANDS AMATEUR RADIO CLUB (INC),Amateur,Mobile Transmit,VHF (30-300 MHz),1,146.15,146.15
BAY OF MANY COVES RESORT LIMITED,Land Mobile,Simplex,VHF (30-300 MHz),1,166.65,166.65
BAY OF PLENTY HELICOPTERS LTD,Land Mobile,Simplex,VHF (30-300 MHz),1,150.6625,150.6625
BAY PEST ERADICATION LIMITED,Land Mobile,Simplex,VHF (30-300 MHz),1,150.225,150.225
BAY POSITIONING LIMITED,Land Mobile,Mobile Transmit,UHF (300 MHz-3 GHz),1,467.0875,467.0875
BAY POSITIONING LIMITED,Land Mobile,Repeater,UHF (300 MHz-3 GHz),1,461.9,461.9
BAY VENUES LIMITED,Land Mobile,Mobile Transmit,UHF (300 MHz-3 GHz),1,469.3688,469.3688
BAY VENUES LIMITED,Land Mobile,Repeater,UHF (300 MHz-3 GHz),1,464.1813,464.1813
BAYSWATER VEHICLES LIMITED,Land Mobile,Simplex,UHF (300 MHz-3 GHz),1,483.4813,483.4813
BAYWIDE COMMUNICATIONS LIMITED,Land Mobile,Mobile Transmit,VHF (30-300 MHz),1,155.4063,155.4063
BAYWIDE COMMUNICATIONS LIMITED,Land Mobile,Repeater,VHF (30-300 MHz),1,151.225,151.225
BAYWIDE COMMUNICATIONS LIMITED,Land Mobile,Simplex,UHF (300 MHz-3 GHz),1,461.5063,461.5063
BB & JM PERKINS,Land Mobile,Simplex,VHF (30-300 MHz),1,84.9625,84.9625
BEACH CHESTNUT LIMITED,Broadcasting,Unspecified,VHF (30-300 MHz),1,106.3,106.3
BECK HELICOPTERS LIMITED,Land Mobile,Simplex,VHF (30-300 MHz),1,150.5875,150.5875
BEEFHONEY FARMS LIMITED,Land Mobile,Repeater,VHF (30-300 MHz),1,151.3625,151.3625
BEEFHONEY FARMS LIMITED,Land Mobile,Mobile Transmit,VHF (30-300 MHz),1,155.5438,155.5438
BEESAFE TRAFFIC CONTROL LIMITED,Land Mobile,Simplex,UHF (300 MHz-3 GHz),1,489.0563,489.0563
BEGG TL LOCKSMITH 1990 LTD,Land Mobile,Simplex,UHF (300 MHz-3 GHz),1,453.3313,453.3313
BEL ENERGY LIMITED,Land Mobile,Simplex,UHF (300 MHz-3 GHz),1,482.1813,482.1813
BELMONT STATION LIMITED,Land Mobile,Mobile Transmit,VHF (30-300 MHz),1,167.4375,167.4375
BELMONT STATION LIMITED,Land Mobile,Repeater,VHF (30-300 MHz),1,162.8375,162.8375
BENCHMARK-CONSTRUCTION LIMITED,Land Mobile,Simplex,UHF (300 MHz-3 GHz),1,483.4688,483.4688
BEYOND ELECTRICAL LIMITED,Land Mobile,Simplex,UHF (300 MHz-3 GHz),1,470.8563,470.8563
BIG SAVE LIMITED,Land Mobile,Simplex,UHF (300 MHz-3 GHz),1,477.5938,477.5938
BIG TUFF PALLETS LIMITED,Land Mobile,Simplex,UHF (300 MHz-3 GHz),1,453.5313,453.5313
BIRCHFIELD COAL MINES LIMITED,Land Mobile,Mobile Transmit,UHF (300 MHz-3 GHz),1,472.6813,472.6813
BIRCHFIELD COAL MINES LIMITED,Land Mobile,Repeater,UHF (300 MHz-3 GHz),1,478.6688,478.6688
BLACK CAT GROUP 2007 LTD,Maritime,Mobile Transmit,VHF (30-300 MHz),1,156.225,156.225
BLACK CAT GROUP 2007 LTD,Maritime,Repeater,VHF (30-300 MHz),1,160.825,160.825
BLACK CONTRACTING LTD,Land Mobile,Simplex,UHF (300 MHz-3 GHz),1,482.5938,482.5938
BLACK CONTRACTING LTD,Land Mobile,Simplex,VHF (30-300 MHz),1,170.375,170.375
BLACKFORD FARMING LIMITED,Land Mobile,Repeater,UHF (300 MHz-3 GHz),1,478.0188,478.0188
BLACKFORD FARMING LIMITED,Land Mobile,Mobile Transmit,UHF (300 MHz-3 GHz),1,472.0313,472.0313
BLAKEMORE FARMS LIMITED,Land Mobile,Simplex,VHF (30-300 MHz),1,150.1375,150.1375
BLENHEIM ELECTRIC HOUSE,Land Mobile,Simplex,VHF (30-300 MHz),1,153.5063,153.5063
BLUE DUCK LODGE LIMITED,Land Mobile,Mobile Transmit,VHF (30-300 MHz),1,169.9,169.9
BLUE DUCK LODGE LIMITED,Land Mobile,Repeater,VHF (30-300 MHz),1,165.3,165.3
BLUELINE DRAINS LIMITED,Land Mobile,Simplex,VHF (30-300 MHz),1,171.55,171.55
BOOTH AG (2008) LIMITED,Land Mobile,Simplex,VHF (30-300 MHz),1,84.75,84.75
BOP ELECTRONICS,Land Mobile,Simplex,UHF (300 MHz-3 GHz),1,453.3938,453.3938
BOSNYAK LIFECARE MANAGEMENT LIMITED,Paging,Unspecified,VHF (30-300 MHz),1,160.4375,160.4375
BOSTOCK NEW ZEALAND LIMITED,Land Mobile,Simplex,UHF (300 MHz-3 GHz),1,458.4063,458.4063
BOSTON SCIENTIFIC NEW ZEALAND LIMITED,Land Mobile,Simplex,UHF (300 MHz-3 GHz),1,916.5,916.5
BOTTING BROS. LIMITED,Land Mobile,Simplex,UHF (300 MHz-3 GHz),1,455.1563,455.1563
BOUSFIELD MACPHERSON LIMITED,Land Mobile,Simplex,VHF (30-300 MHz),1,166.3375,166.3375
BR & LJ SATHERLEY TRANSPORT LIMITED,Land Mobile,Simplex,VHF (30-300 MHz),1,150.2,150.2
BRAEBURN FARMING CO LIMITED,Land Mobile,Mobile Transmit,UHF (300 MHz-3 GHz),1,477.25,477.25
BRAEBURN FARMING CO LIMITED,Land Mobile,Repeater,UHF (300 MHz-3 GHz),1,476.5,476.5
BRIDGESTONE NZ LTD (TAUPO),Land Mobile,Simplex,VHF (30-300 MHz),1,153.5563,153.5563
BRIDGESTONE/FIRESTONE NEW ZEALAND LTD,Land Mobile,Simplex,VHF (30-300 MHz),1,153.5563,153.5563
BRIGHT SPARK PRODUCTIONS LIMITED,Land Mobile,Mobile Transmit,UHF (300 MHz-3 GHz),1,490.7188,490.7188
BROKEN RIVER SKI CLUB INC,Land Mobile,Repeater,VHF (30-300 MHz),1,151.3875,151.3875
BROKEN RIVER SKI CLUB INC,Land Mobile,Mobile Transmit,VHF (30-300 MHz),1,155.5688,155.5688
BROOKS LOGGING LIMITED,Land Mobile,Simplex,VHF (30-300 MHz),1,150.3,150.3
BROOKSDALE STATION LTD,Land Mobile,Simplex,VHF (30-300 MHz),1,166.025,166.025
BRYCE O'SULLIVAN CONTRACTING LIMITED,Land Mobile,Mobile Transmit,UHF (300 MHz-3 GHz),1,467.4063,467.4063
BRYCE O'SULLIVAN CONTRACTING LIMITED,Land Mobile,Repeater,UHF (300 MHz-3 GHz),1,462.2188,462.2188
BRYN LANDS LIMITED,Land Mobile,Simplex,VHF (30-300 MHz),1,150.3875,150.3875
BTR INTERNATIONAL LIMITED,Land Mobile,Simplex,UHF (300 MHz-3 GHz),1,453.4688,453.4688
BUCK ARNOTT LIMITED,Land Mobile,Simplex,VHF (30-300 MHz),1,172.7625,172.7625
BUCKS LABOUR HIRE LIMITED,Land Mobile,Simplex,UHF (300 MHz-3 GHz),1,449.9563,449.9563
BUGGADIGS LIMITED,Land Mobile,Simplex,VHF (30-300 MHz),1,165.8125,165.8125
BULK STORAGE TERMINALS LTD,Land Mobile,Repeater,UHF (300 MHz-3 GHz),1,464.4563,464.4563
BULK STORAGE TERMINALS LTD,Land Mobile,Mobile Transmit,UHF (300 MHz-3 GHz),1,469.6438,469.6438
BULLER DISTRICT COUNCIL,Land Mobile,Repeater,UHF (300 MHz-3 GHz),1,461.9,461.9
BULLER DISTRICT COUNCIL,Land Mobile,Simplex,VHF (30-300 MHz),1,153.5813,153.5813
BULLER DISTRICT COUNCIL,Land Mobile,Mobile Transmit,UHF (300 MHz-3 GHz),1,467.0875,467.0875
BULLER DISTRICT COUNCIL,Land Mobile,Simplex,UHF (300 MHz-3 GHz),1,488.5313,488.5313
BULLER DISTRICT COUNCIL,Telemetry & Telecommand,Uni-directional,UHF (300 MHz-3 GHz),1,471.05,471.05
BULLER ELECTRICITY LTD,Land Mobile,Simplex,UHF (300 MHz-3 GHz),1,470.7563,470.7563
BUSHY KNOLL FOREST LIMITED,Land Mobile,Mobile Transmit,VHF (30-300 MHz),1,167.65,167.65
BUSHY KNOLL FOREST LIMITED,Land Mobile,Repeater,VHF (30-300 MHz),1,163.05,163.05
Ben Byers,Land Mobile,Simplex,UHF (300 MHz-3 GHz),1,482.1188,482.1188
Ben CROSSE,Land Mobile,Simplex,VHF (30-300 MHz),1,166.3,166.3
Ben Van Der Werff,Land Mobile,Simplex,UHF (300 MHz-3 GHz),1,482.1438,482.1438
Bernard Sinclair,Land Mobile,Simplex,VHF (30-300 MHz),1,170.6125,170.6125
Bernie McNeil,Land Mobile,Mobile Transmit,VHF (30-300 MHz),1,169.7,169.7
Bernie McNeil,Land Mobile,Repeater,VHF (30-300 MHz),1,165.1,165.1
Bob Haynes,Land Mobile,Mobile Transmit,VHF (30-300 MHz),1,168.175,168.175
Bob Haynes,Land Mobile,Repeater,VHF (30-300 MHz),1,163.575,163.575
Bob Sievwright,Land Mobile,Simplex,UHF (300 MHz-3 GHz),1,483.2063,483.2063
Bowden Ashton,Amateur,Mobile Transmit,VHF (30-300 MHz),1,144.85,144.85
Bowden Ashton,Amateur,Repeater,VHF (30-300 MHz),1,145.45,145.45
Brady Wild,Land Mobile,Simplex,UHF (300 MHz-3 GHz),1,470.8438,470.8438
Branches Station Ltd,Land Mobile,Mobile Transmit,VHF (30-300 MHz),1,168.4,168.4
Branches Station Ltd,Land Mobile,Repeater,VHF (30-300 MHz),1,163.8,163.8
Brent & Kirsty Cowles,Broadcasting,Unspecified,VHF (30-300 MHz),1,94.9,94.9
Brian Gentil,Broadcasting,Unspecified,VHF (30-300 MHz),1,105.0,105.0
Bruce Didsbury,Land Mobile,Mobile Transmit,VHF (30-300 MHz),1,167.2125,167.2125
Bruce Didsbury,Land Mobile,Repeater,VHF (30-300 MHz),1,162.6125,162.6125
Bruce Pepper,Land Mobile,Simplex,UHF (300 MHz-3 GHz),1,455.0938,455.0938
Bruce Ward,Amateur,Mobile Transmit,UHF (300 MHz-3 GHz),1,434.4,434.4
Bruce Ward,Amateur,Repeater,UHF (300 MHz-3 GHz),1,439.4,439.4
Bryan Walker,Land Mobile,Simplex,UHF (300 MHz-3 GHz),1,461.5938,461.5938
Buckton Consulting Surveyors Ltd,Land Mobile,Simplex,UHF (300 MHz-3 GHz),1,464.9063,464.9063
Byron Lumsden,Land Mobile,Simplex,UHF (300 MHz-3 GHz),1,483.4563,483.4563
C & A TORR LOG TRANSPORT LIMITED,Land Mobile,Simplex,VHF (30-300 MHz),1,150.275,150.275
C & R DEVELOPMENTS LIMITED,Land Mobile,Repeater,UHF (300 MHz-3 GHz),1,462.4063,462.4063
C & R DEVELOPMENTS LIMITED,Land Mobile,Mobile Transmit,UHF (300 MHz-3 GHz),1,467.5938,467.5938
C H B ARGYLL FARMS LIMITED,Land Mobile,Simplex,VHF (30-300 MHz),1,171.2125,171.2125
C J COLL,Land Mobile,Simplex,UHF (300 MHz-3 GHz),1,476.05,476.05
C JEWISS,Land Mobile,Simplex,VHF (30-300 MHz),1,150.625,150.625
C R TAYLOR GISBORNE LIMITED,Land Mobile,Simplex,VHF (30-300 MHz),1,171.55,171.55
C.F. KING CONTRACTING LIMITED,Land Mobile,Simplex,UHF (300 MHz-3 GHz),1,483.7438,483.7438
CABLE BAY ADVENTURE PARK LIMITED,Land Mobile,Mobile Transmit,VHF (30-300 MHz),1,169.075,169.075
CABLE BAY ADVENTURE PARK LIMITED,Land Mobile,Simplex,VHF (30-300 MHz),1,166.0375,166.0375
CABLE BAY ADVENTURE PARK LIMITED,Land Mobile,Repeater,VHF (30-300 MHz),1,164.475,164.475
CALDWELL GROUP LIMITED,Land Mobile,Simplex,VHF (30-300 MHz),1,150.3625,150.3625
CALLUM THOMSEN,Land Mobile,Simplex,VHF (30-300 MHz),1,166.2875,166.2875
CAMBRIDGE VOLUNTEER FIRE BRIGADE VINTAGE EQUIPMENT SOCIETY INCORPORATED,Land Mobile,Repeater,VHF (30-300 MHz),1,152.2625,152.2625
CAMBRIDGE VOLUNTEER FIRE BRIGADE VINTAGE EQUIPMENT SOCIETY INCORPORATED,Land Mobile,Mobile Transmit,VHF (30-300 MHz),1,154.0438,154.0438
CAMERON QUARRY LIMITED,Land Mobile,Repeater,VHF (30-300 MHz),1,152.6625,152.6625
CAMERON QUARRY LIMITED,Land Mobile,Mobile Transmit,VHF (30-300 MHz),1,154.4438,154.4438
CAMPUS RADIO BFM LTD,Broadcasting,Unspecified,HF (3-30 MHz),1,7.26,7.26
CAMPUS RADIO BFM LTD,Broadcasting,Unspecified,VHF (30-300 MHz),1,95.0,95.0
CAMPUS RADIO BFM LTD,Fixed Link,Uni-directional,UHF (300 MHz-3 GHz),1,917.75,917.75
CAMPUS RADIO BFM LTD,Land Mobile,Simplex,VHF (30-300 MHz),1,159.9125,159.9125
CANPAC INTERNATIONAL LIMITED,Land Mobile,Simplex,UHF (300 MHz-3 GHz),1,483.7063,483.7063
CANTERBURY AMATEUR RADIO DEVELOPMENT SOCIETY INCORPORATED,Land Mobile,Mobile Transmit,UHF (300 MHz-3 GHz),1,477.275,477.275
CANTERBURY AMATEUR RADIO DEVELOPMENT SOCIETY INCORPORATED,Land Mobile,Repeater,UHF (300 MHz-3 GHz),1,476.525,476.525
CANTERBURY REGIONAL COUNCIL,Land Mobile,Simplex,VHF (30-300 MHz),1,84.05,84.05
CANTERBURY SALE YARDS (1996) LTD,Land Mobile,Simplex,UHF (300 MHz-3 GHz),1,470.8313,470.8313
CANTERBURY WASTE SERVICES LIMITED,Fixed Link,Uni-directional,UHF (300 MHz-3 GHz),1,450.0375,450.0375
CANTERBURY WASTE SERVICES LIMITED,Land Mobile,Mobile Transmit,VHF (30-300 MHz),1,169.275,169.275
CANTERBURY WASTE SERVICES LIMITED,Land Mobile,Simplex,UHF (300 MHz-3 GHz),1,466.7063,466.7063
CANTERBURY WASTE SERVICES LIMITED,Land Mobile,Simplex,VHF (30-300 MHz),1,166.6625,166.6625
CANTERBURY WASTE SERVICES LIMITED,Land Mobile,Repeater,VHF (30-300 MHz),1,164.675,164.675
CANTERBURY WOODCHIP SUPPLIES LIMITED,Land Mobile,Simplex,VHF (30-300 MHz),1,166.775,166.775
CAPE EGMONT SEA RESCUE TRUST,Maritime,Repeater,VHF (30-300 MHz),1,160.725,160.725
CAPE EGMONT SEA RESCUE TRUST,Maritime,Mobile Transmit,VHF (30-300 MHz),1,156.125,156.125
CAPE MOWING LIMITED,Land Mobile,Simplex,VHF (30-300 MHz),1,150.1375,150.1375
CAPE TURNAGAIN MARINE RADIO CHARITABLE TRUST,Land Mobile,Repeater,VHF (30-300 MHz),1,165.0875,165.0875
CAPE TURNAGAIN MARINE RADIO CHARITABLE TRUST,Land Mobile,Mobile Transmit,VHF (30-300 MHz),1,169.6875,169.6875
CAPE TURNAGAIN MARINE RADIO CHARITABLE TRUST,Maritime,Repeater,VHF (30-300 MHz),1,160.7,160.7
CAPE TURNAGAIN MARINE RADIO CHARITABLE TRUST,Maritime,Mobile Transmit,VHF (30-300 MHz),1,156.1,156.1
CAPITAL JET SERVICES LIMITED,Aeronautical,Base Station,VHF (30-300 MHz),1,131.7,131.7
"CAPITAL, COAST AND HUTT VALLEY HEALTH NEW ZEALAND",Aeronautical,Base Station,VHF (30-300 MHz),1,133.2,133.2
"CAPITAL, COAST AND HUTT VALLEY HEALTH NEW ZEALAND",Land Mobile,Simplex,VHF (30-300 MHz),1,166.4375,166.4375
CARONDO LIMITED,Land Mobile,Simplex,VHF (30-300 MHz),1,150.375,150.375
CARRAN SCOTT CONTRACTING CO LTD,Land Mobile,Simplex,UHF (300 MHz-3 GHz),1,449.9563,449.9563
CARRFIELDS LIVESTOCK LIMITED,Land Mobile,Simplex,UHF (300 MHz-3 GHz),1,477.6188,477.6188
CARTER HOLT HARVEY BUILDING PRODUCTS LIMITED,Telemetry & Telecommand,Uni-directional,UHF (300 MHz-3 GHz),1,471.475,471.475
CARTER HOLT HARVEY MARSDEN PT,Land Mobile,Repeater,UHF (300 MHz-3 GHz),1,461.9313,461.9313
CARTER HOLT HARVEY MARSDEN PT,Land Mobile,Mobile Transmit,UHF (300 MHz-3 GHz),1,467.1188,467.1188
CARTER HOLT HARVEY PLYWOOD LIMITED,Land Mobile,Mobile Transmit,UHF (300 MHz-3 GHz),1,467.4188,467.4188
CARTER HOLT HARVEY PLYWOOD LIMITED,Land Mobile,Repeater,UHF (300 MHz-3 GHz),1,462.2313,462.2313
CARTER HOLT HARVEY PLYWOOD LIMITED,Land Mobile,Simplex,UHF (300 MHz-3 GHz),1,458.3813,458.3813
CARTERS TYRE SERVICE LIMITED,Land Mobile,Simplex,UHF (300 MHz-3 GHz),1,488.9938,488.9938
CARTERTON DISTRICT COUNCIL,Land Mobile,Mobile Transmit,VHF (30-300 MHz),1,168.6125,168.6125
CARTERTON DISTRICT COUNCIL,Land Mobile,Repeater,VHF (30-300 MHz),1,164.0125,164.0125
CASTLEGATE JAMES (NZ) LIMITED,Land Mobile,Simplex,VHF (30-300 MHz),1,166.65,166.65
CASTLEPOINT STATION LIMITED,Land Mobile,Repeater,VHF (30-300 MHz),1,163.2875,163.2875
CASTLEPOINT STATION LIMITED,Land Mobile,Mobile Transmit,VHF (30-300 MHz),1,167.8875,167.8875
CAVE FM LIMITED,Broadcasting,Unspecified,VHF (30-300 MHz),1,106.4,106.4
CAVE FM LIMITED,Fixed Link,Uni-directional,UHF (300 MHz-3 GHz),1,850.75,850.75
CAWTHRON INSTITUTE,Land Mobile,Mobile Transmit,UHF (300 MHz-3 GHz),1,453.2813,453.2813
CAWTHRON INSTITUTE,Land Mobile,Repeater,UHF (300 MHz-3 GHz),1,458.3188,458.3188
CBNZ LOGGING LIMITED,Land Mobile,Simplex,VHF (30-300 MHz),1,166.475,166.475
CEDENCO FOODS NEW ZEALAND LIMITED,Land Mobile,Mobile Transmit,VHF (30-300 MHz),1,155.6938,155.6938
CEDENCO FOODS NEW ZEALAND LIMITED,Land Mobile,Repeater,VHF (30-300 MHz),1,151.5125,151.5125
CEDENCO FOODS NEW ZEALAND LIMITED,Land Mobile,Simplex,VHF (30-300 MHz),1,153.5063,153.5063
CENTRAL HAWKES BAY DISTRICT COUNCIL,Land Mobile,Mobile Transmit,VHF (30-300 MHz),1,153.7438,153.7438
CENTRAL HAWKES BAY DISTRICT COUNCIL,Land Mobile,Repeater,VHF (30-300 MHz),1,151.9625,151.9625
CENTRAL OTAGO DISTRICT COUNCIL,Fixed Link,Uni-directional,UHF (300 MHz-3 GHz),1,471.1,471.1
CENTRAL PUMPERS LIMITED,Land Mobile,Simplex,VHF (30-300 MHz),1,172.9,172.9
CENTRAL TRAFFIC MANAGEMENT LIMITED,Land Mobile,Simplex,VHF (30-300 MHz),1,150.425,150.425
CENTREPOINT MOTORS LIMITED,Land Mobile,Simplex,UHF (300 MHz-3 GHz),1,455.3063,455.3063
CENTREPORT LIMITED,Telemetry & Telecommand,Uni-directional,VHF (30-300 MHz),1,160.2875,160.2875
CHALMERS REST HOME,Paging,Unspecified,VHF (30-300 MHz),1,160.3875,160.3875
CHANNEL INFRASTRUCTURE NZ LIMITED,Fixed Link,Uni-directional,UHF (300 MHz-3 GHz),1,454.55,454.55
CHATHAM ISLANDS AIRPORT LIMITED,Radiodetermination,Beacon,MF (300 kHz-3 MHz),1,0.322,0.322
CHATSFORD LIMITED,Paging,Unspecified,VHF (30-300 MHz),1,160.3875,160.3875
CHEDWORTH PROPERTIES LIMITED,Land Mobile,Repeater,UHF (300 MHz-3 GHz),1,464.2563,464.2563
CHEDWORTH PROPERTIES LIMITED,Land Mobile,Mobile Transmit,UHF (300 MHz-3 GHz),1,469.4438,469.4438
CHEMPRO LOGISTICS LIMITED,Land Mobile,Simplex,UHF (300 MHz-3 GHz),1,483.5063,483.5063
CHIEFS RUGBY CLUB GP LIMITED,Land Mobile,Simplex,UHF (300 MHz-3 GHz),1,483.9063,483.9063
CHING CONTRACTING LTD,Land Mobile,Simplex,VHF (30-300 MHz),1,165.775,165.775
CHORUS NEW ZEALAND LIMITED,Fixed Link,Uni-directional,UHF (300 MHz-3 GHz),1,459.6063,459.6063
CHRISTCHURCH HELICOPTERS 2001 LIMITED,Land Mobile,Simplex,VHF (30-300 MHz),1,172.975,172.975
CHRISTCHURCH INTERNATIONAL AIRPORT LIMITED,Land Mobile,Simplex,UHF (300 MHz-3 GHz),1,868.5875,868.5875
CHRISTCHURCH INTERNATIONAL AIRPORT LIMITED,Paging,Unspecified,VHF (30-300 MHz),1,160.5875,160.5875
CHRISTCHURCH POLYTECHNIC,Broadcasting,Unspecified,VHF (30-300 MHz),1,96.1,96.1
CHRISTCHURCH POLYTECHNIC,Fixed Link,Uni-directional,UHF (300 MHz-3 GHz),1,843.25,843.25
CHRISTCHURCH POLYTECHNIC,Land Mobile,Simplex,UHF (300 MHz-3 GHz),1,458.4813,458.4813
CHRISTCHURCH POLYTECHNIC,Land Mobile,Repeater,UHF (300 MHz-3 GHz),1,458.2563,458.2563
CHRISTCHURCH POLYTECHNIC,Land Mobile,Mobile Transmit,UHF (300 MHz-3 GHz),1,453.2188,453.2188
CITY CARE LIMITED,Land Mobile,Simplex,VHF (30-300 MHz),1,165.7625,165.7625
CITY CARE LIMITED,Land Mobile,Mobile Transmit,VHF (30-300 MHz),1,169.3,169.3
CITY FORESTS LTD,Land Mobile,Simplex,VHF (30-300 MHz),1,150.8125,150.8125
CITY STAY APARTMENTS LIMITED,Land Mobile,Simplex,UHF (300 MHz-3 GHz),1,489.6563,489.6563
CITYLIFE HOTEL AUCKLAND,Land Mobile,Simplex,UHF (300 MHz-3 GHz),1,489.8688,489.8688
CKL SURVEYS LTD,Land Mobile,Simplex,UHF (300 MHz-3 GHz),1,471.975,471.975
CLADDAGH GROUP LIMITED,Land Mobile,Simplex,UHF (300 MHz-3 GHz),1,453.4938,453.4938
CLASS ONE SERVICES LIMITED,Land Mobile,Mobile Transmit,VHF (30-300 MHz),1,169.0875,169.0875
CLASS ONE SERVICES LIMITED,Land Mobile,Repeater,VHF (30-300 MHz),1,164.4875,164.4875
CLASS ONE SERVICES LIMITED,Land Mobile,Simplex,VHF (30-300 MHz),1,165.8875,165.8875
CLELANDS TIMBER PRODUCTS LIMITED,Land Mobile,Simplex,VHF (30-300 MHz),1,150.6375,150.6375
CLEMENTS FARMS (MATAPOURI) LIMITED,Land Mobile,Mobile Transmit,VHF (30-300 MHz),1,167.5625,167.5625
CLEMENTS FARMS (MATAPOURI) LIMITED,Land Mobile,Repeater,VHF (30-300 MHz),1,162.9625,162.9625
CLOTHING JOURNEY NEW ZEALAND LIMITED,Land Mobile,Simplex,UHF (300 MHz-3 GHz),1,482.8438,482.8438
CMP CONSTRUCTION SI LIMITED,Land Mobile,Simplex,UHF (300 MHz-3 GHz),1,489.0688,489.0688
COAST ACCESS RADIO TRUST,Broadcasting,Unspecified,VHF (30-300 MHz),1,104.7,104.7
COAST ACCESS RADIO TRUST,Fixed Link,Uni-directional,UHF (300 MHz-3 GHz),1,845.625,845.625
COASTGUARD WHANGAROA Inc,Maritime,Repeater,VHF (30-300 MHz),1,160.825,160.825
COASTGUARD WHANGAROA Inc,Maritime,Mobile Transmit,VHF (30-300 MHz),1,156.225,156.225
COASTLANDS SHOPPINGTOWN LTD,Land Mobile,Repeater,UHF (300 MHz-3 GHz),1,478.0188,478.0188
COASTLANDS SHOPPINGTOWN LTD,Land Mobile,Mobile Transmit,UHF (300 MHz-3 GHz),1,472.0313,472.0313
COASTLINE EXCAVATIONS LIMITED,Land Mobile,Simplex,VHF (30-300 MHz),1,150.65,150.65
COBB-VANTRESS NEW ZEALAND LIMITED,Land Mobile,Mobile Transmit,UHF (300 MHz-3 GHz),1,477.25,477.25
COBB-VANTRESS NEW ZEALAND LIMITED,Land Mobile,Repeater,UHF (300 MHz-3 GHz),1,476.5,476.5
COFFEY HOUSE REMOVALS (2007) LIMITED,Land Mobile,Simplex,VHF (30-300 MHz),1,165.75,165.75
COGSWELL SURVEYS LIMITED,Land Mobile,Repeater,UHF (300 MHz-3 GHz),1,464.7063,464.7063
COGSWELL SURVEYS LIMITED,Land Mobile,Mobile Transmit,UHF (300 MHz-3 GHz),1,469.8938,469.8938
COLD GOLD CLUTHA LIMITED,Land Mobile,Repeater,UHF (300 MHz-3 GHz),1,463.5063,463.5063
COLD GOLD CLUTHA LIMITED,Land Mobile,Mobile Transmit,UHF (300 MHz-3 GHz),1,468.6938,468.6938
COLERIDGE DOWNS LIMITED,Land Mobile,Mobile Transmit,UHF (300 MHz-3 GHz),1,468.1063,468.1063
COLERIDGE DOWNS LIMITED,Land Mobile,Repeater,UHF (300 MHz-3 GHz),1,462.9188,462.9188
COLLEEN KNAUF,Land Mobile,Simplex,VHF (30-300 MHz),1,150.65,150.65
COLWALL PROPERTY INVESTMENT LIMITED,Land Mobile,Simplex,UHF (300 MHz-3 GHz),1,470.8063,470.8063
COMGROUP NZ LIMITED,Land Mobile,Simplex,UHF (300 MHz-3 GHz),1,489.9313,489.9313
COMMERCIAL METALS LIMITED,Land Mobile,Simplex,UHF (300 MHz-3 GHz),1,482.8188,482.8188
COMMSYSTEMS LTD,Land Mobile,Repeater,VHF (30-300 MHz),1,162.75,162.75
COMMSYSTEMS LTD,Land Mobile,Mobile Transmit,VHF (30-300 MHz),1,167.35,167.35
COMPOSTING (NEW ZEALAND) LIMITED,Land Mobile,Simplex,VHF (30-300 MHz),1,166.275,166.275
CONSTRUCTION CONTRACTING NZ LIMITED,Land Mobile,Repeater,UHF (300 MHz-3 GHz),1,463.2938,463.2938
CONSTRUCTION CONTRACTING NZ LIMITED,Land Mobile,Mobile Transmit,UHF (300 MHz-3 GHz),1,468.4813,468.4813
CONTOUR CONTRACTING LIMITED,Land Mobile,Simplex,VHF (30-300 MHz),1,171.2375,171.2375
COOLPAK COOLSTORES LIMITED,Land Mobile,Mobile Transmit,UHF (300 MHz-3 GHz),1,468.6813,468.6813
COOLPAK COOLSTORES LIMITED,Land Mobile,Repeater,UHF (300 MHz-3 GHz),1,463.4938,463.4938
CORNWALL PARK TRUST BOARD,Land Mobile,Mobile Transmit,UHF (300 MHz-3 GHz),1,472.0063,472.0063
CORNWALL PARK TRUST BOARD,Land Mobile,Repeater,UHF (300 MHz-3 GHz),1,477.9938,477.9938
COROMANDEL ADVERTISING LTD,Broadcasting,Unspecified,VHF (30-300 MHz),1,97.9,97.9
COTTON HEAVY HAULAGE LIMITED,Land Mobile,Simplex,UHF (300 MHz-3 GHz),1,453.5188,453.5188
COUNTIES DIRECTIONAL DRILLING 2018 LIMITED,Land Mobile,Simplex,UHF (300 MHz-3 GHz),1,483.1688,483.1688
COUNTIES ENERGY LIMITED,Fixed Link,Uni-directional,UHF (300 MHz-3 GHz),1,458.9688,458.9688
COUNTIES ENERGY LIMITED,Land Mobile,Simplex,UHF (300 MHz-3 GHz),1,477.5688,477.5688
COUNTIES SPORT FISHING CLUB INC,Maritime,Repeater,VHF (30-300 MHz),1,160.85,160.85
COUNTIES SPORT FISHING CLUB INC,Maritime,Mobile Transmit,VHF (30-300 MHz),1,156.25,156.25
CRAIG WALKER BUILDING REMOVALS 2025 LIMITED,Land Mobile,Simplex,VHF (30-300 MHz),1,150.7375,150.7375
CRAIGIEBURN VALLEY SKI CLUB INC,Land Mobile,Repeater,VHF (30-300 MHz),1,151.65,151.65
CRAIGIEBURN VALLEY SKI CLUB INC,Land Mobile,Mobile Transmit,VHF (30-300 MHz),1,155.8313,155.8313
CRANE WORKS LIMITED,Land Mobile,Simplex,UHF (300 MHz-3 GHz),1,455.2438,455.2438
CRANETECH SOLUTIONS LIMITED,Land Mobile,Simplex,UHF (300 MHz-3 GHz),1,489.3688,489.3688
CROMWELL GOLF CLUB INC,Land Mobile,Simplex,UHF (300 MHz-3 GHz),1,453.4063,453.4063
CROWN INFRASTRUCTURE DELIVERY LIMITED,Land Mobile,Simplex,UHF (300 MHz-3 GHz),1,482.5438,482.5438
CRUISE NEW ZEALAND LIMITED,Land Mobile,Simplex,VHF (30-300 MHz),1,150.45,150.45
CRUSADER MEATS NEW ZEALAND LIMITED,Land Mobile,Mobile Transmit,UHF (300 MHz-3 GHz),1,472.8938,472.8938
CRUSADER MEATS NEW ZEALAND LIMITED,Land Mobile,Repeater,UHF (300 MHz-3 GHz),1,478.8813,478.8813
CRUSADER MEATS NEW ZEALAND LIMITED,Land Mobile,Simplex,UHF (300 MHz-3 GHz),1,455.0813,455.0813
CSE NEW ZEALAND LIMITED,Aeronautical,Base Station,VHF (30-300 MHz),1,121.9,121.9
CSE NEW ZEALAND LIMITED,Land Mobile,Mobile Transmit,Unknown,1,,
CSE NEW ZEALAND LIMITED,Paging,Unspecified,UHF (300 MHz-3 GHz),1,458.6,458.6
CSR BUILDING PRODUCTS (NZ) LIMITED,Land Mobile,Simplex,UHF (300 MHz-3 GHz),1,483.7813,483.7813
Cameron Gerrard,Land Mobile,Simplex,UHF (300 MHz-3 GHz),1,455.2438,455.2438
Cameron Wood,Amateur,Repeater,UHF (300 MHz-3 GHz),1,439.4,439.4
Cameron Wood,Amateur,Mobile Transmit,UHF (300 MHz-3 GHz),1,434.4,434.4
Campbell Thomson,Land Mobile,Simplex,UHF (300 MHz-3 GHz),1,482.1813,482.1813
Campbell Thomson,Land Mobile,Repeater,UHF (300 MHz-3 GHz),1,484.3063,484.3063
Campbell Thomson,Land Mobile,Mobile Transmit,UHF (300 MHz-3 GHz),1,490.3188,490.3188
Campbell Thomson,Land Mobile,Simplex,VHF (30-300 MHz),1,150.975,150.975
Campbell Thomson,Land Mobile,Repeater,VHF (30-300 MHz),1,162.7875,162.7875
Campbell Thomson,Land Mobile,Mobile Transmit,VHF (30-300 MHz),1,167.3875,167.3875
Canterbury Regional Council Harbourmaster,Maritime,Mobile Transmit,VHF (30-300 MHz),1,156.275,156.275
Canterbury Regional Council Harbourmaster,Maritime,Repeater,VHF (30-300 MHz),1,160.875,160.875
Chas Drader,Broadcasting,Unspecified,VHF (30-300 MHz),1,89.2,89.2
Chris Baines,Land Mobile,Simplex,VHF (30-300 MHz),1,150.0875,150.0875
Chris Baker,Land Mobile,Mobile Transmit,UHF (300 MHz-3 GHz),1,472.1688,472.1688
Chris Baker,Land Mobile,Repeater,UHF (300 MHz-3 GHz),1,478.1563,478.1563
Chris Cave,Land Mobile,Mobile Transmit,VHF (30-300 MHz),1,167.7375,167.7375
Chris Cave,Land Mobile,Repeater,VHF (30-300 MHz),1,163.1375,163.1375
"Christ's College, Canterbury",Land Mobile,Mobile Transmit,UHF (300 MHz-3 GHz),1,450.9063,450.9063
"Christ's College, Canterbury",Land Mobile,Repeater,UHF (300 MHz-3 GHz),1,455.9438,455.9438
Christchurch City Council,Land Mobile,Mobile Transmit,VHF (30-300 MHz),1,168.7875,168.7875
Christchurch City Council,Land Mobile,Repeater,VHF (30-300 MHz),1,164.1875,164.1875
Christopher Hardy,Land Mobile,Repeater,VHF (30-300 MHz),1,163.1125,163.1125
Christopher Hardy,Land Mobile,Mobile Transmit,VHF (30-300 MHz),1,167.7125,167.7125
Cole De Joux,Land Mobile,Repeater,VHF (30-300 MHz),1,81.5,81.5
Cole De Joux,Land Mobile,Mobile Transmit,VHF (30-300 MHz),1,85.4688,85.4688
Cole De Joux,Land Mobile,Simplex,VHF (30-300 MHz),1,84.5625,84.5625
Colin Ballantyne,Land Mobile,Simplex,VHF (30-300 MHz),1,150.6,150.6
Colin Maunder,Land Mobile,Simplex,UHF (300 MHz-3 GHz),1,464.8563,464.8563
Colin Nimmo,Land Mobile,Repeater,VHF (30-300 MHz),1,162.7,162.7
Colin Nimmo,Land Mobile,Mobile Transmit,VHF (30-300 MHz),1,167.3,167.3
D A MALCOLM,Land Mobile,Simplex,VHF (30-300 MHz),1,150.9875,150.9875
D B JUDD HOLDINGS LTD,Land Mobile,Mobile Transmit,VHF (30-300 MHz),1,154.0938,154.0938
D E BALDWIN,Land Mobile,Simplex,HF (3-30 MHz),1,3.3464,3.3464
D HENRY,Land Mobile,Mobile Transmit,UHF (300 MHz-3 GHz),1,477.225,477.225
D HENRY,Land Mobile,Repeater,UHF (300 MHz-3 GHz),1,476.475,476.475
D J ROBINSON,Land Mobile,Mobile Transmit,UHF (300 MHz-3 GHz),1,477.3,477.3
D J ROBINSON,Land Mobile,Repeater,UHF (300 MHz-3 GHz),1,476.55,476.55
D L CONTRACTING SERVICES LIMITED,Land Mobile,Simplex,VHF (30-300 MHz),1,150.3875,150.3875
D&D HEAVY HAULAGE LIMITED,Land Mobile,Simplex,VHF (30-300 MHz),1,153.5938,153.5938
D.F. BOCKMAN CONTRACTING LIMITED,Land Mobile,Simplex,VHF (30-300 MHz),1,150.35,150.35
DAIKEN NEW ZEALAND LIMITED,Land Mobile,Repeater,UHF (300 MHz-3 GHz),1,486.0938,486.0938
DAIKEN NEW ZEALAND LIMITED,Land Mobile,Mobile Transmit,UHF (300 MHz-3 GHz),1,492.1063,492.1063
DAIKEN SOUTHLAND LIMITED,Land Mobile,Mobile Transmit,UHF (300 MHz-3 GHz),1,468.2438,468.2438
DAIKEN SOUTHLAND LIMITED,Land Mobile,Repeater,UHF (300 MHz-3 GHz),1,463.0563,463.0563
DAIRY GOAT CO-OPERATIVE (N.Z) LTD,Land Mobile,Repeater,UHF (300 MHz-3 GHz),1,455.8438,455.8438
DAIRY GOAT CO-OPERATIVE (N.Z) LTD,Land Mobile,Mobile Transmit,UHF (300 MHz-3 GHz),1,450.8063,450.8063
DALMORE FARMS LIMITED,Land Mobile,Repeater,UHF (300 MHz-3 GHz),1,456.4563,456.4563
DALMORE FARMS LIMITED,Land Mobile,Mobile Transmit,UHF (300 MHz-3 GHz),1,451.4188,451.4188
DAMAR INDUSTRIES LIMITED,Land Mobile,Simplex,VHF (30-300 MHz),1,165.8375,165.8375
DANCINGONMOONLIGHT LIMITED,Land Mobile,Simplex,UHF (300 MHz-3 GHz),1,466.9188,466.9188
DANIEL LEWIS,Fixed Link,Uni-directional,UHF (300 MHz-3 GHz),1,848.25,848.25
DARNELLE ENTERPRISES LIMITED,Land Mobile,Simplex,UHF (300 MHz-3 GHz),1,466.9813,466.9813
DARRYL PHILLIPS MOTOR COMPANY LIMITED,Land Mobile,Simplex,UHF (300 MHz-3 GHz),1,453.6188,453.6188
DARYL DEWE CONTRACTING,Land Mobile,Mobile Transmit,VHF (30-300 MHz),1,155.4688,155.4688
DARYL DEWE CONTRACTING,Land Mobile,Repeater,VHF (30-300 MHz),1,151.2875,151.2875
DAVID KING TECHNICIAN LIMITED,Maritime,Repeater,VHF (30-300 MHz),1,160.725,160.725
DAVID KING TECHNICIAN LIMITED,Maritime,Mobile Transmit,VHF (30-300 MHz),1,156.125,156.125
DAVIE LOVELL-SMITH LTD,Land Mobile,Simplex,UHF (300 MHz-3 GHz),1,458.4313,458.4313
DAVIES DIRTWORKS LIMITED,Land Mobile,Simplex,VHF (30-300 MHz),1,166.65,166.65
DAWN AEROSPACE SPL LIMITED,Aeronautical,Unspecified,UHF (300 MHz-3 GHz),1,2280.5,2280.5
DB BREWERIES LIMITED,Paging,Unspecified,UHF (300 MHz-3 GHz),1,458.55,458.55
DB BREWERIES LIMITED,Paging,Unspecified,HF (3-30 MHz),1,27.103,27.103
DB BREWERIES LIMITED,Paging,Unspecified,VHF (30-300 MHz),1,160.4375,160.4375
DE COSTA ENTERPRISES LIMITED,Land Mobile,Simplex,VHF (30-300 MHz),1,166.625,166.625
DE MALMANCHE LIMITED,Land Mobile,Simplex,VHF (30-300 MHz),1,150.2,150.2
DEAN BLACKLAWS CONTRACTING LIMITED,Land Mobile,Simplex,VHF (30-300 MHz),1,150.3,150.3
DECRA ART LIMITED,Land Mobile,Simplex,UHF (300 MHz-3 GHz),1,483.5188,483.5188
DELEGAT LIMITED,Land Mobile,Repeater,VHF (30-300 MHz),1,163.9,163.9
DELEGAT LIMITED,Land Mobile,Mobile Transmit,VHF (30-300 MHz),1,168.5,168.5
DENSEM CONTRACTING (2010) LIMITED,Land Mobile,Repeater,UHF (300 MHz-3 GHz),1,462.6438,462.6438
DENSEM CONTRACTING (2010) LIMITED,Land Mobile,Mobile Transmit,UHF (300 MHz-3 GHz),1,467.8313,467.8313
DEPARTMENT OF CONSERVATION,Telemetry & Telecommand,Uni-directional,VHF (30-300 MHz),1,160.1875,160.1875
DEPARTMENT OF CORRECTIONS,Land Mobile,Simplex,VHF (30-300 MHz),1,84.575,84.575
DEPARTMENT OF INTERNAL AFFAIRS,Land Mobile,Simplex,UHF (300 MHz-3 GHz),1,466.9313,466.9313
DESIGN PRODUCTION LIMITED,Land Mobile,Simplex,UHF (300 MHz-3 GHz),1,458.4688,458.4688
DETECTION SERVICES WELLINGTON LIMITED,Land Mobile,Simplex,UHF (300 MHz-3 GHz),1,483.6188,483.6188
DEW-OH HOLDINGS LIMITED,Broadcasting,Unspecified,VHF (30-300 MHz),1,100.9,100.9
DEW-OH HOLDINGS LIMITED,Fixed Link,Uni-directional,UHF (300 MHz-3 GHz),1,933.75,933.75
DEWES CONTRACTORS LIMITED,Land Mobile,Mobile Transmit,VHF (30-300 MHz),1,155.3688,155.3688
DEWES CONTRACTORS LIMITED,Land Mobile,Repeater,VHF (30-300 MHz),1,151.1875,151.1875
DIACK CONTRACTING LIMITED,Land Mobile,Simplex,VHF (30-300 MHz),1,171.125,171.125
DIANE PLAYLE,Land Mobile,Simplex,VHF (30-300 MHz),1,150.6125,150.6125
DKM LOGGING LIMITED,Land Mobile,Simplex,VHF (30-300 MHz),1,150.35,150.35
DOGWATCH SANCTUARY TRUST,Land Mobile,Simplex,UHF (300 MHz-3 GHz),1,483.5938,483.5938
DOMINION SALT (NI) LTD,Land Mobile,Simplex,UHF (300 MHz-3 GHz),1,461.6438,461.6438
DOMINION SALT (NI) LTD,Paging,Unspecified,VHF (30-300 MHz),1,160.3625,160.3625
DONE RITE CONTRACTING 2017 LIMITED,Land Mobile,Simplex,VHF (30-300 MHz),1,150.7,150.7
DONOVAN AG LIMITED,Land Mobile,Repeater,VHF (30-300 MHz),1,163.6875,163.6875
DONOVAN AG LIMITED,Land Mobile,Mobile Transmit,VHF (30-300 MHz),1,168.2875,168.2875
DONOVAN CONTRACTING LIMITED,Land Mobile,Simplex,VHF (30-300 MHz),1,172.975,172.975
DOOLYTTLE & SON LIMITED,Land Mobile,Simplex,UHF (300 MHz-3 GHz),1,482.0438,482.0438
DOPPELMAYR NEW ZEALAND LIMITED,Land Mobile,Simplex,VHF (30-300 MHz),1,170.8125,170.8125
DOPPELMAYR NEW ZEALAND LIMITED,Land Mobile,Simplex,UHF (300 MHz-3 GHz),1,453.4813,453.4813
DOUG SYMONS CONTRACTING LIMITED,Land Mobile,Simplex,VHF (30-300 MHz),1,172.6125,172.6125
DREWMOND HARD HOSPITALITY LIMITED,Land Mobile,Simplex,UHF (300 MHz-3 GHz),1,483.5438,483.5438
DRILLCO 2019 LIMITED,Land Mobile,Simplex,UHF (300 MHz-3 GHz),1,453.3563,453.3563
DRIVING CREEK RAILWAY LIMITED,Land Mobile,Mobile Transmit,UHF (300 MHz-3 GHz),1,490.3438,490.3438
DRIVING CREEK RAILWAY LIMITED,Land Mobile,Repeater,UHF (300 MHz-3 GHz),1,484.3313,484.3313
DUCKMANTON AG DRILLING LIMITED,Land Mobile,Repeater,UHF (300 MHz-3 GHz),1,462.1313,462.1313
DUNEDIN CASINOS LTD,Paging,Unspecified,VHF (30-300 MHz),1,160.5875,160.5875
DUNEDIN INTERNATIONAL AIRPORT LIMITED,Paging,Unspecified,VHF (30-300 MHz),1,160.5125,160.5125
DUNSTAN HILLS LIMITED,Land Mobile,Simplex,VHF (30-300 MHz),1,150.6125,150.6125
DUNSTAN HILLS LIMITED,Land Mobile,Repeater,VHF (30-300 MHz),1,151.875,151.875
DUNSTAN HILLS LIMITED,Land Mobile,Mobile Transmit,VHF (30-300 MHz),1,153.6563,153.6563
Damian Olson,Land Mobile,Simplex,VHF (30-300 MHz),1,150.3875,150.3875
Dan Readman,Land Mobile,Simplex,UHF (300 MHz-3 GHz),1,461.7188,461.7188
Daniel Angus,Land Mobile,Simplex,UHF (300 MHz-3 GHz),1,482.7688,482.7688
Daniel Hodgson,Land Mobile,Simplex,VHF (30-300 MHz),1,166.0375,166.0375
Daniel Hood,Land Mobile,Repeater,VHF (30-300 MHz),1,164.0875,164.0875
Daniel Hood,Land Mobile,Simplex,VHF (30-300 MHz),1,170.35,170.35
Daniel Hood,Land Mobile,Mobile Transmit,VHF (30-300 MHz),1,168.6875,168.6875
Daryl Mitchell,Land Mobile,Simplex,UHF (300 MHz-3 GHz),1,483.6563,483.6563
David Cranna,Land Mobile,Simplex,UHF (300 MHz-3 GHz),1,483.8438,483.8438
David Cremer,Land Mobile,Simplex,UHF (300 MHz-3 GHz),1,482.0188,482.0188
David Dewar,Land Mobile,Simplex,VHF (30-300 MHz),1,170.7875,170.7875
David Dewar,Land Mobile,Simplex,UHF (300 MHz-3 GHz),1,455.2438,455.2438
David Gunn,Land Mobile,Repeater,UHF (300 MHz-3 GHz),1,462.6938,462.6938
David Gunn,Land Mobile,Mobile Transmit,UHF (300 MHz-3 GHz),1,467.8813,467.8813
David Haliburton,Land Mobile,Simplex,VHF (30-300 MHz),1,150.725,150.725
David John Neil,Land Mobile,Simplex,VHF (30-300 MHz),1,150.2375,150.2375
David Kelly,Land Mobile,Simplex,VHF (30-300 MHz),1,166.7875,166.7875
David Robb,Land Mobile,Simplex,UHF (300 MHz-3 GHz),1,482.6313,482.6313
David Thomsen,Land Mobile,Simplex,UHF (300 MHz-3 GHz),1,482.5938,482.5938
David Whitburn,Land Mobile,Simplex,UHF (300 MHz-3 GHz),1,483.8188,483.8188
David William Horne,Land Mobile,Repeater,UHF (300 MHz-3 GHz),1,476.45,476.45
David William Horne,Land Mobile,Mobile Transmit,UHF (300 MHz-3 GHz),1,477.2,477.2
Dean Arnott,Land Mobile,Simplex,VHF (30-300 MHz),1,166.7125,166.7125
Denis McFarlane,Land Mobile,Simplex,UHF (300 MHz-3 GHz),1,470.8438,470.8438
Dennis Lovegrove,Land Mobile,Simplex,UHF (300 MHz-3 GHz),1,476.3313,476.3313
Dolphins Partnership,Land Mobile,Repeater,VHF (30-300 MHz),1,163.6875,163.6875
Dolphins Partnership,Land Mobile,Mobile Transmit,VHF (30-300 MHz),1,168.2875,168.2875
Donald Meads,Land Mobile,Repeater,UHF (300 MHz-3 GHz),1,476.425,476.425
Donald Meads,Land Mobile,Mobile Transmit,UHF (300 MHz-3 GHz),1,477.175,477.175
Donovan Isted,Land Mobile,Simplex,UHF (300 MHz-3 GHz),1,483.5438,483.5438
Dougal McIntosh,Land Mobile,Repeater,VHF (30-300 MHz),1,164.0875,164.0875
Dougal McIntosh,Land Mobile,Mobile Transmit,VHF (30-300 MHz),1,168.6875,168.6875
Douglas Hart,Amateur,Mobile Transmit,UHF (300 MHz-3 GHz),1,434.575,434.575
Douglas Hart,Amateur,Repeater,UHF (300 MHz-3 GHz),1,439.575,439.575
Downer Heb Joint Venture- T/A Mt Messenger Alliance,Land Mobile,Mobile Transmit,VHF (30-300 MHz),1,155.9063,155.9063
Downer Heb Joint Venture- T/A Mt Messenger Alliance,Land Mobile,Repeater,VHF (30-300 MHz),1,151.725,151.725
Downer Heb Joint Venture- T/A Mt Messenger Alliance,Land Mobile,Repeater,UHF (300 MHz-3 GHz),1,464.3563,464.3563
Downer Heb Joint Venture- T/A Mt Messenger Alliance,Land Mobile,Mobile Transmit,UHF (300 MHz-3 GHz),1,469.5438,469.5438
Downer New Zealand Limited,Maritime,Unspecified,VHF (30-300 MHz),1,156.725,156.725
Downer New Zealand Limited,Meteorological,Unspecified,SHF (3-30 GHz),1,24230.0,24230.0
Duncan Ensor,Land Mobile,Repeater,UHF (300 MHz-3 GHz),1,462.7313,462.7313
Duncan Ensor,Land Mobile,Mobile Transmit,UHF (300 MHz-3 GHz),1,467.9188,467.9188
Dunedin Venues,Land Mobile,Repeater,UHF (300 MHz-3 GHz),1,480.8313,480.8313
Dunedin Venues,Land Mobile,Mobile Transmit,UHF (300 MHz-3 GHz),1,474.8438,474.8438
EAGLE EARTHWORKS LIMITED,Land Mobile,Simplex,VHF (30-300 MHz),1,171.3125,171.3125
EAGLEFLIGHT TECHNICS LIMITED,Aeronautical,Unspecified,SHF (3-30 GHz),1,5032.0,5032.0
EARTH & SKY LIMITED,Land Mobile,Repeater,VHF (30-300 MHz),1,164.8625,164.8625
EARTH & SKY LIMITED,Land Mobile,Mobile Transmit,VHF (30-300 MHz),1,169.4625,169.4625
EARTHWORX RURAL & CIVIL LIMITED,Land Mobile,Simplex,UHF (300 MHz-3 GHz),1,465.1188,465.1188
EASTERN SOUTHLAND BRANCH NZART INC,Amateur,Repeater,VHF (30-300 MHz),1,146.95,146.95
EASTERN SOUTHLAND BRANCH NZART INC,Amateur,Mobile Transmit,VHF (30-300 MHz),1,146.35,146.35
EASTLAND FARMS LIMITED,Land Mobile,Simplex,VHF (30-300 MHz),1,170.8625,170.8625
EASTLAND OUTDOOR ENTERPRISES TRUST,Land Mobile,Repeater,VHF (30-300 MHz),1,151.25,151.25
EASTLAND OUTDOOR ENTERPRISES TRUST,Land Mobile,Mobile Transmit,VHF (30-300 MHz),1,155.4313,155.4313
EASTLAND PORT LIMITED,Land Mobile,Repeater,VHF (30-300 MHz),1,165.3125,165.3125
EASTLAND PORT LIMITED,Land Mobile,Mobile Transmit,VHF (30-300 MHz),1,169.9125,169.9125
EASTLAND PORT LIMITED,Telemetry & Telecommand,Uni-directional,UHF (300 MHz-3 GHz),1,471.05,471.05
EASTSIDE LOGGING COMPANY LIMITED,Land Mobile,Simplex,VHF (30-300 MHz),1,170.775,170.775
EASTWOOD ARBORETUM,Land Mobile,Simplex,VHF (30-300 MHz),1,166.3,166.3
EDGE CREATIVE,Land Mobile,Simplex,UHF (300 MHz-3 GHz),1,488.9688,488.9688
EDGECOMB HONEY LIMITED,Land Mobile,Simplex,VHF (30-300 MHz),1,153.5938,153.5938
EDWARDS LOGGING LIMITED,Land Mobile,Simplex,VHF (30-300 MHz),1,165.8625,165.8625
EKETAHUNA COMMUNITY RADIO SOCIETY INCORPORATED,Broadcasting,Unspecified,VHF (30-300 MHz),1,106.5,106.5
ELDOON FARMS LIMITED,Land Mobile,Mobile Transmit,VHF (30-300 MHz),1,155.2438,155.2438
ELDOON FARMS LIMITED,Land Mobile,Repeater,VHF (30-300 MHz),1,151.0625,151.0625
ELEVATOR INSTALLATIONS NZ LTD,Land Mobile,Mobile Transmit,UHF (300 MHz-3 GHz),1,452.0688,452.0688
ELEVATOR INSTALLATIONS NZ LTD,Land Mobile,Repeater,UHF (300 MHz-3 GHz),1,457.1063,457.1063
ELGAS LIMITED,Land Mobile,Simplex,UHF (300 MHz-3 GHz),1,483.5938,483.5938
ELLIOT LOGGING LIMITED,Land Mobile,Simplex,VHF (30-300 MHz),1,170.75,170.75
EMBASSY OF THE FEDERAL REPUBLIC OF GERMANY,Land Mobile,Mobile Transmit,VHF (30-300 MHz),1,169.7,169.7
EMBASSY OF THE FEDERAL REPUBLIC OF GERMANY,Land Mobile,Repeater,VHF (30-300 MHz),1,165.1,165.1
EMMONS DEVELOPMENTS NEW ZEALAND LIMITED,Land Mobile,Repeater,UHF (300 MHz-3 GHz),1,478.4063,478.4063
EMMONS DEVELOPMENTS NEW ZEALAND LIMITED,Land Mobile,Mobile Transmit,UHF (300 MHz-3 GHz),1,472.4188,472.4188
ENERGY SURVEYS 2022 LIMITED,Land Mobile,Simplex,UHF (300 MHz-3 GHz),1,483.1313,483.1313
ENGAS DEVELOPMENTS LIMITED,Land Mobile,Simplex,UHF (300 MHz-3 GHz),1,483.9313,483.9313
ENGINEERING SERVICES ROTORUA LIMITED,Land Mobile,Simplex,VHF (30-300 MHz),1,153.5563,153.5563
ENHANCED SOLUTIONS LIMITED,Land Mobile,Mobile Transmit,VHF (30-300 MHz),1,155.8438,155.8438
ENHANCED SOLUTIONS LIMITED,Land Mobile,Repeater,VHF (30-300 MHz),1,151.6625,151.6625
ENTAIN NEW ZEALAND LIMITED,Telemetry & Telecommand,Uni-directional,UHF (300 MHz-3 GHz),1,471.3,471.3
ENVIRO WASTE SERVICES LIMITED,Land Mobile,Mobile Transmit,VHF (30-300 MHz),1,167.7375,167.7375
ENVIRO WASTE SERVICES LIMITED,Land Mobile,Repeater,VHF (30-300 MHz),1,163.1375,163.1375
ENVIRO WASTE SERVICES LIMITED,Land Mobile,Repeater,UHF (300 MHz-3 GHz),1,462.9688,462.9688
ENVIRO WASTE SERVICES LIMITED,Land Mobile,Mobile Transmit,UHF (300 MHz-3 GHz),1,468.1563,468.1563
ENVIRONMENT CANTERBURY,Land Mobile,Simplex,VHF (30-300 MHz),1,153.4813,153.4813
ENVIRONMENT SOUTHLAND,Land Mobile,Mobile Transmit,VHF (30-300 MHz),1,155.9563,155.9563
ENVIRONMENT SOUTHLAND,Land Mobile,Repeater,VHF (30-300 MHz),1,151.775,151.775
ENVIROWASTE SERVICES LTD,Land Mobile,Repeater,UHF (300 MHz-3 GHz),1,487.7563,487.7563
ENVIROWASTE SERVICES LTD,Land Mobile,Mobile Transmit,UHF (300 MHz-3 GHz),1,493.7688,493.7688
ENVIROWASTE SERVICES LTD,Land Mobile,Simplex,VHF (30-300 MHz),1,170.325,170.325
ENZA  LTD,Land Mobile,Mobile Transmit,VHF (30-300 MHz),1,167.3625,167.3625
ENZA  LTD,Land Mobile,Repeater,VHF (30-300 MHz),1,162.7625,162.7625
ENZA  LTD,Paging,Unspecified,VHF (30-300 MHz),1,160.3375,160.3375
EPOD NEW ZEALAND LIMITED,Land Mobile,Simplex,VHF (30-300 MHz),1,170.6375,170.6375
EREWHON PARTNERSHIP LIMITED,Land Mobile,Repeater,VHF (30-300 MHz),1,151.475,151.475
EREWHON PARTNERSHIP LIMITED,Land Mobile,Simplex,VHF (30-300 MHz),1,150.6,150.6
EREWHON PARTNERSHIP LIMITED,Land Mobile,Mobile Transmit,VHF (30-300 MHz),1,155.6563,155.6563
ESCAPE ADVENTUROUS JOURNEYS CHARITABLE TRUST,Land Mobile,Simplex,VHF (30-300 MHz),1,150.3875,150.3875
EVENT CINEMAS LIMITED,Land Mobile,Simplex,UHF (300 MHz-3 GHz),1,458.3938,458.3938
EVERYTHING NZ LIMITED,Land Mobile,Mobile Transmit,VHF (30-300 MHz),1,167.8625,167.8625
EVERYTHING NZ LIMITED,Land Mobile,Repeater,VHF (30-300 MHz),1,163.2625,163.2625
EXPRESSIONS ARTS & ENTERTAINMENT TRUST,Land Mobile,Simplex,UHF (300 MHz-3 GHz),1,449.9313,449.9313
EYE SPY SECURITY LIMITED,Land Mobile,Simplex,UHF (300 MHz-3 GHz),1,482.7438,482.7438
EYRE ESTATE FARMS LIMITED,Fixed Link,Uni-directional,UHF (300 MHz-3 GHz),1,442.9625,442.9625
EZI-SWEEP INDUSTRIES LIMITED,Land Mobile,Simplex,VHF (30-300 MHz),1,165.8125,165.8125
Eight Mile Farms Ltd,Land Mobile,Repeater,VHF (30-300 MHz),1,163.9875,163.9875
Eight Mile Farms Ltd,Land Mobile,Mobile Transmit,VHF (30-300 MHz),1,168.5875,168.5875
Electrix Ltd,Land Mobile,Simplex,VHF (30-300 MHz),1,170.8625,170.8625
Emergency Management Southland,Aeronautical,Base Station,VHF (30-300 MHz),1,119.1,119.1
Equity Trustees Limited,Land Mobile,Simplex,UHF (300 MHz-3 GHz),1,453.4188,453.4188
F HAYES & CO LIMITED,Land Mobile,Simplex,UHF (300 MHz-3 GHz),1,464.8313,464.8313
F W LYDERS LIMITED,Land Mobile,Simplex,VHF (30-300 MHz),1,166.0875,166.0875
FAHEY CONTRACTING,Land Mobile,Simplex,VHF (30-300 MHz),1,150.7875,150.7875
FAHEY CONTRACTING 2008 LIMITED,Land Mobile,Simplex,UHF (300 MHz-3 GHz),1,453.6188,453.6188
FAIRFIELD TRANSPORT LTD,Land Mobile,Simplex,UHF (300 MHz-3 GHz),1,464.8813,464.8813
FAR NORTH HOLDINGS LTD,Aeronautical,Base Station,VHF (30-300 MHz),1,119.1,119.1
FAR NORTH HOLDINGS LTD,Land Mobile,Simplex,UHF (300 MHz-3 GHz),1,465.1188,465.1188
FARMERS AIR 2024 LIMITED,Land Mobile,Simplex,VHF (30-300 MHz),1,170.8125,170.8125
FAULDINGS SOUND LIMITED,Land Mobile,Simplex,VHF (30-300 MHz),1,170.45,170.45
FEDERATION OF RAIL ORGANISATIONS OF NEW ZEALAND INCORPORATED,Land Mobile,Simplex,VHF (30-300 MHz),1,150.2,150.2
FIBER FRESH GP LIMITED,Land Mobile,Mobile Transmit,UHF (300 MHz-3 GHz),1,450.2938,450.2938
FIBER FRESH GP LIMITED,Land Mobile,Simplex,UHF (300 MHz-3 GHz),1,453.3563,453.3563
FIBER FRESH GP LIMITED,Land Mobile,Repeater,UHF (300 MHz-3 GHz),1,455.3313,455.3313
FILM RADIOS.COM LIMITED,Land Mobile,Mobile Transmit,VHF (30-300 MHz),1,154.6563,154.6563
FILM RADIOS.COM LIMITED,Land Mobile,Repeater,VHF (30-300 MHz),1,152.875,152.875
FIORDLAND JET LIMITED,Maritime,Mobile Transmit,VHF (30-300 MHz),1,156.15,156.15
FIORDLAND JET LIMITED,Maritime,Repeater,VHF (30-300 MHz),1,160.75,160.75
FIRST SECURITY GUARD SERVICES LIMITED,Land Mobile,Repeater,VHF (30-300 MHz),1,153.05,153.05
FIRST SECURITY GUARD SERVICES LIMITED,Land Mobile,Mobile Transmit,VHF (30-300 MHz),1,154.8313,154.8313
FIRTH INDUSTRIES,Land Mobile,Simplex,UHF (300 MHz-3 GHz),1,455.2938,455.2938
FIVE STAR BEEF LTD,Land Mobile,Repeater,VHF (30-300 MHz),1,151.6875,151.6875
FIVE STAR BEEF LTD,Land Mobile,Mobile Transmit,VHF (30-300 MHz),1,155.8688,155.8688
FIVE STAR BEEF LTD,Land Mobile,Simplex,VHF (30-300 MHz),1,150.8625,150.8625
FLETCHER CONCRETE AND INFRASTRUCTURE LTD,Land Mobile,Simplex,UHF (300 MHz-3 GHz),1,455.2938,455.2938
FM 105.3 LIMITED,Broadcasting,Unspecified,VHF (30-300 MHz),1,105.3,105.3
FONTERRA BRANDS LIMITED,Land Mobile,Mobile Transmit,UHF (300 MHz-3 GHz),1,450.4688,450.4688
FONTERRA BRANDS LIMITED,Land Mobile,Repeater,UHF (300 MHz-3 GHz),1,455.5063,455.5063
FONTERRA CO-OPERATIVE GROUP,Paging,Unspecified,UHF (300 MHz-3 GHz),1,458.55,458.55
FONTERRA CO-OPERATIVE GROUP LIMITED,Fixed Link,Uni-directional,UHF (300 MHz-3 GHz),1,450.0125,450.0125
FONTERRA CO-OPERATIVE GROUP LIMITED,Paging,Unspecified,VHF (30-300 MHz),1,160.3875,160.3875
FONTERRA LIMITED,Paging,Unspecified,HF (3-30 MHz),1,27.237,27.237
FORAGE SERVICES LTD,Land Mobile,Simplex,VHF (30-300 MHz),1,166.4,166.4
FORCO LIMITED,Land Mobile,Simplex,VHF (30-300 MHz),1,150.425,150.425
FORD MOTOR COMPANY OF NEW ZEALAND LIMITED,Land Mobile,Simplex,UHF (300 MHz-3 GHz),1,453.3188,453.3188
FOREST OPERATIONS LIMITED,Land Mobile,Simplex,VHF (30-300 MHz),1,166.65,166.65
FOREST PARK FARMS LIMITED,Land Mobile,Repeater,UHF (300 MHz-3 GHz),1,456.0063,456.0063
FOREST PARK FARMS LIMITED,Land Mobile,Mobile Transmit,UHF (300 MHz-3 GHz),1,450.9688,450.9688
FOREST PRO LIMITED,Land Mobile,Simplex,VHF (30-300 MHz),1,166.525,166.525
FOREST SECURITY (NORTHLAND) LIMITED,Land Mobile,Simplex,VHF (30-300 MHz),1,150.35,150.35
FOREST WORX LIMITED,Land Mobile,Simplex,VHF (30-300 MHz),1,150.425,150.425
FORESTMAN CONTRACTORS LIMITED,Land Mobile,Simplex,VHF (30-300 MHz),1,172.8,172.8
FORESTRY ROADING SERVICES LTD,Land Mobile,Simplex,VHF (30-300 MHz),1,153.4813,153.4813
FORESTRY SERVICES NORTH ISLAND LIMITED,Land Mobile,Simplex,VHF (30-300 MHz),1,166.2125,166.2125
FOUR PEAKS STATION LTD,Land Mobile,Mobile Transmit,VHF (30-300 MHz),1,155.8188,155.8188
FOUR PEAKS STATION LTD,Land Mobile,Repeater,VHF (30-300 MHz),1,151.6375,151.6375
FRANZ JOSEF WILDERNESS TOURS LIMITED,Land Mobile,Simplex,VHF (30-300 MHz),1,165.725,165.725
FRASER SHINGLE LIMITED,Land Mobile,Simplex,VHF (30-300 MHz),1,150.0875,150.0875
FREEZE DRIED FOODS NEW ZEALAND LIMITED,Land Mobile,Simplex,VHF (30-300 MHz),1,153.4938,153.4938
FRESH MEATS NZ LTD,Land Mobile,Simplex,UHF (300 MHz-3 GHz),1,466.8938,466.8938
FULL FLAVOUR LIMITED,Broadcasting,Unspecified,VHF (30-300 MHz),1,92.2,92.2
FULTON HOGAN LTD,Land Mobile,Simplex,UHF (300 MHz-3 GHz),1,461.7063,461.7063
FULTON HOGAN LTD,Land Mobile,Repeater,UHF (300 MHz-3 GHz),1,457.4813,457.4813
FULTON HOGAN LTD,Land Mobile,Mobile Transmit,UHF (300 MHz-3 GHz),1,452.4438,452.4438
Fire and Emergency New Zealand,Telemetry & Telecommand,Uni-directional,UHF (300 MHz-3 GHz),1,466.8125,466.8125
Fonterra Co-operative Group,Land Mobile,Simplex,UHF (300 MHz-3 GHz),1,461.5688,461.5688
Forest & Bird Dunedin Branch,Land Mobile,Simplex,VHF (30-300 MHz),1,150.4,150.4
G & J HUNGER CONTRACTING LIMITED,Land Mobile,Simplex,VHF (30-300 MHz),1,150.4125,150.4125
G B Hooker,Land Mobile,Repeater,VHF (30-300 MHz),1,163.525,163.525
G B Hooker,Land Mobile,Mobile Transmit,VHF (30-300 MHz),1,168.125,168.125
G C A LOGISTICS LIMITED,Land Mobile,Simplex,VHF (30-300 MHz),1,166.5125,166.5125
G E CROSS,Land Mobile,Mobile Transmit,UHF (300 MHz-3 GHz),1,469.5063,469.5063
G E CROSS,Land Mobile,Repeater,UHF (300 MHz-3 GHz),1,464.3188,464.3188
G W GOODGER,Amateur,Repeater,VHF (30-300 MHz),1,144.575,144.575
GA and NW Coogan Family Trust,Land Mobile,Repeater,VHF (30-300 MHz),1,164.325,164.325
GA and NW Coogan Family Trust,Land Mobile,Mobile Transmit,VHF (30-300 MHz),1,168.925,168.925
GARY CLARKE CONTRACTING LIMITED,Land Mobile,Simplex,UHF (300 MHz-3 GHz),1,483.6813,483.6813
GATEWAY TELEPORT LIMITED,Satellite & Space,Unspecified,Unknown,1,,
GB & DL Calvert,Land Mobile,Mobile Transmit,VHF (30-300 MHz),1,155.9563,155.9563
GB & DL Calvert,Land Mobile,Repeater,VHF (30-300 MHz),1,151.775,151.775
GBL CONSULTANTS LIMITED,Land Mobile,Simplex,UHF (300 MHz-3 GHz),1,483.6438,483.6438
GCH AVIATION LIMITED,Aeronautical,Base Station,VHF (30-300 MHz),1,133.15,133.15
GENERA LIMITED,Land Mobile,Simplex,VHF (30-300 MHz),1,170.775,170.775
GENERAL AND PROTECTION FORESTRY SERVICES (G.P.F.S) LIMITED,Land Mobile,Simplex,VHF (30-300 MHz),1,150.625,150.625
GENERAL COMPRESSION LIMITED,Land Mobile,Simplex,UHF (300 MHz-3 GHz),1,466.9688,466.9688
GENESIS ENERGY LIMITED,Paging,Unspecified,UHF (300 MHz-3 GHz),1,458.55,458.55
GENETIC TECHNOLOGIES LIMITED,Land Mobile,Simplex,VHF (30-300 MHz),1,150.1,150.1
GENETIC TECHNOLOGIES LIMITED,Land Mobile,Repeater,VHF (30-300 MHz),1,152.5875,152.5875
GENETIC TECHNOLOGIES LIMITED,Land Mobile,Mobile Transmit,VHF (30-300 MHz),1,154.3688,154.3688
GEO40 LIMITED,Land Mobile,Simplex,UHF (300 MHz-3 GHz),1,483.6188,483.6188
GEORGE WESTON FOODS (NZ) LIMITED,Land Mobile,Simplex,UHF (300 MHz-3 GHz),1,482.8813,482.8813
GEOVERT LIMITED,Land Mobile,Simplex,VHF (30-300 MHz),1,172.7875,172.7875
GIBBS FOUNDATION LIMITED,Land Mobile,Repeater,VHF (30-300 MHz),1,163.9875,163.9875
GIBBS FOUNDATION LIMITED,Land Mobile,Mobile Transmit,VHF (30-300 MHz),1,168.5875,168.5875
GIBSON FIELD SERVICES LIMITED,Land Mobile,Simplex,VHF (30-300 MHz),1,153.5938,153.5938
GISBORNE AIRPORT LIMITED,Land Mobile,Simplex,UHF (300 MHz-3 GHz),1,483.7188,483.7188
GISBORNE AIRPORT LIMITED,Land Mobile,Simplex,VHF (30-300 MHz),1,150.2875,150.2875
GISBORNE CITY VINTAGE RAILWAY INCORPORATED,Land Mobile,Simplex,VHF (30-300 MHz),1,150.7125,150.7125
GISBORNE DISTRICT COUNCIL,Land Mobile,Simplex,UHF (300 MHz-3 GHz),1,455.1188,455.1188
GISBORNE HIABS LIMITED,Land Mobile,Simplex,VHF (30-300 MHz),1,165.875,165.875
GISBORNE TATAPOURI SPORTS FISHING CLUB INC,Maritime,Repeater,VHF (30-300 MHz),1,160.625,160.625
GISBORNE TATAPOURI SPORTS FISHING CLUB INC,Maritime,Mobile Transmit,VHF (30-300 MHz),1,156.025,156.025
GISBORNE TAXI SOCIETY LIMITED,Land Mobile,Simplex,VHF (30-300 MHz),1,150.7,150.7
GLACIER & SOUTHERN LAKES HELICOPTERS LTD,Land Mobile,Simplex,VHF (30-300 MHz),1,150.1625,150.1625
GLAMORTON DEVELOPMENTS LIMITED,Land Mobile,Repeater,UHF (300 MHz-3 GHz),1,461.8938,461.8938
GLAMORTON DEVELOPMENTS LIMITED,Land Mobile,Mobile Transmit,UHF (300 MHz-3 GHz),1,467.0813,467.0813
GLAMORTON DEVELOPMENTS LIMITED,Land Mobile,Simplex,UHF (300 MHz-3 GHz),1,461.7938,461.7938
GLASSCORP LIMITED,Land Mobile,Simplex,UHF (300 MHz-3 GHz),1,477.7063,477.7063
GLENACARDOCH FARM LIMITED,Land Mobile,Repeater,UHF (300 MHz-3 GHz),1,464.0438,464.0438
GLENACARDOCH FARM LIMITED,Land Mobile,Mobile Transmit,UHF (300 MHz-3 GHz),1,469.2313,469.2313
GLENEYRE LIMITED,Land Mobile,Simplex,VHF (30-300 MHz),1,153.5563,153.5563
GLENHOPE TRADING LIMITED,Land Mobile,Repeater,VHF (30-300 MHz),1,164.05,164.05
GLENHOPE TRADING LIMITED,Land Mobile,Simplex,VHF (30-300 MHz),1,150.15,150.15
GLENHOPE TRADING LIMITED,Land Mobile,Mobile Transmit,VHF (30-300 MHz),1,168.65,168.65
GLENMORE FARMS LIMITED,Land Mobile,Repeater,VHF (30-300 MHz),1,163.0375,163.0375
GLENMORE FARMS LIMITED,Land Mobile,Mobile Transmit,VHF (30-300 MHz),1,167.6375,167.6375
GLENN FARMS LIMITED,Land Mobile,Mobile Transmit,VHF (30-300 MHz),1,169.8875,169.8875
GLENN FARMS LIMITED,Land Mobile,Repeater,VHF (30-300 MHz),1,165.2875,165.2875
GLENTHORNE STATION LIMITED,Land Mobile,Repeater,VHF (30-300 MHz),1,151.3125,151.3125
GLENTHORNE STATION LIMITED,Land Mobile,Simplex,UHF (300 MHz-3 GHz),1,458.6188,458.6188
GLENTHORNE STATION LIMITED,Land Mobile,Mobile Transmit,VHF (30-300 MHz),1,155.4938,155.4938
GLOBAL SURVEY LTD,Land Mobile,Repeater,UHF (300 MHz-3 GHz),1,463.9438,463.9438
GLOBAL SURVEY LTD,Land Mobile,Mobile Transmit,UHF (300 MHz-3 GHz),1,469.1313,469.1313
GOLDEN BAY EMERGENCY COMMUNICATION SERVICES CHARITABLE TRUST BOARD,Broadcasting,Unspecified,VHF (30-300 MHz),1,98.2,98.2
GOLDEN BAY KAYAKS LIMITED,Land Mobile,Mobile Transmit,VHF (30-300 MHz),1,168.1625,168.1625
GOLDEN BAY KAYAKS LIMITED,Land Mobile,Repeater,VHF (30-300 MHz),1,163.5625,163.5625
GOLDPINE INDUSTRIES LTD,Land Mobile,Simplex,UHF (300 MHz-3 GHz),1,476.1313,476.1313
GOODMAN CONTRACTORS LIMITED,Land Mobile,Simplex,UHF (300 MHz-3 GHz),1,455.2063,455.2063
GOODMAN LOGGING LTD,Land Mobile,Simplex,VHF (30-300 MHz),1,166.7875,166.7875
GORE AERO CLUB INCORPORATED,Aeronautical,Base Station,VHF (30-300 MHz),1,119.1,119.1
GORE DISTRICT COUNCIL,Land Mobile,Mobile Transmit,VHF (30-300 MHz),1,155.4813,155.4813
GORE DISTRICT COUNCIL,Land Mobile,Repeater,VHF (30-300 MHz),1,151.3,151.3
GORE DISTRICT COUNCIL,Telemetry & Telecommand,Uni-directional,VHF (30-300 MHz),1,160.1375,160.1375
GOVERNMENT COMMUNICATIONS SECURITY BUREAU,Land Mobile,Simplex,UHF (300 MHz-3 GHz),1,449.9313,449.9313
GOVERNMENT COMMUNICATIONS SECURITY BUREAU,Land Mobile,Repeater,UHF (300 MHz-3 GHz),1,461.9063,461.9063
GOVERNMENT COMMUNICATIONS SECURITY BUREAU,Land Mobile,Mobile Transmit,UHF (300 MHz-3 GHz),1,467.0938,467.0938
GOVERNMENT COMMUNICATIONS SECURITY BUREAU,Paging,Unspecified,UHF (300 MHz-3 GHz),1,458.6,458.6
GOVERNMENT HOUSE,Land Mobile,Mobile Transmit,UHF (300 MHz-3 GHz),1,453.2313,453.2313
GOVERNMENT HOUSE,Land Mobile,Simplex,UHF (300 MHz-3 GHz),1,461.7438,461.7438
GOVERNMENT HOUSE,Land Mobile,Repeater,UHF (300 MHz-3 GHz),1,458.2688,458.2688
GP CONTRACTING LIMITED,Land Mobile,Simplex,VHF (30-300 MHz),1,150.6625,150.6625
GPR HOTELS LIMITED,Land Mobile,Mobile Transmit,UHF (300 MHz-3 GHz),1,468.7063,468.7063
GPR HOTELS LIMITED,Land Mobile,Repeater,UHF (300 MHz-3 GHz),1,463.5188,463.5188
GRAY'S FORESTRY SERVICES LIMITED,Land Mobile,Simplex,VHF (30-300 MHz),1,172.8125,172.8125
GRAYMONT (NZ) LIMITED,Land Mobile,Simplex,UHF (300 MHz-3 GHz),1,455.0938,455.0938
GREAT EAGLE HOTELS (AUCKLAND LIMITED),Paging,Unspecified,UHF (300 MHz-3 GHz),1,458.55,458.55
GREENBRIAR LIMITED,Fixed Link,Uni-directional,UHF (300 MHz-3 GHz),1,450.0875,450.0875
GREG DONALDSON CONTRACTING LIMITED,Land Mobile,Simplex,VHF (30-300 MHz),1,166.525,166.525
GREG DONALDSON CONTRACTING LIMITED,Land Mobile,Simplex,UHF (300 MHz-3 GHz),1,482.5188,482.5188
GREY DISTRICT COUNCIL,Land Mobile,Simplex,VHF (30-300 MHz),1,153.5813,153.5813
GREYMOUTH PETROLEUM ACQUISITION COMPANY LTD,Land Mobile,Repeater,VHF (30-300 MHz),1,162.6125,162.6125
GREYMOUTH PETROLEUM ACQUISITION COMPANY LTD,Land Mobile,Mobile Transmit,VHF (30-300 MHz),1,167.2125,167.2125
GUARDIANS OF THE RUAKITURI INCORPORATED,Land Mobile,Mobile Transmit,VHF (30-300 MHz),1,168.275,168.275
GUARDIANS OF THE RUAKITURI INCORPORATED,Land Mobile,Repeater,VHF (30-300 MHz),1,163.675,163.675
GWA GROUP (NZ) LIMITED,Land Mobile,Simplex,UHF (300 MHz-3 GHz),1,489.0813,489.0813
Gangi Group,Land Mobile,Simplex,UHF (300 MHz-3 GHz),1,461.5438,461.5438
Garry Derrick,Land Mobile,Simplex,UHF (300 MHz-3 GHz),1,476.3188,476.3188
Gavin Stewart,Land Mobile,Simplex,UHF (300 MHz-3 GHz),1,470.7813,470.7813
George Batchelor,Broadcasting,Unspecified,VHF (30-300 MHz),1,101.6,101.6
Graeme Richards,Land Mobile,Repeater,VHF (30-300 MHz),1,152.25,152.25
Graeme Richards,Land Mobile,Mobile Transmit,VHF (30-300 MHz),1,154.0313,154.0313
Graham FITZGERALD,Land Mobile,Simplex,UHF (300 MHz-3 GHz),1,476.1188,476.1188
H G LIVINGSTONE LTD,Land Mobile,Repeater,UHF (300 MHz-3 GHz),1,464.1063,464.1063
H G LIVINGSTONE LTD,Land Mobile,Mobile Transmit,UHF (300 MHz-3 GHz),1,469.2938,469.2938
H G LIVINGSTONE LTD,Land Mobile,Simplex,UHF (300 MHz-3 GHz),1,466.6938,466.6938
H J FOWLER,Land Mobile,Simplex,VHF (30-300 MHz),1,84.9,84.9
H MACKENZIE,Land Mobile,Simplex,VHF (30-300 MHz),1,166.4,166.4
H MACKENZIE CONTRACTING LTD,Land Mobile,Simplex,VHF (30-300 MHz),1,165.9,165.9
H NORTHCOTE,Land Mobile,Repeater,VHF (30-300 MHz),1,151.075,151.075
H NORTHCOTE,Land Mobile,Mobile Transmit,VHF (30-300 MHz),1,155.2563,155.2563
H PAK LIMITED,Land Mobile,Simplex,VHF (30-300 MHz),1,172.7875,172.7875
H.T.S. GROUP LIMITED,Land Mobile,Simplex,VHF (30-300 MHz),1,165.7375,165.7375
HACKETT AJ BUNGY,Land Mobile,Mobile Transmit,VHF (30-300 MHz),1,168.3375,168.3375
HACKETT AJ BUNGY,Land Mobile,Repeater,VHF (30-300 MHz),1,163.7375,163.7375
HADLEE & BRUNTON LTD,Land Mobile,Simplex,VHF (30-300 MHz),1,170.3125,170.3125
HAIN FARMING LIMITED,Land Mobile,Repeater,VHF (30-300 MHz),1,165.1625,165.1625
HAIN FARMING LIMITED,Land Mobile,Mobile Transmit,VHF (30-300 MHz),1,169.7625,169.7625
HAINES HOUSE REMOVALS LIMITED,Land Mobile,Simplex,UHF (300 MHz-3 GHz),1,466.9063,466.9063
HALDON STATION 1991 LTD,Land Mobile,Repeater,VHF (30-300 MHz),1,153.225,153.225
HALDON STATION 1991 LTD,Land Mobile,Mobile Transmit,VHF (30-300 MHz),1,155.0063,155.0063
HALFWAY BAY STATION LIMITED,Land Mobile,Simplex,VHF (30-300 MHz),1,150.7375,150.7375
HAMILTON AMATEUR RADIO CLUB (INC),Amateur,Repeater,UHF (300 MHz-3 GHz),1,439.725,439.725
HAMILTON AMATEUR RADIO CLUB (INC),Amateur,Mobile Transmit,UHF (300 MHz-3 GHz),1,434.725,434.725
HAMILTON CITY COUNCIL (Gardens),Land Mobile,Repeater,UHF (300 MHz-3 GHz),1,455.5563,455.5563
HAMILTON CITY COUNCIL (Gardens),Land Mobile,Mobile Transmit,UHF (300 MHz-3 GHz),1,450.5188,450.5188
HAMILTON CITY COUNCIL (WAIKATO EVENTS CENTRE),Land Mobile,Mobile Transmit,UHF (300 MHz-3 GHz),1,451.3438,451.3438
HAMILTON CITY COUNCIL (WAIKATO EVENTS CENTRE),Land Mobile,Repeater,UHF (300 MHz-3 GHz),1,456.3813,456.3813
HANLON PLUMBING LIMITED,Land Mobile,Mobile Transmit,UHF (300 MHz-3 GHz),1,473.8563,473.8563
HANLON PLUMBING LIMITED,Land Mobile,Repeater,UHF (300 MHz-3 GHz),1,479.8438,479.8438
HANMER HOLIDAY HOMES 2004 LIMITED,Land Mobile,Mobile Transmit,UHF (300 MHz-3 GHz),1,477.25,477.25
HANMER HOLIDAY HOMES 2004 LIMITED,Land Mobile,Repeater,UHF (300 MHz-3 GHz),1,476.5,476.5
HASTINGS AMALGAMATED TAXIS LTD,Land Mobile,Repeater,VHF (30-300 MHz),1,151.6125,151.6125
HASTINGS AMALGAMATED TAXIS LTD,Land Mobile,Mobile Transmit,VHF (30-300 MHz),1,155.7938,155.7938
HASTINGS DISTRICT COUNCIL,Land Mobile,Repeater,VHF (30-300 MHz),1,164.2,164.2
HASTINGS DISTRICT COUNCIL,Land Mobile,Mobile Transmit,VHF (30-300 MHz),1,168.8,168.8
HASTINGS HOUSE REMOVALS LIMITED,Land Mobile,Simplex,VHF (30-300 MHz),1,150.4125,150.4125
HATUMA LIME CO LTD,Land Mobile,Mobile Transmit,VHF (30-300 MHz),1,155.4938,155.4938
HATUMA LIME CO LTD,Land Mobile,Repeater,VHF (30-300 MHz),1,151.3125,151.3125
HAURAKI MAORI TRUST BOARD,Fixed Link,Uni-directional,UHF (300 MHz-3 GHz),1,932.75,932.75
HAWK GROUP LIMITED,Land Mobile,Simplex,UHF (300 MHz-3 GHz),1,489.0688,489.0688
HAWKE'S BAY AIRPORT LIMITED,Land Mobile,Simplex,VHF (30-300 MHz),1,170.45,170.45
HAWKES BAY CAR CLUB INC,Land Mobile,Mobile Transmit,VHF (30-300 MHz),1,167.25,167.25
HAWKES BAY CAR CLUB INC,Land Mobile,Repeater,VHF (30-300 MHz),1,162.65,162.65
HAWKES BAY CAR CLUB INC,Land Mobile,Simplex,VHF (30-300 MHz),1,166.0375,166.0375
HAWKES BAY REGIONAL COUNCIL,Maritime,Repeater,VHF (30-300 MHz),1,160.825,160.825
HAWKES BAY REGIONAL COUNCIL,Maritime,Mobile Transmit,VHF (30-300 MHz),1,156.225,156.225
HAWKES BAY VOLUNTEER COAST GUARD INC,Maritime,Mobile Transmit,VHF (30-300 MHz),1,156.125,156.125
HAWKES BAY VOLUNTEER COAST GUARD INC,Maritime,Repeater,VHF (30-300 MHz),1,160.725,160.725
HAWKES LOGGING LIMITED,Land Mobile,Simplex,VHF (30-300 MHz),1,159.2,159.2
HAWKESWOOD CIVIL LIMITED,Land Mobile,Mobile Transmit,VHF (30-300 MHz),1,168.9125,168.9125
HAWKESWOOD CIVIL LIMITED,Land Mobile,Repeater,VHF (30-300 MHz),1,164.3125,164.3125
HEALTH NEW ZEALAND LIMITED,Paging,Unspecified,VHF (30-300 MHz),1,160.3875,160.3875
HEALTHALLIANCE N.Z. LIMITED,Paging,Unspecified,VHF (30-300 MHz),1,160.3375,160.3375
HEARD BARK SOIL & COMPOST,Land Mobile,Simplex,UHF (300 MHz-3 GHz),1,461.7063,461.7063
HEB CONSTRUCTION LIMITED,Land Mobile,Simplex,VHF (30-300 MHz),1,153.5563,153.5563
HEB CONSTRUCTION LIMITED,Land Mobile,Repeater,UHF (300 MHz-3 GHz),1,463.4563,463.4563
HEB CONSTRUCTION LIMITED,Land Mobile,Mobile Transmit,UHF (300 MHz-3 GHz),1,468.6438,468.6438
HELICOPTER SERVICES BOP LTD,Land Mobile,Mobile Transmit,VHF (30-300 MHz),1,154.0938,154.0938
HELICOPTER SERVICES BOP LTD,Land Mobile,Repeater,VHF (30-300 MHz),1,152.3125,152.3125
HELICOPTERS HAWKES BAY (2006) LIMITED,Land Mobile,Simplex,VHF (30-300 MHz),1,150.9875,150.9875
HELICOPTERS OTAGO LTD,Land Mobile,Mobile Transmit,VHF (30-300 MHz),1,169.8125,169.8125
HELIHIRE LIMITED,Aeronautical,Base Station,VHF (30-300 MHz),1,130.95,130.95
HELISIKA AGRICULTURAL LTD,Land Mobile,Simplex,VHF (30-300 MHz),1,150.3625,150.3625
HELIVIEW TARANAKI LIMITED,Land Mobile,Simplex,VHF (30-300 MHz),1,150.325,150.325
HELIWORX LIMITED,Land Mobile,Simplex,VHF (30-300 MHz),1,166.2125,166.2125
HELLERS LIMITED,Land Mobile,Repeater,UHF (300 MHz-3 GHz),1,455.3938,455.3938
HELLERS LIMITED,Land Mobile,Mobile Transmit,UHF (300 MHz-3 GHz),1,450.3563,450.3563
HERON CONSTRUCTION CO LTD,Land Mobile,Simplex,UHF (300 MHz-3 GHz),1,483.4813,483.4813
HERON CONSTRUCTION CO LTD,Land Mobile,Mobile Transmit,UHF (300 MHz-3 GHz),1,468.9625,468.9625
HES EARTHMOVING LIMITED,Land Mobile,Simplex,VHF (30-300 MHz),1,150.4375,150.4375
HGM CONSTRUCTION LIMITED,Land Mobile,Simplex,VHF (30-300 MHz),1,150.225,150.225
HICK BROS CIVIL CONSTRUCTION LIMITED,Telemetry & Telecommand,Uni-directional,UHF (300 MHz-3 GHz),1,449.5188,449.5188
HIDDEN LAKES (2008) LIMITED,Land Mobile,Repeater,VHF (30-300 MHz),1,151.8625,151.8625
HIDDEN LAKES (2008) LIMITED,Land Mobile,Mobile Transmit,VHF (30-300 MHz),1,153.6438,153.6438
HIGGINS CONTRACTORS LIMITED,Land Mobile,Repeater,UHF (300 MHz-3 GHz),1,464.425,464.425
HIGGINS CONTRACTORS LIMITED,Land Mobile,Mobile Transmit,UHF (300 MHz-3 GHz),1,469.6125,469.6125
HIGH COUNTRY ADVENTURES LIMITED,Land Mobile,Simplex,UHF (300 MHz-3 GHz),1,489.6563,489.6563
HIGH COUNTRY HARVESTING LIMITED,Land Mobile,Simplex,VHF (30-300 MHz),1,159.275,159.275
HIGH PERFORMANCE ACADEMY LIMITED,Land Mobile,Simplex,UHF (300 MHz-3 GHz),1,482.9313,482.9313
HIGHLAND HELICOPTERS LIMITED,Land Mobile,Simplex,VHF (30-300 MHz),1,150.7,150.7
HIGHTRACK HARVESTING LIMITED,Land Mobile,Simplex,VHF (30-300 MHz),1,159.175,159.175
HILL LOGGING LIMITED,Land Mobile,Simplex,VHF (30-300 MHz),1,170.6,170.6
HILLS CONTRACTING GISBORNE LIMITED,Land Mobile,Simplex,VHF (30-300 MHz),1,171.2125,171.2125
HILLSBOROUGH HEIGHTS RETIREMENT VILLAGE,Paging,Unspecified,UHF (300 MHz-3 GHz),1,458.6,458.6
HILLSBOROUGH HEIGHTS RETIREMENT VILLAGE,Paging,Unspecified,HF (3-30 MHz),1,27.162,27.162
HILLVIEW FOREST MANAGEMENT LIMITED,Land Mobile,Simplex,VHF (30-300 MHz),1,171.8,171.8
HILLVIEW PARK ( 2007 ) LIMITED,Land Mobile,Simplex,UHF (300 MHz-3 GHz),1,466.9063,466.9063
HILTON FOODS NEW ZEALAND LIMITED,Land Mobile,Mobile Transmit,UHF (300 MHz-3 GHz),1,492.4063,492.4063
HILTON FOODS NEW ZEALAND LIMITED,Land Mobile,Repeater,UHF (300 MHz-3 GHz),1,486.3938,486.3938
HIREWAYS LIMITED,Land Mobile,Simplex,VHF (30-300 MHz),1,170.8125,170.8125
HNZ NEW ZEALAND LIMITED,Aeronautical,Base Station,VHF (30-300 MHz),1,133.15,133.15
HNZ NEW ZEALAND LIMITED,Land Mobile,Simplex,VHF (30-300 MHz),1,150.325,150.325
HODDERVILLE FARMS LIMITED,Land Mobile,Repeater,VHF (30-300 MHz),1,164.5875,164.5875
HODDERVILLE FARMS LIMITED,Land Mobile,Mobile Transmit,VHF (30-300 MHz),1,169.1875,169.1875
HOLCIM (NEW ZEALAND) LIMITED,Land Mobile,Repeater,VHF (30-300 MHz),1,153.2375,153.2375
HOLCIM (NEW ZEALAND) LIMITED,Land Mobile,Mobile Transmit,VHF (30-300 MHz),1,155.0188,155.0188
HOLDEN VENTURES LIMITED,Land Mobile,Simplex,VHF (30-300 MHz),1,165.7875,165.7875
HOLLYFORD VALLEY WALK LTD,Land Mobile,Simplex,VHF (30-300 MHz),1,150.7375,150.7375
HOLLYFORD VALLEY WALK LTD,Land Mobile,Repeater,VHF (30-300 MHz),1,151.7,151.7
HOLLYFORD VALLEY WALK LTD,Land Mobile,Mobile Transmit,VHF (30-300 MHz),1,155.8813,155.8813
HOPPER CONSTRUCTION LIMITED,Land Mobile,Simplex,VHF (30-300 MHz),1,171.55,171.55
HOROKIWI QUARRIES LIMITED,Land Mobile,Simplex,UHF (300 MHz-3 GHz),1,453.3688,453.3688
HOROWHENUA BRANCH 16 NZART,Amateur,Mobile Transmit,UHF (300 MHz-3 GHz),1,434.775,434.775
HOROWHENUA BRANCH 16 NZART,Amateur,Repeater,UHF (300 MHz-3 GHz),1,439.775,439.775
HOROWHENUA BRANCH 16 NZART,Land Mobile,Mobile Transmit,UHF (300 MHz-3 GHz),1,477.325,477.325
HOROWHENUA BRANCH 16 NZART,Land Mobile,Repeater,UHF (300 MHz-3 GHz),1,476.575,476.575
HOSPITALITY GROUP LIMITED,Paging,Unspecified,VHF (30-300 MHz),1,160.5125,160.5125
HOSPITALLER ORDER OF ST JOHN OF JERUSALEM,Fixed Link,Uni-directional,UHF (300 MHz-3 GHz),1,459.7875,459.7875
HOSSACK STATION LIMITED,Land Mobile,Repeater,VHF (30-300 MHz),1,165.1875,165.1875
HOSSACK STATION LIMITED,Land Mobile,Simplex,VHF (30-300 MHz),1,171.6375,171.6375
HOSSACK STATION LIMITED,Land Mobile,Mobile Transmit,VHF (30-300 MHz),1,169.7875,169.7875
HOUSE & HEAVY HAULAGE CANTERBURY LIMITED,Land Mobile,Simplex,VHF (30-300 MHz),1,150.725,150.725
HUGHES CONTRACTING,Land Mobile,Simplex,VHF (30-300 MHz),1,84.3,84.3
HUKA JET LTD,Land Mobile,Mobile Transmit,VHF (30-300 MHz),1,155.2438,155.2438
HUKA JET LTD,Land Mobile,Simplex,UHF (300 MHz-3 GHz),1,489.9813,489.9813
HUKA JET LTD,Land Mobile,Repeater,VHF (30-300 MHz),1,151.0625,151.0625
HUNT CONTRACTING LIMITED,Land Mobile,Simplex,VHF (30-300 MHz),1,165.875,165.875
HURRING  BILLCLIFF LOGGING LTD,Land Mobile,Simplex,VHF (30-300 MHz),1,159.3,159.3
HURUNUI DISTRICT COUNCIL,Land Mobile,Simplex,VHF (30-300 MHz),1,153.5813,153.5813
HURUNUI DISTRICT COUNCIL,Telemetry & Telecommand,Uni-directional,UHF (300 MHz-3 GHz),1,471.45,471.45
HURUNUI LOGGING LIMITED,Land Mobile,Simplex,VHF (30-300 MHz),1,150.3,150.3
HUTT COMMUNITY RADIO AND AUDIO ARCHIVES CHARITABLE TRUST,Fixed Link,Uni-directional,UHF (300 MHz-3 GHz),1,848.75,848.75
HUTT VALLEY HEALTH,Land Mobile,Repeater,UHF (300 MHz-3 GHz),1,461.8813,461.8813
HUTT VALLEY HEALTH,Land Mobile,Mobile Transmit,UHF (300 MHz-3 GHz),1,467.0688,467.0688
Hamilton City Council,Land Mobile,Repeater,UHF (300 MHz-3 GHz),1,464.3563,464.3563
Hamilton City Council,Land Mobile,Simplex,UHF (300 MHz-3 GHz),1,489.9813,489.9813
Hamilton City Council,Land Mobile,Mobile Transmit,UHF (300 MHz-3 GHz),1,469.5438,469.5438
Hamilton City Council  Waikato Museum,Land Mobile,Simplex,UHF (300 MHz-3 GHz),1,488.3438,488.3438
Hamish KYLE,Land Mobile,Mobile Transmit,VHF (30-300 MHz),1,169.7,169.7
Hamish KYLE,Land Mobile,Repeater,VHF (30-300 MHz),1,165.1,165.1
Hamish Reveley,Land Mobile,Simplex,VHF (30-300 MHz),1,150.1875,150.1875
Hauhungaroa 2C Incorporated,Land Mobile,Repeater,VHF (30-300 MHz),1,164.3125,164.3125
Hauhungaroa 2C Incorporated,Land Mobile,Mobile Transmit,VHF (30-300 MHz),1,168.9125,168.9125
Hauhungaroa Partnership ,Land Mobile,Mobile Transmit,VHF (30-300 MHz),1,169.5,169.5
Hauhungaroa Partnership ,Land Mobile,Repeater,VHF (30-300 MHz),1,164.9,164.9
Hawkes Bay Amateur Radio Club (Inc),Amateur,Mobile Transmit,Unknown,1,,
Hawkes Bay Amateur Radio Club (Inc),Amateur,Mobile Transmit,VHF (30-300 MHz),1,146.1,146.1
Hawkes Bay Amateur Radio Club (Inc),Amateur,Repeater,UHF (300 MHz-3 GHz),1,439.2375,439.2375
Hayden Gare,Land Mobile,Simplex,UHF (300 MHz-3 GHz),1,477.5688,477.5688
Health New Zealand,Land Mobile,Mobile Transmit,UHF (300 MHz-3 GHz),1,472.0188,472.0188
Health New Zealand,Land Mobile,Repeater,UHF (300 MHz-3 GHz),1,478.0063,478.0063
Health New Zealand,Paging,Unspecified,VHF (30-300 MHz),1,160.4375,160.4375
Horowhenua District Council,Land Mobile,Repeater,UHF (300 MHz-3 GHz),1,456.725,456.725
Horowhenua District Council,Land Mobile,Mobile Transmit,UHF (300 MHz-3 GHz),1,451.6875,451.6875
Horowhenua District Council,Land Mobile,Repeater,VHF (30-300 MHz),1,151.3625,151.3625
Horowhenua District Council,Land Mobile,Mobile Transmit,VHF (30-300 MHz),1,155.5438,155.5438
Hugh Cameron,Land Mobile,Repeater,VHF (30-300 MHz),1,163.4375,163.4375
Hugh Cameron,Land Mobile,Mobile Transmit,VHF (30-300 MHz),1,168.0375,168.0375
Hugh Gardiner,Land Mobile,Simplex,UHF (300 MHz-3 GHz),1,477.9813,477.9813
Humphrey Bayley,Land Mobile,Mobile Transmit,VHF (30-300 MHz),1,168.3375,168.3375
Humphrey Bayley,Land Mobile,Repeater,VHF (30-300 MHz),1,163.7375,163.7375
Hurakia Trust,Land Mobile,Mobile Transmit,UHF (300 MHz-3 GHz),1,469.5938,469.5938
Hurakia Trust,Land Mobile,Repeater,UHF (300 MHz-3 GHz),1,464.4063,464.4063
I D LOADER LIMITED,Land Mobile,Simplex,VHF (30-300 MHz),1,153.5688,153.5688
I J & S M KNAUF,Land Mobile,Repeater,VHF (30-300 MHz),1,151.25,151.25
I J & S M KNAUF,Land Mobile,Mobile Transmit,VHF (30-300 MHz),1,155.4313,155.4313
IAIN PHILLIP STABLES,Broadcasting,Unspecified,MF (300 kHz-3 MHz),1,1.251,1.251
IAN CUNNINGHAM AND ROSEANNA COILS,Broadcasting,Unspecified,MF (300 kHz-3 MHz),1,1.44,1.44
IAN HOWE CONCRETE PUMPS LTD,Land Mobile,Simplex,UHF (300 MHz-3 GHz),1,482.2188,482.2188
IAN KELLY,Land Mobile,Simplex,VHF (30-300 MHz),1,170.6375,170.6375
IGNITION NETWORKS LIMITED,Land Mobile,Simplex,UHF (300 MHz-3 GHz),1,461.7813,461.7813
IKEA NEW ZEALAND LIMITED,Land Mobile,Simplex,UHF (300 MHz-3 GHz),1,453.4938,453.4938
IKEA NEW ZEALAND LIMITED,Land Mobile,Mobile Transmit,UHF (300 MHz-3 GHz),1,450.2938,450.2938
IKEA NEW ZEALAND LIMITED,Land Mobile,Repeater,UHF (300 MHz-3 GHz),1,455.3313,455.3313
INDEPENDENT LINE SERVICES LTD,Land Mobile,Simplex,VHF (30-300 MHz),1,165.75,165.75
INDEPENDENT STEVEDORING LIMITED,Land Mobile,Mobile Transmit,UHF (300 MHz-3 GHz),1,473.8063,473.8063
INDEPENDENT STEVEDORING LIMITED,Land Mobile,Repeater,UHF (300 MHz-3 GHz),1,479.7938,479.7938
INDEVIN LIMITED,Land Mobile,Mobile Transmit,UHF (300 MHz-3 GHz),1,450.5188,450.5188
INDEVIN LIMITED,Land Mobile,Repeater,UHF (300 MHz-3 GHz),1,455.5563,455.5563
INFINITY MEDIA GROUP LIMITED,Broadcasting,Unspecified,VHF (30-300 MHz),1,105.6,105.6
ING REAL LIVING (SERVICES) LIMITED,Paging,Unspecified,VHF (30-300 MHz),1,160.3875,160.3875
INGHAMS ENTERPRISES (NZ) PTY LTD,Land Mobile,Repeater,UHF (300 MHz-3 GHz),1,463.7063,463.7063
INGHAMS ENTERPRISES (NZ) PTY LTD,Land Mobile,Mobile Transmit,UHF (300 MHz-3 GHz),1,468.8938,468.8938
INGLEBY NZ LP T/A PUKETITI STATION,Land Mobile,Repeater,UHF (300 MHz-3 GHz),1,487.7813,487.7813
INGLEBY NZ LP T/A PUKETITI STATION,Land Mobile,Mobile Transmit,UHF (300 MHz-3 GHz),1,493.7938,493.7938
INNOVATIVE CONCRETE SOLUTIONS LIMITED,Land Mobile,Simplex,VHF (30-300 MHz),1,150.4875,150.4875
INSIGHT CCTV-JETTING LIMITED,Land Mobile,Simplex,UHF (300 MHz-3 GHz),1,461.4813,461.4813
INSTANT GREEN LIMITED,Land Mobile,Simplex,VHF (30-300 MHz),1,150.375,150.375
INTEGRA BROADCAST LIMITED,Fixed Link,Uni-directional,UHF (300 MHz-3 GHz),1,444.825,444.825
INTERNATIONAL ANTARCTIC ATTRACTION LIMITED,Land Mobile,Simplex,UHF (300 MHz-3 GHz),1,477.8563,477.8563
INTERTEK TESTING SERVICES (NZ) LIMITED,Land Mobile,Simplex,UHF (300 MHz-3 GHz),1,482.6063,482.6063
INVERCARGILL AIRPORT LIMITED,Paging,Unspecified,UHF (300 MHz-3 GHz),1,458.6,458.6
INVERCARGILL CITY COUNCIL,Land Mobile,Mobile Transmit,VHF (30-300 MHz),1,155.4438,155.4438
INVERCARGILL CITY COUNCIL,Land Mobile,Repeater,VHF (30-300 MHz),1,151.2625,151.2625
IQ GROUP LIMITED,Aeronautical,Base Station,VHF (30-300 MHz),1,130.25,130.25
IRIRANGI TAURANGA MOANA LIMITED,Broadcasting,Unspecified,VHF (30-300 MHz),1,105.4,105.4
ISAAC CONSTRUCTION LIMITED,Land Mobile,Simplex,VHF (30-300 MHz),1,165.7375,165.7375
ISAV DESIGN NZ LIMITED,Land Mobile,Simplex,UHF (300 MHz-3 GHz),1,461.6563,461.6563
ITSS ENGINEERING LIMITED,Land Mobile,Simplex,UHF (300 MHz-3 GHz),1,477.6313,477.6313
IVAN NELSON,Amateur,Mobile Transmit,VHF (30-300 MHz),1,147.925,147.925
IVAN NELSON,Amateur,Repeater,UHF (300 MHz-3 GHz),1,438.25,438.25
IVAN NELSON,Amateur,Mobile Transmit,UHF (300 MHz-3 GHz),1,433.25,433.25
IVAN NELSON,Amateur,Repeater,VHF (30-300 MHz),1,147.325,147.325
"Ian Hartley Duff, Glenys Grace Duff",Land Mobile,Simplex,HF (3-30 MHz),1,5.4744,5.4744
"Ian Hartley Duff, Glenys Grace Duff",Land Mobile,Simplex,MF (300 kHz-3 MHz),1,2.5454,2.5454
Isaac Steel,Land Mobile,Mobile Transmit,VHF (30-300 MHz),1,168.55,168.55
Isaac Steel,Land Mobile,Repeater,VHF (30-300 MHz),1,163.95,163.95
J B Valentine,Fixed Link,Uni-directional,UHF (300 MHz-3 GHz),1,930.25,930.25
J C DOUGLAS-CLIFFORD,Land Mobile,Mobile Transmit,VHF (30-300 MHz),1,167.925,167.925
J C DOUGLAS-CLIFFORD,Land Mobile,Repeater,VHF (30-300 MHz),1,163.325,163.325
J P MCLEAN,Amateur,Mobile Transmit,UHF (300 MHz-3 GHz),1,434.6,434.6
J P MCLEAN,Amateur,Repeater,UHF (300 MHz-3 GHz),1,439.6,439.6
J P MCLEAN,Land Mobile,Simplex,UHF (300 MHz-3 GHz),1,453.3313,453.3313
J ROBERTS & M APATU PARTNERSHIP,Land Mobile,Repeater,VHF (30-300 MHz),1,162.6625,162.6625
J ROBERTS & M APATU PARTNERSHIP,Land Mobile,Mobile Transmit,VHF (30-300 MHz),1,167.2625,167.2625
J ROBERTS & M APATU PARTNERSHIP,Land Mobile,Simplex,VHF (30-300 MHz),1,150.1875,150.1875
J S C YALDWYN,Amateur,Repeater,HF (3-30 MHz),1,29.18,29.18
J SWAP CONTRACTORS LIMITED,Land Mobile,Simplex,UHF (300 MHz-3 GHz),1,455.3063,455.3063
J SWAP CONTRACTORS LIMITED,Land Mobile,Mobile Transmit,VHF (30-300 MHz),1,169.125,169.125
J SWAP CONTRACTORS LIMITED,Land Mobile,Repeater,VHF (30-300 MHz),1,164.525,164.525
J SWAP CONTRACTORS LIMITED,Land Mobile,Simplex,HF (3-30 MHz),1,5.4744,5.4744
J WILKINSON,Land Mobile,Mobile Transmit,UHF (300 MHz-3 GHz),1,477.25,477.25
J WILKINSON,Land Mobile,Repeater,UHF (300 MHz-3 GHz),1,476.5,476.5
J.P Ware Transport LTD,Land Mobile,Simplex,UHF (300 MHz-3 GHz),1,464.8688,464.8688
JACKS POINT GOLF LIMITED,Land Mobile,Simplex,UHF (300 MHz-3 GHz),1,461.6438,461.6438
JACKSON HOLMES CONTRACTING LIMITED,Land Mobile,Simplex,UHF (300 MHz-3 GHz),1,461.4813,461.4813
JD & RD WALLACE LIMITED PARTNERSHIP,Land Mobile,Repeater,UHF (300 MHz-3 GHz),1,479.1813,479.1813
JD & RD WALLACE LIMITED PARTNERSHIP,Land Mobile,Simplex,UHF (300 MHz-3 GHz),1,481.9938,481.9938
JD & RD WALLACE LIMITED PARTNERSHIP,Land Mobile,Mobile Transmit,UHF (300 MHz-3 GHz),1,473.1938,473.1938
JD HARVESTING LIMITED,Land Mobile,Simplex,VHF (30-300 MHz),1,173.9313,173.9313
JENSEN STEEL FABRICATORS LTD,Land Mobile,Simplex,VHF (30-300 MHz),1,84.2875,84.2875
JESSE JAMES CONTRACTING GISBORNE LIMITED,Land Mobile,Simplex,VHF (30-300 MHz),1,170.8375,170.8375
JET HARVESTING LIMITED,Land Mobile,Simplex,VHF (30-300 MHz),1,166.65,166.65
JETSTAR AIRWAYS PTY LTD,Aeronautical,Unspecified,VHF (30-300 MHz),1,130.125,130.125
JETSTAR AIRWAYS PTY LTD,Land Mobile,Simplex,UHF (300 MHz-3 GHz),1,464.8813,464.8813
JILESEN GROUP LIMITED,Land Mobile,Simplex,VHF (30-300 MHz),1,150.875,150.875
JLE HOLDINGS LIMITED,Land Mobile,Simplex,UHF (300 MHz-3 GHz),1,453.3313,453.3313
JOHN MCQUIRE,Broadcasting,Unspecified,VHF (30-300 MHz),1,97.5,97.5
JOHN PAUL COLLEGE,Land Mobile,Simplex,VHF (30-300 MHz),1,166.1,166.1
JOHNSONVILLE SHOPPING CENTRE,Land Mobile,Simplex,UHF (300 MHz-3 GHz),1,453.5813,453.5813
JOHNSONVILLE SHOPPING CENTRE,Land Mobile,Mobile Transmit,UHF (300 MHz-3 GHz),1,472.0438,472.0438
JOHNSONVILLE SHOPPING CENTRE,Land Mobile,Repeater,UHF (300 MHz-3 GHz),1,478.0313,478.0313
JRL CULTURE MEDIA LIMITED,Broadcasting,Unspecified,VHF (30-300 MHz),1,90.6,90.6
JT CONTRACTORS LIMITED,Land Mobile,Simplex,VHF (30-300 MHz),1,166.7875,166.7875
JUDD'S LIMITED,Land Mobile,Simplex,VHF (30-300 MHz),1,150.15,150.15
JUDD'S LIMITED,Land Mobile,Repeater,VHF (30-300 MHz),1,152.3125,152.3125
JYOTI COMMUNICATIONS LIMITED,Broadcasting,Unspecified,MF (300 kHz-3 MHz),1,1.386,1.386
JYOTI IMPORT & EXPORT LIMITED,Fixed Link,Uni-directional,UHF (300 MHz-3 GHz),1,848.125,848.125
Jack Packer,Land Mobile,Simplex,UHF (300 MHz-3 GHz),1,482.8813,482.8813
James Appleton,Land Mobile,Simplex,VHF (30-300 MHz),1,166.075,166.075
James Brownlie,Land Mobile,Mobile Transmit,VHF (30-300 MHz),1,167.675,167.675
James Brownlie,Land Mobile,Repeater,VHF (30-300 MHz),1,163.075,163.075
James GUILD,Land Mobile,Simplex,VHF (30-300 MHz),1,150.2375,150.2375
James Parker,Land Mobile,Simplex,UHF (300 MHz-3 GHz),1,483.4688,483.4688
Jamie Peters,Land Mobile,Simplex,UHF (300 MHz-3 GHz),1,483.4438,483.4438
Jason Carpenter,Land Mobile,Mobile Transmit,UHF (300 MHz-3 GHz),1,477.35,477.35
Jason Carpenter,Land Mobile,Repeater,UHF (300 MHz-3 GHz),1,476.6,476.6
Jensen Logging,Land Mobile,Simplex,VHF (30-300 MHz),1,150.775,150.775
Joe Bell,Land Mobile,Repeater,VHF (30-300 MHz),1,164.4625,164.4625
Joe Bell,Land Mobile,Mobile Transmit,VHF (30-300 MHz),1,169.0625,169.0625
John Beck,Land Mobile,Simplex,UHF (300 MHz-3 GHz),1,476.1188,476.1188
John CHAPMAN,Land Mobile,Mobile Transmit,VHF (30-300 MHz),1,153.9063,153.9063
John CHAPMAN,Land Mobile,Repeater,VHF (30-300 MHz),1,152.125,152.125
John Hancock,Land Mobile,Simplex,UHF (300 MHz-3 GHz),1,482.5813,482.5813
John Roberts,Land Mobile,Simplex,UHF (300 MHz-3 GHz),1,483.6438,483.6438
John William Ward,Fixed Link,Uni-directional,UHF (300 MHz-3 GHz),1,929.75,929.75
John William and Amanda Ann Bradnock,Land Mobile,Repeater,VHF (30-300 MHz),1,163.3,163.3
John William and Amanda Ann Bradnock,Land Mobile,Mobile Transmit,VHF (30-300 MHz),1,167.9,167.9
John William and Amanda Ann Bradnock,Land Mobile,Simplex,VHF (30-300 MHz),1,170.325,170.325
Jolly Earthworks Ltd,Land Mobile,Simplex,UHF (300 MHz-3 GHz),1,455.2063,455.2063
Jordan Gamman,Land Mobile,Simplex,UHF (300 MHz-3 GHz),1,464.8688,464.8688
Julayne Thompson,Land Mobile,Mobile Transmit,VHF (30-300 MHz),1,167.3375,167.3375
Julayne Thompson,Land Mobile,Repeater,VHF (30-300 MHz),1,162.7375,162.7375
Julian Beatson,Land Mobile,Simplex,UHF (300 MHz-3 GHz),1,476.3188,476.3188
Julian Beatson,Land Mobile,Simplex,VHF (30-300 MHz),1,170.4125,170.4125
Justin King,Land Mobile,Simplex,UHF (300 MHz-3 GHz),1,482.0063,482.0063
K J EGGELING,Fixed Link,Uni-directional,MF (300 kHz-3 MHz),1,2.2714,2.2714
K PLOEN,Land Mobile,Simplex,VHF (30-300 MHz),1,150.975,150.975
K W BALDWIN,Amateur,Mobile Transmit,VHF (30-300 MHz),1,147.7,147.7
K W BALDWIN,Amateur,Repeater,VHF (30-300 MHz),1,147.1,147.1
KAHU NZ LIMITED,Aeronautical,Base Station,VHF (30-300 MHz),1,132.0,132.0
KAHU NZ LIMITED,Land Mobile,Simplex,VHF (30-300 MHz),1,150.375,150.375
KAHURANGI CONTRACTING LIMITED,Land Mobile,Simplex,VHF (30-300 MHz),1,150.3875,150.3875
KAI POINT COAL LTD,Land Mobile,Repeater,VHF (30-300 MHz),1,165.3125,165.3125
KAI POINT COAL LTD,Land Mobile,Mobile Transmit,VHF (30-300 MHz),1,169.9125,169.9125
KAI POINT COAL LTD,Land Mobile,Simplex,VHF (30-300 MHz),1,150.625,150.625
KAIAPONI FARMS LIMITED,Land Mobile,Simplex,UHF (300 MHz-3 GHz),1,488.2688,488.2688
KAIAPONI FARMS LIMITED,Land Mobile,Repeater,UHF (300 MHz-3 GHz),1,464.4438,464.4438
KAIAPONI FARMS LIMITED,Land Mobile,Mobile Transmit,UHF (300 MHz-3 GHz),1,469.6313,469.6313
KAIKOURA DISTRICT COUNCIL,Land Mobile,Mobile Transmit,UHF (300 MHz-3 GHz),1,450.5813,450.5813
KAIKOURA DISTRICT COUNCIL,Land Mobile,Repeater,UHF (300 MHz-3 GHz),1,455.6188,455.6188
KAIPARA LIMITED,Land Mobile,Mobile Transmit,UHF (300 MHz-3 GHz),1,469.9438,469.9438
KAIPARA LIMITED,Land Mobile,Repeater,UHF (300 MHz-3 GHz),1,464.7563,464.7563
KALIN CONTRACTING LIMITED,Land Mobile,Simplex,VHF (30-300 MHz),1,170.625,170.625
KAPENGA M TRUSTEE COMPANY LIMITED,Land Mobile,Repeater,VHF (30-300 MHz),1,163.5375,163.5375
KAPENGA M TRUSTEE COMPANY LIMITED,Land Mobile,Mobile Transmit,VHF (30-300 MHz),1,168.1375,168.1375
KAPITI COAST AIRPORT HOLDINGS LIMITED,Aeronautical,Base Station,VHF (30-300 MHz),1,118.3,118.3
KARORI SANCTUARY TRUST,Land Mobile,Mobile Transmit,VHF (30-300 MHz),1,155.3063,155.3063
KARORI SANCTUARY TRUST,Land Mobile,Repeater,VHF (30-300 MHz),1,151.125,151.125
KAWARAU JET SERVICES LIMITED,Land Mobile,Repeater,VHF (30-300 MHz),1,165.0375,165.0375
KAWARAU JET SERVICES LIMITED,Land Mobile,Mobile Transmit,VHF (30-300 MHz),1,169.6375,169.6375
KAWATIRI ENERGY LIMITED,Land Mobile,Repeater,VHF (30-300 MHz),1,162.6,162.6
KAWATIRI ENERGY LIMITED,Land Mobile,Mobile Transmit,VHF (30-300 MHz),1,167.2,167.2
KAWERAU DISTRICT COUNCIL,Land Mobile,Mobile Transmit,UHF (300 MHz-3 GHz),1,472.7375,472.7375
KAWERAU DISTRICT COUNCIL,Land Mobile,Repeater,UHF (300 MHz-3 GHz),1,478.725,478.725
KAWHAI CONSULTANTS LIMITED,Land Mobile,Mobile Transmit,VHF (30-300 MHz),1,153.8938,153.8938
KAWHAI CONSULTANTS LIMITED,Land Mobile,Repeater,VHF (30-300 MHz),1,152.1125,152.1125
KAY CEE TRANSPORT LIMITED,Land Mobile,Mobile Transmit,VHF (30-300 MHz),1,155.9813,155.9813
KAY CEE TRANSPORT LIMITED,Land Mobile,Simplex,VHF (30-300 MHz),1,150.125,150.125
KAY CEE TRANSPORT LIMITED,Land Mobile,Repeater,VHF (30-300 MHz),1,151.8,151.8
KEEPERS HONEY LIMITED,Land Mobile,Simplex,VHF (30-300 MHz),1,166.75,166.75
KEITH BULLOCK CONTRACTING LIMITED,Land Mobile,Simplex,VHF (30-300 MHz),1,165.9625,165.9625
KELLY TARLTONS UNDERWATER WORLD (AUCKLAND) LIMITED,Land Mobile,Repeater,UHF (300 MHz-3 GHz),1,455.3938,455.3938
KELLY TARLTONS UNDERWATER WORLD (AUCKLAND) LIMITED,Land Mobile,Mobile Transmit,UHF (300 MHz-3 GHz),1,450.3563,450.3563
KERERU STATION LIMITED,Land Mobile,Repeater,VHF (30-300 MHz),1,164.0,164.0
KERERU STATION LIMITED,Land Mobile,Mobile Transmit,VHF (30-300 MHz),1,168.6,168.6
KERLEY AGRICULTURE LIMITED,Land Mobile,Repeater,VHF (30-300 MHz),1,165.275,165.275
KERLEY AGRICULTURE LIMITED,Land Mobile,Mobile Transmit,VHF (30-300 MHz),1,169.875,169.875
KIA TUPATO LIMITED,Land Mobile,Simplex,UHF (300 MHz-3 GHz),1,476.2938,476.2938
KILWELL FIBRETUBE LIMITED,Land Mobile,Simplex,UHF (300 MHz-3 GHz),1,483.6313,483.6313
KING COUNTRY PET FOOD NEW ZEALAND LIMITED,Land Mobile,Repeater,UHF (300 MHz-3 GHz),1,458.0313,458.0313
KING COUNTRY PET FOOD NEW ZEALAND LIMITED,Land Mobile,Mobile Transmit,UHF (300 MHz-3 GHz),1,452.9938,452.9938
KING COUNTRY RADIO LIMITED,Fixed Link,Uni-directional,UHF (300 MHz-3 GHz),1,934.25,934.25
KING HOUSE REMOVALS SOUTHLAND LTD,Land Mobile,Simplex,UHF (300 MHz-3 GHz),1,461.5938,461.5938
KING ONE LIMITED,Land Mobile,Simplex,VHF (30-300 MHz),1,159.1,159.1
KINTORE FARMS LTD,Land Mobile,Repeater,UHF (300 MHz-3 GHz),1,455.9063,455.9063
KINTORE FARMS LTD,Land Mobile,Simplex,UHF (300 MHz-3 GHz),1,466.9063,466.9063
KINTORE FARMS LTD,Land Mobile,Mobile Transmit,UHF (300 MHz-3 GHz),1,450.8688,450.8688
KIRITAKI FARMING COMPANY LIMITED,Land Mobile,Simplex,UHF (300 MHz-3 GHz),1,489.9688,489.9688
KIWI CONTROL SYSTEMS LIMITED,Land Mobile,Simplex,UHF (300 MHz-3 GHz),1,453.3563,453.3563
KIWI LUMBER (DANNEVIRKE) LIMITED,Land Mobile,Simplex,UHF (300 MHz-3 GHz),1,453.3188,453.3188
KIWI LUMBER (DANNEVIRKE) LIMITED,Land Mobile,Repeater,UHF (300 MHz-3 GHz),1,476.45,476.45
KIWI LUMBER (DANNEVIRKE) LIMITED,Land Mobile,Mobile Transmit,UHF (300 MHz-3 GHz),1,477.2,477.2
KIWI LUMBER (GISBORNE) LIMITED,Land Mobile,Mobile Transmit,VHF (30-300 MHz),1,167.2375,167.2375
KIWI LUMBER (GISBORNE) LIMITED,Land Mobile,Repeater,VHF (30-300 MHz),1,162.6375,162.6375
KIWI ORGANICS LIMITED,Land Mobile,Simplex,VHF (30-300 MHz),1,166.35,166.35
KIWI PROPERTY GROUP LIMITED,Land Mobile,Mobile Transmit,VHF (30-300 MHz),1,167.3625,167.3625
KIWI PROPERTY GROUP LIMITED,Land Mobile,Repeater,UHF (300 MHz-3 GHz),1,479.4813,479.4813
KIWI PROPERTY GROUP LIMITED,Land Mobile,Mobile Transmit,UHF (300 MHz-3 GHz),1,473.4938,473.4938
KIWI PROPERTY GROUP LIMITED,Land Mobile,Repeater,VHF (30-300 MHz),1,162.7625,162.7625
KL ANGUS,Land Mobile,Simplex,VHF (30-300 MHz),1,150.7125,150.7125
KNOBLOCH FARMING LIMITED,Land Mobile,Repeater,VHF (30-300 MHz),1,163.0125,163.0125
KNOBLOCH FARMING LIMITED,Land Mobile,Mobile Transmit,VHF (30-300 MHz),1,167.6125,167.6125
KOEKE ESTATES LIMITED,Land Mobile,Mobile Transmit,VHF (30-300 MHz),1,167.325,167.325
KOEKE ESTATES LIMITED,Land Mobile,Repeater,VHF (30-300 MHz),1,162.725,162.725
KOKAKO LODGE TRUST,Land Mobile,Simplex,VHF (30-300 MHz),1,165.8,165.8
KONCRETE LOGGING LIMITED,Land Mobile,Simplex,VHF (30-300 MHz),1,166.075,166.075
KONE ELEVATORS PTY LTD,Land Mobile,Simplex,UHF (300 MHz-3 GHz),1,476.3313,476.3313
KORDIA LIMITED,Maritime,Repeater,VHF (30-300 MHz),1,160.65,160.65
KORDIA LIMITED,Maritime,Unspecified,VHF (30-300 MHz),1,156.875,156.875
KORDIA LIMITED,Maritime,Mobile Transmit,VHF (30-300 MHz),1,156.05,156.05
KORDIA LIMITED,Satellite & Space,Unspecified,Unknown,1,,
KORDIA LIMITED,Telemetry & Telecommand,Uni-directional,VHF (30-300 MHz),1,160.2125,160.2125
KOROMIKO FARMS LTD,Land Mobile,Mobile Transmit,UHF (300 MHz-3 GHz),1,477.175,477.175
KOROMIKO FARMS LTD,Land Mobile,Repeater,UHF (300 MHz-3 GHz),1,476.425,476.425
KUI GRIFFIN & CO LTD,Land Mobile,Simplex,VHF (30-300 MHz),1,84.1,84.1
KUI GRIFFIN & CO LTD,Land Mobile,Simplex,UHF (300 MHz-3 GHz),1,453.3813,453.3813
KUROW-DUNTROON IRRIGATION COMPANY LIMITED,Land Mobile,Repeater,UHF (300 MHz-3 GHz),1,457.35,457.35
KUROW-DUNTROON IRRIGATION COMPANY LIMITED,Land Mobile,Mobile Transmit,UHF (300 MHz-3 GHz),1,452.3125,452.3125
KURT REID,Land Mobile,Repeater,UHF (300 MHz-3 GHz),1,476.525,476.525
KURT REID,Land Mobile,Mobile Transmit,UHF (300 MHz-3 GHz),1,477.275,477.275
KURU CONTRACTING LIMITED,Land Mobile,Mobile Transmit,VHF (30-300 MHz),1,155.1563,155.1563
KURU CONTRACTING LIMITED,Land Mobile,Repeater,VHF (30-300 MHz),1,153.375,153.375
KYLE SYKES CARRIERS LIMITED,Land Mobile,Simplex,VHF (30-300 MHz),1,172.8625,172.8625
Kainga Ora,Land Mobile,Mobile Transmit,UHF (300 MHz-3 GHz),1,468.0188,468.0188
Kainga Ora,Land Mobile,Repeater,UHF (300 MHz-3 GHz),1,462.8313,462.8313
Kane MILLER,Land Mobile,Simplex,VHF (30-300 MHz),1,150.3125,150.3125
Kevin Gibbs,Land Mobile,Simplex,VHF (30-300 MHz),1,166.575,166.575
Kiely PETERSEN,Amateur,Repeater,VHF (30-300 MHz),1,144.575,144.575
Kieran James Robottom,Land Mobile,Mobile Transmit,UHF (300 MHz-3 GHz),1,475.1188,475.1188
Kieran James Robottom,Land Mobile,Repeater,UHF (300 MHz-3 GHz),1,481.1063,481.1063
Kim Robinson,Land Mobile,Mobile Transmit,VHF (30-300 MHz),1,169.6375,169.6375
Kim Robinson,Land Mobile,Repeater,VHF (30-300 MHz),1,165.0375,165.0375
Kristian Agrie,Land Mobile,Simplex,VHF (30-300 MHz),1,170.75,170.75
L & M Family Trust,Broadcasting,Unspecified,MF (300 kHz-3 MHz),1,1.593,1.593
L C EUNSON,Land Mobile,Mobile Transmit,VHF (30-300 MHz),1,167.75,167.75
L C EUNSON,Land Mobile,Repeater,VHF (30-300 MHz),1,163.15,163.15
L C EUNSON,Land Mobile,Mobile Transmit,UHF (300 MHz-3 GHz),1,477.3,477.3
L C EUNSON,Land Mobile,Repeater,UHF (300 MHz-3 GHz),1,476.55,476.55
L C EUNSON,Land Mobile,Simplex,VHF (30-300 MHz),1,165.75,165.75
LADSTONE HOLDINGS LIMITED,Land Mobile,Repeater,UHF (300 MHz-3 GHz),1,463.0688,463.0688
LADSTONE HOLDINGS LIMITED,Land Mobile,Mobile Transmit,UHF (300 MHz-3 GHz),1,468.2563,468.2563
LAKE COLERIDGE STATION LIMITED,Land Mobile,Mobile Transmit,UHF (300 MHz-3 GHz),1,469.0563,469.0563
LAKE COLERIDGE STATION LIMITED,Land Mobile,Repeater,UHF (300 MHz-3 GHz),1,463.8688,463.8688
LAKE HERON STATION LIMITED,Land Mobile,Simplex,VHF (30-300 MHz),1,150.7125,150.7125
LAKE TAUPO (NZ) LIMITED,Land Mobile,Mobile Transmit,UHF (300 MHz-3 GHz),1,472.1063,472.1063
LAKE TAUPO (NZ) LIMITED,Land Mobile,Repeater,UHF (300 MHz-3 GHz),1,478.0938,478.0938
LAKE TAUPO (NZ) LIMITED,Land Mobile,Simplex,UHF (300 MHz-3 GHz),1,482.1938,482.1938
LAND & TREE WORKS LIMITED,Land Mobile,Simplex,VHF (30-300 MHz),1,150.4375,150.4375
LANDCORP FARMING LIMITED,Land Mobile,Repeater,UHF (300 MHz-3 GHz),1,476.425,476.425
LANDCORP FARMING LIMITED,Land Mobile,Mobile Transmit,UHF (300 MHz-3 GHz),1,477.175,477.175
LANDSEER MOTOR INVESTMENTS AUCKLAND LIMITED,Land Mobile,Simplex,UHF (300 MHz-3 GHz),1,482.1563,482.1563
LATHAM CONSTRUCTION 2004 LIMITED,Land Mobile,Simplex,UHF (300 MHz-3 GHz),1,488.6063,488.6063
LAWTER (N.Z.) LIMITED,Land Mobile,Mobile Transmit,UHF (300 MHz-3 GHz),1,469.8188,469.8188
LAWTER (N.Z.) LIMITED,Land Mobile,Repeater,UHF (300 MHz-3 GHz),1,464.6313,464.6313
LCM 1941 LIMITED,Paging,Unspecified,VHF (30-300 MHz),1,160.5125,160.5125
LEADERBRAND PRODUCE LIMITED,Land Mobile,Simplex,VHF (30-300 MHz),1,150.275,150.275
LEAFT FOODS LIMITED,Land Mobile,Simplex,VHF (30-300 MHz),1,171.25,171.25
LEES VALLEY STATION LLC,Land Mobile,Mobile Transmit,VHF (30-300 MHz),1,85.0313,85.0313
LEES VALLEY STATION LLC,Land Mobile,Repeater,VHF (30-300 MHz),1,81.0625,81.0625
LENDICH CONSTRUCTION LTD,Land Mobile,Simplex,UHF (300 MHz-3 GHz),1,454.9938,454.9938
LEVIN & HOROWHENUA VETERINARY CENTRE LIMITED,Land Mobile,Repeater,VHF (30-300 MHz),1,162.8625,162.8625
LEVIN & HOROWHENUA VETERINARY CENTRE LIMITED,Land Mobile,Mobile Transmit,VHF (30-300 MHz),1,167.4625,167.4625
LIBBET LIMITED,Land Mobile,Simplex,VHF (30-300 MHz),1,153.5188,153.5188
LIGHTHOUSE STATION FARM LIMITED,Land Mobile,Repeater,UHF (300 MHz-3 GHz),1,464.0438,464.0438
LIGHTHOUSE STATION FARM LIMITED,Land Mobile,Mobile Transmit,UHF (300 MHz-3 GHz),1,469.2313,469.2313
LIMESTONE DOWNS,Land Mobile,Mobile Transmit,UHF (300 MHz-3 GHz),1,469.9188,469.9188
LIMESTONE DOWNS,Land Mobile,Repeater,UHF (300 MHz-3 GHz),1,464.7313,464.7313
LINCOLN LOGISTICS LIMITED,Land Mobile,Simplex,VHF (30-300 MHz),1,150.3875,150.3875
LIVESTOCK IMPROVEMENT CORPORATION LTD,Land Mobile,Simplex,UHF (300 MHz-3 GHz),1,454.9813,454.9813
LIVEWIRE AUDIO VISUAL LIMITED,Land Mobile,Repeater,UHF (300 MHz-3 GHz),1,478.2313,478.2313
LIVING EARTH LTD,Land Mobile,Simplex,UHF (300 MHz-3 GHz),1,455.2063,455.2063
LOBURN SAWMILL LIMITED,Land Mobile,Simplex,UHF (300 MHz-3 GHz),1,489.8188,489.8188
LOCKWOOD GROUP LIMITED,Land Mobile,Simplex,UHF (300 MHz-3 GHz),1,455.0563,455.0563
LOGGABULL LIMITED,Land Mobile,Simplex,VHF (30-300 MHz),1,150.85,150.85
LONESTAR AG LIMITED,Land Mobile,Simplex,UHF (300 MHz-3 GHz),1,455.2938,455.2938
LONGBEACH ESTATE LIMITED,Land Mobile,Mobile Transmit,VHF (30-300 MHz),1,169.55,169.55
LONGBEACH ESTATE LIMITED,Land Mobile,Repeater,VHF (30-300 MHz),1,164.95,164.95
LONGFORD PARK VILLAGE,Paging,Unspecified,VHF (30-300 MHz),1,160.3375,160.3375
LOWE CORPORATION LIMITED,Land Mobile,Repeater,VHF (30-300 MHz),1,165.225,165.225
LOWE CORPORATION LIMITED,Land Mobile,Simplex,VHF (30-300 MHz),1,166.625,166.625
LOWE CORPORATION LIMITED,Land Mobile,Mobile Transmit,VHF (30-300 MHz),1,169.825,169.825
LOWER WAIHOPAI IRRIGATION COMPANY LIMITED,Telemetry & Telecommand,Uni-directional,UHF (300 MHz-3 GHz),1,471.025,471.025
LSG SKY CHEFS NEW ZEALAND LIMITED,Land Mobile,Simplex,UHF (300 MHz-3 GHz),1,458.5188,458.5188
LSG SKY CHEFS NEW ZEALAND LIMITED,Land Mobile,Mobile Transmit,UHF (300 MHz-3 GHz),1,468.0813,468.0813
LSG SKY CHEFS NEW ZEALAND LIMITED,Land Mobile,Repeater,UHF (300 MHz-3 GHz),1,462.8938,462.8938
LUCAS SURVEYS LTD,Land Mobile,Simplex,VHF (30-300 MHz),1,150.1375,150.1375
LUMBER PROCESSING SERVICES LIMITED,Land Mobile,Simplex,VHF (30-300 MHz),1,150.2,150.2
LYSAGHT CONSULTANTS LIMITED,Land Mobile,Repeater,UHF (300 MHz-3 GHz),1,464.7188,464.7188
LYSAGHT CONSULTANTS LIMITED,Land Mobile,Mobile Transmit,UHF (300 MHz-3 GHz),1,469.9063,469.9063
LYTTELTON PORT COMPANY LIMITED,Fixed Link,Uni-directional,UHF (300 MHz-3 GHz),1,450.1875,450.1875
Les Campbell,Land Mobile,Simplex,UHF (300 MHz-3 GHz),1,483.6438,483.6438
Linda Tatare,Land Mobile,Repeater,VHF (30-300 MHz),1,164.975,164.975
Linda Tatare,Land Mobile,Mobile Transmit,VHF (30-300 MHz),1,169.575,169.575
Lindsay Dodd,Land Mobile,Simplex,UHF (300 MHz-3 GHz),1,482.8563,482.8563
Lorraine Brennan,Land Mobile,Simplex,UHF (300 MHz-3 GHz),1,489.9313,489.9313
Luke Manson,Land Mobile,Simplex,UHF (300 MHz-3 GHz),1,476.3563,476.3563
M & C CRANSTONE LIMITED,Land Mobile,Repeater,VHF (30-300 MHz),1,164.8625,164.8625
M & C CRANSTONE LIMITED,Land Mobile,Mobile Transmit,VHF (30-300 MHz),1,169.4625,169.4625
M & O PACIFIC LIMITED,Land Mobile,Simplex,UHF (300 MHz-3 GHz),1,482.7188,482.7188
M A KENNARD,Amateur,Beacon,VHF (30-300 MHz),1,50.024,50.024
M A KENNARD,Land Mobile,Mobile Transmit,UHF (300 MHz-3 GHz),1,477.225,477.225
M A KENNARD,Land Mobile,Repeater,UHF (300 MHz-3 GHz),1,476.475,476.475
M B LANGLEY,Land Mobile,Simplex,MF (300 kHz-3 MHz),1,2.3194,2.3194
M BELL,Land Mobile,Simplex,UHF (300 MHz-3 GHz),1,466.9188,466.9188
M BUSHELL,Land Mobile,Simplex,UHF (300 MHz-3 GHz),1,461.7063,461.7063
M E JUKES & SON LTD,Land Mobile,Simplex,VHF (30-300 MHz),1,150.975,150.975
M G GIBSON & CO. LIMITED,Land Mobile,Mobile Transmit,VHF (30-300 MHz),1,169.925,169.925
M G GIBSON & CO. LIMITED,Land Mobile,Repeater,VHF (30-300 MHz),1,165.325,165.325
M P CONTRACTING LIMITED,Land Mobile,Simplex,VHF (30-300 MHz),1,150.8,150.8
M R HOLLAND,Land Mobile,Repeater,VHF (30-300 MHz),1,153.2625,153.2625
M R HOLLAND,Land Mobile,Mobile Transmit,VHF (30-300 MHz),1,155.0438,155.0438
M S BARNES,Land Mobile,Mobile Transmit,UHF (300 MHz-3 GHz),1,477.2,477.2
M S BARNES,Land Mobile,Repeater,UHF (300 MHz-3 GHz),1,476.45,476.45
M S MOORE CONTRACTING LIMITED,Land Mobile,Simplex,VHF (30-300 MHz),1,150.7125,150.7125
MABEY CONTRACTING LIMITED,Land Mobile,Simplex,VHF (30-300 MHz),1,153.5938,153.5938
MACHONE ENGINEERING LIMITED,Land Mobile,Simplex,UHF (300 MHz-3 GHz),1,489.8438,489.8438
MACKENZIE DISTRICT COUNCIL,Broadcasting,Unspecified,VHF (30-300 MHz),1,93.4,93.4
MACKERSY NORTHLANDS LIMITED PARTNERSHIP,Land Mobile,Repeater,UHF (300 MHz-3 GHz),1,457.6438,457.6438
MACKERSY NORTHLANDS LIMITED PARTNERSHIP,Land Mobile,Mobile Transmit,UHF (300 MHz-3 GHz),1,452.6063,452.6063
MAD BUTCHER HOLDINGS LIMITED,Land Mobile,Simplex,UHF (300 MHz-3 GHz),1,470.8063,470.8063
MADSTAR TRUCKING LIMITED,Land Mobile,Simplex,VHF (30-300 MHz),1,166.0625,166.0625
MAHIA SMCRA,Maritime,Mobile Transmit,VHF (30-300 MHz),1,156.175,156.175
MAHIA SMCRA,Maritime,Repeater,VHF (30-300 MHz),1,160.775,160.775
MAHONY TRANSPORT LIMITED,Land Mobile,Simplex,VHF (30-300 MHz),1,150.375,150.375
MAHURANGI LIMITED,Land Mobile,Mobile Transmit,VHF (30-300 MHz),1,167.375,167.375
MAHURANGI LIMITED,Land Mobile,Repeater,VHF (30-300 MHz),1,162.775,162.775
MAHUTA LOGGING LIMITED,Land Mobile,Simplex,VHF (30-300 MHz),1,171.9125,171.9125
MAHY CRANE HIRE 2008 LIMITED,Land Mobile,Simplex,VHF (30-300 MHz),1,150.55,150.55
MAINLAND VECTOR CONTRACTING LIMITED,Land Mobile,Simplex,VHF (30-300 MHz),1,170.35,170.35
MAKERIKERI SILVICULTURE 2020 LIMITED,Land Mobile,Simplex,VHF (30-300 MHz),1,150.8375,150.8375
MAN O'WAR VINEYARDS LIMITED,Land Mobile,Mobile Transmit,VHF (30-300 MHz),1,167.7375,167.7375
MAN O'WAR VINEYARDS LIMITED,Land Mobile,Repeater,VHF (30-300 MHz),1,163.1375,163.1375
MANA LOGGING LIMITED,Land Mobile,Simplex,VHF (30-300 MHz),1,150.325,150.325
MANAWA ENERGY GENERATION LIMITED,Fixed Link,Uni-directional,UHF (300 MHz-3 GHz),1,453.7063,453.7063
MANAWA ENERGY GENERATION LIMITED,Land Mobile,Simplex,VHF (30-300 MHz),1,165.75,165.75
MANAWA ENERGY GENERATION LIMITED,Land Mobile,Mobile Transmit,UHF (300 MHz-3 GHz),1,453.2813,453.2813
MANAWA ENERGY GENERATION LIMITED,Land Mobile,Repeater,UHF (300 MHz-3 GHz),1,458.3188,458.3188
MANAWATU ACCESS RADIO CHARITABLE TRUST,Broadcasting,Unspecified,MF (300 kHz-3 MHz),1,0.999,0.999
MANAWATU ACCESS RADIO CHARITABLE TRUST,Fixed Link,Uni-directional,UHF (300 MHz-3 GHz),1,843.625,843.625
MANAWATU AMATEUR RADIO SOCIETY INCORPORATED,Amateur,Mobile Transmit,Unknown,1,,
MANAWATU BEEF PACKERS LTD,Land Mobile,Repeater,UHF (300 MHz-3 GHz),1,464.7188,464.7188
MANAWATU BEEF PACKERS LTD,Land Mobile,Simplex,UHF (300 MHz-3 GHz),1,455.2063,455.2063
MANAWATU BEEF PACKERS LTD,Land Mobile,Mobile Transmit,UHF (300 MHz-3 GHz),1,469.9063,469.9063
MANAWATU COMMUNICATIONS LIMITED,Land Mobile,Mobile Transmit,UHF (300 MHz-3 GHz),1,450.9188,450.9188
MANAWATU COMMUNICATIONS LIMITED,Land Mobile,Repeater,UHF (300 MHz-3 GHz),1,455.9563,455.9563
MANAWATU HARNESS RACING CLUB INCORPORATED,Land Mobile,Simplex,UHF (300 MHz-3 GHz),1,455.2938,455.2938
MANAWATU MARINE BOATING CLUB INC,Maritime,Repeater,VHF (30-300 MHz),1,160.625,160.625
MANAWATU MARINE BOATING CLUB INC,Maritime,Mobile Transmit,VHF (30-300 MHz),1,156.025,156.025
MANAWATU RUGBY UNION,Land Mobile,Simplex,UHF (300 MHz-3 GHz),1,464.8313,464.8313
MANAWATU-WANGANUI REGIONAL COUNCIL,Land Mobile,Simplex,VHF (30-300 MHz),1,150.1125,150.1125
"MANGAHAO JOINT VENTURE, MANGAHAO POWER STATION,",Land Mobile,Simplex,VHF (30-300 MHz),1,150.6875,150.6875
MANGAOTAKI STATION LIMITED,Land Mobile,Mobile Transmit,UHF (300 MHz-3 GHz),1,472.0938,472.0938
MANGAOTAKI STATION LIMITED,Land Mobile,Repeater,UHF (300 MHz-3 GHz),1,478.0813,478.0813
MANGAPOIKE LIMITED,Land Mobile,Mobile Transmit,VHF (30-300 MHz),1,168.525,168.525
MANGAPOIKE LIMITED,Land Mobile,Repeater,VHF (30-300 MHz),1,163.925,163.925
MANGERE LAWN CEMETERY TRUST BOARD,Land Mobile,Simplex,UHF (300 MHz-3 GHz),1,488.7438,488.7438
MANN & ASSOCIATES LIMITED,Land Mobile,Simplex,VHF (30-300 MHz),1,170.6,170.6
MANUREWA HIGH SCHOOL,Land Mobile,Simplex,UHF (300 MHz-3 GHz),1,466.6813,466.6813
MARK MACKLE CONTRACTING LIMITED,Land Mobile,Simplex,VHF (30-300 MHz),1,166.65,166.65
MARK PITTAR TRANSPORT LIMITED,Land Mobile,Simplex,VHF (30-300 MHz),1,172.8875,172.8875
MARLBOROUGH AMATEUR RADIO CLUB INC,Amateur,Repeater,UHF (300 MHz-3 GHz),1,438.45,438.45
MARLBOROUGH AMATEUR RADIO CLUB INC,Amateur,Mobile Transmit,UHF (300 MHz-3 GHz),1,433.45,433.45
MARLBOROUGH CAR CLUB INC,Telemetry & Telecommand,Uni-directional,VHF (30-300 MHz),1,160.1375,160.1375
MARLBOROUGH DISTRICT COUNCIL,Land Mobile,Repeater,VHF (30-300 MHz),1,151.55,151.55
MARLBOROUGH DISTRICT COUNCIL,Land Mobile,Simplex,UHF (300 MHz-3 GHz),1,482.7063,482.7063
MARLBOROUGH DISTRICT COUNCIL,Land Mobile,Mobile Transmit,VHF (30-300 MHz),1,155.7313,155.7313
MARLBOROUGH DISTRICT COUNCIL,Maritime,Repeater,VHF (30-300 MHz),1,161.5,161.5
MARLBOROUGH DISTRICT COUNCIL,Maritime,Mobile Transmit,VHF (30-300 MHz),1,156.9,156.9
MARLBOROUGH DISTRICT COUNCIL,Paging,Unspecified,VHF (30-300 MHz),1,160.5375,160.5375
MARLBOROUGH HELICOPTERS LIMITED,Land Mobile,Simplex,VHF (30-300 MHz),1,150.2625,150.2625
MARPHONA FARMS LIMITED,Land Mobile,Simplex,UHF (300 MHz-3 GHz),1,458.6313,458.6313
MARPHONA FARMS LIMITED,Land Mobile,Repeater,UHF (300 MHz-3 GHz),1,464.8063,464.8063
MARPHONA FARMS LIMITED,Land Mobile,Mobile Transmit,UHF (300 MHz-3 GHz),1,469.9938,469.9938
MARSDEN PARK LIMITED,Land Mobile,Repeater,UHF (300 MHz-3 GHz),1,464.1813,464.1813
MARSDEN PARK LIMITED,Land Mobile,Mobile Transmit,UHF (300 MHz-3 GHz),1,469.3688,469.3688
MARSDEN TRANSPORT SOLUTIONS LIMITED,Land Mobile,Simplex,VHF (30-300 MHz),1,150.7875,150.7875
MARTON BRANCH NZART,Amateur,Repeater,VHF (30-300 MHz),1,146.775,146.775
MARTON BRANCH NZART,Amateur,Mobile Transmit,UHF (300 MHz-3 GHz),1,433.65,433.65
MARTON BRANCH NZART,Amateur,Repeater,UHF (300 MHz-3 GHz),1,438.65,438.65
MARTON BRANCH NZART,Amateur,Mobile Transmit,VHF (30-300 MHz),1,146.175,146.175
MASSEY UNIVERSITY,Land Mobile,Simplex,UHF (300 MHz-3 GHz),1,453.3938,453.3938
MASSEY UNIVERSITY,Land Mobile,Simplex,VHF (30-300 MHz),1,150.5875,150.5875
MASSEY UNIVERSITY SCHOOL OF AVIATION,Aeronautical,Base Station,VHF (30-300 MHz),1,133.3,133.3
MASSEY UNIVERSITY STUDENTS ASSOCIATION - Radio Control,Broadcasting,Unspecified,VHF (30-300 MHz),1,99.4,99.4
MASTERTON DISTRICT COUNCIL,Broadcasting,Unspecified,VHF (30-300 MHz),1,105.9,105.9
MASTERTON DISTRICT COUNCIL,Land Mobile,Simplex,VHF (30-300 MHz),1,148.0875,148.0875
MATATAHI LIMITED,Land Mobile,Repeater,UHF (300 MHz-3 GHz),1,455.3813,455.3813
MATATAHI LIMITED,Land Mobile,Mobile Transmit,UHF (300 MHz-3 GHz),1,450.3438,450.3438
MATTHEWS NURSERIES LIMITED,Land Mobile,Simplex,VHF (30-300 MHz),1,150.925,150.925
MAUGERS CONTRACTING LIMITED,Land Mobile,Simplex,VHF (30-300 MHz),1,153.4938,153.4938
MAUNGATAPERE WATER COMPANY LIMITED,Land Mobile,Repeater,VHF (30-300 MHz),1,165.1,165.1
MAUNGATAPERE WATER COMPANY LIMITED,Land Mobile,Mobile Transmit,VHF (30-300 MHz),1,169.7,169.7
MAUNGATAUTARI ECOLOGICAL ISLAND TRUST,Land Mobile,Simplex,UHF (300 MHz-3 GHz),1,483.9688,483.9688
MAUNGATUA CONTRACTING (WANAKA) LTD,Land Mobile,Simplex,UHF (300 MHz-3 GHz),1,453.5438,453.5438
MAUNGAWARU LOGGING LIMITED,Land Mobile,Simplex,VHF (30-300 MHz),1,150.825,150.825
MCALPINES ENGINEERING LIMITED,Land Mobile,Simplex,UHF (300 MHz-3 GHz),1,483.2063,483.2063
MCCAFFERTY METAL CARTAGE LIMITED,Land Mobile,Simplex,VHF (30-300 MHz),1,166.7125,166.7125
MCCAIN FOODS (NZ) LIMITED,Land Mobile,Mobile Transmit,UHF (300 MHz-3 GHz),1,451.7063,451.7063
MCCAIN FOODS (NZ) LIMITED,Land Mobile,Repeater,UHF (300 MHz-3 GHz),1,456.7438,456.7438
MCCAIN FOODS NZ LTD,Land Mobile,Mobile Transmit,UHF (300 MHz-3 GHz),1,467.2563,467.2563
MCCAIN FOODS NZ LTD,Land Mobile,Repeater,UHF (300 MHz-3 GHz),1,462.0688,462.0688
MCCALLUM BROS LTD,Land Mobile,Simplex,UHF (300 MHz-3 GHz),1,476.3938,476.3938
MCCALLUM HARVESTING LIMITED,Land Mobile,Simplex,VHF (30-300 MHz),1,150.425,150.425
MCCARTHY TRANSPORT  LTD,Land Mobile,Mobile Transmit,VHF (30-300 MHz),1,154.3813,154.3813
MCCARTHY TRANSPORT  LTD,Land Mobile,Repeater,VHF (30-300 MHz),1,152.6,152.6
MCCREADY ENGINEERING LIMITED,Land Mobile,Simplex,VHF (30-300 MHz),1,150.4375,150.4375
MCDERMOTT CONTRACTING LIMITED,Land Mobile,Simplex,VHF (30-300 MHz),1,166.0,166.0
MCDONALD DOWNS LIMITED,Land Mobile,Repeater,VHF (30-300 MHz),1,151.3375,151.3375
MCDONALD DOWNS LIMITED,Land Mobile,Mobile Transmit,VHF (30-300 MHz),1,155.5188,155.5188
MCENTEE DRILLING LIMITED,Land Mobile,Simplex,UHF (300 MHz-3 GHz),1,453.4188,453.4188
MCFALL FUEL LTD,Land Mobile,Simplex,VHF (30-300 MHz),1,153.5563,153.5563
MCINTYRE CONSTRUCTION LIMITED,Land Mobile,Mobile Transmit,VHF (30-300 MHz),1,155.5313,155.5313
MCINTYRE CONSTRUCTION LIMITED,Land Mobile,Repeater,VHF (30-300 MHz),1,151.35,151.35
MCNEIL FARMING LIMITED,Land Mobile,Repeater,VHF (30-300 MHz),1,164.3625,164.3625
MCNEIL FARMING LIMITED,Land Mobile,Mobile Transmit,VHF (30-300 MHz),1,168.9625,168.9625
MCNEILLY HEAVY HAULAGE LIMITED,Land Mobile,Simplex,UHF (300 MHz-3 GHz),1,449.9688,449.9688
MCROBBIE CONTRACTING LIMITED,Land Mobile,Simplex,UHF (300 MHz-3 GHz),1,458.6313,458.6313
MECHANISED CABLE HARVESTING 2025 LIMITED,Land Mobile,Simplex,UHF (300 MHz-3 GHz),1,476.3813,476.3813
MEDIA BAY OF PLENTY LIMITED,Broadcasting,Unspecified,MF (300 kHz-3 MHz),1,1.242,1.242
MEDIAWORKS RADIO LIMITED,Land Mobile,Simplex,UHF (300 MHz-3 GHz),1,465.4625,465.4625
MEDIAWORKS RADIO LIMITED,Satellite & Space,Unspecified,Unknown,1,,
MELROSE LAND COMPANY LIMITED,Land Mobile,Mobile Transmit,VHF (30-300 MHz),1,168.225,168.225
MELROSE LAND COMPANY LIMITED,Land Mobile,Repeater,VHF (30-300 MHz),1,163.625,163.625
MENDIP HILLS STATION LTD,Land Mobile,Repeater,VHF (30-300 MHz),1,162.8,162.8
MENDIP HILLS STATION LTD,Land Mobile,Simplex,VHF (30-300 MHz),1,150.9625,150.9625
MENDIP HILLS STATION LTD,Land Mobile,Mobile Transmit,VHF (30-300 MHz),1,167.4,167.4
MENZIES AVIATION GROUP (NEW ZEALAND) LTD,Aeronautical,Base Station,VHF (30-300 MHz),1,133.95,133.95
MERCURY BAY AERO CLUB INCORPORATED,Aeronautical,Base Station,VHF (30-300 MHz),1,130.5,130.5
MERCURY BAY BRANCH 85 NZART,Amateur,Repeater,VHF (30-300 MHz),1,147.075,147.075
MERCURY BAY BRANCH 85 NZART,Amateur,Mobile Transmit,VHF (30-300 MHz),1,147.675,147.675
MERCURY BAY GAME FISHING CLUB INCORPORATED,Maritime,Mobile Transmit,VHF (30-300 MHz),1,156.275,156.275
MERCURY BAY GAME FISHING CLUB INCORPORATED,Maritime,Repeater,VHF (30-300 MHz),1,160.875,160.875
METHANEX NEW ZEALAND LTD,Land Mobile,Simplex,UHF (300 MHz-3 GHz),1,461.7813,461.7813
METHVEN ADVENTURES LIMITED,Land Mobile,Simplex,UHF (300 MHz-3 GHz),1,477.6313,477.6313
METHVEN HARVESTING LIMITED,Land Mobile,Simplex,VHF (30-300 MHz),1,166.0,166.0
METLIFECARE PALMERSTON NORTH LIMITED,Paging,Unspecified,VHF (30-300 MHz),1,160.4625,160.4625
METRO CAPITAL HOLDINGS LIMITED,Broadcasting,Unspecified,VHF (30-300 MHz),1,99.4,99.4
METRO CAPITAL HOLDINGS LIMITED,Broadcasting,Unspecified,MF (300 kHz-3 MHz),1,0.936,0.936
MH HEAVY HAULAGE LIMITED,Land Mobile,Simplex,VHF (30-300 MHz),1,150.95,150.95
MID CANTERBURY AERO CLUB INC,Aeronautical,Base Station,VHF (30-300 MHz),1,119.1,119.1
MID WEST HELICOPTERS (NZ) LIMITED,Land Mobile,Simplex,VHF (30-300 MHz),1,166.65,166.65
MIDDLETON GRANGE SCHOOL,Fixed Link,Uni-directional,UHF (300 MHz-3 GHz),1,928.75,928.75
MIDWEST DISPOSALS LIMITED,Land Mobile,Mobile Transmit,VHF (30-300 MHz),1,169.275,169.275
MIDWEST DISPOSALS LIMITED,Land Mobile,Repeater,VHF (30-300 MHz),1,164.675,164.675
MIKE MATHER,Amateur,Mobile Transmit,UHF (300 MHz-3 GHz),1,434.5,434.5
MIKE MATHER,Amateur,Repeater,VHF (30-300 MHz),1,144.575,144.575
MIKE MATHER,Amateur,Repeater,UHF (300 MHz-3 GHz),1,439.5,439.5
MILFORD SOUND CRUISES,Land Mobile,Simplex,VHF (30-300 MHz),1,150.0875,150.0875
MILFORD SOUND TOURISM LIMITED,Broadcasting,Unspecified,VHF (30-300 MHz),1,92.0,92.0
MILFORD SOUND TOURISM LIMITED,Land Mobile,Simplex,VHF (30-300 MHz),1,150.0625,150.0625
MILFORD SOUND TOURISM LIMITED,Maritime,Unspecified,VHF (30-300 MHz),1,161.55,161.55
MILLERS FLAT WATER COMPANY LIMITED,Land Mobile,Simplex,UHF (300 MHz-3 GHz),1,449.9438,449.9438
MINARET STATION LTD,Land Mobile,Simplex,VHF (30-300 MHz),1,166.3125,166.3125
MINING EQUIPMENT SUPPLIES LIMITED,Land Mobile,Simplex,VHF (30-300 MHz),1,150.425,150.425
MINISTRY OF JUSTICE - COURT SECURITY,Paging,Unspecified,UHF (300 MHz-3 GHz),1,458.55,458.55
MIRACLE ELECTRONICS LTD,Paging,Unspecified,VHF (30-300 MHz),1,160.4875,160.4875
MJ & TB SIMPSON LIMITED,Land Mobile,Repeater,UHF (300 MHz-3 GHz),1,464.0563,464.0563
MJ & TB SIMPSON LIMITED,Land Mobile,Mobile Transmit,UHF (300 MHz-3 GHz),1,469.2438,469.2438
MOANA ORCHARDS LIMITED,Land Mobile,Mobile Transmit,UHF (300 MHz-3 GHz),1,477.325,477.325
MOANA ORCHARDS LIMITED,Land Mobile,Repeater,UHF (300 MHz-3 GHz),1,476.575,476.575
MOANAROA FARMING COMPANY LIMITED,Land Mobile,Repeater,VHF (30-300 MHz),1,163.55,163.55
MOANAROA FARMING COMPANY LIMITED,Land Mobile,Mobile Transmit,VHF (30-300 MHz),1,168.15,168.15
MOBIL OIL (NZ) LTD,Land Mobile,Mobile Transmit,UHF (300 MHz-3 GHz),1,450.9563,450.9563
MOBIL OIL (NZ) LTD,Land Mobile,Repeater,UHF (300 MHz-3 GHz),1,455.9938,455.9938
MOBIL OIL NEW ZEALAND LIMITED,Aeronautical,Base Station,VHF (30-300 MHz),1,133.0,133.0
MOBILE SYSTEMS LIMITED,Land Mobile,Repeater,UHF (300 MHz-3 GHz),1,476.475,476.475
MOBILE SYSTEMS LIMITED,Land Mobile,Mobile Transmit,UHF (300 MHz-3 GHz),1,477.225,477.225
MOFFATT CONTRACTING LIMITED,Land Mobile,Simplex,UHF (300 MHz-3 GHz),1,466.6813,466.6813
MOHAKA RIVER FARM LIMITED,Land Mobile,Simplex,VHF (30-300 MHz),1,150.575,150.575
MOIR LOGGING COMPANY LIMITED,Land Mobile,Simplex,VHF (30-300 MHz),1,150.5125,150.5125
MONTANA CATERING 2001 LIMITED,Land Mobile,Simplex,UHF (300 MHz-3 GHz),1,453.4813,453.4813
MOORE'S VALLEY PILERS AND MOVERS LIMITED,Land Mobile,Simplex,UHF (300 MHz-3 GHz),1,465.0063,465.0063
MORGAN SPREADING LIMITED,Land Mobile,Simplex,UHF (300 MHz-3 GHz),1,455.0688,455.0688
MORRINSVILLE DISTRICT RETURNED SERVICES ASSN INC,Land Mobile,Simplex,VHF (30-300 MHz),1,84.05,84.05
MORRIS & BAILEY LIMITED,Land Mobile,Simplex,UHF (300 MHz-3 GHz),1,489.3188,489.3188
MOTORSPORT BAY OF PLENTY INCORPORATED,Land Mobile,Mobile Transmit,VHF (30-300 MHz),1,167.8125,167.8125
MOTORSPORT BAY OF PLENTY INCORPORATED,Land Mobile,Repeater,VHF (30-300 MHz),1,163.2125,163.2125
MOTUEKA BRANCH OF THE NEW ZEALAND ASSOCIATION OF RADIO TRANSMITTERS INCORPORATED,Amateur,Repeater,UHF (300 MHz-3 GHz),1,439.6875,439.6875
MOTUEKA BRANCH OF THE NEW ZEALAND ASSOCIATION OF RADIO TRANSMITTERS INCORPORATED,Amateur,Mobile Transmit,Unknown,1,,
MOTUTAPU OUTDOOR EDUCATION TRUST,Land Mobile,Mobile Transmit,VHF (30-300 MHz),1,167.95,167.95
MOTUTAPU OUTDOOR EDUCATION TRUST,Land Mobile,Repeater,VHF (30-300 MHz),1,163.35,163.35
MOUNT CAMPBELL COMMUNICATIONS LIMITED,Land Mobile,Mobile Transmit,VHF (30-300 MHz),1,168.1625,168.1625
MOUNT CAMPBELL CONNECT LIMITED,Maritime,Mobile Transmit,VHF (30-300 MHz),1,156.15,156.15
MOUNT CAMPBELL CONNECT LIMITED,Maritime,Repeater,VHF (30-300 MHz),1,160.75,160.75
MOUNT GREY DOWNS LIMITED,Land Mobile,Simplex,VHF (30-300 MHz),1,150.8,150.8
MOUNT GREY DOWNS LIMITED,Land Mobile,Simplex,UHF (300 MHz-3 GHz),1,482.0813,482.0813
MOUNT LINTON STATION LTD,Land Mobile,Simplex,VHF (30-300 MHz),1,150.125,150.125
MS CIVIL CONSTRUCTION LIMITED,Land Mobile,Simplex,UHF (300 MHz-3 GHz),1,449.9688,449.9688
MT  MAUNGANUI GOLF CLUB INC,Land Mobile,Simplex,UHF (300 MHz-3 GHz),1,455.1563,455.1563
MT ALGIDUS LIMITED,Land Mobile,Repeater,VHF (30-300 MHz),1,164.475,164.475
MT ALGIDUS LIMITED,Land Mobile,Mobile Transmit,VHF (30-300 MHz),1,169.075,169.075
MT CHEESEMAN SKI CLUB INC,Land Mobile,Repeater,UHF (300 MHz-3 GHz),1,461.9938,461.9938
MT CHEESEMAN SKI CLUB INC,Land Mobile,Mobile Transmit,UHF (300 MHz-3 GHz),1,467.1813,467.1813
MT ERIN LIMITED,Land Mobile,Simplex,UHF (300 MHz-3 GHz),1,470.7688,470.7688
MT NICHOLAS STATION,Land Mobile,Repeater,VHF (30-300 MHz),1,151.35,151.35
MT NICHOLAS STATION,Land Mobile,Mobile Transmit,VHF (30-300 MHz),1,155.5313,155.5313
MT. GERALD STATION LIMITED,Land Mobile,Repeater,VHF (30-300 MHz),1,151.225,151.225
MT. GERALD STATION LIMITED,Land Mobile,Mobile Transmit,VHF (30-300 MHz),1,155.4063,155.4063
MT. GERALD STATION LIMITED,Land Mobile,Simplex,VHF (30-300 MHz),1,153.4813,153.4813
MUDFORD FARMS LTD,Land Mobile,Simplex,VHF (30-300 MHz),1,166.4,166.4
MULLER STATION LTD,Land Mobile,Mobile Transmit,VHF (30-300 MHz),1,153.9563,153.9563
MULLER STATION LTD,Land Mobile,Repeater,VHF (30-300 MHz),1,152.175,152.175
MURDOCH MANUFACTURING LIMITED,Land Mobile,Simplex,UHF (300 MHz-3 GHz),1,453.6188,453.6188
MUSEUM OF TRANSPORT AND TECHNOLOGY,Land Mobile,Simplex,UHF (300 MHz-3 GHz),1,477.9813,477.9813
MUSEUM OF TRANSPORT AND TECHNOLOGY,Land Mobile,Simplex,VHF (30-300 MHz),1,166.2375,166.2375
MUSICK POINT RADIO GROUP INCORPORATED,Amateur,Mobile Transmit,VHF (30-300 MHz),1,145.175,145.175
MUSICK POINT RADIO GROUP INCORPORATED,Amateur,Repeater,VHF (30-300 MHz),1,145.775,145.775
MUSICK POINT RADIO GROUP INCORPORATED,Amateur,Mobile Transmit,UHF (300 MHz-3 GHz),1,434.575,434.575
MUSSON LOGISTICS LIMITED,Land Mobile,Simplex,VHF (30-300 MHz),1,153.5188,153.5188
MW LISSETTE LTD,Land Mobile,Simplex,VHF (30-300 MHz),1,150.1375,150.1375
Manawatu Orion Motorcycle Club Incorporated,Land Mobile,Simplex,UHF (300 MHz-3 GHz),1,461.5438,461.5438
Manfeild Park Trust,Land Mobile,Mobile Transmit,UHF (300 MHz-3 GHz),1,450.2938,450.2938
Manfeild Park Trust,Land Mobile,Repeater,UHF (300 MHz-3 GHz),1,455.3313,455.3313
Marcus Stewart,Land Mobile,Simplex,UHF (300 MHz-3 GHz),1,466.9813,466.9813
Mark Neville,Land Mobile,Simplex,UHF (300 MHz-3 GHz),1,477.6438,477.6438
Mark Pitcher,Land Mobile,Simplex,UHF (300 MHz-3 GHz),1,482.8438,482.8438
Mark Sinclair,Land Mobile,Simplex,VHF (30-300 MHz),1,170.8,170.8
Matt Henney,Land Mobile,Simplex,UHF (300 MHz-3 GHz),1,477.5688,477.5688
Matthew Huxtable,Land Mobile,Simplex,VHF (30-300 MHz),1,165.725,165.725
Matthew Swann,Land Mobile,Repeater,VHF (30-300 MHz),1,162.7625,162.7625
Matthew Swann,Land Mobile,Mobile Transmit,VHF (30-300 MHz),1,167.3625,167.3625
Michael  Selak,Land Mobile,Simplex,UHF (300 MHz-3 GHz),1,455.3063,455.3063
Michael Craig Turney,Land Mobile,Simplex,UHF (300 MHz-3 GHz),1,470.7563,470.7563
Michael John Austin,Land Mobile,Simplex,UHF (300 MHz-3 GHz),1,476.3938,476.3938
Michael John Barker,Land Mobile,Repeater,VHF (30-300 MHz),1,151.15,151.15
Michael John Barker,Land Mobile,Mobile Transmit,VHF (30-300 MHz),1,155.3313,155.3313
Michael Murray,Land Mobile,Simplex,UHF (300 MHz-3 GHz),1,461.4813,461.4813
Michelle Hill,Land Mobile,Simplex,VHF (30-300 MHz),1,166.0375,166.0375
MidCentral District Health Board,Land Mobile,Mobile Transmit,UHF (300 MHz-3 GHz),1,469.4938,469.4938
MidCentral District Health Board,Land Mobile,Simplex,UHF (300 MHz-3 GHz),1,466.9188,466.9188
MidCentral District Health Board,Land Mobile,Repeater,UHF (300 MHz-3 GHz),1,464.3063,464.3063
Mike Oldham,Land Mobile,Simplex,UHF (300 MHz-3 GHz),1,482.5188,482.5188
Ministry for Primary Industries,Land Mobile,Repeater,UHF (300 MHz-3 GHz),1,455.3688,455.3688
Ministry for Primary Industries,Land Mobile,Mobile Transmit,UHF (300 MHz-3 GHz),1,450.3313,450.3313
"Ministry of Business, Innovation, and Employment (RSM)",Radiodetermination,Unspecified,UHF (300 MHz-3 GHz),1,405.9625,405.9625
Morikaunui Incorporation,Land Mobile,Repeater,VHF (30-300 MHz),1,164.7375,164.7375
Morikaunui Incorporation,Land Mobile,Mobile Transmit,VHF (30-300 MHz),1,169.3375,169.3375
Mr B H & Mrs K WHITMORE,Land Mobile,Simplex,UHF (300 MHz-3 GHz),1,477.6813,477.6813
Murray Freeth-Edwards,Amateur,Mobile Transmit,UHF (300 MHz-3 GHz),1,433.65,433.65
Murray Freeth-Edwards,Amateur,Repeater,UHF (300 MHz-3 GHz),1,438.65,438.65
N P GOLDSTONE,Amateur,Unspecified,VHF (30-300 MHz),1,144.575,144.575
N P GOLDSTONE,Amateur,Repeater,VHF (30-300 MHz),1,144.65,144.65
N P GOLDSTONE,Amateur,Mobile Transmit,Unknown,1,,
N P GOLDSTONE,Amateur,Unspecified,MF (300 kHz-3 MHz),1,1.847,1.847
NAPIER AMATEUR RADIO CLUB INC,Amateur,Repeater,VHF (30-300 MHz),1,147.25,147.25
NAPIER AMATEUR RADIO CLUB INC,Amateur,Mobile Transmit,VHF (30-300 MHz),1,147.85,147.85
NAPIER AMATEUR RADIO CLUB INC,Amateur,Repeater,UHF (300 MHz-3 GHz),1,434.05,434.05
NAPIER AMATEUR RADIO CLUB INC,Amateur,Mobile Transmit,UHF (300 MHz-3 GHz),1,439.05,439.05
NAPIER BOYS HIGH SCHOOL,Land Mobile,Simplex,VHF (30-300 MHz),1,166.2875,166.2875
NATIONAL LIBRARY OF NEW ZEALAND,Paging,Unspecified,UHF (300 MHz-3 GHz),1,458.6,458.6
NATIONAL LIBRARY OF NEW ZEALAND,Paging,Unspecified,VHF (30-300 MHz),1,160.3625,160.3625
NATURAL NEW ZEALAND HONEY LIMITED,Land Mobile,Simplex,VHF (30-300 MHz),1,171.75,171.75
NEEDHAM CONTRACTORS LIMITED,Land Mobile,Simplex,VHF (30-300 MHz),1,172.625,172.625
NEIL H SHALLARD,Land Mobile,Simplex,VHF (30-300 MHz),1,153.4813,153.4813
NELSON AVIATION COLLEGE LTD,Aeronautical,Base Station,VHF (30-300 MHz),1,119.1,119.1
NELSON CAR CLUB INC,Telemetry & Telecommand,Uni-directional,VHF (30-300 MHz),1,160.3125,160.3125
NELSON CITY COUNCIL,Land Mobile,Repeater,VHF (30-300 MHz),1,153.0125,153.0125
NELSON CITY COUNCIL,Land Mobile,Mobile Transmit,VHF (30-300 MHz),1,154.7938,154.7938
NELSON COLLEGE,Paging,Unspecified,VHF (30-300 MHz),1,160.3875,160.3875
NELSON MARLBOROUGH HARVESTING CO LTD,Land Mobile,Simplex,VHF (30-300 MHz),1,170.9,170.9
NELSON MARLBOROUGH INSTITUTE OF TECHNOLOGY LIMITED,Land Mobile,Simplex,UHF (300 MHz-3 GHz),1,466.8813,466.8813
NELSON MOUNTAIN BIKE CLUB INCORPORATED,Land Mobile,Repeater,VHF (30-300 MHz),1,163.4875,163.4875
NELSON MOUNTAIN BIKE CLUB INCORPORATED,Land Mobile,Simplex,VHF (30-300 MHz),1,150.1625,150.1625
NELSON MOUNTAIN BIKE CLUB INCORPORATED,Land Mobile,Mobile Transmit,VHF (30-300 MHz),1,168.0875,168.0875
NELSON PINE INDUSTRIES LTD,Land Mobile,Simplex,VHF (30-300 MHz),1,150.825,150.825
NELSON PINE INDUSTRIES LTD,Paging,Unspecified,VHF (30-300 MHz),1,160.5125,160.5125
NELSON PINE INDUSTRIES LTD,Telemetry & Telecommand,Uni-directional,UHF (300 MHz-3 GHz),1,471.3,471.3
NELSON/TASMAN CIVIL DEFENCE EMERGENCY MANAGEMENT GROUP,Land Mobile,Repeater,UHF (300 MHz-3 GHz),1,462.1313,462.1313
NELSON/TASMAN CIVIL DEFENCE EMERGENCY MANAGEMENT GROUP,Land Mobile,Mobile Transmit,UHF (300 MHz-3 GHz),1,467.3188,467.3188
NELSPECS LIMITED,Fixed Link,Uni-directional,UHF (300 MHz-3 GHz),1,449.5438,449.5438
NELSPECS LIMITED,Maritime,Repeater,VHF (30-300 MHz),1,160.95,160.95
NELSPECS LIMITED,Maritime,Mobile Transmit,VHF (30-300 MHz),1,156.35,156.35
NEMS MEDICAL LIMITED,Land Mobile,Simplex,UHF (300 MHz-3 GHz),1,483.4813,483.4813
NETWORK TASMAN LTD,Land Mobile,Simplex,UHF (300 MHz-3 GHz),1,477.5938,477.5938
NEVILLE EARTHWORKS LIMITED,Land Mobile,Simplex,VHF (30-300 MHz),1,166.6375,166.6375
NEW PLYMOUTH SPORTFISHING & UNDERWATER CLUB INCORPORATED,Maritime,Mobile Transmit,VHF (30-300 MHz),1,156.15,156.15
NEW PLYMOUTH SPORTFISHING & UNDERWATER CLUB INCORPORATED,Maritime,Repeater,VHF (30-300 MHz),1,160.75,160.75
NEW ZEALAND BUILDING REMOVALS LIMITED,Land Mobile,Simplex,VHF (30-300 MHz),1,150.175,150.175
NEW ZEALAND INSTITUTE FOR BIOECONOMY SCIENCE LIMITED,Land Mobile,Simplex,HF (3-30 MHz),1,4.8814,4.8814
NEW ZEALAND INSTITUTE FOR BIOECONOMY SCIENCE LIMITED,Land Mobile,Simplex,MF (300 kHz-3 MHz),1,2.3494,2.3494
NEW ZEALAND INSTITUTE FOR EARTH SCIENCE LIMITED,Fixed Link,Uni-directional,VHF (30-300 MHz),1,166.325,166.325
NEW ZEALAND INSTITUTE FOR EARTH SCIENCE LIMITED,Land Mobile,Repeater,VHF (30-300 MHz),1,158.375,158.375
NEW ZEALAND INSTITUTE FOR EARTH SCIENCE LIMITED,Land Mobile,Mobile Transmit,VHF (30-300 MHz),1,161.275,161.275
NEW ZEALAND INSTITUTE FOR EARTH SCIENCE LIMITED,Telemetry & Telecommand,Uni-directional,HF (3-30 MHz),1,29.925,29.925
NEW ZEALAND INSTITUTE FOR PUBLIC HEALTH AND FORENSIC SCIENCE LIMITED,Satellite & Space,Unspecified,Unknown,1,,
NEW ZEALAND LAND SEARCH AND RESCUE INCORPORATED,Maritime,Mobile Transmit,VHF (30-300 MHz),1,156.275,156.275
NEW ZEALAND LAND SEARCH AND RESCUE INCORPORATED,Maritime,Repeater,VHF (30-300 MHz),1,160.875,160.875
NEW ZEALAND MOUNTAIN GUIDES ASSOCIATION INCORPORATED,Land Mobile,Simplex,VHF (30-300 MHz),1,170.4125,170.4125
NEW ZEALAND NATIONAL FIELDAYS SOCIETY INCORPORATED,Land Mobile,Repeater,UHF (300 MHz-3 GHz),1,463.9063,463.9063
NEW ZEALAND NATIONAL FIELDAYS SOCIETY INCORPORATED,Land Mobile,Mobile Transmit,UHF (300 MHz-3 GHz),1,469.0938,469.0938
NEW ZEALAND RESEARCH VESSELS LIMITED,Meteorological,Unspecified,UHF (300 MHz-3 GHz),1,402.2546,402.2546
NEW ZEALAND RUGBY LEAGUE INCORPORATED,Land Mobile,Simplex,VHF (30-300 MHz),1,166.4375,166.4375
NEW ZEALAND RURAL PROPERTY TRUST NOMINEES LIMITED,Land Mobile,Simplex,VHF (30-300 MHz),1,153.4813,153.4813
NEW ZEALAND STARCH LIMITED,Land Mobile,Simplex,UHF (300 MHz-3 GHz),1,489.8688,489.8688
NEW ZEALAND TRANSPORT AGENCY,Land Mobile,Repeater,UHF (300 MHz-3 GHz),1,455.6313,455.6313
NEW ZEALAND TRANSPORT AGENCY,Land Mobile,Mobile Transmit,UHF (300 MHz-3 GHz),1,450.5938,450.5938
NEWMAN AND NEWMAN LIMITED,Land Mobile,Simplex,VHF (30-300 MHz),1,166.025,166.025
NEWMONT WAIHI GOLD LTD,Land Mobile,Repeater,VHF (30-300 MHz),1,152.975,152.975
NEWMONT WAIHI GOLD LTD,Land Mobile,Mobile Transmit,VHF (30-300 MHz),1,154.7563,154.7563
NEWMONT WAIHI GOLD LTD,Paging,Unspecified,UHF (300 MHz-3 GHz),1,458.55,458.55
NEWTON HARVESTING LIMITED,Land Mobile,Simplex,VHF (30-300 MHz),1,150.7875,150.7875
NEWTON LOGGING LTD,Land Mobile,Simplex,VHF (30-300 MHz),1,150.6875,150.6875
NEWVALE COAL,Land Mobile,Repeater,UHF (300 MHz-3 GHz),1,458.0563,458.0563
NEWVALE COAL,Land Mobile,Mobile Transmit,UHF (300 MHz-3 GHz),1,453.0188,453.0188
NGA WATENE MAORI O TE ROHE POTAE REGIONAL ASSOCIATION INCORPORATED,Land Mobile,Repeater,UHF (300 MHz-3 GHz),1,464.1438,464.1438
NGA WATENE MAORI O TE ROHE POTAE REGIONAL ASSOCIATION INCORPORATED,Land Mobile,Mobile Transmit,UHF (300 MHz-3 GHz),1,469.3313,469.3313
"NGAI TE RANGI IWI, NGATI RANGINUI IWI and NGATI PUKENGA IWI",Broadcasting,Unspecified,VHF (30-300 MHz),1,98.2,98.2
"NGAI TE RANGI IWI, NGATI RANGINUI IWI and NGATI PUKENGA IWI",Broadcasting,Unspecified,MF (300 kHz-3 MHz),1,1.44,1.44
NGAIO CONTRACTING LIMITED,Land Mobile,Simplex,VHF (30-300 MHz),1,166.7875,166.7875
NGAMATEA FARMING CO LTD,Land Mobile,Repeater,VHF (30-300 MHz),1,163.5875,163.5875
NGAMATEA FARMING CO LTD,Land Mobile,Mobile Transmit,VHF (30-300 MHz),1,168.1875,168.1875
NGAMATEA FARMING CO LTD,Land Mobile,Simplex,VHF (30-300 MHz),1,166.3,166.3
NGAMUWAHINE CAMP TRUST,Land Mobile,Simplex,VHF (30-300 MHz),1,150.225,150.225
NGATI KAHUNGUNU IWI INC,Broadcasting,Unspecified,MF (300 kHz-3 MHz),1,0.765,0.765
NIXIN CONTRACTORS LIMITED,Land Mobile,Simplex,VHF (30-300 MHz),1,165.8,165.8
NO30 (HOBSONVILLE) SQUADRON ATC,Land Mobile,Simplex,VHF (30-300 MHz),1,150.5875,150.5875
NOARO FARMS LIMITED,Land Mobile,Repeater,UHF (300 MHz-3 GHz),1,458.1438,458.1438
NOARO FARMS LIMITED,Land Mobile,Mobile Transmit,UHF (300 MHz-3 GHz),1,453.1063,453.1063
NOKE LIMITED,Land Mobile,Repeater,VHF (30-300 MHz),1,163.825,163.825
NOKE LIMITED,Land Mobile,Mobile Transmit,VHF (30-300 MHz),1,168.425,168.425
NOKE LIMITED,Land Mobile,Simplex,VHF (30-300 MHz),1,166.425,166.425
NOKOMAI STATION,Land Mobile,Repeater,VHF (30-300 MHz),1,153.025,153.025
NOKOMAI STATION,Land Mobile,Mobile Transmit,VHF (30-300 MHz),1,154.8063,154.8063
NOREAST PRODUCTIONS LIMITED,Land Mobile,Repeater,UHF (300 MHz-3 GHz),1,462.5438,462.5438
NOREAST PRODUCTIONS LIMITED,Land Mobile,Mobile Transmit,UHF (300 MHz-3 GHz),1,467.7313,467.7313
NOREAST PRODUCTIONS LIMITED,Land Mobile,Simplex,VHF (30-300 MHz),1,150.725,150.725
NORTH CANTERBURY AMATEUR RADIO CLUB,Amateur,Mobile Transmit,UHF (300 MHz-3 GHz),1,438.575,438.575
NORTH CANTERBURY AMATEUR RADIO CLUB,Amateur,Repeater,UHF (300 MHz-3 GHz),1,433.575,433.575
NORTH SHORE BAYS COMMUNITY FITNESS CENTRE TRUST,Land Mobile,Simplex,UHF (300 MHz-3 GHz),1,488.5313,488.5313
NORTH SHORE CB RADIO CLUB INC,Land Mobile,Repeater,UHF (300 MHz-3 GHz),1,476.55,476.55
NORTH SHORE CB RADIO CLUB INC,Land Mobile,Mobile Transmit,UHF (300 MHz-3 GHz),1,477.3,477.3
NORTHERN DISTRICTS SECURITY LIMITED,Land Mobile,Simplex,VHF (30-300 MHz),1,150.2625,150.2625
NORTHERN WAIROA COMMUNITY RADIO TRUST,Broadcasting,Unspecified,VHF (30-300 MHz),1,98.6,98.6
NORTHERN WAIROA COMMUNITY RADIO TRUST,Fixed Link,Uni-directional,UHF (300 MHz-3 GHz),1,934.25,934.25
NORTHPORT LIMITED,Telemetry & Telecommand,Uni-directional,VHF (30-300 MHz),1,160.3125,160.3125
NORTHPORT LTD,Telemetry & Telecommand,Uni-directional,VHF (30-300 MHz),1,160.2625,160.2625
NORWEST ADVENTURES LIMITED,Land Mobile,Simplex,VHF (30-300 MHz),1,150.1375,150.1375
NORWEST HARVESTING LIMITED,Land Mobile,Simplex,VHF (30-300 MHz),1,173.7188,173.7188
NOVACOMM LIMITED,Land Mobile,Repeater,VHF (30-300 MHz),1,151.1,151.1
NOVACOMM LIMITED,Land Mobile,Mobile Transmit,UHF (300 MHz-3 GHz),1,469.7438,469.7438
NOVACOMM LIMITED,Land Mobile,Mobile Transmit,VHF (30-300 MHz),1,155.2813,155.2813
NOVACOMM LIMITED,Land Mobile,Repeater,UHF (300 MHz-3 GHz),1,464.5563,464.5563
NSK FARMING LIMITED,Land Mobile,Mobile Transmit,VHF (30-300 MHz),1,168.8875,168.8875
NSK FARMING LIMITED,Land Mobile,Repeater,VHF (30-300 MHz),1,164.2875,164.2875
NUKUHAKARI STATION LIMITED,Land Mobile,Mobile Transmit,VHF (30-300 MHz),1,168.9625,168.9625
NUKUHAKARI STATION LIMITED,Land Mobile,Repeater,VHF (30-300 MHz),1,164.3625,164.3625
NZ BUSHPEST LIMITED,Land Mobile,Simplex,VHF (30-300 MHz),1,150.9625,150.9625
NZ DEFENCE FORCE HEADQUARTERS,Fixed Link,Uni-directional,VHF (30-300 MHz),1,160.6,160.6
NZ DEFENCE FORCE HEADQUARTERS,Land Mobile,Repeater,UHF (300 MHz-3 GHz),1,457.15,457.15
NZ DEFENCE FORCE HEADQUARTERS,Paging,Unspecified,HF (3-30 MHz),1,27.078,27.078
NZ DEFENCE FORCE HEADQUARTERS,Radiodetermination,Beacon,LF (30-300 kHz),1,0.262,0.262
NZ POST,Land Mobile,Simplex,UHF (300 MHz-3 GHz),1,489.1063,489.1063
NZ SPOUTING SERVICES LIMITED,Land Mobile,Simplex,UHF (300 MHz-3 GHz),1,476.3313,476.3313
NZART CENTRAL OTAGO BRANCH INC,Amateur,Mobile Transmit,VHF (30-300 MHz),1,146.4,146.4
NZART CENTRAL OTAGO BRANCH INC,Amateur,Repeater,VHF (30-300 MHz),1,147.0,147.0
NZART CENTRAL OTAGO BRANCH INC,Amateur,Repeater,UHF (300 MHz-3 GHz),1,439.65,439.65
NZART CENTRAL OTAGO BRANCH INC,Amateur,Mobile Transmit,UHF (300 MHz-3 GHz),1,434.65,434.65
NZART CHRISTCHURCH BRANCH 05 INC,Amateur,Mobile Transmit,Unknown,1,,
NZART CHRISTCHURCH BRANCH 05 INC,Amateur,Beacon,UHF (300 MHz-3 GHz),1,432.285,432.285
NZART CHRISTCHURCH BRANCH 05 INC,Amateur,Beacon,HF (3-30 MHz),1,28.228,28.228
NZART EASTERN BOP BRANCH,Amateur,Mobile Transmit,VHF (30-300 MHz),1,147.9,147.9
NZART EASTERN BOP BRANCH,Amateur,Repeater,UHF (300 MHz-3 GHz),1,438.4,438.4
NZART EASTERN BOP BRANCH,Amateur,Mobile Transmit,UHF (300 MHz-3 GHz),1,433.4,433.4
NZART HUTT VALLEY BRANCH INC,Amateur,Repeater,UHF (300 MHz-3 GHz),1,438.425,438.425
NZART HUTT VALLEY BRANCH INC,Amateur,Mobile Transmit,UHF (300 MHz-3 GHz),1,433.425,433.425
NZART HUTT VALLEY BRANCH INC,Amateur,Repeater,VHF (30-300 MHz),1,147.0,147.0
NZART HUTT VALLEY BRANCH INC,Amateur,Mobile Transmit,VHF (30-300 MHz),1,146.4,146.4
NZART KAWERAU BRANCH,Amateur,Mobile Transmit,VHF (30-300 MHz),1,146.4,146.4
NZART KAWERAU BRANCH,Amateur,Repeater,VHF (30-300 MHz),1,147.0,147.0
NZART NELSON BRANCH INC,Amateur,Repeater,UHF (300 MHz-3 GHz),1,438.9,438.9
NZART NELSON BRANCH INC,Amateur,Mobile Transmit,UHF (300 MHz-3 GHz),1,433.9,433.9
NZART NORTH OTAGO BRANCH 64,Amateur,Mobile Transmit,VHF (30-300 MHz),1,146.1,146.1
NZART NORTH OTAGO BRANCH 64,Amateur,Mobile Transmit,Unknown,1,,
NZART NORTH OTAGO BRANCH 64,Amateur,Repeater,VHF (30-300 MHz),1,146.7,146.7
NZART NORTH OTAGO BRANCH 64,Amateur,Mobile Transmit,UHF (300 MHz-3 GHz),1,433.65,433.65
NZART SOUTH OTAGO BRANCH 35,Amateur,Repeater,VHF (30-300 MHz),1,146.75,146.75
NZART SOUTH OTAGO BRANCH 35,Amateur,Mobile Transmit,VHF (30-300 MHz),1,146.15,146.15
NZART SOUTHLAND BRANCH INC,Amateur,Repeater,UHF (300 MHz-3 GHz),1,438.7,438.7
NZART SOUTHLAND BRANCH INC,Amateur,Mobile Transmit,UHF (300 MHz-3 GHz),1,433.7,433.7
NZART TAUPO BRANCH,Amateur,Mobile Transmit,Unknown,1,,
NZART TAUPO BRANCH,Amateur,Repeater,UHF (300 MHz-3 GHz),1,439.7375,439.7375
NZME RADIO LIMITED,Fixed Link,Uni-directional,VHF (30-300 MHz),1,158.8375,158.8375
NZME RADIO LIMITED,Land Mobile,Simplex,UHF (300 MHz-3 GHz),1,488.3,488.3
NZME RADIO LIMITED,Land Mobile,Repeater,VHF (30-300 MHz),1,162.65,162.65
NZME RADIO LIMITED,Land Mobile,Mobile Transmit,VHF (30-300 MHz),1,167.25,167.25
Nathan Jang,Broadcasting,Unspecified,UHF (300 MHz-3 GHz),1,514.0,514.0
Nathan Porter,Land Mobile,Repeater,UHF (300 MHz-3 GHz),1,456.4438,456.4438
Nathan Porter,Land Mobile,Mobile Transmit,UHF (300 MHz-3 GHz),1,451.4063,451.4063
Neil McLean,Land Mobile,Simplex,UHF (300 MHz-3 GHz),1,449.9563,449.9563
Neville Stowell,Land Mobile,Simplex,UHF (300 MHz-3 GHz),1,482.0813,482.0813
New Zealand Transport Agency Christchurch,Land Mobile,Mobile Transmit,UHF (300 MHz-3 GHz),1,451.3063,451.3063
New Zealand Transport Agency Christchurch,Land Mobile,Repeater,UHF (300 MHz-3 GHz),1,456.3438,456.3438
Nick Toulmin,Land Mobile,Simplex,UHF (300 MHz-3 GHz),1,483.8688,483.8688
North Canterbury Radio Trust,Land Mobile,Simplex,VHF (30-300 MHz),1,159.6875,159.6875
O Mahurangi – Penlink,Land Mobile,Mobile Transmit,UHF (300 MHz-3 GHz),1,468.4313,468.4313
O Mahurangi – Penlink,Land Mobile,Repeater,UHF (300 MHz-3 GHz),1,463.2438,463.2438
OAKS MAHENO LIMITED,Land Mobile,Repeater,UHF (300 MHz-3 GHz),1,462.5813,462.5813
OAKS MAHENO LIMITED,Land Mobile,Mobile Transmit,UHF (300 MHz-3 GHz),1,467.7688,467.7688
OAMARU AIRSPREAD LTD,Land Mobile,Simplex,VHF (30-300 MHz),1,150.95,150.95
OBERTECH GROUP LTD,Land Mobile,Simplex,VHF (30-300 MHz),1,150.775,150.775
OCEANA GOLD (NEW ZEALAND) LIMITED,Paging,Unspecified,VHF (30-300 MHz),1,158.025,158.025
OCEANIA DAIRY LIMITED,Land Mobile,Simplex,UHF (300 MHz-3 GHz),1,458.6438,458.6438
OCEANIA HELICOPTERS TAURANGA LIMITED,Land Mobile,Simplex,VHF (30-300 MHz),1,170.775,170.775
OCEANIA MARINE LIMITED,Land Mobile,Simplex,UHF (300 MHz-3 GHz),1,464.8438,464.8438
OCEANIA MARINE LIMITED,Land Mobile,Mobile Transmit,UHF (300 MHz-3 GHz),1,469.3813,469.3813
OCEANIA MARINE LIMITED,Land Mobile,Repeater,UHF (300 MHz-3 GHz),1,464.1938,464.1938
OHAU SNOW HOLDINGS LIMITED,Land Mobile,Mobile Transmit,UHF (300 MHz-3 GHz),1,450.9563,450.9563
OHAU SNOW HOLDINGS LIMITED,Land Mobile,Repeater,UHF (300 MHz-3 GHz),1,455.9938,455.9938
OJI FIBRE SOLUTIONS (NZ) LIMITED,Telemetry & Telecommand,Uni-directional,UHF (300 MHz-3 GHz),1,471.2,471.2
OLIVER O'CONNELL,Amateur,Repeater,UHF (300 MHz-3 GHz),1,438.8,438.8
OLIVER O'CONNELL,Amateur,Mobile Transmit,UHF (300 MHz-3 GHz),1,433.8,433.8
OMARAMA SOARING CENTRE INCORPORATED,Aeronautical,Base Station,VHF (30-300 MHz),1,133.55,133.55
OMV NEW ZEALAND LIMITED,Radiodetermination,Unspecified,UHF (300 MHz-3 GHz),1,1016.0,1016.0
OMV NEW ZEALAND LIMITED,Radiodetermination,Mobile Transmit,UHF (300 MHz-3 GHz),1,1079.0,1079.0
ONEMANA RESIDENTS AND COMMUNITY ASSOCIATION INCORPORATED,Land Mobile,Simplex,VHF (30-300 MHz),1,150.3875,150.3875
ONERIRI FARM MANAGEMENT LIMITED,Land Mobile,Mobile Transmit,UHF (300 MHz-3 GHz),1,453.1938,453.1938
ONERIRI FARM MANAGEMENT LIMITED,Land Mobile,Repeater,UHF (300 MHz-3 GHz),1,458.2313,458.2313
ONETAI FARM LIMITED,Land Mobile,Mobile Transmit,UHF (300 MHz-3 GHz),1,477.325,477.325
ONETAI FARM LIMITED,Land Mobile,Repeater,UHF (300 MHz-3 GHz),1,476.575,476.575
ONGRADE DRAINAGE & EXCAVATION LIMITED,Land Mobile,Mobile Transmit,UHF (300 MHz-3 GHz),1,468.4563,468.4563
ONGRADE DRAINAGE & EXCAVATION LIMITED,Land Mobile,Repeater,UHF (300 MHz-3 GHz),1,463.2688,463.2688
ONWARD LOGGING LIMITED,Land Mobile,Simplex,VHF (30-300 MHz),1,170.8,170.8
OPEN COUNTRY DAIRY LIMITED,Land Mobile,Mobile Transmit,UHF (300 MHz-3 GHz),1,467.3688,467.3688
OPEN COUNTRY DAIRY LIMITED,Land Mobile,Repeater,UHF (300 MHz-3 GHz),1,462.1813,462.1813
ORANA PARK TRUST BOARD,Land Mobile,Mobile Transmit,VHF (30-300 MHz),1,169.1,169.1
ORANA PARK TRUST BOARD,Land Mobile,Repeater,VHF (30-300 MHz),1,164.5,164.5
ORICA NEW ZEALAND LIMITED,Land Mobile,Repeater,VHF (30-300 MHz),1,164.175,164.175
ORICA NEW ZEALAND LIMITED,Land Mobile,Mobile Transmit,VHF (30-300 MHz),1,168.775,168.775
OROKONUI ECOSANCTUARY TRUST,Land Mobile,Simplex,UHF (300 MHz-3 GHz),1,449.9313,449.9313
OROPI CONTRACTORS LIMITED,Land Mobile,Simplex,UHF (300 MHz-3 GHz),1,455.2188,455.2188
OTAGO GOLF CLUB,Land Mobile,Simplex,UHF (300 MHz-3 GHz),1,461.7188,461.7188
OTAGO POLYTECHNIC AVALANCHE PROGRAMME,Land Mobile,Simplex,UHF (300 MHz-3 GHz),1,464.9813,464.9813
OTAGO UNIVERSITY STUDENTS ASSOCIATION,Broadcasting,Unspecified,VHF (30-300 MHz),1,91.0,91.0
OTAIO COMMUNICATIONS,Land Mobile,Repeater,UHF (300 MHz-3 GHz),1,455.4438,455.4438
OTAIO COMMUNICATIONS,Land Mobile,Mobile Transmit,UHF (300 MHz-3 GHz),1,450.4063,450.4063
OTAMATEA AERO CLUB INC,Aeronautical,Base Station,VHF (30-300 MHz),1,119.1,119.1
OTUPAE STATION,Land Mobile,Mobile Transmit,VHF (30-300 MHz),1,167.1875,167.1875
OTUPAE STATION,Land Mobile,Repeater,VHF (30-300 MHz),1,162.5875,162.5875
OUTBACK NEW ZEALAND LTD,Land Mobile,Simplex,VHF (30-300 MHz),1,150.3125,150.3125
OUTLOOK FARMS LIMITED,Land Mobile,Repeater,VHF (30-300 MHz),1,164.675,164.675
OUTLOOK FARMS LIMITED,Land Mobile,Mobile Transmit,VHF (30-300 MHz),1,169.275,169.275
OUTWARD BOUND TRUST OF NEW ZEALAND,Land Mobile,Simplex,VHF (30-300 MHz),1,153.5188,153.5188
OVERHEAD SOLUTIONS LIMITED,Land Mobile,Simplex,VHF (30-300 MHz),1,166.5625,166.5625
Oranga Tamariki - Ministry for Children,Land Mobile,Simplex,UHF (300 MHz-3 GHz),1,455.0313,455.0313
P H VAN DEN BRINK LTD,Land Mobile,Simplex,UHF (300 MHz-3 GHz),1,458.3438,458.3438
PACIFIC STEEL (NZ) LIMITED,Telemetry & Telecommand,Uni-directional,UHF (300 MHz-3 GHz),1,466.8125,466.8125
PAKARAE-WHANGARA B5 PARTNERSHIP,Land Mobile,Mobile Transmit,VHF (30-300 MHz),1,168.8375,168.8375
PAKARAE-WHANGARA B5 PARTNERSHIP,Land Mobile,Repeater,VHF (30-300 MHz),1,164.2375,164.2375
PAKIHIROA STATION,Land Mobile,Mobile Transmit,VHF (30-300 MHz),1,167.7875,167.7875
PAKIHIROA STATION,Land Mobile,Repeater,VHF (30-300 MHz),1,163.1875,163.1875
PAKURANGA PLAZA LIMITED,Land Mobile,Simplex,UHF (300 MHz-3 GHz),1,488.2438,488.2438
PALMERSTON NORTH AIRPORT LIMITED,Land Mobile,Simplex,VHF (30-300 MHz),1,170.85,170.85
PALMERSTON NORTH ESPLANADE SCENIC RAILWAY INCORPORATED,Land Mobile,Mobile Transmit,VHF (30-300 MHz),1,155.1938,155.1938
PALMERSTON NORTH ESPLANADE SCENIC RAILWAY INCORPORATED,Land Mobile,Simplex,VHF (30-300 MHz),1,150.7125,150.7125
PALMERSTON NORTH ESPLANADE SCENIC RAILWAY INCORPORATED,Land Mobile,Repeater,VHF (30-300 MHz),1,151.0125,151.0125
PAPA RERERANGI I PUKETAPU LIMITED,Land Mobile,Simplex,VHF (30-300 MHz),1,165.75,165.75
PAPA RERERANGI I PUKETAPU LIMITED,Paging,Unspecified,UHF (300 MHz-3 GHz),1,458.55,458.55
PARATA ANGLICAN CHARITABLE TRUST BOARD,Paging,Unspecified,VHF (30-300 MHz),1,160.4875,160.4875
PARCELINE EXPRESS (NZ) LTD,Land Mobile,Simplex,UHF (300 MHz-3 GHz),1,464.9563,464.9563
PARFITT CONSTRUCTION LIMITED,Land Mobile,Simplex,UHF (300 MHz-3 GHz),1,464.9688,464.9688
PARKER COMMUNICATIONS LIMITED,Land Mobile,Repeater,UHF (300 MHz-3 GHz),1,455.3813,455.3813
PARKER COMMUNICATIONS LIMITED,Land Mobile,Mobile Transmit,UHF (300 MHz-3 GHz),1,450.3438,450.3438
PARKER EARTHMOVING LIMITED,Land Mobile,Simplex,VHF (30-300 MHz),1,150.625,150.625
PARKWOOD TRUST INCORPORATED,Paging,Unspecified,VHF (30-300 MHz),1,160.5875,160.5875
PARLIAMENTARY SECURITY SERVICES,Land Mobile,Simplex,UHF (300 MHz-3 GHz),1,458.6563,458.6563
PATERSON PITTS LIMITED PARTNERSHIP,Land Mobile,Mobile Transmit,UHF (300 MHz-3 GHz),1,450.4625,450.4625
PATERSON PITTS LIMITED PARTNERSHIP,Land Mobile,Repeater,UHF (300 MHz-3 GHz),1,455.5,455.5
PATUTAHI HORTICULTURE LIMITED,Land Mobile,Simplex,VHF (30-300 MHz),1,166.375,166.375
PAUL BASS INVESTIGATIONS & CONSULTANCY LIMITED,Land Mobile,Simplex,UHF (300 MHz-3 GHz),1,453.3313,453.3313
PAUL OOSTERMAN,Broadcasting,Unspecified,VHF (30-300 MHz),1,94.2,94.2
PAUL SMITH EARTHMOVING 2002 LIMITED,Land Mobile,Simplex,UHF (300 MHz-3 GHz),1,477.6438,477.6438
PB & DV HOLDINGS LIMITED,Aeronautical,Base Station,VHF (30-300 MHz),1,130.5,130.5
PDV Consultants Ltd,Land Mobile,Simplex,UHF (300 MHz-3 GHz),1,470.7563,470.7563
PEDERSEN KAWERAU LIMITED,Land Mobile,Mobile Transmit,VHF (30-300 MHz),1,155.2938,155.2938
PEDERSEN KAWERAU LIMITED,Land Mobile,Repeater,VHF (30-300 MHz),1,151.1125,151.1125
PEDERSEN KINLEITH LIMITED,Land Mobile,Simplex,VHF (30-300 MHz),1,150.6875,150.6875
PENETITO FORESTRY LIMITED,Land Mobile,Simplex,VHF (30-300 MHz),1,150.4,150.4
PENINSULA CLUB MANAGEMENT LIMITED,Paging,Unspecified,UHF (300 MHz-3 GHz),1,458.6,458.6
PENINSULA CLUB RV LIMITED,Paging,Unspecified,VHF (30-300 MHz),1,160.4375,160.4375
PENTWYN FARMS LIMITED,Land Mobile,Repeater,VHF (30-300 MHz),1,163.0875,163.0875
PENTWYN FARMS LIMITED,Land Mobile,Mobile Transmit,VHF (30-300 MHz),1,167.6875,167.6875
PENTWYN FARMS LIMITED,Land Mobile,Simplex,VHF (30-300 MHz),1,165.9625,165.9625
PETER CORCORAN CONTRACTING LTD,Land Mobile,Simplex,VHF (30-300 MHz),1,84.8,84.8
PETROLEUM LOGISTICS LIMITED,Aeronautical,Unspecified,VHF (30-300 MHz),1,133.1,133.1
PGG WRIGHTSON LTD,Land Mobile,Simplex,VHF (30-300 MHz),1,165.725,165.725
PHANTOM 2021 LIMITED,Paging,Unspecified,VHF (30-300 MHz),1,160.3375,160.3375
PHOENIX METAL RECYCLERS NZ LIMITED,Land Mobile,Simplex,UHF (300 MHz-3 GHz),1,477.6563,477.6563
PIONEER CONCRETE PUMPS LIMITED,Land Mobile,Simplex,UHF (300 MHz-3 GHz),1,482.0188,482.0188
PJ BROGDEN CONTRACTING LTD,Land Mobile,Simplex,VHF (30-300 MHz),1,150.9375,150.9375
PLATINUM CLASSIC CARS LIMITED,Land Mobile,Simplex,VHF (30-300 MHz),1,172.55,172.55
PLATINUM CLASSIC CARS LIMITED,Land Mobile,Simplex,UHF (300 MHz-3 GHz),1,461.5438,461.5438
POMEROY LOGGING LIMITED,Land Mobile,Simplex,VHF (30-300 MHz),1,150.275,150.275
PORT MARLBOROUGH NEW ZEALAND LIMITED,Land Mobile,Repeater,UHF (300 MHz-3 GHz),1,479.5438,479.5438
PORT MARLBOROUGH NEW ZEALAND LIMITED,Land Mobile,Mobile Transmit,UHF (300 MHz-3 GHz),1,473.5563,473.5563
PORT NELSON LIMITED,Telemetry & Telecommand,Uni-directional,VHF (30-300 MHz),1,160.1625,160.1625
PORT NICHOLSON ASSN RADIO LIMITED,Maritime,Mobile Transmit,VHF (30-300 MHz),1,156.125,156.125
PORT NICHOLSON ASSN RADIO LIMITED,Maritime,Repeater,VHF (30-300 MHz),1,160.725,160.725
PORT OF AUCKLAND LIMITED,Telemetry & Telecommand,Uni-directional,VHF (30-300 MHz),1,160.2875,160.2875
PORT OF NAPIER LIMITED,Fixed Link,Uni-directional,UHF (300 MHz-3 GHz),1,450.0875,450.0875
PORT OF TAURANGA LIMITED,Land Mobile,Repeater,VHF (30-300 MHz),1,153.3625,153.3625
PORT OF TAURANGA LIMITED,Land Mobile,Mobile Transmit,VHF (30-300 MHz),1,155.1438,155.1438
PORT OF TAURANGA LIMITED,Radiodetermination,Unspecified,SHF (3-30 GHz),1,9410.0,9410.0
PORT OF TAURANGA LIMITED,Telemetry & Telecommand,Uni-directional,VHF (30-300 MHz),1,160.2125,160.2125
PORT OTAGO LIMITED,Land Mobile,Simplex,VHF (30-300 MHz),1,150.2375,150.2375
PORT TARANAKI LIMITED,Telemetry & Telecommand,Uni-directional,VHF (30-300 MHz),1,160.2375,160.2375
PORTERS SKI AREA LIMITED,Land Mobile,Mobile Transmit,UHF (300 MHz-3 GHz),1,451.1563,451.1563
PORTERS SKI AREA LIMITED,Land Mobile,Repeater,UHF (300 MHz-3 GHz),1,456.1938,456.1938
POWDRELL SERVICES LTD,Land Mobile,Simplex,VHF (30-300 MHz),1,150.125,150.125
POWER FARMING WHOLESALE LIMITED,Land Mobile,Repeater,UHF (300 MHz-3 GHz),1,464.5563,464.5563
POWER FARMING WHOLESALE LIMITED,Land Mobile,Mobile Transmit,UHF (300 MHz-3 GHz),1,469.7438,469.7438
PRATT HARVESTING LTD,Land Mobile,Simplex,VHF (30-300 MHz),1,150.0625,150.0625
PRECISION CONCRETE PUMPING AND SPRAYING LIMITED,Land Mobile,Simplex,UHF (300 MHz-3 GHz),1,483.4938,483.4938
PRECISION EARTHWORKS LIMITED,Land Mobile,Simplex,VHF (30-300 MHz),1,170.35,170.35
PRESBYTERIAN SUPPORT (SOUTHLAND) - VICKERY COURT,Paging,Unspecified,VHF (30-300 MHz),1,160.3625,160.3625
PRESBYTERIAN SUPPORT SOUTHLAND - PEACEHAVEN VILLAGE,Paging,Unspecified,VHF (30-300 MHz),1,160.3625,160.3625
PRO-INVEST NZ HOTEL OPERATING 1 LIMITED,Land Mobile,Simplex,UHF (300 MHz-3 GHz),1,483.5313,483.5313
PROFESSIONAL TRAFFIC SOLUTIONS LIMITED,Land Mobile,Simplex,VHF (30-300 MHz),1,166.5,166.5
PROFOREST SERVICES LIMITED,Land Mobile,Simplex,VHF (30-300 MHz),1,150.825,150.825
PROGRESSIVE MEATS LIMITED,Land Mobile,Simplex,UHF (300 MHz-3 GHz),1,455.2438,455.2438
PTS LOGISTICS LIMITED,Land Mobile,Simplex,UHF (300 MHz-3 GHz),1,466.8813,466.8813
PU PU HYDRO SOCIETY INCORPORATED,Land Mobile,Simplex,UHF (300 MHz-3 GHz),1,466.9688,466.9688
PUBLIC TRUST,Land Mobile,Repeater,VHF (30-300 MHz),1,153.3375,153.3375
PUBLIC TRUST,Land Mobile,Mobile Transmit,VHF (30-300 MHz),1,155.1188,155.1188
PUHUNGA A10 WHAKAPAURANGI PA & CEMETERY RESERVATION,Land Mobile,Repeater,VHF (30-300 MHz),1,162.725,162.725
PUHUNGA A10 WHAKAPAURANGI PA & CEMETERY RESERVATION,Land Mobile,Mobile Transmit,VHF (30-300 MHz),1,167.325,167.325
PUKETAPU RADIO PALMERSTON CHARITABLE TRUST,Broadcasting,Unspecified,MF (300 kHz-3 MHz),1,0.756,0.756
PUKETOI CONTRACTING LIMITED,Land Mobile,Simplex,VHF (30-300 MHz),1,150.85,150.85
PURE OIL NEW ZEALAND LIMITED,Land Mobile,Simplex,UHF (300 MHz-3 GHz),1,453.6188,453.6188
PURIRI/RAKANUI LIMITED,Land Mobile,Mobile Transmit,VHF (30-300 MHz),1,169.7125,169.7125
PURIRI/RAKANUI LIMITED,Land Mobile,Repeater,VHF (30-300 MHz),1,165.1125,165.1125
PYE PEAK RADIO SPECTRUM PARK LIMITED,Land Mobile,Simplex,VHF (30-300 MHz),1,165.8,165.8
PYE PRODUCE LIMITED,Land Mobile,Simplex,VHF (30-300 MHz),1,170.8,170.8
Parengarenga Incorporation,Land Mobile,Mobile Transmit,VHF (30-300 MHz),1,155.7188,155.7188
Parengarenga Incorporation,Land Mobile,Repeater,VHF (30-300 MHz),1,151.5375,151.5375
"Patrick Borthwick, Robin Borthwick",Land Mobile,Mobile Transmit,VHF (30-300 MHz),1,168.5,168.5
"Patrick Borthwick, Robin Borthwick",Land Mobile,Repeater,VHF (30-300 MHz),1,163.9,163.9
Paul David Godolphin,Amateur,Repeater,VHF (30-300 MHz),1,144.625,144.625
Paul Swann,Land Mobile,Mobile Transmit,VHF (30-300 MHz),1,167.5375,167.5375
Paul Swann,Land Mobile,Repeater,VHF (30-300 MHz),1,162.9375,162.9375
Peter Begovich,Land Mobile,Simplex,UHF (300 MHz-3 GHz),1,477.6813,477.6813
Peter Bennetts,Land Mobile,Simplex,UHF (300 MHz-3 GHz),1,477.8688,477.8688
Peter Burke,Land Mobile,Simplex,UHF (300 MHz-3 GHz),1,482.9313,482.9313
Peter Smith,Broadcasting,Unspecified,VHF (30-300 MHz),1,105.6,105.6
Philip Garside,Amateur,Repeater,UHF (300 MHz-3 GHz),1,439.65,439.65
Philip Macey ,Land Mobile,Simplex,UHF (300 MHz-3 GHz),1,477.5563,477.5563
Philip Raymond Allan-Caulfield,Broadcasting,Unspecified,MF (300 kHz-3 MHz),1,1.449,1.449
Porirua City Council,Land Mobile,Repeater,UHF (300 MHz-3 GHz),1,464.5313,464.5313
Porirua City Council,Land Mobile,Mobile Transmit,UHF (300 MHz-3 GHz),1,469.7188,469.7188
Proprietors of Anaura,Land Mobile,Repeater,VHF (30-300 MHz),1,163.025,163.025
Proprietors of Anaura,Land Mobile,Mobile Transmit,VHF (30-300 MHz),1,167.625,167.625
Proprietors of Maraetaha No. 2 Sections 3 & 6,Land Mobile,Repeater,VHF (30-300 MHz),1,162.625,162.625
Proprietors of Maraetaha No. 2 Sections 3 & 6,Land Mobile,Mobile Transmit,VHF (30-300 MHz),1,167.225,167.225
Proprietors of Maraetaha No. 2 Sections 3 & 6,Land Mobile,Simplex,VHF (30-300 MHz),1,166.6,166.6
Proprietors of Tahora No 2C1 Section 3,Land Mobile,Repeater,VHF (30-300 MHz),1,162.9,162.9
Proprietors of Tahora No 2C1 Section 3,Land Mobile,Mobile Transmit,VHF (30-300 MHz),1,167.5,167.5
Proprietors of Tahora No 2C1 Section 3,Land Mobile,Simplex,VHF (30-300 MHz),1,170.775,170.775
Proprietors of Waitutu Incorporation,Land Mobile,Simplex,VHF (30-300 MHz),1,150.15,150.15
Public Trust,Land Mobile,Mobile Transmit,VHF (30-300 MHz),1,169.475,169.475
Public Trust,Land Mobile,Repeater,VHF (30-300 MHz),1,164.875,164.875
Q-WEST BOAT BUILDERS LIMITED,Land Mobile,Simplex,VHF (30-300 MHz),1,150.075,150.075
Q-WEST BOAT BUILDERS LIMITED,Land Mobile,Simplex,UHF (300 MHz-3 GHz),1,488.2938,488.2938
QANTAS AIRWAYS LIMITED,Aeronautical,Base Station,VHF (30-300 MHz),1,134.05,134.05
QPAM LIMITED,Paging,Unspecified,UHF (300 MHz-3 GHz),1,458.55,458.55
QUARRY & MINING SERVICES NZ LIMITED,Land Mobile,Simplex,VHF (30-300 MHz),1,171.8375,171.8375
QUEENSTOWN LAKES DISTRICT COUNCIL,Aeronautical,Base Station,VHF (30-300 MHz),1,129.1,129.1
QUEENSTOWN LAKES DISTRICT COUNCIL,Land Mobile,Simplex,VHF (30-300 MHz),1,150.1125,150.1125
QUEENSTOWN LAKES DISTRICT COUNCIL,Maritime,Repeater,VHF (30-300 MHz),1,160.85,160.85
QUEENSTOWN LAKES DISTRICT COUNCIL,Maritime,Mobile Transmit,VHF (30-300 MHz),1,156.25,156.25
R & C CONNING LIMITED,Land Mobile,Mobile Transmit,UHF (300 MHz-3 GHz),1,467.1313,467.1313
R & C CONNING LIMITED,Land Mobile,Repeater,UHF (300 MHz-3 GHz),1,461.9438,461.9438
R & L BEALE LOG TRANSPORT LIMITED,Land Mobile,Simplex,VHF (30-300 MHz),1,165.7875,165.7875
R & M SECURITY & INVESTIGATIONS LIMITED,Land Mobile,Simplex,VHF (30-300 MHz),1,150.1625,150.1625
R & R MCINTYRE CONTRACTING LIMITED,Land Mobile,Mobile Transmit,UHF (300 MHz-3 GHz),1,477.175,477.175
R & R MCINTYRE CONTRACTING LIMITED,Land Mobile,Repeater,UHF (300 MHz-3 GHz),1,476.425,476.425
R E MCDOWELL,Land Mobile,Simplex,VHF (30-300 MHz),1,150.6625,150.6625
R J TAIT,Land Mobile,Mobile Transmit,VHF (30-300 MHz),1,168.925,168.925
R J TAIT,Land Mobile,Repeater,VHF (30-300 MHz),1,164.325,164.325
R J WILKINS,Land Mobile,Simplex,VHF (30-300 MHz),1,84.275,84.275
R N LE QUESNE,Land Mobile,Simplex,VHF (30-300 MHz),1,171.425,171.425
R P S LUOSTARI,Land Mobile,Simplex,SHF (3-30 GHz),1,5880.0,5880.0
RA WHAKAPONO LOGGING LIMITED,Land Mobile,Simplex,VHF (30-300 MHz),1,166.45,166.45
RADIO ACTIVE FM LIMITED,Broadcasting,Unspecified,VHF (30-300 MHz),1,88.6,88.6
RADIO CENTRAL LIMITED,Fixed Link,Uni-directional,UHF (300 MHz-3 GHz),1,930.25,930.25
RADIO CHARITY,Broadcasting,Unspecified,MF (300 kHz-3 MHz),1,0.729,0.729
RADIO CHARITY,Broadcasting,Unspecified,VHF (30-300 MHz),1,92.3,92.3
RADIO CHARITY,Fixed Link,Uni-directional,UHF (300 MHz-3 GHz),1,461.45,461.45
RADIO ELECTRONICS GROUP,Amateur,Repeater,VHF (30-300 MHz),1,147.125,147.125
RADIO ELECTRONICS GROUP,Amateur,Repeater,UHF (300 MHz-3 GHz),1,433.875,433.875
RADIO HOKONUI LIMITED,Fixed Link,Uni-directional,UHF (300 MHz-3 GHz),1,934.75,934.75
RADIO HYDRA LIMITED,Broadcasting,Unspecified,VHF (30-300 MHz),1,105.8,105.8
RADIO HYDRA LIMITED,Land Mobile,Mobile Transmit,VHF (30-300 MHz),1,168.5125,168.5125
RADIO HYDRA LIMITED,Land Mobile,Repeater,VHF (30-300 MHz),1,163.9125,163.9125
RADIO KIDNAPPERS CHARITABLE TRUST,Broadcasting,Unspecified,MF (300 kHz-3 MHz),1,1.431,1.431
RADIO KIDNAPPERS CHARITABLE TRUST,Broadcasting,Unspecified,VHF (30-300 MHz),1,104.7,104.7
RADIO NGATI POROU CHARITABLE TRUST,Broadcasting,Unspecified,VHF (30-300 MHz),1,106.5,106.5
RAGLAN COMMUNITY MEDIA INCORPORATED,Broadcasting,Unspecified,VHF (30-300 MHz),1,98.1,98.1
RAGLAN COMMUNITY MEDIA INCORPORATED,Fixed Link,Uni-directional,UHF (300 MHz-3 GHz),1,931.75,931.75
RAINBOW SPORTS CLUB INCORPORATED,Land Mobile,Repeater,VHF (30-300 MHz),1,151.5,151.5
RAINBOW SPORTS CLUB INCORPORATED,Land Mobile,Mobile Transmit,VHF (30-300 MHz),1,155.6813,155.6813
RAINBOW STATION FARMS LIMITED,Land Mobile,Mobile Transmit,UHF (300 MHz-3 GHz),1,472.8313,472.8313
RAINBOW STATION FARMS LIMITED,Land Mobile,Repeater,VHF (30-300 MHz),1,153.15,153.15
RAINBOW STATION FARMS LIMITED,Land Mobile,Simplex,VHF (30-300 MHz),1,150.0625,150.0625
RAINBOW STATION FARMS LIMITED,Land Mobile,Mobile Transmit,VHF (30-300 MHz),1,154.9313,154.9313
RAINBOW STATION FARMS LIMITED,Land Mobile,Repeater,UHF (300 MHz-3 GHz),1,478.8188,478.8188
RAINBOWS END,Land Mobile,Mobile Transmit,UHF (300 MHz-3 GHz),1,469.6313,469.6313
RAINBOWS END,Land Mobile,Repeater,UHF (300 MHz-3 GHz),1,464.4438,464.4438
RAKAU HARVESTING LIMITED,Land Mobile,Simplex,UHF (300 MHz-3 GHz),1,477.6813,477.6813
RAKIURA CHALLENGE LIMITED,Land Mobile,Repeater,VHF (30-300 MHz),1,151.0875,151.0875
RAKIURA CHALLENGE LIMITED,Land Mobile,Mobile Transmit,VHF (30-300 MHz),1,155.2688,155.2688
RANGIORA NURSERY LIMITED,Land Mobile,Repeater,UHF (300 MHz-3 GHz),1,464.6063,464.6063
RANGIORA NURSERY LIMITED,Land Mobile,Mobile Transmit,UHF (300 MHz-3 GHz),1,469.7938,469.7938
RANGITATA HOLDINGS LIMITED,Land Mobile,Repeater,UHF (300 MHz-3 GHz),1,455.4313,455.4313
RANGITATA HOLDINGS LIMITED,Land Mobile,Mobile Transmit,UHF (300 MHz-3 GHz),1,450.3938,450.3938
RANGITATA SOUTH IRRIGATION LIMITED,Land Mobile,Repeater,UHF (300 MHz-3 GHz),1,463.25,463.25
RANGITATA SOUTH IRRIGATION LIMITED,Land Mobile,Mobile Transmit,UHF (300 MHz-3 GHz),1,468.4375,468.4375
RANGITIKEI DEVELOPMENT LIMITED,Land Mobile,Simplex,UHF (300 MHz-3 GHz),1,458.5313,458.5313
RANGITIKEI DISTRICT COUNCIL,Land Mobile,Mobile Transmit,VHF (30-300 MHz),1,167.2125,167.2125
RANGITIKEI DISTRICT COUNCIL,Land Mobile,Repeater,VHF (30-300 MHz),1,162.6125,162.6125
RANGITIKEI HELICOPTERS,Land Mobile,Simplex,VHF (30-300 MHz),1,165.7375,165.7375
RANUI FIELD RESEARCH LIMITED,Land Mobile,Simplex,UHF (300 MHz-3 GHz),1,489.0688,489.0688
RAUKAWA MEDIA CHARITABLE TRUST,Broadcasting,Unspecified,VHF (30-300 MHz),1,88.7,88.7
RAZORTRIM CIVIL LIMITED,Land Mobile,Simplex,VHF (30-300 MHz),1,171.425,171.425
REAL JOURNEYS LIMITED,Land Mobile,Simplex,HF (3-30 MHz),1,4.5244,4.5244
REAL RIDES LIMITED,Land Mobile,Simplex,UHF (300 MHz-3 GHz),1,483.0188,483.0188
REDBULL POWDER COMPANY LIMITED,Land Mobile,Simplex,VHF (30-300 MHz),1,165.925,165.925
REDSHAW LIVESTOCK LIMITED,Land Mobile,Simplex,UHF (300 MHz-3 GHz),1,483.0188,483.0188
REED CONTRACTORS LIMITED,Land Mobile,Simplex,VHF (30-300 MHz),1,150.2375,150.2375
REEFTON-BULLER BRANCH NZART,Amateur,Mobile Transmit,VHF (30-300 MHz),1,146.15,146.15
REEFTON-BULLER BRANCH NZART,Amateur,Repeater,VHF (30-300 MHz),1,146.75,146.75
REES VALLEY STATION LIMITED,Land Mobile,Simplex,VHF (30-300 MHz),1,150.6625,150.6625
REID & HARRISON (1980) LIMITED,Land Mobile,Simplex,UHF (300 MHz-3 GHz),1,466.9563,466.9563
REID EARTHWORKS LIMITED,Land Mobile,Simplex,VHF (30-300 MHz),1,172.7375,172.7375
REMOTE NETWORKS LIMITED,Land Mobile,Simplex,VHF (30-300 MHz),1,171.2125,171.2125
REMUERA GOLF CLUB INCORPORATED,Telemetry & Telecommand,Uni-directional,UHF (300 MHz-3 GHz),1,466.8125,466.8125
RESERVE BANK OF NEW ZEALAND,Land Mobile,Repeater,UHF (300 MHz-3 GHz),1,463.1313,463.1313
RESERVE BANK OF NEW ZEALAND,Land Mobile,Mobile Transmit,UHF (300 MHz-3 GHz),1,468.3188,468.3188
RESERVE BANK OF NEW ZEALAND,Land Mobile,Repeater,VHF (30-300 MHz),1,152.225,152.225
RESERVE BANK OF NEW ZEALAND,Land Mobile,Mobile Transmit,VHF (30-300 MHz),1,154.0063,154.0063
RESERVE BANK OF NEW ZEALAND,Radiodetermination,Unspecified,SHF (3-30 GHz),1,27125.0,27125.0
REVERA LIMITED,Land Mobile,Simplex,UHF (300 MHz-3 GHz),1,489.0313,489.0313
REX WOOD,Land Mobile,Simplex,VHF (30-300 MHz),1,166.7,166.7
RICHARD J SLEE,Land Mobile,Mobile Transmit,VHF (30-300 MHz),1,155.3688,155.3688
RICHARD J SLEE,Land Mobile,Repeater,VHF (30-300 MHz),1,151.1875,151.1875
RICHMOND BROOK STATION LTD,Land Mobile,Repeater,VHF (30-300 MHz),1,165.325,165.325
RICHMOND BROOK STATION LTD,Land Mobile,Mobile Transmit,VHF (30-300 MHz),1,169.925,169.925
RINGS SCENIC TOURS LIMITED,Land Mobile,Mobile Transmit,UHF (300 MHz-3 GHz),1,490.5313,490.5313
RINGS SCENIC TOURS LIMITED,Land Mobile,Repeater,UHF (300 MHz-3 GHz),1,484.5188,484.5188
RISSINGTON FARMS LIMITED,Land Mobile,Mobile Transmit,VHF (30-300 MHz),1,168.2,168.2
RISSINGTON FARMS LIMITED,Land Mobile,Repeater,VHF (30-300 MHz),1,163.6,163.6
RITCHIE CIVIL LIMITED,Land Mobile,Simplex,VHF (30-300 MHz),1,166.575,166.575
RITCHIES TRANSPORT HOLDINGS LIMITED,Land Mobile,Simplex,UHF (300 MHz-3 GHz),1,489.3188,489.3188
RIVER CITY PORT LIMITED,Maritime,Unspecified,HF (3-30 MHz),1,4.1264,4.1264
RIVER SAFARIS LTD,Land Mobile,Repeater,VHF (30-300 MHz),1,151.0125,151.0125
RIVER SAFARIS LTD,Land Mobile,Mobile Transmit,VHF (30-300 MHz),1,155.1938,155.1938
RIVER VALLEY VENTURES LTD,Land Mobile,Mobile Transmit,VHF (30-300 MHz),1,167.35,167.35
RIVER VALLEY VENTURES LTD,Land Mobile,Repeater,VHF (30-300 MHz),1,162.75,162.75
RIVERCITY CABS (1996) LIMITED,Land Mobile,Simplex,VHF (30-300 MHz),1,150.7875,150.7875
RIVERLANDS ELTHAM LTD,Land Mobile,Mobile Transmit,UHF (300 MHz-3 GHz),1,469.5688,469.5688
RIVERLANDS ELTHAM LTD,Land Mobile,Repeater,UHF (300 MHz-3 GHz),1,464.3813,464.3813
RIVERLANDS MANAWATU LIMITED,Land Mobile,Simplex,UHF (300 MHz-3 GHz),1,466.9563,466.9563
RIVERTON COAST GUARD INCORPORATED,Maritime,Mobile Transmit,VHF (30-300 MHz),1,156.1,156.1
RIVERTON COAST GUARD INCORPORATED,Maritime,Repeater,VHF (30-300 MHz),1,160.7,160.7
RJS LICORICE (NZ) LIMITED,Land Mobile,Simplex,UHF (300 MHz-3 GHz),1,489.8563,489.8563
RMJ HAULAGE LIMITED,Land Mobile,Simplex,VHF (30-300 MHz),1,150.1,150.1
RN & MW PROFFIT,Land Mobile,Repeater,UHF (300 MHz-3 GHz),1,478.5438,478.5438
RN & MW PROFFIT,Land Mobile,Mobile Transmit,UHF (300 MHz-3 GHz),1,472.5563,472.5563
ROADMARKING SERVICES LTD,Land Mobile,Simplex,UHF (300 MHz-3 GHz),1,453.4188,453.4188
ROADWORX LTD,Land Mobile,Simplex,VHF (30-300 MHz),1,150.725,150.725
ROBBINS CONTRACTING LIMITED,Land Mobile,Simplex,VHF (30-300 MHz),1,172.95,172.95
ROBERT ALISON CONTRACTING LTD,Land Mobile,Repeater,VHF (30-300 MHz),1,163.0125,163.0125
ROBERT ALISON CONTRACTING LTD,Land Mobile,Mobile Transmit,VHF (30-300 MHz),1,167.6125,167.6125
ROBERTS AGRICULTURE LIMITED,Land Mobile,Simplex,UHF (300 MHz-3 GHz),1,466.9188,466.9188
ROBERTS TREE SURGEONS LIMITED,Land Mobile,Simplex,VHF (30-300 MHz),1,166.0875,166.0875
ROBINSON CONTRACTORS (2016) LIMITED,Land Mobile,Simplex,VHF (30-300 MHz),1,166.6375,166.6375
ROBINSON FOREST MANAGEMENT LIMITED,Land Mobile,Simplex,VHF (30-300 MHz),1,150.3,150.3
ROCHE FARMING LIMITED,Land Mobile,Simplex,VHF (30-300 MHz),1,166.525,166.525
ROCHE HOLDINGS LIMITED,Land Mobile,Simplex,VHF (30-300 MHz),1,150.3875,150.3875
ROCKET LAB LIMITED,Maritime,Repeater,VHF (30-300 MHz),1,160.95,160.95
ROCKET LAB LIMITED,Maritime,Mobile Transmit,VHF (30-300 MHz),1,156.35,156.35
ROCKET SCAFFOLDING LIMITED,Land Mobile,Simplex,VHF (30-300 MHz),1,150.3625,150.3625
RODNEY CO-OPERATIVE LIME COMPANY LIMITED,Land Mobile,Simplex,UHF (300 MHz-3 GHz),1,476.3188,476.3188
ROHLIG NEW ZEALAND LIMITED,Land Mobile,Simplex,UHF (300 MHz-3 GHz),1,458.3563,458.3563
RONAYNE TRANSPORT LIMITED,Land Mobile,Simplex,UHF (300 MHz-3 GHz),1,455.0063,455.0063
ROSVALL SAWMILL LTD,Land Mobile,Simplex,VHF (30-300 MHz),1,150.075,150.075
ROTOKARE SCENIC RESERVE TRUST,Land Mobile,Mobile Transmit,UHF (300 MHz-3 GHz),1,477.3,477.3
ROTOKARE SCENIC RESERVE TRUST,Land Mobile,Repeater,UHF (300 MHz-3 GHz),1,476.55,476.55
ROTOR FORCE NZ LIMITED,Land Mobile,Simplex,VHF (30-300 MHz),1,150.1875,150.1875
ROTORUA BRANCH 33 (NZART) INC,Amateur,Repeater,UHF (300 MHz-3 GHz),1,430.0375,430.0375
ROTORUA GOSPEL BROADCASTING CHARITABLE TRUST,Broadcasting,Unspecified,VHF (30-300 MHz),1,104.7,104.7
ROTORUA GOSPEL BROADCASTING CHARITABLE TRUST,Fixed Link,Uni-directional,UHF (300 MHz-3 GHz),1,847.25,847.25
ROTORUA LAKES VOLUNTEER COASTGUARD INC,Maritime,Mobile Transmit,VHF (30-300 MHz),1,156.225,156.225
ROTORUA LAKES VOLUNTEER COASTGUARD INC,Maritime,Repeater,VHF (30-300 MHz),1,160.825,160.825
ROTORUA STOCKCAR CLUB INCORPORATED,Land Mobile,Simplex,UHF (300 MHz-3 GHz),1,449.9563,449.9563
ROUNDHAY MANAGEMENT SERVICES LTD,Paging,Unspecified,VHF (30-300 MHz),1,160.3375,160.3375
ROYAL NEW ZEALAND COASTGUARD INCORPORATED,Fixed Link,Uni-directional,VHF (30-300 MHz),1,166.9375,166.9375
ROYAL NEW ZEALAND YACHT SQUADRON,Land Mobile,Simplex,VHF (30-300 MHz),1,166.4,166.4
RT NORTH LIMITED,Land Mobile,Simplex,VHF (30-300 MHz),1,166.0625,166.0625
RTB HELI LIMITED,Land Mobile,Simplex,VHF (30-300 MHz),1,172.75,172.75
RUANUI STATION (1989) LIMITED,Land Mobile,Repeater,VHF (30-300 MHz),1,165.0375,165.0375
RUANUI STATION (1989) LIMITED,Land Mobile,Mobile Transmit,VHF (30-300 MHz),1,169.6375,169.6375
RUAPEHU MASONIC ASSOCIATION TRUST,Paging,Unspecified,VHF (30-300 MHz),1,160.5625,160.5625
RUAPEHU WORX LIMITED PARTNERSHIP,Land Mobile,Simplex,VHF (30-300 MHz),1,153.4938,153.4938
RURAL AIR WORK LIMITED,Land Mobile,Simplex,VHF (30-300 MHz),1,172.7625,172.7625
RURAL CONNECTIVITY GROUP LIMITED,Satellite & Space,Unspecified,Unknown,1,,
RURAL CONNECTIVITY GROUP LIMITED,Satellite & Space,Unspecified,SHF (3-30 GHz),1,6205.0,6205.0
RURAL EQUITIES LIMITED,Land Mobile,Repeater,UHF (300 MHz-3 GHz),1,479.9313,479.9313
RURAL EQUITIES LIMITED,Land Mobile,Mobile Transmit,UHF (300 MHz-3 GHz),1,473.9438,473.9438
RURAL INTERNET NEW ZEALAND LIMITED,Land Mobile,Repeater,UHF (300 MHz-3 GHz),1,458.3313,458.3313
RURAL INTERNET NEW ZEALAND LIMITED,Land Mobile,Mobile Transmit,UHF (300 MHz-3 GHz),1,453.2938,453.2938
RURAL VENTURES LIMITED,Land Mobile,Simplex,VHF (30-300 MHz),1,166.3375,166.3375
RUSEC LIMITED,Land Mobile,Simplex,VHF (30-300 MHz),1,153.5813,153.5813
RUSS TREE SERVICES LIMITED,Land Mobile,Simplex,VHF (30-300 MHz),1,171.3375,171.3375
RWB COMMUNICATIONS LIMITED,Land Mobile,Simplex,VHF (30-300 MHz),1,165.725,165.725
RYAL BUSH TRANSPORT LIMITED,Land Mobile,Simplex,UHF (300 MHz-3 GHz),1,455.0188,455.0188
RZG CONSTRUCTION LIMITED,Land Mobile,Mobile Transmit,UHF (300 MHz-3 GHz),1,469.3188,469.3188
RZG CONSTRUCTION LIMITED,Land Mobile,Repeater,UHF (300 MHz-3 GHz),1,464.1313,464.1313
Radio Warehouse Pty Ltd,Land Mobile,Simplex,UHF (300 MHz-3 GHz),1,461.5313,461.5313
Rangitata Diversion Race Management Ltd,Land Mobile,Simplex,VHF (30-300 MHz),1,150.3875,150.3875
Rathkeale College,Land Mobile,Simplex,UHF (300 MHz-3 GHz),1,483.7063,483.7063
Raymond Hart,Land Mobile,Simplex,UHF (300 MHz-3 GHz),1,489.8688,489.8688
Raymond Joseph Strickoff,Amateur,Repeater,VHF (30-300 MHz),1,147.25,147.25
Raymond Joseph Strickoff,Amateur,Mobile Transmit,VHF (30-300 MHz),1,147.85,147.85
Raymond Joseph Strickoff,Amateur,Repeater,UHF (300 MHz-3 GHz),1,439.775,439.775
Raymond Joseph Strickoff,Amateur,Mobile Transmit,UHF (300 MHz-3 GHz),1,434.775,434.775
Resene Paints Limited,Land Mobile,Simplex,UHF (300 MHz-3 GHz),1,489.8563,489.8563
"Richard Busby, Janet Busby, Allan de Lautour",Land Mobile,Mobile Transmit,VHF (30-300 MHz),1,169.6625,169.6625
"Richard Busby, Janet Busby, Allan de Lautour",Land Mobile,Repeater,VHF (30-300 MHz),1,165.0625,165.0625
Ricky J HUNTINGTON,Land Mobile,Simplex,VHF (30-300 MHz),1,159.6875,159.6875
Rob & Jean Ennor Family Trust,Land Mobile,Repeater,VHF (30-300 MHz),1,163.4375,163.4375
Rob & Jean Ennor Family Trust,Land Mobile,Mobile Transmit,VHF (30-300 MHz),1,168.0375,168.0375
Robert JEFFARES,Broadcasting,Unspecified,MF (300 kHz-3 MHz),1,1.17,1.17
Robert Liverton,Land Mobile,Repeater,VHF (30-300 MHz),1,163.9875,163.9875
Robert Liverton,Land Mobile,Mobile Transmit,VHF (30-300 MHz),1,168.5875,168.5875
Robin Carter,Land Mobile,Simplex,VHF (30-300 MHz),1,150.925,150.925
Robin Carter,Land Mobile,Repeater,VHF (30-300 MHz),1,151.8625,151.8625
Robin Carter,Land Mobile,Mobile Transmit,VHF (30-300 MHz),1,153.6438,153.6438
Robyn Lynne,Land Mobile,Simplex,UHF (300 MHz-3 GHz),1,477.8688,477.8688
Roger Utting,Land Mobile,Mobile Transmit,VHF (30-300 MHz),1,169.8375,169.8375
Roger Utting,Land Mobile,Repeater,VHF (30-300 MHz),1,165.2375,165.2375
Ross Bolt,Land Mobile,Simplex,VHF (30-300 MHz),1,166.2,166.2
Ross Walker,Amateur,Repeater,VHF (30-300 MHz),1,146.975,146.975
Ross Walker,Amateur,Mobile Transmit,VHF (30-300 MHz),1,146.375,146.375
Ruatahuna A Ahu Whenua Trust,Land Mobile,Repeater,VHF (30-300 MHz),1,164.075,164.075
Ruatahuna A Ahu Whenua Trust,Land Mobile,Mobile Transmit,VHF (30-300 MHz),1,168.675,168.675
Rudy Van Het Wout,Land Mobile,Simplex,UHF (300 MHz-3 GHz),1,483.5063,483.5063
Russell King,Land Mobile,Mobile Transmit,UHF (300 MHz-3 GHz),1,477.275,477.275
Russell King,Land Mobile,Repeater,UHF (300 MHz-3 GHz),1,476.525,476.525
Russell McClean,Land Mobile,Mobile Transmit,UHF (300 MHz-3 GHz),1,452.8563,452.8563
Russell McClean,Land Mobile,Repeater,UHF (300 MHz-3 GHz),1,457.8938,457.8938
Russell McKenzie,Land Mobile,Simplex,UHF (300 MHz-3 GHz),1,464.8688,464.8688
Russell Watson,Amateur,Repeater,VHF (30-300 MHz),1,146.85,146.85
Russell Watson,Amateur,Mobile Transmit,VHF (30-300 MHz),1,146.25,146.25
S & D CONTRACTING SERVICES LIMITED,Land Mobile,Simplex,VHF (30-300 MHz),1,171.425,171.425
S N BEAMISH & CO LIMITED,Land Mobile,Mobile Transmit,VHF (30-300 MHz),1,167.475,167.475
S N BEAMISH & CO LIMITED,Land Mobile,Repeater,VHF (30-300 MHz),1,162.875,162.875
S THOMPSON LOG CARTAGE LIMITED,Land Mobile,Simplex,VHF (30-300 MHz),1,166.5,166.5
S.C.F GROUP (NZ) LIMITED,Land Mobile,Simplex,UHF (300 MHz-3 GHz),1,466.9563,466.9563
SAM CONTRACTING 2000 LIMITED,Land Mobile,Repeater,VHF (30-300 MHz),1,164.8,164.8
SAM CONTRACTING 2000 LIMITED,Land Mobile,Mobile Transmit,VHF (30-300 MHz),1,169.4,169.4
SANDERS CONTRACTING LIMITED,Land Mobile,Simplex,VHF (30-300 MHz),1,165.75,165.75
SANDFORD BROS LTD,Land Mobile,Simplex,UHF (300 MHz-3 GHz),1,453.5188,453.5188
SANFORD LIMITED,Land Mobile,Simplex,VHF (30-300 MHz),1,84.2125,84.2125
SANFORD LIMITED,Land Mobile,Simplex,UHF (300 MHz-3 GHz),1,453.4813,453.4813
SCHERING-PLOUGH ANIMAL HEALTH LTD,Paging,Unspecified,HF (3-30 MHz),1,27.078,27.078
SCOBIES TRANSPORT LIMITED,Land Mobile,Repeater,VHF (30-300 MHz),1,151.6,151.6
SCOBIES TRANSPORT LIMITED,Land Mobile,Simplex,VHF (30-300 MHz),1,153.5188,153.5188
SCOBIES TRANSPORT LIMITED,Land Mobile,Mobile Transmit,VHF (30-300 MHz),1,155.7813,155.7813
SCOTT INSTALLATION LIMITED,Land Mobile,Simplex,VHF (30-300 MHz),1,153.5938,153.5938
SD and IM PAGET,Land Mobile,Repeater,VHF (30-300 MHz),1,163.25,163.25
SD and IM PAGET,Land Mobile,Mobile Transmit,VHF (30-300 MHz),1,167.85,167.85
SEADRAGON MARINE OILS LIMITED,Land Mobile,Repeater,UHF (300 MHz-3 GHz),1,478.0313,478.0313
SEADRAGON MARINE OILS LIMITED,Land Mobile,Mobile Transmit,UHF (300 MHz-3 GHz),1,472.0438,472.0438
SEALED AIR (NEW ZEALAND),Land Mobile,Repeater,UHF (300 MHz-3 GHz),1,464.1063,464.1063
SEALED AIR (NEW ZEALAND),Land Mobile,Mobile Transmit,UHF (300 MHz-3 GHz),1,469.2938,469.2938
SEALORD GROUP LTD,Telemetry & Telecommand,Uni-directional,UHF (300 MHz-3 GHz),1,471.4,471.4
SECURI-COM LTD,Land Mobile,Mobile Transmit,UHF (300 MHz-3 GHz),1,469.6188,469.6188
SELWYN FOUNDATION,Fixed Link,Bi-directional,UHF (300 MHz-3 GHz),1,458.8625,458.8625
SELWYN WAIKATO LIMITED,Paging,Unspecified,VHF (30-300 MHz),1,160.3375,160.3375
SEPCLEAN LIMITED,Land Mobile,Simplex,VHF (30-300 MHz),1,165.975,165.975
SEVENTH-DAY ADVENTIST CHURCH PROPERTY TRUSTEE (NZ) LIMITED,Land Mobile,Mobile Transmit,VHF (30-300 MHz),1,168.8,168.8
SEVENTH-DAY ADVENTIST CHURCH PROPERTY TRUSTEE (NZ) LIMITED,Land Mobile,Repeater,VHF (30-300 MHz),1,164.2,164.2
SHADES FARMING LIMITED,Land Mobile,Simplex,VHF (30-300 MHz),1,172.7625,172.7625
SHADOWLAND EXPEDITIONS LIMITED,Land Mobile,Simplex,HF (3-30 MHz),1,5.4714,5.4714
SHADOWLAND EXPEDITIONS LIMITED,Maritime,Unspecified,HF (3-30 MHz),1,4.4184,4.4184
SHANE BROOKS CONTRACTING LIMITED,Land Mobile,Simplex,VHF (30-300 MHz),1,166.6875,166.6875
SHOTOVER JET QUEENSTOWN LTD,Land Mobile,Mobile Transmit,VHF (30-300 MHz),1,155.4813,155.4813
SHOTOVER JET QUEENSTOWN LTD,Land Mobile,Repeater,VHF (30-300 MHz),1,151.3,151.3
SHUREVIEW RADIO & TELEVISION SERVICING LTD,Broadcasting,Unspecified,MF (300 kHz-3 MHz),1,1.548,1.548
SHUREVIEW RADIO & TELEVISION SERVICING LTD,Broadcasting,Unspecified,UHF (300 MHz-3 GHz),1,522.0,522.0
SHUREVIEW RADIO & TELEVISION SERVICING LTD,Fixed Link,Uni-directional,SHF (3-30 GHz),1,7955.25,7955.25
SIGNALS NZ 2025 LIMITED,Maritime,Unspecified,VHF (30-300 MHz),1,156.675,156.675
SIGNALS NZ LIMITED,Land Mobile,Mobile Transmit,VHF (30-300 MHz),1,169.7125,169.7125
SILVERTON PASTORAL LIMITED,Land Mobile,Simplex,VHF (30-300 MHz),1,153.5188,153.5188
SIMSMETAL INDUSTRIES LIMITED,Land Mobile,Simplex,VHF (30-300 MHz),1,166.0,166.0
SISAM & SONS LIMITED,Land Mobile,Repeater,VHF (30-300 MHz),1,162.5875,162.5875
SISAM & SONS LIMITED,Land Mobile,Simplex,VHF (30-300 MHz),1,166.2,166.2
SISAM & SONS LIMITED,Land Mobile,Mobile Transmit,VHF (30-300 MHz),1,167.1875,167.1875
SITEWORX CIVIL LIMITED,Land Mobile,Simplex,VHF (30-300 MHz),1,166.4875,166.4875
SKIPPERS CANYON JET LTD,Maritime,Mobile Transmit,VHF (30-300 MHz),1,156.025,156.025
SKIPPERS CANYON JET LTD,Maritime,Repeater,VHF (30-300 MHz),1,160.625,160.625
SKY CITY AUCKLAND LTD,Paging,Unspecified,VHF (30-300 MHz),1,158.025,158.025
SKY NETWORK TELEVISION LIMITED,Satellite & Space,Unspecified,Unknown,1,,
SKYLINE SKYRIDES LIMITED,Land Mobile,Repeater,UHF (300 MHz-3 GHz),1,462.6438,462.6438
SKYLINE SKYRIDES LIMITED,Land Mobile,Mobile Transmit,UHF (300 MHz-3 GHz),1,467.8313,467.8313
SKYNET LIMITED,Land Mobile,Simplex,VHF (30-300 MHz),1,150.15,150.15
SKYWORK HELICOPTERS LTD,Land Mobile,Mobile Transmit,VHF (30-300 MHz),1,169.375,169.375
SKYWORK HELICOPTERS LTD,Land Mobile,Repeater,VHF (30-300 MHz),1,164.775,164.775
SMARTECARTE,Land Mobile,Simplex,UHF (300 MHz-3 GHz),1,483.1063,483.1063
SMH LOGGING LIMITED,Land Mobile,Simplex,VHF (30-300 MHz),1,150.75,150.75
SMYTH LOGGING LIMITED,Land Mobile,Simplex,VHF (30-300 MHz),1,171.175,171.175
SOLLY'S FREIGHT (1978 LTD,Land Mobile,Repeater,UHF (300 MHz-3 GHz),1,455.5063,455.5063
SOLLY'S FREIGHT (1978 LTD,Land Mobile,Mobile Transmit,UHF (300 MHz-3 GHz),1,450.4688,450.4688
SONOVA NEW ZEALAND (WHOLESALE) LIMITED,Land Mobile,Simplex,HF (3-30 MHz),1,10.7,10.7
SONOVA NEW ZEALAND (WHOLESALE) LIMITED,Land Mobile,Simplex,VHF (30-300 MHz),1,49.0,49.0
SOUNDS AIR TRAVEL AND TOURISM LIMITED,Aeronautical,Base Station,VHF (30-300 MHz),1,131.05,131.05
SOUTH AUCKLAND CRANE HIRE LTD,Land Mobile,Simplex,UHF (300 MHz-3 GHz),1,488.3063,488.3063
SOUTH CANTERBURY CAR CLUB (INC),Land Mobile,Simplex,VHF (30-300 MHz),1,150.2625,150.2625
SOUTH ISLAND SEED DRESSING & STORAGE CO LTD,Land Mobile,Simplex,UHF (300 MHz-3 GHz),1,449.8188,449.8188
SOUTH PACIFIC MEATS LIMITED,Land Mobile,Repeater,UHF (300 MHz-3 GHz),1,464.7438,464.7438
SOUTH PACIFIC MEATS LIMITED,Land Mobile,Mobile Transmit,UHF (300 MHz-3 GHz),1,469.9313,469.9313
SOUTH PACIFIC MOTORCYCLE TOURS LIMITED,Land Mobile,Simplex,UHF (300 MHz-3 GHz),1,476.3313,476.3313
SOUTH PACIFIC PICTURES LIMITED,Land Mobile,Mobile Transmit,UHF (300 MHz-3 GHz),1,467.7938,467.7938
SOUTH PACIFIC PICTURES LIMITED,Land Mobile,Repeater,UHF (300 MHz-3 GHz),1,462.6063,462.6063
SOUTH PORT NEW ZEALAND LIMITED,Fixed Link,Uni-directional,UHF (300 MHz-3 GHz),1,449.4188,449.4188
SOUTH PORT NEW ZEALAND LIMITED,Telemetry & Telecommand,Uni-directional,UHF (300 MHz-3 GHz),1,466.8125,466.8125
SOUTH WAIKATO DISTRICT COUNCIL,Aeronautical,Base Station,VHF (30-300 MHz),1,119.1,119.1
SOUTH WAIKATO DISTRICT COUNCIL,Land Mobile,Simplex,MF (300 kHz-3 MHz),1,2.0194,2.0194
SOUTHERN ALPS GUIDING LIMITED,Land Mobile,Mobile Transmit,VHF (30-300 MHz),1,169.5375,169.5375
SOUTHERN ALPS GUIDING LIMITED,Land Mobile,Repeater,VHF (30-300 MHz),1,164.9375,164.9375
SOUTHERN BROADCAST LIMITED,Fixed Link,Uni-directional,UHF (300 MHz-3 GHz),1,930.25,930.25
SOUTHERN CROSS HOSPITALS LIMITED,Paging,Unspecified,VHF (30-300 MHz),1,160.4625,160.4625
SOUTHERN HORTICULTURAL PRODUCTS LTD,Land Mobile,Simplex,UHF (300 MHz-3 GHz),1,455.1688,455.1688
SOUTHERN LAKES HELICOPTERS LIMITED,Aeronautical,Base Station,VHF (30-300 MHz),1,119.1,119.1
SOUTHERN WAIRARAPA BRANCH NZART,Amateur,Repeater,VHF (30-300 MHz),1,147.15,147.15
SOUTHERN WAIRARAPA BRANCH NZART,Amateur,Mobile Transmit,VHF (30-300 MHz),1,147.75,147.75
SOUTHLAND COMMUNITY BROADCASTERS CHARITABLE TRUST,Fixed Link,Uni-directional,UHF (300 MHz-3 GHz),1,928.75,928.75
SOUTHLAND DISTRICT COUNCIL,Land Mobile,Mobile Transmit,VHF (30-300 MHz),1,168.275,168.275
SOUTHLAND DISTRICT COUNCIL,Land Mobile,Repeater,VHF (30-300 MHz),1,163.675,163.675
SOUTHLAND SPORTS CAR CLUB INC,Land Mobile,Mobile Transmit,UHF (300 MHz-3 GHz),1,467.6438,467.6438
SOUTHLAND SPORTS CAR CLUB INC,Land Mobile,Repeater,UHF (300 MHz-3 GHz),1,462.4563,462.4563
SOUTHROADS LTD,Land Mobile,Simplex,UHF (300 MHz-3 GHz),1,449.9313,449.9313
SPACE OPERATIONS NEW ZEALAND LIMITED,Fixed Link,Uni-directional,UHF (300 MHz-3 GHz),1,450.1375,450.1375
SPACE OPERATIONS NEW ZEALAND LIMITED,Satellite & Space,Unspecified,Unknown,1,,
SPECIALISED CONTAINER SERVICES(AUCK) LTD,Land Mobile,Mobile Transmit,UHF (300 MHz-3 GHz),1,467.6438,467.6438
SPEEDWAY NEW ZEALAND INCORPORATED,Land Mobile,Simplex,UHF (300 MHz-3 GHz),1,455.0563,455.0563
SPEIGHT DRILLING LIMITED,Land Mobile,Simplex,VHF (30-300 MHz),1,170.8,170.8
SPEIGHT DRILLING LIMITED,Land Mobile,Mobile Transmit,VHF (30-300 MHz),1,168.05,168.05
SPEIGHT DRILLING LIMITED,Land Mobile,Repeater,VHF (30-300 MHz),1,163.45,163.45
SPRAY MARKS ROAD MARKING LTD,Land Mobile,Simplex,UHF (300 MHz-3 GHz),1,458.3813,458.3813
SRG GLOBAL ASSET SERVICES (NZ) LTD,Land Mobile,Simplex,VHF (30-300 MHz),1,150.925,150.925
SRG GLOBAL ASSET SERVICES (NZ) LTD,Land Mobile,Simplex,UHF (300 MHz-3 GHz),1,470.8188,470.8188
SRS NEW ZEALAND LIMITED,Land Mobile,Simplex,UHF (300 MHz-3 GHz),1,466.8813,466.8813
ST ALBANS RETIREMENT HOME LTD,Paging,Unspecified,VHF (30-300 MHz),1,160.5625,160.5625
ST ANDREWS COLLEGE,Land Mobile,Mobile Transmit,VHF (30-300 MHz),1,155.3813,155.3813
ST ANDREWS COLLEGE,Land Mobile,Simplex,VHF (30-300 MHz),1,153.5063,153.5063
ST ANDREWS COLLEGE,Land Mobile,Repeater,VHF (30-300 MHz),1,151.2,151.2
ST GEORGE'S HOSPITAL INCORPORATED,Land Mobile,Mobile Transmit,UHF (300 MHz-3 GHz),1,467.0313,467.0313
ST GEORGE'S HOSPITAL INCORPORATED,Land Mobile,Repeater,UHF (300 MHz-3 GHz),1,461.8438,461.8438
ST GEORGES HOSPITAL,Paging,Unspecified,VHF (30-300 MHz),1,160.5875,160.5875
ST LUKES SHOPPING CENTRE,Land Mobile,Repeater,UHF (300 MHz-3 GHz),1,463.4563,463.4563
ST LUKES SHOPPING CENTRE,Land Mobile,Simplex,UHF (300 MHz-3 GHz),1,470.75,470.75
ST LUKES SHOPPING CENTRE,Land Mobile,Mobile Transmit,UHF (300 MHz-3 GHz),1,468.6438,468.6438
ST LUKES SHOPPING CENTRE,Paging,Unspecified,VHF (30-300 MHz),1,160.4875,160.4875
STAND CHILDREN'S SERVICES - TU MAAIA WHANUA,Land Mobile,Simplex,UHF (300 MHz-3 GHz),1,482.1563,482.1563
STEELSERV LIMITED,Paging,Unspecified,UHF (300 MHz-3 GHz),1,458.55,458.55
STEVENSON AGGREGATES LIMITED,Land Mobile,Mobile Transmit,VHF (30-300 MHz),1,169.9,169.9
STEVENSON AGGREGATES LIMITED,Land Mobile,Repeater,VHF (30-300 MHz),1,165.3,165.3
STEVENSON CONSTRUCTION MATERIALS LIMITED,Land Mobile,Simplex,UHF (300 MHz-3 GHz),1,470.825,470.825
STEVENSON MINING LIMITED,Fixed Link,Uni-directional,UHF (300 MHz-3 GHz),1,450.0875,450.0875
STOKE VOLUNTEER FIRE BRIGADE,Paging,Unspecified,VHF (30-300 MHz),1,160.5375,160.5375
STOKES VALLEY REFUEL LIMITED,Land Mobile,Simplex,UHF (300 MHz-3 GHz),1,458.3438,458.3438
STONEY CREEK (EST 1994) LIMITED,Land Mobile,Mobile Transmit,VHF (30-300 MHz),1,168.525,168.525
STONEY CREEK (EST 1994) LIMITED,Land Mobile,Repeater,VHF (30-300 MHz),1,163.925,163.925
STORM LOGGING LTD,Land Mobile,Simplex,VHF (30-300 MHz),1,171.1,171.1
STORY FARMING LIMITED,Land Mobile,Mobile Transmit,VHF (30-300 MHz),1,169.7,169.7
STORY FARMING LIMITED,Land Mobile,Repeater,VHF (30-300 MHz),1,165.1,165.1
STRATFORD DISTRICT COUNCIL,Land Mobile,Repeater,UHF (300 MHz-3 GHz),1,456.0063,456.0063
STRATFORD DISTRICT COUNCIL,Land Mobile,Mobile Transmit,UHF (300 MHz-3 GHz),1,450.9688,450.9688
STRATFORD DISTRICT COUNCIL,Land Mobile,Simplex,UHF (300 MHz-3 GHz),1,489.6063,489.6063
STRATOSPHERICS LIMITED,Satellite & Space,Unspecified,UHF (300 MHz-3 GHz),1,2090.45,2090.45
STRAVON SAFARIS LIMITED,Land Mobile,Mobile Transmit,VHF (30-300 MHz),1,169.0594,169.0594
STRAVON SAFARIS LIMITED,Land Mobile,Repeater,VHF (30-300 MHz),1,164.4594,164.4594
STRAWBERRY SOUND LTD,Land Mobile,Simplex,UHF (300 MHz-3 GHz),1,453.3688,453.3688
STRIDE HOLDINGS LIMITED,Land Mobile,Repeater,UHF (300 MHz-3 GHz),1,463.1063,463.1063
STRIDE HOLDINGS LIMITED,Land Mobile,Mobile Transmit,UHF (300 MHz-3 GHz),1,468.2938,468.2938
STRUCTURAL COATINGS SERVICES LIMITED,Land Mobile,Simplex,UHF (300 MHz-3 GHz),1,465.0063,465.0063
SUNAIR AVIATION LTD,Aeronautical,Base Station,VHF (30-300 MHz),1,133.15,133.15
SUNSHINE SERVICE INCORPORATED,Land Mobile,Simplex,VHF (30-300 MHz),1,84.9,84.9
SUNWORTH LIMITED,Land Mobile,Mobile Transmit,VHF (30-300 MHz),1,169.7375,169.7375
SUNWORTH LIMITED,Land Mobile,Repeater,VHF (30-300 MHz),1,165.1375,165.1375
SUPER AIR LIMITED,Land Mobile,Simplex,UHF (300 MHz-3 GHz),1,471.6813,471.6813
SUPER AIR LIMITED,Land Mobile,Simplex,VHF (30-300 MHz),1,150.2375,150.2375
SUPERCARS OF NZ LIMITED,Land Mobile,Simplex,UHF (300 MHz-3 GHz),1,482.0313,482.0313
SW JONES & CO LTD,Land Mobile,Simplex,VHF (30-300 MHz),1,150.075,150.075
SWD WASTEWATER & DRAINAGE LIMITED,Land Mobile,Simplex,VHF (30-300 MHz),1,166.65,166.65
SWISSPORT NEW ZEALAND LIMITED,Land Mobile,Repeater,UHF (300 MHz-3 GHz),1,464.3688,464.3688
SWISSPORT NEW ZEALAND LIMITED,Land Mobile,Simplex,UHF (300 MHz-3 GHz),1,453.4688,453.4688
SWISSPORT NEW ZEALAND LIMITED,Land Mobile,Mobile Transmit,UHF (300 MHz-3 GHz),1,469.5563,469.5563
SWITCHBUILD LIMITED,Land Mobile,Simplex,UHF (300 MHz-3 GHz),1,458.4563,458.4563
SWITZERS VALLEY TRANSPORT LTD,Land Mobile,Repeater,UHF (300 MHz-3 GHz),1,476.6,476.6
SWITZERS VALLEY TRANSPORT LTD,Land Mobile,Mobile Transmit,UHF (300 MHz-3 GHz),1,477.35,477.35
"Saira Bano SAHIL, Zahina SAHIL",Broadcasting,Unspecified,MF (300 kHz-3 MHz),1,0.99,0.99
Shane Parsons,Land Mobile,Simplex,UHF (300 MHz-3 GHz),1,483.7438,483.7438
Simon Bennett,Land Mobile,Repeater,VHF (30-300 MHz),1,165.025,165.025
Simon Bennett,Land Mobile,Mobile Transmit,VHF (30-300 MHz),1,169.625,169.625
Sole Logging Limited,Land Mobile,Repeater,VHF (30-300 MHz),1,152.1625,152.1625
Sole Logging Limited,Land Mobile,Mobile Transmit,VHF (30-300 MHz),1,153.9438,153.9438
South Taranaki Branch 87  NZART (Inc),Amateur,Mobile Transmit,UHF (300 MHz-3 GHz),1,433.8,433.8
South Taranaki Branch 87  NZART (Inc),Amateur,Repeater,UHF (300 MHz-3 GHz),1,438.8,438.8
South Wairarapa District Council,Land Mobile,Repeater,UHF (300 MHz-3 GHz),1,457.15,457.15
South Wairarapa District Council,Land Mobile,Mobile Transmit,UHF (300 MHz-3 GHz),1,452.1125,452.1125
Southern Cross Campus,Land Mobile,Mobile Transmit,UHF (300 MHz-3 GHz),1,473.5438,473.5438
Southern Cross Campus,Land Mobile,Repeater,UHF (300 MHz-3 GHz),1,479.5313,479.5313
St Cuthberts College,Land Mobile,Simplex,VHF (30-300 MHz),1,166.4625,166.4625
St Cuthberts College,Land Mobile,Repeater,VHF (30-300 MHz),1,164.0125,164.0125
St Cuthberts College,Land Mobile,Mobile Transmit,VHF (30-300 MHz),1,168.6125,168.6125
Steve JEPSON,Land Mobile,Simplex,UHF (300 MHz-3 GHz),1,449.9938,449.9938
Steve Levet,Land Mobile,Simplex,UHF (300 MHz-3 GHz),1,466.8563,466.8563
Steve Sharpe,Land Mobile,Simplex,UHF (300 MHz-3 GHz),1,482.7813,482.7813
Steven Osborne,Land Mobile,Simplex,VHF (30-300 MHz),1,150.9125,150.9125
Stuart Stubbs ,Land Mobile,Simplex,UHF (300 MHz-3 GHz),1,482.1563,482.1563
T & K ALCOCK LIMITED,Land Mobile,Simplex,VHF (30-300 MHz),1,172.8875,172.8875
T A WHITESIDE & CO LIMITED,Land Mobile,Simplex,VHF (30-300 MHz),1,150.4,150.4
T AND T LANDFILLS LTD,Land Mobile,Simplex,UHF (300 MHz-3 GHz),1,466.9063,466.9063
T CROFT LTD,Land Mobile,Simplex,VHF (30-300 MHz),1,84.05,84.05
T G MEAD,Aeronautical,Base Station,VHF (30-300 MHz),1,134.0,134.0
T G MEAD,Land Mobile,Simplex,VHF (30-300 MHz),1,84.6,84.6
T J CONTRACTING 2018 LIMITED,Land Mobile,Simplex,VHF (30-300 MHz),1,150.675,150.675
T T DIXON,Amateur,Mobile Transmit,VHF (30-300 MHz),1,145.175,145.175
T T DIXON,Amateur,Repeater,VHF (30-300 MHz),1,145.775,145.775
TAG OIL (NZ) LIMITED,Land Mobile,Mobile Transmit,UHF (300 MHz-3 GHz),1,467.1063,467.1063
TAG OIL (NZ) LIMITED,Land Mobile,Simplex,UHF (300 MHz-3 GHz),1,466.9688,466.9688
TAG OIL (NZ) LIMITED,Land Mobile,Repeater,UHF (300 MHz-3 GHz),1,461.9188,461.9188
TAHAROA IRONSANDS LIMITED,Land Mobile,Mobile Transmit,UHF (300 MHz-3 GHz),1,450.3563,450.3563
TAHAROA IRONSANDS LIMITED,Land Mobile,Repeater,UHF (300 MHz-3 GHz),1,455.3938,455.3938
TAIHAPE BULK SPREADING LTD,Land Mobile,Simplex,VHF (30-300 MHz),1,166.7875,166.7875
TAIRAWHITI DHB,Land Mobile,Repeater,VHF (30-300 MHz),1,162.5875,162.5875
TAIRAWHITI DHB,Land Mobile,Mobile Transmit,VHF (30-300 MHz),1,167.1875,167.1875
TAIRAWHITI TIMBER TRAINING LIMITED,Land Mobile,Simplex,VHF (30-300 MHz),1,170.3375,170.3375
TAITA HOME TRUST BOARD,Paging,Unspecified,VHF (30-300 MHz),1,160.3625,160.3625
TAKAPUNA PANELBEATERS (2003) LIMITED,Land Mobile,Simplex,UHF (300 MHz-3 GHz),1,470.8563,470.8563
TALLEY'S GROUP LIMITED,Land Mobile,Repeater,VHF (30-300 MHz),1,163.85,163.85
TALLEY'S GROUP LIMITED,Land Mobile,Simplex,VHF (30-300 MHz),1,166.375,166.375
TALLEY'S GROUP LIMITED,Land Mobile,Mobile Transmit,VHF (30-300 MHz),1,168.45,168.45
TALLEY'S LIMITED,Land Mobile,Mobile Transmit,UHF (300 MHz-3 GHz),1,472.0313,472.0313
TALLEY'S LIMITED,Land Mobile,Repeater,UHF (300 MHz-3 GHz),1,478.0188,478.0188
TALLEY'S LIMITED,Paging,Unspecified,UHF (300 MHz-3 GHz),1,458.55,458.55
TALLY HO INDUSTRIES LIMITED,Land Mobile,Simplex,VHF (30-300 MHz),1,150.2125,150.2125
TAMAHERE EVENTIDE HOME TRUST,Paging,Unspecified,VHF (30-300 MHz),1,160.3625,160.3625
TANE MAHUTA (NZ) LIMITED,Land Mobile,Simplex,VHF (30-300 MHz),1,150.775,150.775
TANENUIARANGI MANAWATŪ CHARITABLE TRUST,Broadcasting,Unspecified,VHF (30-300 MHz),1,89.8,89.8
TANENUIARANGI MANAWATŪ CHARITABLE TRUST,Fixed Link,Uni-directional,UHF (300 MHz-3 GHz),1,934.25,934.25
TANGIMOANA BOATING CLUB INC,Maritime,Mobile Transmit,VHF (30-300 MHz),1,156.075,156.075
TANGIMOANA BOATING CLUB INC,Maritime,Repeater,VHF (30-300 MHz),1,160.675,160.675
TANNER GROUP LIMITED,Land Mobile,Simplex,VHF (30-300 MHz),1,165.85,165.85
TARA-ITI HOLDINGS NZ,Land Mobile,Mobile Transmit,UHF (300 MHz-3 GHz),1,491.0188,491.0188
TARA-ITI HOLDINGS NZ,Land Mobile,Repeater,UHF (300 MHz-3 GHz),1,485.0063,485.0063
TARANAKI FM TRUST,Broadcasting,Unspecified,VHF (30-300 MHz),1,100.4,100.4
TARANAKI FM TRUST,Fixed Link,Uni-directional,UHF (300 MHz-3 GHz),1,934.75,934.75
TARANAKI OUTDOOR PURSUITS AND EDUCATIONAL CENTRE TRUST,Land Mobile,Simplex,UHF (300 MHz-3 GHz),1,453.4813,453.4813
TARANAKI REGIONAL COUNCIL,Land Mobile,Mobile Transmit,VHF (30-300 MHz),1,169.0,169.0
TARANAKI REGIONAL COUNCIL,Land Mobile,Repeater,VHF (30-300 MHz),1,164.4,164.4
TARANAKI STOCK CAR CLUB INCORPORATED,Land Mobile,Repeater,UHF (300 MHz-3 GHz),1,462.8438,462.8438
TARANAKI STOCK CAR CLUB INCORPORATED,Land Mobile,Mobile Transmit,UHF (300 MHz-3 GHz),1,468.0313,468.0313
TARARUA FOUR WHEEL DRIVE CLUB INC,Land Mobile,Simplex,VHF (30-300 MHz),1,84.4625,84.4625
TARARUA HELIWORK LTD,Land Mobile,Simplex,VHF (30-300 MHz),1,150.1625,150.1625
TARARUA HELIWORK LTD,Land Mobile,Simplex,UHF (300 MHz-3 GHz),1,455.1563,455.1563
TASMAN DISTRICT COUNCIL,Telemetry & Telecommand,Uni-directional,VHF (30-300 MHz),1,160.2625,160.2625
TASTI PRODUCTS LIMITED,Land Mobile,Simplex,UHF (300 MHz-3 GHz),1,483.6563,483.6563
TAUHARA NORTH AWA AND COMPANY LP,Land Mobile,Simplex,VHF (30-300 MHz),1,150.4125,150.4125
TAUMATAOMIHI LIMITED,Land Mobile,Repeater,VHF (30-300 MHz),1,162.8125,162.8125
TAUMATAOMIHI LIMITED,Land Mobile,Mobile Transmit,VHF (30-300 MHz),1,167.4125,167.4125
TAUPO CAR CLUB INCORPORATED,Land Mobile,Repeater,UHF (300 MHz-3 GHz),1,478.6813,478.6813
TAUPO CAR CLUB INCORPORATED,Land Mobile,Mobile Transmit,UHF (300 MHz-3 GHz),1,472.6938,472.6938
TAUPO DISTRICT COUNCIL,Land Mobile,Simplex,UHF (300 MHz-3 GHz),1,489.0531,489.0531
TAUPO HOUSE REMOVALS (2004) LIMITED,Land Mobile,Simplex,VHF (30-300 MHz),1,150.4375,150.4375
TAURANGA CROSSING LIMITED,Land Mobile,Mobile Transmit,UHF (300 MHz-3 GHz),1,469.9813,469.9813
TAURANGA CROSSING LIMITED,Land Mobile,Repeater,UHF (300 MHz-3 GHz),1,464.7938,464.7938
"TAURANGA DISTRICT COUNCIL, AIRPORT AUTHORITY",Land Mobile,Mobile Transmit,UHF (300 MHz-3 GHz),1,492.4313,492.4313
"TAURANGA DISTRICT COUNCIL, AIRPORT AUTHORITY",Land Mobile,Repeater,UHF (300 MHz-3 GHz),1,486.4188,486.4188
TAURANGA EMERGENCY COMMUNICATIONS GROUP INCORPORATED,Amateur,Repeater,UHF (300 MHz-3 GHz),1,439.75,439.75
TAURANGA EMERGENCY COMMUNICATIONS GROUP INCORPORATED,Amateur,Mobile Transmit,VHF (30-300 MHz),1,147.625,147.625
TAURANGA EMERGENCY COMMUNICATIONS GROUP INCORPORATED,Amateur,Repeater,VHF (30-300 MHz),1,147.025,147.025
TAURANGA EMERGENCY COMMUNICATIONS GROUP INCORPORATED,Amateur,Mobile Transmit,UHF (300 MHz-3 GHz),1,434.75,434.75
TAURANGA INTERMEDIATE SCHOOL,Land Mobile,Simplex,UHF (300 MHz-3 GHz),1,470.8313,470.8313
TAURANGA RADIO CLUB INCORPORATED,Amateur,Repeater,VHF (30-300 MHz),1,146.8,146.8
TAURANGA RADIO CLUB INCORPORATED,Amateur,Mobile Transmit,VHF (30-300 MHz),1,146.2,146.2
TAURANGA VILLAGE RADIO MUSEUM INCORPORATED,Broadcasting,Unspecified,MF (300 kHz-3 MHz),1,1.368,1.368
TAUWHAREPARAE FARMS LTD,Land Mobile,Mobile Transmit,VHF (30-300 MHz),1,155.9688,155.9688
TAUWHAREPARAE FARMS LTD,Land Mobile,Repeater,VHF (30-300 MHz),1,151.7875,151.7875
TAYLOR CONTRACTING 2007 LIMITED,Land Mobile,Simplex,UHF (300 MHz-3 GHz),1,449.9438,449.9438
TAYLOR PRESTON LTD,Land Mobile,Mobile Transmit,UHF (300 MHz-3 GHz),1,467.3688,467.3688
TAYLOR PRESTON LTD,Land Mobile,Repeater,UHF (300 MHz-3 GHz),1,462.1813,462.1813
TE ANAU COMMUNITY EVENTS CHARITABLE TRUST,Land Mobile,Simplex,VHF (30-300 MHz),1,153.4938,153.4938
TE AWAHOHONU FOREST TRUST LIMITED,Land Mobile,Repeater,VHF (30-300 MHz),1,151.6,151.6
TE AWAHOHONU FOREST TRUST LIMITED,Land Mobile,Mobile Transmit,VHF (30-300 MHz),1,155.7813,155.7813
TE HAUORA O TURANGANUI A KIWA LIMITED,Land Mobile,Simplex,UHF (300 MHz-3 GHz),1,458.5063,458.5063
TE KORIMAKO O TARANAKI 94FM,Fixed Link,Uni-directional,UHF (300 MHz-3 GHz),1,845.75,845.75
TE KUITI MEAT PROCESSORS LTD,Land Mobile,Simplex,UHF (300 MHz-3 GHz),1,453.5188,453.5188
TE PUKE AMATEUR RADIO CLUB INCORPORATED,Amateur,Mobile Transmit,Unknown,1,,
TE PUKE AMATEUR RADIO CLUB INCORPORATED,Amateur,Repeater,UHF (300 MHz-3 GHz),1,438.55,438.55
TE PUKE AMATEUR RADIO CLUB INCORPORATED,Amateur,Mobile Transmit,UHF (300 MHz-3 GHz),1,433.55,433.55
TE REO IRIRANGI O MANIAPOTO,Fixed Link,Uni-directional,UHF (300 MHz-3 GHz),1,928.75,928.75
TE REO IRIRANGI O NGATI RAUKAWA,Land Mobile,Simplex,VHF (30-300 MHz),1,160.0625,160.0625
TE REO IRIRANGI O TAINUI,Fixed Link,Uni-directional,UHF (300 MHz-3 GHz),1,930.25,930.25
TE REO IRIRANGI O TE MANUKA TUTAHI TRUST,Land Mobile,Simplex,VHF (30-300 MHz),1,159.4625,159.4625
TE RUNANGA O NGAI TAHU,Fixed Link,Uni-directional,UHF (300 MHz-3 GHz),1,928.25,928.25
TE RUNANGA O NGAI TAHU LIMITED,Fixed Link,Uni-directional,UHF (300 MHz-3 GHz),1,920.25,920.25
TE RUNANGA O NGATI WHATUA,Broadcasting,Unspecified,VHF (30-300 MHz),1,88.6,88.6
TE RUNANGA O NGATI WHATUA,Broadcasting,Unspecified,MF (300 kHz-3 MHz),1,1.179,1.179
TE RUNANGA O TOA RANGATIRA INC,Broadcasting,Unspecified,VHF (30-300 MHz),1,94.9,94.9
TE RUNANGA O TURANGANUI A KIWA,Land Mobile,Simplex,VHF (30-300 MHz),1,166.3625,166.3625
TE RUNANGANUI O NGATI POROU TRUSTEE LIMITED,Broadcasting,Unspecified,MF (300 kHz-3 MHz),1,0.585,0.585
TE RUNANGANUI O NGATI POROU TRUSTEE LIMITED,Land Mobile,Simplex,VHF (30-300 MHz),1,166.05,166.05
TE RUNANGANUI O TE ATIAWA KI TE UPOKO O TE IKA A MAUI INCORPORATED,Broadcasting,Unspecified,VHF (30-300 MHz),1,100.9,100.9
TE RUNANGANUI O TE ATIAWA KI TE UPOKO O TE IKA A MAUI INCORPORATED AND TE RUNANGA O TOA RANGATIRA INCORPORATED,Broadcasting,Unspecified,MF (300 kHz-3 MHz),1,1.161,1.161
TE WAE WAE DAIRIES LIMITED,Land Mobile,Repeater,VHF (30-300 MHz),1,165.075,165.075
TE WAE WAE DAIRIES LIMITED,Land Mobile,Mobile Transmit,VHF (30-300 MHz),1,169.675,169.675
TE WHANAU O WAIPAREIRA TRUST INC. / MANUKAU URBAN MAORI AUTHORITY,Broadcasting,Unspecified,VHF (30-300 MHz),1,96.6,96.6
TE WHANAU O WAIPAREIRA TRUST INC. / MANUKAU URBAN MAORI AUTHORITY,Broadcasting,Unspecified,MF (300 kHz-3 MHz),1,0.603,0.603
TECHOMAN ELECTRONICS LIMITED,Land Mobile,Repeater,UHF (300 MHz-3 GHz),1,476.6,476.6
TECHOMAN ELECTRONICS LIMITED,Land Mobile,Mobile Transmit,UHF (300 MHz-3 GHz),1,477.35,477.35
TEKAPO SKI FIELD LIMITED,Land Mobile,Mobile Transmit,UHF (300 MHz-3 GHz),1,450.6813,450.6813
TEKAPO SKI FIELD LIMITED,Land Mobile,Simplex,UHF (300 MHz-3 GHz),1,454.9813,454.9813
TEKAPO SKI FIELD LIMITED,Land Mobile,Repeater,UHF (300 MHz-3 GHz),1,455.7188,455.7188
TEL CORPORATION LTD,Land Mobile,Mobile Transmit,UHF (300 MHz-3 GHz),1,467.8813,467.8813
TEL CORPORATION LTD,Land Mobile,Repeater,UHF (300 MHz-3 GHz),1,462.6938,462.6938
TELCOSPEC LIMITED,Land Mobile,Simplex,VHF (30-300 MHz),1,153.4938,153.4938
TELEVISION NEW ZEALAND LIMITED,Land Mobile,Mobile Transmit,UHF (300 MHz-3 GHz),1,490.6375,490.6375
TELEVISION NEW ZEALAND LIMITED,Land Mobile,Repeater,UHF (300 MHz-3 GHz),1,484.625,484.625
TEMPLEMAN & ASSOCIATES LIMITED,Land Mobile,Simplex,VHF (30-300 MHz),1,165.8875,165.8875
TEMPLETON GOLF CLUB INCORPORATED,Land Mobile,Simplex,UHF (300 MHz-3 GHz),1,464.8188,464.8188
TENON CLEARWOOD LIMITED PARTNERSHIP,Land Mobile,Mobile Transmit,UHF (300 MHz-3 GHz),1,450.4188,450.4188
TENON CLEARWOOD LIMITED PARTNERSHIP,Land Mobile,Repeater,UHF (300 MHz-3 GHz),1,455.4563,455.4563
TERMINALS (NZ) LTD,Land Mobile,Repeater,UHF (300 MHz-3 GHz),1,464.5188,464.5188
TERMINALS (NZ) LTD,Land Mobile,Mobile Transmit,UHF (300 MHz-3 GHz),1,469.7063,469.7063
THAMES COROMANDEL DISTRICT COUNCIL,Aeronautical,Base Station,VHF (30-300 MHz),1,130.6,130.6
THE CANTERBURY COMMUNICATIONS TRUST,Broadcasting,Unspecified,VHF (30-300 MHz),1,96.9,96.9
THE CANTERBURY COMMUNICATIONS TRUST,Broadcasting,Unspecified,MF (300 kHz-3 MHz),1,1.413,1.413
THE FARMERS' TRADING COMPANY LIMITED,Land Mobile,Mobile Transmit,UHF (300 MHz-3 GHz),1,472.1188,472.1188
THE FARMERS' TRADING COMPANY LIMITED,Land Mobile,Repeater,UHF (300 MHz-3 GHz),1,478.1063,478.1063
THE HILLS RADIO TRUST,Broadcasting,Unspecified,MF (300 kHz-3 MHz),1,1.575,1.575
THE HILLS RADIO TRUST,Broadcasting,Unspecified,VHF (30-300 MHz),1,105.4,105.4
THE LINES CO LTD,Fixed Link,Uni-directional,UHF (300 MHz-3 GHz),1,427.15,427.15
THE MALL UPPER HUTT LIMITED,Land Mobile,Simplex,UHF (300 MHz-3 GHz),1,483.5563,483.5563
THE MOTUKAWA LAND COMPANY LIMITED,Land Mobile,Repeater,VHF (30-300 MHz),1,162.7125,162.7125
THE MOTUKAWA LAND COMPANY LIMITED,Land Mobile,Simplex,VHF (30-300 MHz),1,171.8,171.8
THE MOTUKAWA LAND COMPANY LIMITED,Land Mobile,Mobile Transmit,VHF (30-300 MHz),1,167.3125,167.3125
THE NATIONAL MUSEUM OF AUDIO VISUAL ARTS AND SCIENCES OF N Z TRUST,Broadcasting,Unspecified,VHF (30-300 MHz),1,105.4,105.4
THE NATIONAL PACIFIC MEDIA TRUST,Broadcasting,Unspecified,MF (300 kHz-3 MHz),1,0.531,0.531
THE OAKS ON NEVILLE LIMITED,Paging,Unspecified,VHF (30-300 MHz),1,160.4625,160.4625
THE OTAGO PENINSULA ECO RESTORATION ALLIANCE LIMITED,Land Mobile,Simplex,VHF (30-300 MHz),1,150.0875,150.0875
THE OTAGO PENINSULA ECO RESTORATION ALLIANCE LIMITED,Land Mobile,Repeater,VHF (30-300 MHz),1,162.925,162.925
THE OTAGO PENINSULA ECO RESTORATION ALLIANCE LIMITED,Land Mobile,Mobile Transmit,VHF (30-300 MHz),1,167.525,167.525
THE PLAZA LIMITED,Land Mobile,Mobile Transmit,UHF (300 MHz-3 GHz),1,467.7313,467.7313
THE PLAZA LIMITED,Land Mobile,Repeater,UHF (300 MHz-3 GHz),1,462.5438,462.5438
THE PROPRIETORS OF PUKETAPU NO 3A BLOCK,Land Mobile,Simplex,VHF (30-300 MHz),1,153.5688,153.5688
THE RADIO FREQUENCY USERS ASSOCIATION OF NEW ZEALAND INCORPORATED,Land Mobile,Simplex,VHF (30-300 MHz),1,158.6438,158.6438
THE SALVATION ARMY,Land Mobile,Simplex,VHF (30-300 MHz),1,150.8,150.8
THE TATUA CO-OPERATIVE DAIRY COMPANY LIMITED,Land Mobile,Simplex,UHF (300 MHz-3 GHz),1,482.8938,482.8938
THE TAWHAKI JOINT VENTURE,Aeronautical,Base Station,VHF (30-300 MHz),1,130.025,130.025
THE TAWHAKI JOINT VENTURE,Land Mobile,Repeater,UHF (300 MHz-3 GHz),1,457.4813,457.4813
THE TAWHAKI JOINT VENTURE,Land Mobile,Mobile Transmit,UHF (300 MHz-3 GHz),1,452.4438,452.4438
THE TREE PEOPLE LIMITED,Land Mobile,Simplex,VHF (30-300 MHz),1,150.3375,150.3375
THE WESTERVELT COMPANY NZ LIMITED,Land Mobile,Simplex,UHF (300 MHz-3 GHz),1,483.7688,483.7688
THE WIRELESS STATION LIMITED,Broadcasting,Unspecified,MF (300 kHz-3 MHz),1,1.53,1.53
THE WOOD SCENIC LINE LIMITED,Land Mobile,Repeater,UHF (300 MHz-3 GHz),1,456.6688,456.6688
THE WOOD SCENIC LINE LIMITED,Land Mobile,Mobile Transmit,UHF (300 MHz-3 GHz),1,451.6313,451.6313
THE WOOD SCENIC LINE LIMITED,Land Mobile,Simplex,UHF (300 MHz-3 GHz),1,458.4063,458.4063
THE WOODHILL FALLOW MANAGEMENT COUNCIL INCORPORATED,Land Mobile,Mobile Transmit,VHF (30-300 MHz),1,167.7,167.7
THE WOODHILL FALLOW MANAGEMENT COUNCIL INCORPORATED,Land Mobile,Repeater,VHF (30-300 MHz),1,163.1,163.1
THELIN CONSTRUCTION LTD,Land Mobile,Simplex,UHF (300 MHz-3 GHz),1,489.3813,489.3813
THOMASSEN LOGGING LIMITED,Land Mobile,Simplex,VHF (30-300 MHz),1,165.8625,165.8625
THRILLSEEKERS ADVENTURES LIMITED,Land Mobile,Simplex,VHF (30-300 MHz),1,166.0875,166.0875
THRILLSEEKERS ADVENTURES LIMITED,Land Mobile,Repeater,VHF (30-300 MHz),1,164.525,164.525
THRILLSEEKERS ADVENTURES LIMITED,Land Mobile,Mobile Transmit,VHF (30-300 MHz),1,169.125,169.125
TIAKI PLANTATIONS COMPANY,Land Mobile,Repeater,UHF (300 MHz-3 GHz),1,455.5938,455.5938
TIAKI PLANTATIONS COMPANY,Land Mobile,Mobile Transmit,UHF (300 MHz-3 GHz),1,450.5563,450.5563
TIMARU DISTRICT COUNCIL,Aeronautical,Base Station,VHF (30-300 MHz),1,119.1,119.1
TIMARU FISHERMEN'S CO-OPERATIVE SOCIETY LTD,Maritime,Repeater,VHF (30-300 MHz),1,160.675,160.675
TIMARU FISHERMEN'S CO-OPERATIVE SOCIETY LTD,Maritime,Mobile Transmit,VHF (30-300 MHz),1,156.075,156.075
TINIROTO COMMUNITY ASSOCIATION INCORPORATED,Land Mobile,Mobile Transmit,VHF (30-300 MHz),1,167.3125,167.3125
TINIROTO COMMUNITY ASSOCIATION INCORPORATED,Land Mobile,Repeater,VHF (30-300 MHz),1,162.7125,162.7125
TINLINE PROPERTIES (TAURANGA) LIMITED,Land Mobile,Simplex,UHF (300 MHz-3 GHz),1,461.7313,461.7313
TINLINE PROPERTY MANAGEMENT LIMITED,Land Mobile,Simplex,UHF (300 MHz-3 GHz),1,483.1688,483.1688
TIP TOP ICE CREAM COMPANY LIMITED,Land Mobile,Repeater,UHF (300 MHz-3 GHz),1,486.1938,486.1938
TIP TOP ICE CREAM COMPANY LIMITED,Land Mobile,Simplex,UHF (300 MHz-3 GHz),1,488.2563,488.2563
TIP TOP ICE CREAM COMPANY LIMITED,Land Mobile,Mobile Transmit,UHF (300 MHz-3 GHz),1,492.2063,492.2063
TITAHI BAY AMATEUR RADIO CLUB INCORPORATED,Amateur,Repeater,VHF (30-300 MHz),1,146.75,146.75
TITAHI BAY AMATEUR RADIO CLUB INCORPORATED,Amateur,Mobile Transmit,VHF (30-300 MHz),1,146.15,146.15
TITAN MARINE ENGINEERING LTD,Land Mobile,Simplex,UHF (300 MHz-3 GHz),1,477.6063,477.6063
TITIRANGI GOLF CLUB INC,Land Mobile,Simplex,UHF (300 MHz-3 GHz),1,466.8938,466.8938
TITIRANGI VOLUNTEER COASTGUARD INCORPORATED,Maritime,Mobile Transmit,VHF (30-300 MHz),1,156.175,156.175
TITIRANGI VOLUNTEER COASTGUARD INCORPORATED,Maritime,Repeater,VHF (30-300 MHz),1,160.775,160.775
TKR HOMES LIMITED,Land Mobile,Simplex,UHF (300 MHz-3 GHz),1,476.3313,476.3313
TL & NL BRYANT HOLDINGS LIMITED,Land Mobile,Simplex,VHF (30-300 MHz),1,153.5813,153.5813
TODD PETROLEUM MINING COMPANY LIMITED,Telemetry & Telecommand,Uni-directional,UHF (300 MHz-3 GHz),1,471.225,471.225
TOLL NETWORKS (NZ) LIMITED,Land Mobile,Simplex,UHF (300 MHz-3 GHz),1,461.6938,461.6938
TOP ENERGY,Land Mobile,Simplex,VHF (30-300 MHz),1,150.0875,150.0875
TOP SPAT LIMITED,Land Mobile,Simplex,UHF (300 MHz-3 GHz),1,483.4563,483.4563
TOREA LOGGERS LIMITED,Land Mobile,Simplex,VHF (30-300 MHz),1,165.9125,165.9125
TOTAL INFRASTRUCTURE LIMITED,Land Mobile,Simplex,VHF (30-300 MHz),1,166.6125,166.6125
TOTALLY TOURISM LTD T/A HARRIS MOUNTAINS HELISKI,Land Mobile,Repeater,VHF (30-300 MHz),1,151.2,151.2
TOTALLY TOURISM LTD T/A HARRIS MOUNTAINS HELISKI,Land Mobile,Mobile Transmit,VHF (30-300 MHz),1,155.3813,155.3813
TRAFFIC MANAGEMENT SERVICES LIMITED,Land Mobile,Simplex,VHF (30-300 MHz),1,150.95,150.95
TRANS TASMAN FORESTRY LIMITED,Land Mobile,Simplex,VHF (30-300 MHz),1,150.825,150.825
TRANSAM NEW ZEALAND LIMITED,Land Mobile,Mobile Transmit,UHF (300 MHz-3 GHz),1,493.7938,493.7938
TRANSAM NEW ZEALAND LIMITED,Land Mobile,Repeater,UHF (300 MHz-3 GHz),1,487.7813,487.7813
TRANSCARE SERVICES (2014) LIMITED,Land Mobile,Simplex,VHF (30-300 MHz),1,153.5688,153.5688
TREETOPS LIMITED,Land Mobile,Simplex,VHF (30-300 MHz),1,171.8,171.8
TRH SERVICES LIMITED,Land Mobile,Mobile Transmit,UHF (300 MHz-3 GHz),1,474.8938,474.8938
TRH SERVICES LIMITED,Land Mobile,Repeater,UHF (300 MHz-3 GHz),1,480.8813,480.8813
TRICKY TREE FELLERS LIMITED,Land Mobile,Simplex,VHF (30-300 MHz),1,150.95,150.95
TRICKY TREE SPECIALIST LIMITED,Land Mobile,Simplex,UHF (300 MHz-3 GHz),1,482.9063,482.9063
TRIMBLE NAVIGATION NEW ZEALAND LIMITED,Fixed Link,Uni-directional,UHF (300 MHz-3 GHz),1,459.8313,459.8313
TRIMBLE NAVIGATION NEW ZEALAND LIMITED,Land Mobile,Simplex,UHF (300 MHz-3 GHz),1,453.3563,453.3563
TRIMBLE NAVIGATION NEW ZEALAND LIMITED,Telemetry & Telecommand,Uni-directional,MF (300 kHz-3 MHz),1,0.314,0.314
TRIMBLE NAVIGATION NEW ZEALAND LIMITED,Telemetry & Telecommand,Uni-directional,UHF (300 MHz-3 GHz),1,450.1125,450.1125
TRIPLEX CONSULTING LIMITED,Land Mobile,Simplex,VHF (30-300 MHz),1,166.6375,166.6375
TRIPP BROTHERS,Land Mobile,Mobile Transmit,VHF (30-300 MHz),1,155.1313,155.1313
TRIPP BROTHERS,Land Mobile,Simplex,VHF (30-300 MHz),1,150.0625,150.0625
TRIPP BROTHERS,Land Mobile,Repeater,VHF (30-300 MHz),1,153.35,153.35
TRUMAN EARTHWORKS LIMITED,Land Mobile,Simplex,VHF (30-300 MHz),1,150.1625,150.1625
TRUST HOUSE LIMITED,Land Mobile,Simplex,UHF (300 MHz-3 GHz),1,461.6063,461.6063
TUAKAWA LIMITED,Land Mobile,Mobile Transmit,VHF (30-300 MHz),1,155.3688,155.3688
TUAKAWA LIMITED,Land Mobile,Repeater,VHF (30-300 MHz),1,151.1875,151.1875
TUATAPERE HUMP TRACK CHARITABLE TRUST,Land Mobile,Repeater,VHF (30-300 MHz),1,151.5875,151.5875
TUATAPERE HUMP TRACK CHARITABLE TRUST,Land Mobile,Mobile Transmit,VHF (30-300 MHz),1,155.7688,155.7688
TUKINO MOUNTAIN CLUBS ASSOCIATION INCORPORATED,Land Mobile,Mobile Transmit,VHF (30-300 MHz),1,167.9375,167.9375
TUKINO MOUNTAIN CLUBS ASSOCIATION INCORPORATED,Land Mobile,Repeater,VHF (30-300 MHz),1,163.3375,163.3375
TUKINO MOUNTAIN CLUBS ASSOCIATION INCORPORATED,Land Mobile,Simplex,VHF (30-300 MHz),1,150.575,150.575
TURIHAUA STATION,Land Mobile,Mobile Transmit,VHF (30-300 MHz),1,167.6875,167.6875
TURIHAUA STATION,Land Mobile,Repeater,VHF (30-300 MHz),1,163.0875,163.0875
TUTU TOTARA DAIRY LIMITED,Land Mobile,Repeater,VHF (30-300 MHz),1,164.025,164.025
TUTU TOTARA DAIRY LIMITED,Land Mobile,Mobile Transmit,VHF (30-300 MHz),1,168.625,168.625
TUWHARETOA FM CHARITABLE TRUST,Broadcasting,Unspecified,VHF (30-300 MHz),1,99.4,99.4
TUWHARETOA FM CHARITABLE TRUST,Land Mobile,Simplex,VHF (30-300 MHz),1,160.0625,160.0625
TW TRAFFIC MANAGEMENT LIMITED,Land Mobile,Simplex,VHF (30-300 MHz),1,150.575,150.575
TWIZEL AUTOMATION AND COMMUNICATIONS LIMITED,Land Mobile,Repeater,VHF (30-300 MHz),1,164.175,164.175
TWIZEL AUTOMATION AND COMMUNICATIONS LIMITED,Land Mobile,Mobile Transmit,VHF (30-300 MHz),1,168.775,168.775
TWO WAY RADIO SYSTEMS LTD,Land Mobile,Mobile Transmit,UHF (300 MHz-3 GHz),1,477.35,477.35
TYNE ACFS LIMITED PARTNERSHIP,Land Mobile,Simplex,UHF (300 MHz-3 GHz),1,482.2063,482.2063
TYNTESFIELD ESTATE LIMITED,Land Mobile,Mobile Transmit,VHF (30-300 MHz),1,168.35,168.35
TYNTESFIELD ESTATE LIMITED,Land Mobile,Repeater,VHF (30-300 MHz),1,163.75,163.75
Tarere 2 Trust,Land Mobile,Simplex,VHF (30-300 MHz),1,166.0875,166.0875
Te Kura Kaupapa Motuhake o Tawhiuau,Broadcasting,Unspecified,VHF (30-300 MHz),1,99.7,99.7
Te Reo O Ngati Kahungunu Incorporated,Broadcasting,Unspecified,VHF (30-300 MHz),1,94.3,94.3
The Lionhearts Project Trust,Land Mobile,Simplex,UHF (300 MHz-3 GHz),1,476.3938,476.3938
The Sir Edmund Hillary Outdoor Pursuit Centre of New Zealand,Land Mobile,Simplex,VHF (30-300 MHz),1,150.7125,150.7125
Tokoroa Taxicabs Ltd,Land Mobile,Mobile Transmit,VHF (30-300 MHz),1,168.875,168.875
Tokoroa Taxicabs Ltd,Land Mobile,Repeater,VHF (30-300 MHz),1,164.275,164.275
Tokoroa Taxicabs Ltd,Land Mobile,Simplex,VHF (30-300 MHz),1,165.775,165.775
UAWA FM MEDIA CENTRE CHARITABLE TRUST,Broadcasting,Unspecified,VHF (30-300 MHz),1,99.3,99.3
UHLENBERG HAULAGE LIMITED,Land Mobile,Simplex,VHF (30-300 MHz),1,153.4938,153.4938
ULTIMATE LOGGING LIMITED,Land Mobile,Simplex,VHF (30-300 MHz),1,171.825,171.825
UNITED RENTALS NEW ZEALAND,Land Mobile,Simplex,VHF (30-300 MHz),1,166.5125,166.5125
UNITED TUNNELING LIMITED,Land Mobile,Simplex,UHF (300 MHz-3 GHz),1,470.8438,470.8438
UNIVERSITY OF CANTERBURY,Fixed Link,Uni-directional,HF (3-30 MHz),1,26.2,26.2
UNIVERSITY OF CANTERBURY,Fixed Link,Uni-directional,MF (300 kHz-3 MHz),1,2.404,2.404
UNIVERSITY OF CANTERBURY,Land Mobile,Simplex,VHF (30-300 MHz),1,150.7125,150.7125
UNIVERSITY OF CANTERBURY STUDENTS' ASSOCIATION INCORPORATED,Fixed Link,Uni-directional,UHF (300 MHz-3 GHz),1,931.75,931.75
UNIVERSITY OF OTAGO,Land Mobile,Simplex,UHF (300 MHz-3 GHz),1,455.2063,455.2063
UNIVERSITY OF OTAGO,Land Mobile,Simplex,HF (3-30 MHz),1,13.45,13.45
UNIVERSITY OF OTAGO (SURVEYING DEPARTMENT),Fixed Link,Uni-directional,UHF (300 MHz-3 GHz),1,450.1875,450.1875
UNIVERSITY OF OTAGO UNION,Land Mobile,Simplex,VHF (30-300 MHz),1,153.4813,153.4813
UPPER HUTT BRANCH NZART INC,Amateur,Beacon,HF (3-30 MHz),1,28.229,28.229
UPPER HUTT BRANCH NZART INC,Amateur,Beacon,SHF (3-30 GHz),1,10368.275,10368.275
UPPER HUTT BRANCH NZART INC,Land Mobile,Mobile Transmit,UHF (300 MHz-3 GHz),1,477.275,477.275
UPPER HUTT BRANCH NZART INC,Land Mobile,Repeater,UHF (300 MHz-3 GHz),1,476.525,476.525
UPPER HUTT COMMUNITY RESCUE INCORPORATED,Land Mobile,Simplex,VHF (30-300 MHz),1,150.4,150.4
URENUI BOATING CLUB INC,Maritime,Repeater,VHF (30-300 MHz),1,160.65,160.65
URENUI BOATING CLUB INC,Maritime,Mobile Transmit,VHF (30-300 MHz),1,156.05,156.05
UTREX LIMITED,Land Mobile,Simplex,UHF (300 MHz-3 GHz),1,483.6313,483.6313
University of Canterbury (School of Forestry),Radiodetermination,Unspecified,SHF (3-30 GHz),1,9300.0,9300.0
"University of Waikato Events communications,Marketing and Engagement",Land Mobile,Simplex,VHF (30-300 MHz),1,170.7875,170.7875
VAILEA SILVICULTURE LIMITED,Land Mobile,Simplex,VHF (30-300 MHz),1,166.4875,166.4875
VALETTA FARMS LIMITED,Land Mobile,Repeater,VHF (30-300 MHz),1,162.9,162.9
VALETTA FARMS LIMITED,Land Mobile,Simplex,VHF (30-300 MHz),1,165.8625,165.8625
VALETTA FARMS LIMITED,Land Mobile,Mobile Transmit,VHF (30-300 MHz),1,167.5,167.5
VALIC NZ LIMITED,Land Mobile,Repeater,VHF (30-300 MHz),1,151.8125,151.8125
VALIC NZ LIMITED,Land Mobile,Mobile Transmit,VHF (30-300 MHz),1,155.9938,155.9938
VECTOR LIMITED,Land Mobile,Simplex,VHF (30-300 MHz),1,150.4,150.4
VERITY FARMS NEW ZEALAND LIMITED,Land Mobile,Mobile Transmit,VHF (30-300 MHz),1,154.8688,154.8688
VERITY FARMS NEW ZEALAND LIMITED,Land Mobile,Repeater,VHF (30-300 MHz),1,153.0875,153.0875
VIBES LOGGING LIMITED,Land Mobile,Simplex,VHF (30-300 MHz),1,150.6625,150.6625
VICTORY CHRISTIAN CHURCH PROPERTY TRUST,Land Mobile,Simplex,UHF (300 MHz-3 GHz),1,483.5563,483.5563
VILLAGES OF NEW ZEALAND (PAKURANGA) LIMITED,Paging,Unspecified,VHF (30-300 MHz),1,160.5375,160.5375
VIP ENGINEERING LIMITED,Land Mobile,Simplex,UHF (300 MHz-3 GHz),1,483.5563,483.5563
VISION 100 LIMITED,Broadcasting,Unspecified,VHF (30-300 MHz),1,105.0,105.0
VISY RIGID PACKAGING (NZ) LIMITED,Telemetry & Telecommand,Uni-directional,UHF (300 MHz-3 GHz),1,471.175,471.175
VITAL LIMITED,Maritime,Unspecified,VHF (30-300 MHz),1,156.8,156.8
VORTEX VENTURES LIMITED,Land Mobile,Mobile Transmit,VHF (30-300 MHz),1,153.9688,153.9688
VORTEX VENTURES LIMITED,Land Mobile,Repeater,UHF (300 MHz-3 GHz),1,462.1438,462.1438
VORTEX VENTURES LIMITED,Land Mobile,Mobile Transmit,UHF (300 MHz-3 GHz),1,467.3313,467.3313
VORTEX VENTURES LIMITED,Land Mobile,Repeater,VHF (30-300 MHz),1,152.1875,152.1875
W G BAIGENT,Land Mobile,Simplex,VHF (30-300 MHz),1,150.925,150.925
W S HEINE,Land Mobile,Simplex,VHF (30-300 MHz),1,150.75,150.75
WAIATA VINEYARDS WAIPARA LIMITED,Land Mobile,Simplex,VHF (30-300 MHz),1,166.2375,166.2375
WAIAUA BAY FARM LIMITED,Land Mobile,Repeater,UHF (300 MHz-3 GHz),1,455.3188,455.3188
WAIAUA BAY FARM LIMITED,Land Mobile,Mobile Transmit,UHF (300 MHz-3 GHz),1,450.2813,450.2813
WAIKATO COMMUNITY BROADCASTING CHARITABLE TRUST,Broadcasting,Unspecified,VHF (30-300 MHz),1,89.0,89.0
WAIKATO COMMUNITY BROADCASTING CHARITABLE TRUST,Fixed Link,Uni-directional,UHF (300 MHz-3 GHz),1,931.75,931.75
WAIKATO PASTORAL LIMITED,Land Mobile,Simplex,VHF (30-300 MHz),1,150.4,150.4
WAIKATO STUD LIMITED,Land Mobile,Mobile Transmit,UHF (300 MHz-3 GHz),1,468.1688,468.1688
WAIKATO STUD LIMITED,Land Mobile,Repeater,UHF (300 MHz-3 GHz),1,462.9813,462.9813
WAIKATO VHF GROUP INC,Amateur,Beacon,UHF (300 MHz-3 GHz),1,2400.26,2400.26
WAIKOHU STATION LIMITED,Land Mobile,Mobile Transmit,VHF (30-300 MHz),1,168.4125,168.4125
WAIKOHU STATION LIMITED,Land Mobile,Repeater,VHF (30-300 MHz),1,163.8125,163.8125
WAIKURA LIMITED,Land Mobile,Mobile Transmit,VHF (30-300 MHz),1,168.025,168.025
WAIKURA LIMITED,Land Mobile,Repeater,VHF (30-300 MHz),1,163.425,163.425
WAIMANGU VOLCANIC VALLEY LTD,Land Mobile,Repeater,UHF (300 MHz-3 GHz),1,457.7813,457.7813
WAIMANGU VOLCANIC VALLEY LTD,Land Mobile,Mobile Transmit,UHF (300 MHz-3 GHz),1,452.7438,452.7438
WAIMANGU VOLCANIC VALLEY LTD,Land Mobile,Simplex,UHF (300 MHz-3 GHz),1,461.5188,461.5188
WAIMEA NURSERIES LIMITED,Land Mobile,Repeater,UHF (300 MHz-3 GHz),1,462.1688,462.1688
WAIMEA NURSERIES LIMITED,Land Mobile,Mobile Transmit,UHF (300 MHz-3 GHz),1,467.3563,467.3563
WAIOTAHI CONTRACTORS LTD,Land Mobile,Simplex,UHF (300 MHz-3 GHz),1,455.2813,455.2813
WAIOTAPU LIMITED PARTNERSHIP,Land Mobile,Mobile Transmit,VHF (30-300 MHz),1,155.2188,155.2188
WAIOTAPU LIMITED PARTNERSHIP,Land Mobile,Repeater,VHF (30-300 MHz),1,151.0375,151.0375
WAIPA NETWORKS LIMITED,Land Mobile,Repeater,UHF (300 MHz-3 GHz),1,462.2188,462.2188
WAIPA NETWORKS LIMITED,Land Mobile,Simplex,VHF (30-300 MHz),1,150.3125,150.3125
WAIPA NETWORKS LIMITED,Land Mobile,Mobile Transmit,UHF (300 MHz-3 GHz),1,467.4063,467.4063
WAIPAOA VINEYARDS LIMITED,Land Mobile,Mobile Transmit,VHF (30-300 MHz),1,168.15,168.15
WAIPAOA VINEYARDS LIMITED,Land Mobile,Repeater,VHF (30-300 MHz),1,163.55,163.55
WAIRAKEI PASTORAL LIMITED,Land Mobile,Mobile Transmit,VHF (30-300 MHz),1,167.8875,167.8875
WAIRAKEI PASTORAL LIMITED,Land Mobile,Repeater,VHF (30-300 MHz),1,163.2875,163.2875
WAIRAMARAMA COMMUNITY INCORPORATED,Land Mobile,Repeater,UHF (300 MHz-3 GHz),1,476.475,476.475
WAIRAMARAMA COMMUNITY INCORPORATED,Land Mobile,Mobile Transmit,UHF (300 MHz-3 GHz),1,477.225,477.225
WAIRARAPA AMATEUR RADIO CLUB INC,Amateur,Repeater,UHF (300 MHz-3 GHz),1,433.825,433.825
WAIRARAPA AMATEUR RADIO CLUB INC,Amateur,Mobile Transmit,UHF (300 MHz-3 GHz),1,438.825,438.825
WAIRARAPA TREESCAPING LIMITED,Land Mobile,Simplex,VHF (30-300 MHz),1,171.7,171.7
WAITAI STATION LIMITED,Land Mobile,Mobile Transmit,UHF (300 MHz-3 GHz),1,477.25,477.25
WAITAI STATION LIMITED,Land Mobile,Repeater,UHF (300 MHz-3 GHz),1,476.5,476.5
WAITAKERE COLLEGE,Land Mobile,Simplex,UHF (300 MHz-3 GHz),1,455.0063,455.0063
WAITAKERE GOLF  CLUB INC,Land Mobile,Simplex,UHF (300 MHz-3 GHz),1,461.5563,461.5563
WAITAKI DISTRICT COUNCIL,Aeronautical,Base Station,VHF (30-300 MHz),1,120.55,120.55
WAITAKI DISTRICT COUNCIL,Land Mobile,Simplex,UHF (300 MHz-3 GHz),1,453.4938,453.4938
WAITANGI LIMITED,Land Mobile,Mobile Transmit,UHF (300 MHz-3 GHz),1,472.4188,472.4188
WAITANGI LIMITED,Land Mobile,Repeater,UHF (300 MHz-3 GHz),1,478.4063,478.4063
WAITAPU FARMS LIMITED,Land Mobile,Mobile Transmit,VHF (30-300 MHz),1,167.325,167.325
WAITAPU FARMS LIMITED,Land Mobile,Repeater,VHF (30-300 MHz),1,162.725,162.725
WAITARA RAILWAY PRESERVATION SOCIETY INC,Land Mobile,Simplex,VHF (30-300 MHz),1,150.0875,150.0875
WAITATAPIA STATION LTD,Land Mobile,Mobile Transmit,VHF (30-300 MHz),1,155.0688,155.0688
WAITATAPIA STATION LTD,Land Mobile,Simplex,VHF (30-300 MHz),1,150.875,150.875
WAITATAPIA STATION LTD,Land Mobile,Repeater,VHF (30-300 MHz),1,153.2875,153.2875
WAITOMO BRANCH 55 NZART (INC),Amateur,Mobile Transmit,UHF (300 MHz-3 GHz),1,433.7,433.7
WAITOMO BRANCH 55 NZART (INC),Amateur,Repeater,UHF (300 MHz-3 GHz),1,438.7,438.7
WAITOMO DISTRICT COUNCIL,Broadcasting,Unspecified,VHF (30-300 MHz),1,94.0,94.0
WAITOMO DISTRICT COUNCIL,Land Mobile,Mobile Transmit,UHF (300 MHz-3 GHz),1,493.5813,493.5813
WAITOMO DISTRICT COUNCIL,Land Mobile,Repeater,UHF (300 MHz-3 GHz),1,487.5688,487.5688
WAKEFIELD HOSPITAL LIMITED,Land Mobile,Repeater,UHF (300 MHz-3 GHz),1,477.9938,477.9938
WAKEFIELD HOSPITAL LIMITED,Land Mobile,Mobile Transmit,UHF (300 MHz-3 GHz),1,472.0063,472.0063
WALKER WIRELESS LIMITED,Land Mobile,Mobile Transmit,UHF (300 MHz-3 GHz),1,451.8688,451.8688
WALKER WIRELESS LIMITED,Land Mobile,Repeater,UHF (300 MHz-3 GHz),1,456.9063,456.9063
WALKER WIRELESS LIMITED,Land Mobile,Simplex,UHF (300 MHz-3 GHz),1,482.0938,482.0938
WALLING CONTRACTING SOUTHLAND LIMITED,Land Mobile,Repeater,VHF (30-300 MHz),1,164.2625,164.2625
WALLING CONTRACTING SOUTHLAND LIMITED,Land Mobile,Mobile Transmit,VHF (30-300 MHz),1,168.8625,168.8625
WALTON CONTRACTING LIMITED,Land Mobile,Simplex,VHF (30-300 MHz),1,172.75,172.75
WANAKA AGRICULTURAL CONTRACTING (2017) LIMITED,Land Mobile,Simplex,VHF (30-300 MHz),1,150.2625,150.2625
WANGANUI DISTRICT COUNCIL,Aeronautical,Base Station,VHF (30-300 MHz),1,120.2,120.2
WANGANUI DISTRICT COUNCIL,Land Mobile,Simplex,UHF (300 MHz-3 GHz),1,453.6188,453.6188
WANGANUI DISTRICT COUNCIL,Land Mobile,Simplex,VHF (30-300 MHz),1,150.1125,150.1125
WANGANUI SAFARIS LIMITED,Land Mobile,Simplex,VHF (30-300 MHz),1,170.775,170.775
WANGANUI SAFARIS LIMITED,Land Mobile,Repeater,VHF (30-300 MHz),1,164.0125,164.0125
WANGANUI SAFARIS LIMITED,Land Mobile,Mobile Transmit,VHF (30-300 MHz),1,168.6125,168.6125
WANGANUI STOCK CAR AND SPEEDWAY CLUB INCORPORATED,Land Mobile,Simplex,UHF (300 MHz-3 GHz),1,461.5438,461.5438
WANGANUI TRAMPING CLUB INCORPORATED,Land Mobile,Simplex,VHF (30-300 MHz),1,150.725,150.725
WARATAH NZ LIMITED,Land Mobile,Simplex,VHF (30-300 MHz),1,150.4125,150.4125
WARATAH RETIREMENT HOME,Paging,Unspecified,VHF (30-300 MHz),1,160.4375,160.4375
WARNER CONSTRUCTION LIMITED,Land Mobile,Simplex,VHF (30-300 MHz),1,150.4125,150.4125
WARNER CONSTRUCTION LIMITED,Land Mobile,Simplex,UHF (300 MHz-3 GHz),1,489.0813,489.0813
WARWICK RHODES CONTRACTORS LIMITED,Land Mobile,Simplex,VHF (30-300 MHz),1,150.7125,150.7125
WASSCO TRADING LIMITED,Land Mobile,Simplex,UHF (300 MHz-3 GHz),1,449.9563,449.9563
WASTE DISPOSAL SERVICES,Land Mobile,Mobile Transmit,UHF (300 MHz-3 GHz),1,469.2688,469.2688
WASTE DISPOSAL SERVICES,Land Mobile,Repeater,UHF (300 MHz-3 GHz),1,464.0813,464.0813
WASTE MANAGEMENT NZLTD,Aeronautical,Base Station,VHF (30-300 MHz),1,131.25,131.25
WASTE MANAGEMENT TECHNICAL SERVICES LIMITED,Land Mobile,Simplex,UHF (300 MHz-3 GHz),1,483.7688,483.7688
WATERCARE SERVICES LTD,Fixed Link,Uni-directional,UHF (300 MHz-3 GHz),1,450.0125,450.0125
WATERWORLD TE RAPA,Land Mobile,Simplex,VHF (30-300 MHz),1,165.7375,165.7375
WATSON EARTHWORKS LIMITED,Land Mobile,Simplex,VHF (30-300 MHz),1,150.7375,150.7375
WATTLE CONTRACTING LTD,Land Mobile,Simplex,UHF (300 MHz-3 GHz),1,477.5813,477.5813
WAYNE CLARKE CONTRACTING LIMITED,Land Mobile,Simplex,UHF (300 MHz-3 GHz),1,483.5688,483.5688
WAYNE SCOTT PANELBEATERS & SPRAYPAINTERS LIMITED,Land Mobile,Simplex,UHF (300 MHz-3 GHz),1,483.1688,483.1688
WEBSTERS HYDRATED LIME CO LTD,Land Mobile,Simplex,UHF (300 MHz-3 GHz),1,461.6563,461.6563
WEGGCO LIMITED,Land Mobile,Mobile Transmit,UHF (300 MHz-3 GHz),1,450.3438,450.3438
WEGGCO LIMITED,Land Mobile,Repeater,UHF (300 MHz-3 GHz),1,455.3813,455.3813
WEKA PASS RAILWAY INCORPORATED,Land Mobile,Mobile Transmit,VHF (30-300 MHz),1,154.5438,154.5438
WEKA PASS RAILWAY INCORPORATED,Land Mobile,Repeater,VHF (30-300 MHz),1,152.7625,152.7625
WELLINGTON ACCESS BROADCASTING SOCIETY INCORPORATED,Broadcasting,Unspecified,VHF (30-300 MHz),1,106.1,106.1
WELLINGTON CITY COUNCIL,Paging,Unspecified,VHF (30-300 MHz),1,160.5875,160.5875
WELLINGTON MOUNTAIN RADIO SERVICE INCORPORATED,Land Mobile,Mobile Transmit,VHF (30-300 MHz),1,167.525,167.525
WELLINGTON MOUNTAIN RADIO SERVICE INCORPORATED,Land Mobile,Repeater,VHF (30-300 MHz),1,162.925,162.925
WELLINGTON RUGBY LTD,Land Mobile,Simplex,UHF (300 MHz-3 GHz),1,489.8313,489.8313
WELLINGTON VHF GROUP INC,Amateur,Beacon,VHF (30-300 MHz),1,144.275,144.275
WELLINGTON VHF GROUP INC,Amateur,Beacon,SHF (3-30 GHz),1,5765.0,5765.0
WELLINGTON ZOO TRUST,Land Mobile,Mobile Transmit,UHF (300 MHz-3 GHz),1,450.4563,450.4563
WELLINGTON ZOO TRUST,Land Mobile,Repeater,UHF (300 MHz-3 GHz),1,455.4938,455.4938
WENITA FORESTRY LTD,Land Mobile,Simplex,VHF (30-300 MHz),1,150.0875,150.0875
WEST COAST REGIONAL COUNCIL,Land Mobile,Simplex,VHF (30-300 MHz),1,153.5813,153.5813
WESTCITY NZ NOMINEES PTY. LTD.,Land Mobile,Simplex,UHF (300 MHz-3 GHz),1,461.5563,461.5563
WESTCITY NZ NOMINEES PTY. LTD.,Land Mobile,Repeater,UHF (300 MHz-3 GHz),1,455.3313,455.3313
WESTCITY NZ NOMINEES PTY. LTD.,Land Mobile,Mobile Transmit,UHF (300 MHz-3 GHz),1,450.2938,450.2938
WESTCITY NZ PTY. LTD.,Land Mobile,Mobile Transmit,UHF (300 MHz-3 GHz),1,452.5688,452.5688
WESTCITY NZ PTY. LTD.,Land Mobile,Repeater,UHF (300 MHz-3 GHz),1,457.6063,457.6063
WESTERN BAY OF PLENTY DISTRICT COUNCIL,Land Mobile,Repeater,VHF (30-300 MHz),1,152.7125,152.7125
WESTERN BAY OF PLENTY DISTRICT COUNCIL,Land Mobile,Simplex,VHF (30-300 MHz),1,150.625,150.625
WESTERN BAY OF PLENTY DISTRICT COUNCIL,Land Mobile,Mobile Transmit,VHF (30-300 MHz),1,154.4938,154.4938
WESTFIELD NEW ZEALAND LIMITED,Land Mobile,Simplex,UHF (300 MHz-3 GHz),1,461.7563,461.7563
WESTFIELD SHOPPING CENTRE MANAGEMENT CO (NZ) LTD,Land Mobile,Mobile Transmit,UHF (300 MHz-3 GHz),1,467.7563,467.7563
WESTFIELD SHOPPING CENTRE MANAGEMENT CO (NZ) LTD,Land Mobile,Repeater,UHF (300 MHz-3 GHz),1,462.5688,462.5688
WESTFIELD SHOPPING CENTRE MANAGEMENT CO (NZ) LTD,Paging,Unspecified,VHF (30-300 MHz),1,160.4625,160.4625
WESTLAND BRANCH NZART,Amateur,Repeater,UHF (300 MHz-3 GHz),1,438.575,438.575
WESTLAND BRANCH NZART,Amateur,Mobile Transmit,UHF (300 MHz-3 GHz),1,433.575,433.575
WESTLAND BRANCH NZART,Amateur,Repeater,VHF (30-300 MHz),1,146.95,146.95
WESTLAND MILK PRODUCTS INVESTMENTS LIMITED,Land Mobile,Simplex,UHF (300 MHz-3 GHz),1,488.3813,488.3813
WETA DIGITAL  LTD,Land Mobile,Repeater,UHF (300 MHz-3 GHz),1,481.5438,481.5438
WETA DIGITAL  LTD,Land Mobile,Mobile Transmit,UHF (300 MHz-3 GHz),1,475.5563,475.5563
WETA WORKSHOP LIMITED,Land Mobile,Mobile Transmit,UHF (300 MHz-3 GHz),1,474.8188,474.8188
WETA WORKSHOP LIMITED,Land Mobile,Repeater,UHF (300 MHz-3 GHz),1,480.8063,480.8063
WHAKATANE COAST GUARD ASSOCIATION INC,Aeronautical,Base Station,VHF (30-300 MHz),1,119.1,119.1
WHAKATANE COAST GUARD ASSOCIATION INC,Maritime,Mobile Transmit,VHF (30-300 MHz),1,156.025,156.025
WHAKATANE COAST GUARD ASSOCIATION INC,Maritime,Repeater,VHF (30-300 MHz),1,160.625,160.625
WHAKATANE MILL LIMITED,Land Mobile,Mobile Transmit,UHF (300 MHz-3 GHz),1,469.2313,469.2313
WHAKATANE MILL LIMITED,Land Mobile,Repeater,UHF (300 MHz-3 GHz),1,464.0438,464.0438
WHANA WHANA STATION LIMITED,Land Mobile,Mobile Transmit,VHF (30-300 MHz),1,169.1375,169.1375
WHANA WHANA STATION LIMITED,Land Mobile,Repeater,VHF (30-300 MHz),1,164.5375,164.5375
WHANGAMATA VOLUNTEER COASTGUARD INC,Land Mobile,Repeater,VHF (30-300 MHz),1,151.55,151.55
WHANGAMATA VOLUNTEER COASTGUARD INC,Land Mobile,Mobile Transmit,VHF (30-300 MHz),1,155.7313,155.7313
WHANGANUI (NEW ZEALAND) MASTERS GAMES TRUST,Land Mobile,Simplex,UHF (300 MHz-3 GHz),1,483.7438,483.7438
WHANGANUI SURF LIFEGUARD SERVICE INCORPORATED,Land Mobile,Mobile Transmit,VHF (30-300 MHz),1,169.6875,169.6875
WHANGANUI SURF LIFEGUARD SERVICE INCORPORATED,Land Mobile,Repeater,VHF (30-300 MHz),1,165.0875,165.0875
WHANGAREI AMATEUR RADIO CLUB,Amateur,Repeater,UHF (300 MHz-3 GHz),1,438.7,438.7
WHANGAREI AMATEUR RADIO CLUB,Amateur,Mobile Transmit,UHF (300 MHz-3 GHz),1,433.7,433.7
WHANGAREI AMATEUR RADIO CLUB,Land Mobile,Mobile Transmit,UHF (300 MHz-3 GHz),1,477.25,477.25
WHANGAREI AMATEUR RADIO CLUB,Land Mobile,Repeater,UHF (300 MHz-3 GHz),1,476.5,476.5
WHANGAREI DISTRICT AIRPORT,Aeronautical,Base Station,VHF (30-300 MHz),1,119.8,119.8
WHANGAREI DISTRICT AIRPORT,Fixed Link,Uni-directional,UHF (300 MHz-3 GHz),1,450.0125,450.0125
WHANGAREI DISTRICT COUNCIL,Land Mobile,Repeater,VHF (30-300 MHz),1,164.35,164.35
WHANGAREI DISTRICT COUNCIL,Land Mobile,Mobile Transmit,VHF (30-300 MHz),1,168.95,168.95
WHISKER FORESTRY LIMITED,Land Mobile,Simplex,VHF (30-300 MHz),1,150.6,150.6
WHITCOULLS 2011 LIMITED,Land Mobile,Simplex,UHF (300 MHz-3 GHz),1,482.7813,482.7813
WI PERE TRUST,Land Mobile,Repeater,VHF (30-300 MHz),1,163.2875,163.2875
WI PERE TRUST,Land Mobile,Mobile Transmit,VHF (30-300 MHz),1,167.8875,167.8875
WIGHT ALUMINIUM GROUP LIMITED,Land Mobile,Simplex,UHF (300 MHz-3 GHz),1,477.9813,477.9813
WILD HOG LOGGING LIMITED,Land Mobile,Simplex,VHF (30-300 MHz),1,171.275,171.275
WILLESDEN FARMS LIMITED,Land Mobile,Mobile Transmit,VHF (30-300 MHz),1,168.2125,168.2125
WILLESDEN FARMS LIMITED,Land Mobile,Repeater,VHF (30-300 MHz),1,163.6125,163.6125
WILLIAMS HOIST & HAUL LIMITED,Land Mobile,Simplex,VHF (30-300 MHz),1,166.6625,166.6625
WILLOWBANK WILDLIFE RESERVE LTD,Land Mobile,Simplex,UHF (300 MHz-3 GHz),1,466.9063,466.9063
WILSON CONTRACTING LIMITED,Land Mobile,Mobile Transmit,VHF (30-300 MHz),1,167.2125,167.2125
WILSON CONTRACTING LIMITED,Land Mobile,Repeater,VHF (30-300 MHz),1,162.6125,162.6125
WILSON EARTHMOVING LIMITED,Land Mobile,Simplex,VHF (30-300 MHz),1,153.4813,153.4813
WINSTONE WALLBOARDS LIMITED,Paging,Unspecified,VHF (30-300 MHz),1,160.3875,160.3875
WINTER LOGGING LIMITED,Land Mobile,Simplex,VHF (30-300 MHz),1,171.5,171.5
WIZWIRELESS LIMITED,Land Mobile,Repeater,UHF (300 MHz-3 GHz),1,456.6313,456.6313
WIZWIRELESS LIMITED,Land Mobile,Mobile Transmit,UHF (300 MHz-3 GHz),1,451.5938,451.5938
WOODVILLE RADIO SOCIETY INCORPORATED,Broadcasting,Unspecified,VHF (30-300 MHz),1,99.6,99.6
WSP NEW ZEALAND LIMITED,Land Mobile,Simplex,UHF (300 MHz-3 GHz),1,454.9938,454.9938
WSP NEW ZEALAND LIMITED,Land Mobile,Simplex,VHF (30-300 MHz),1,150.1375,150.1375
Waikato District Council,Land Mobile,Simplex,UHF (300 MHz-3 GHz),1,458.4063,458.4063
Waikato District Health Board,Land Mobile,Simplex,UHF (300 MHz-3 GHz),1,461.6625,461.6625
Waikato District Health Board,Paging,Unspecified,UHF (300 MHz-3 GHz),1,458.55,458.55
Waikato Thoroughbred Racing Inc,Land Mobile,Simplex,VHF (30-300 MHz),1,150.0625,150.0625
Warwick Mortimer,Land Mobile,Simplex,UHF (300 MHz-3 GHz),1,453.5938,453.5938
Warwick Willson,Land Mobile,Simplex,VHF (30-300 MHz),1,153.4813,153.4813
Wayne and Glenys Schreiber,Land Mobile,Simplex,VHF (30-300 MHz),1,171.425,171.425
Wellington Regional Stadium Trust,Land Mobile,Simplex,UHF (300 MHz-3 GHz),1,455.2813,455.2813
Western Institute of Technology at Taranaki,Broadcasting,Unspecified,VHF (30-300 MHz),1,92.4,92.4
Whakaatu Whanaunga Trust,Broadcasting,Unspecified,VHF (30-300 MHz),1,91.7,91.7
Whanganui High School,Land Mobile,Simplex,UHF (300 MHz-3 GHz),1,461.6438,461.6438
William A BLACK,Land Mobile,Repeater,UHF (300 MHz-3 GHz),1,464.7563,464.7563
William A BLACK,Land Mobile,Mobile Transmit,UHF (300 MHz-3 GHz),1,469.9438,469.9438
Windwhistle Winter Sports Club Inc,Land Mobile,Simplex,VHF (30-300 MHz),1,150.2625,150.2625
XS FM LIMITED,Fixed Link,Uni-directional,UHF (300 MHz-3 GHz),1,928.75,928.75
YRLESS LIMITED,Land Mobile,Mobile Transmit,UHF (300 MHz-3 GHz),1,469.6188,469.6188
YRLESS LIMITED,Land Mobile,Repeater,UHF (300 MHz-3 GHz),1,464.4313,464.4313
Z ENERGY LIMITED,Aeronautical,Base Station,VHF (30-300 MHz),1,133.7,133.7
ZEALANDIA HORTICULTURE LIMITED,Land Mobile,Simplex,UHF (300 MHz-3 GHz),1,489.9813,489.9813
ZERO INVASIVE PREDATORS LIMITED,Land Mobile,Repeater,UHF (300 MHz-3 GHz),1,462.2313,462.2313
ZERO INVASIVE PREDATORS LIMITED,Land Mobile,Mobile Transmit,UHF (300 MHz-3 GHz),1,467.4188,467.4188
ZJV (NZ) LIMITED,Land Mobile,Mobile Transmit,VHF (30-300 MHz),1,168.2375,168.2375
ZJV (NZ) LIMITED,Land Mobile,Repeater,VHF (30-300 MHz),1,163.6375,163.6375
Zane Milligan,Amateur,Mobile Transmit,UHF (300 MHz-3 GHz),1,433.5,433.5
Zane Milligan,Amateur,Repeater,UHF (300 MHz-3 GHz),1,438.5,438.5
middlehurst station ltd,Land Mobile,Mobile Transmit,VHF (30-300 MHz),1,169.3875,169.3875
middlehurst station ltd,Land Mobile,Repeater,VHF (30-300 MHz),1,164.7875,164.7875
ŌRAKA-APARIMA RŪNAKA INCORPORATED,Land Mobile,Simplex,VHF (30-300 MHz),1,150.3,150.3
