observed_date,rank,licensee,assignment_count
2025-07-18,1,ONE NEW ZEALAND GROUP LIMITED,10146
2025-07-18,2,SPARK NEW ZEALAND TRADING LIMITED,8855
2025-07-18,3,TWO DEGREES NETWORKS LIMITED,8638
2025-07-18,4,CHORUS NEW ZEALAND LIMITED,3636
2025-07-18,5,EONFIBRE LIMITED,2022
2025-07-18,6,VITAL LIMITED,1954
2025-07-18,7,KIWIRAIL,1820
2025-07-18,8,KORDIA LIMITED,1514
2025-07-18,9,RURAL CONNECTIVITY GROUP LIMITED,1350
2025-07-18,10,NZ DEFENCE FORCE HEADQUARTERS,814
2025-07-18,11,ENTAIN NEW ZEALAND LIMITED,657
2025-07-18,12,LIGHTWIRE LIMITED,648
2025-07-18,13,NZME RADIO LIMITED,602
2025-07-18,14,POWERCO LIMITED,590
2025-07-18,15,AIRWAYS CORPORATION OF NEW ZEALAND LIMITED,582
2025-07-18,16,EVERY PERSON,574
2025-07-18,17,ISO LIMITED,552
2025-07-18,18,NEP BROADCAST SERVICES NEW ZEALAND LIMITED,547
2025-07-18,19,KIWIRAIL LTD,533
2025-07-18,20,MEDIAWORKS RADIO LIMITED,499
2025-07-18,21,SPACE OPERATIONS NEW ZEALAND LIMITED,499
2025-07-18,22,DEPARTMENT OF CONSERVATION,467
2025-07-18,23,FIRE AND EMERGENCY NEW ZEALAND,445
2025-07-18,24,TAIT SYSTEMS NZ LIMITED,433
2025-07-18,25,ASHLEY COMMUNICATIONS LIMITED,428
2025-07-21,1,ONE NEW ZEALAND GROUP LIMITED,10146
2025-07-21,2,SPARK NEW ZEALAND TRADING LIMITED,8855
2025-07-21,3,TWO DEGREES NETWORKS LIMITED,8638
2025-07-21,4,CHORUS NEW ZEALAND LIMITED,3636
2025-07-21,5,EONFIBRE LIMITED,2022
2025-07-21,6,VITAL LIMITED,1954
2025-07-21,7,KIWIRAIL,1820
2025-07-21,8,KORDIA LIMITED,1514
2025-07-21,9,RURAL CONNECTIVITY GROUP LIMITED,1350
2025-07-21,10,NZ DEFENCE FORCE HEADQUARTERS,814
2025-07-21,11,ENTAIN NEW ZEALAND LIMITED,657
2025-07-21,12,LIGHTWIRE LIMITED,648
2025-07-21,13,NZME RADIO LIMITED,602
2025-07-21,14,POWERCO LIMITED,590
2025-07-21,15,AIRWAYS CORPORATION OF NEW ZEALAND LIMITED,582
2025-07-21,16,EVERY PERSON,574
2025-07-21,17,ISO LIMITED,552
2025-07-21,18,NEP BROADCAST SERVICES NEW ZEALAND LIMITED,547
2025-07-21,19,KIWIRAIL LTD,533
2025-07-21,20,SPACE OPERATIONS NEW ZEALAND LIMITED,504
2025-07-21,21,MEDIAWORKS RADIO LIMITED,499
2025-07-21,22,DEPARTMENT OF CONSERVATION,467
2025-07-21,23,FIRE AND EMERGENCY NEW ZEALAND,445
2025-07-21,24,TAIT SYSTEMS NZ LIMITED,433
2025-07-21,25,ASHLEY COMMUNICATIONS LIMITED,428
2025-07-22,1,ONE NEW ZEALAND GROUP LIMITED,10174
2025-07-22,2,SPARK NEW ZEALAND TRADING LIMITED,8855
2025-07-22,3,TWO DEGREES NETWORKS LIMITED,8648
2025-07-22,4,CHORUS NEW ZEALAND LIMITED,3636
2025-07-22,5,EONFIBRE LIMITED,2022
2025-07-22,6,VITAL LIMITED,1954
2025-07-22,7,KIWIRAIL,1820
2025-07-22,8,KORDIA LIMITED,1514
2025-07-22,9,RURAL CONNECTIVITY GROUP LIMITED,1352
2025-07-22,10,NZ DEFENCE FORCE HEADQUARTERS,814
2025-07-22,11,ENTAIN NEW ZEALAND LIMITED,657
2025-07-22,12,LIGHTWIRE LIMITED,648
2025-07-22,13,NZME RADIO LIMITED,602
2025-07-22,14,POWERCO LIMITED,590
2025-07-22,15,AIRWAYS CORPORATION OF NEW ZEALAND LIMITED,582
2025-07-22,16,EVERY PERSON,574
2025-07-22,17,ISO LIMITED,552
2025-07-22,18,NEP BROADCAST SERVICES NEW ZEALAND LIMITED,547
2025-07-22,19,KIWIRAIL LTD,533
2025-07-22,20,SPACE OPERATIONS NEW ZEALAND LIMITED,504
2025-07-22,21,MEDIAWORKS RADIO LIMITED,499
2025-07-22,22,DEPARTMENT OF CONSERVATION,467
2025-07-22,23,FIRE AND EMERGENCY NEW ZEALAND,445
2025-07-22,24,TAIT SYSTEMS NZ LIMITED,433
2025-07-22,25,ASHLEY COMMUNICATIONS LIMITED,428
2025-07-24,1,ONE NEW ZEALAND GROUP LIMITED,10174
2025-07-24,2,SPARK NEW ZEALAND TRADING LIMITED,8855
2025-07-24,3,TWO DEGREES NETWORKS LIMITED,8648
2025-07-24,4,CHORUS NEW ZEALAND LIMITED,3636
2025-07-24,5,EONFIBRE LIMITED,2034
2025-07-24,6,VITAL LIMITED,1954
2025-07-24,7,KIWIRAIL,1820
2025-07-24,8,KORDIA LIMITED,1522
2025-07-24,9,RURAL CONNECTIVITY GROUP LIMITED,1353
2025-07-24,10,NZ DEFENCE FORCE HEADQUARTERS,814
2025-07-24,11,ENTAIN NEW ZEALAND LIMITED,657
2025-07-24,12,LIGHTWIRE LIMITED,648
2025-07-24,13,NZME RADIO LIMITED,602
2025-07-24,14,POWERCO LIMITED,590
2025-07-24,15,AIRWAYS CORPORATION OF NEW ZEALAND LIMITED,582
2025-07-24,16,EVERY PERSON,574
2025-07-24,17,ISO LIMITED,552
2025-07-24,18,NEP BROADCAST SERVICES NEW ZEALAND LIMITED,547
2025-07-24,19,KIWIRAIL LTD,533
2025-07-24,20,SPACE OPERATIONS NEW ZEALAND LIMITED,504
2025-07-24,21,MEDIAWORKS RADIO LIMITED,491
2025-07-24,22,DEPARTMENT OF CONSERVATION,467
2025-07-24,23,FIRE AND EMERGENCY NEW ZEALAND,460
2025-07-24,24,TAIT SYSTEMS NZ LIMITED,433
2025-07-24,25,ASHLEY COMMUNICATIONS LIMITED,428
2025-07-25,1,ONE NEW ZEALAND GROUP LIMITED,10174
2025-07-25,2,SPARK NEW ZEALAND TRADING LIMITED,8864
2025-07-25,3,TWO DEGREES NETWORKS LIMITED,8648
2025-07-25,4,CHORUS NEW ZEALAND LIMITED,3636
2025-07-25,5,EONFIBRE LIMITED,2034
2025-07-25,6,VITAL LIMITED,1954
2025-07-25,7,KIWIRAIL,1820
2025-07-25,8,KORDIA LIMITED,1522
2025-07-25,9,RURAL CONNECTIVITY GROUP LIMITED,1361
2025-07-25,10,NZ DEFENCE FORCE HEADQUARTERS,814
2025-07-25,11,ENTAIN NEW ZEALAND LIMITED,657
2025-07-25,12,LIGHTWIRE LIMITED,648
2025-07-25,13,NZME RADIO LIMITED,602
2025-07-25,14,POWERCO LIMITED,590
2025-07-25,15,AIRWAYS CORPORATION OF NEW ZEALAND LIMITED,582
2025-07-25,16,EVERY PERSON,574
2025-07-25,17,ISO LIMITED,552
2025-07-25,18,NEP BROADCAST SERVICES NEW ZEALAND LIMITED,547
2025-07-25,19,KIWIRAIL LTD,533
2025-07-25,20,SPACE OPERATIONS NEW ZEALAND LIMITED,504
2025-07-25,21,MEDIAWORKS RADIO LIMITED,491
2025-07-25,22,DEPARTMENT OF CONSERVATION,467
2025-07-25,23,FIRE AND EMERGENCY NEW ZEALAND,460
2025-07-25,24,TAIT SYSTEMS NZ LIMITED,433
2025-07-25,25,ASHLEY COMMUNICATIONS LIMITED,428
2025-07-30,1,ONE NEW ZEALAND GROUP LIMITED,10175
2025-07-30,2,SPARK NEW ZEALAND TRADING LIMITED,8864
2025-07-30,3,TWO DEGREES NETWORKS LIMITED,8643
2025-07-30,4,CHORUS NEW ZEALAND LIMITED,3636
2025-07-30,5,EONFIBRE LIMITED,2034
2025-07-30,6,VITAL LIMITED,1982
2025-07-30,7,KIWIRAIL,1820
2025-07-30,8,KORDIA LIMITED,1522
2025-07-30,9,RURAL CONNECTIVITY GROUP LIMITED,1361
2025-07-30,10,NZ DEFENCE FORCE HEADQUARTERS,814
2025-07-30,11,ENTAIN NEW ZEALAND LIMITED,657
2025-07-30,12,LIGHTWIRE LIMITED,648
2025-07-30,13,NZME RADIO LIMITED,602
2025-07-30,14,POWERCO LIMITED,590
2025-07-30,15,AIRWAYS CORPORATION OF NEW ZEALAND LIMITED,582
2025-07-30,16,EVERY PERSON,574
2025-07-30,17,ISO LIMITED,552
2025-07-30,18,NEP BROADCAST SERVICES NEW ZEALAND LIMITED,547
2025-07-30,19,KIWIRAIL LTD,533
2025-07-30,20,SPACE OPERATIONS NEW ZEALAND LIMITED,504
2025-07-30,21,MEDIAWORKS RADIO LIMITED,491
2025-07-30,22,DEPARTMENT OF CONSERVATION,467
2025-07-30,23,FIRE AND EMERGENCY NEW ZEALAND,460
2025-07-30,24,TAIT SYSTEMS NZ LIMITED,433
2025-07-30,25,ASHLEY COMMUNICATIONS LIMITED,428
2025-07-31,1,ONE NEW ZEALAND GROUP LIMITED,10175
2025-07-31,2,SPARK NEW ZEALAND TRADING LIMITED,8864
2025-07-31,3,TWO DEGREES NETWORKS LIMITED,8639
2025-07-31,4,CHORUS NEW ZEALAND LIMITED,3636
2025-07-31,5,EONFIBRE LIMITED,2034
2025-07-31,6,VITAL LIMITED,1982
2025-07-31,7,KIWIRAIL,1820
2025-07-31,8,KORDIA LIMITED,1522
2025-07-31,9,RURAL CONNECTIVITY GROUP LIMITED,1361
2025-07-31,10,NZ DEFENCE FORCE HEADQUARTERS,814
2025-07-31,11,ENTAIN NEW ZEALAND LIMITED,657
2025-07-31,12,LIGHTWIRE LIMITED,648
2025-07-31,13,NZME RADIO LIMITED,602
2025-07-31,14,POWERCO LIMITED,590
2025-07-31,15,AIRWAYS CORPORATION OF NEW ZEALAND LIMITED,582
2025-07-31,16,EVERY PERSON,574
2025-07-31,17,ISO LIMITED,552
2025-07-31,18,NEP BROADCAST SERVICES NEW ZEALAND LIMITED,547
2025-07-31,19,KIWIRAIL LTD,533
2025-07-31,20,SPACE OPERATIONS NEW ZEALAND LIMITED,504
2025-07-31,21,MEDIAWORKS RADIO LIMITED,491
2025-07-31,22,DEPARTMENT OF CONSERVATION,467
2025-07-31,23,FIRE AND EMERGENCY NEW ZEALAND,460
2025-07-31,24,TAIT SYSTEMS NZ LIMITED,433
2025-07-31,25,ASHLEY COMMUNICATIONS LIMITED,428
2025-08-01,1,ONE NEW ZEALAND GROUP LIMITED,10175
2025-08-01,2,SPARK NEW ZEALAND TRADING LIMITED,8864
2025-08-01,3,TWO DEGREES NETWORKS LIMITED,8639
2025-08-01,4,CHORUS NEW ZEALAND LIMITED,3636
2025-08-01,5,EONFIBRE LIMITED,2018
2025-08-01,6,VITAL LIMITED,1982
2025-08-01,7,KIWIRAIL,1820
2025-08-01,8,KORDIA LIMITED,1522
2025-08-01,9,RURAL CONNECTIVITY GROUP LIMITED,1361
2025-08-01,10,NZ DEFENCE FORCE HEADQUARTERS,814
2025-08-01,11,ENTAIN NEW ZEALAND LIMITED,657
2025-08-01,12,LIGHTWIRE LIMITED,648
2025-08-01,13,NZME RADIO LIMITED,602
2025-08-01,14,POWERCO LIMITED,590
2025-08-01,15,AIRWAYS CORPORATION OF NEW ZEALAND LIMITED,582
2025-08-01,16,EVERY PERSON,574
2025-08-01,17,ISO LIMITED,552
2025-08-01,18,NEP BROADCAST SERVICES NEW ZEALAND LIMITED,547
2025-08-01,19,KIWIRAIL LTD,533
2025-08-01,20,SPACE OPERATIONS NEW ZEALAND LIMITED,504
2025-08-01,21,MEDIAWORKS RADIO LIMITED,491
2025-08-01,22,DEPARTMENT OF CONSERVATION,467
2025-08-01,23,FIRE AND EMERGENCY NEW ZEALAND,460
2025-08-01,24,TAIT SYSTEMS NZ LIMITED,433
2025-08-01,25,ASHLEY COMMUNICATIONS LIMITED,428
2025-08-04,1,ONE NEW ZEALAND GROUP LIMITED,10175
2025-08-04,2,SPARK NEW ZEALAND TRADING LIMITED,8864
2025-08-04,3,TWO DEGREES NETWORKS LIMITED,8639
2025-08-04,4,CHORUS NEW ZEALAND LIMITED,3636
2025-08-04,5,EONFIBRE LIMITED,2018
2025-08-04,6,VITAL LIMITED,1982
2025-08-04,7,KIWIRAIL,1820
2025-08-04,8,KORDIA LIMITED,1522
2025-08-04,9,RURAL CONNECTIVITY GROUP LIMITED,1361
2025-08-04,10,NZ DEFENCE FORCE HEADQUARTERS,814
2025-08-04,11,ENTAIN NEW ZEALAND LIMITED,657
2025-08-04,12,LIGHTWIRE LIMITED,648
2025-08-04,13,NZME RADIO LIMITED,602
2025-08-04,14,POWERCO LIMITED,590
2025-08-04,15,AIRWAYS CORPORATION OF NEW ZEALAND LIMITED,582
2025-08-04,16,EVERY PERSON,574
2025-08-04,17,ISO LIMITED,552
2025-08-04,18,NEP BROADCAST SERVICES NEW ZEALAND LIMITED,547
2025-08-04,19,KIWIRAIL LTD,533
2025-08-04,20,SPACE OPERATIONS NEW ZEALAND LIMITED,504
2025-08-04,21,MEDIAWORKS RADIO LIMITED,491
2025-08-04,22,DEPARTMENT OF CONSERVATION,465
2025-08-04,23,FIRE AND EMERGENCY NEW ZEALAND,460
2025-08-04,24,TAIT SYSTEMS NZ LIMITED,433
2025-08-04,25,ASHLEY COMMUNICATIONS LIMITED,428
2025-08-05,1,ONE NEW ZEALAND GROUP LIMITED,10175
2025-08-05,2,SPARK NEW ZEALAND TRADING LIMITED,8864
2025-08-05,3,TWO DEGREES NETWORKS LIMITED,8643
2025-08-05,4,CHORUS NEW ZEALAND LIMITED,3636
2025-08-05,5,EONFIBRE LIMITED,2018
2025-08-05,6,VITAL LIMITED,1982
2025-08-05,7,KIWIRAIL,1820
2025-08-05,8,KORDIA LIMITED,1522
2025-08-05,9,RURAL CONNECTIVITY GROUP LIMITED,1361
2025-08-05,10,NZ DEFENCE FORCE HEADQUARTERS,814
2025-08-05,11,ENTAIN NEW ZEALAND LIMITED,657
2025-08-05,12,LIGHTWIRE LIMITED,648
2025-08-05,13,NZME RADIO LIMITED,602
2025-08-05,14,POWERCO LIMITED,590
2025-08-05,15,AIRWAYS CORPORATION OF NEW ZEALAND LIMITED,582
2025-08-05,16,EVERY PERSON,574
2025-08-05,17,ISO LIMITED,552
2025-08-05,18,NEP BROADCAST SERVICES NEW ZEALAND LIMITED,547
2025-08-05,19,KIWIRAIL LTD,533
2025-08-05,20,SPACE OPERATIONS NEW ZEALAND LIMITED,504
2025-08-05,21,MEDIAWORKS RADIO LIMITED,491
2025-08-05,22,DEPARTMENT OF CONSERVATION,465
2025-08-05,23,FIRE AND EMERGENCY NEW ZEALAND,460
2025-08-05,24,TAIT SYSTEMS NZ LIMITED,433
2025-08-05,25,ASHLEY COMMUNICATIONS LIMITED,428
2025-08-06,1,ONE NEW ZEALAND GROUP LIMITED,10175
2025-08-06,2,SPARK NEW ZEALAND TRADING LIMITED,8864
2025-08-06,3,TWO DEGREES NETWORKS LIMITED,8643
2025-08-06,4,CHORUS NEW ZEALAND LIMITED,3636
2025-08-06,5,EONFIBRE LIMITED,2018
2025-08-06,6,VITAL LIMITED,1982
2025-08-06,7,KIWIRAIL,1820
2025-08-06,8,KORDIA LIMITED,1522
2025-08-06,9,RURAL CONNECTIVITY GROUP LIMITED,1361
2025-08-06,10,NZ DEFENCE FORCE HEADQUARTERS,814
2025-08-06,11,ENTAIN NEW ZEALAND LIMITED,657
2025-08-06,12,LIGHTWIRE LIMITED,648
2025-08-06,13,NZME RADIO LIMITED,601
2025-08-06,14,POWERCO LIMITED,590
2025-08-06,15,AIRWAYS CORPORATION OF NEW ZEALAND LIMITED,582
2025-08-06,16,EVERY PERSON,574
2025-08-06,17,ISO LIMITED,552
2025-08-06,18,NEP BROADCAST SERVICES NEW ZEALAND LIMITED,547
2025-08-06,19,KIWIRAIL LTD,533
2025-08-06,20,SPACE OPERATIONS NEW ZEALAND LIMITED,504
2025-08-06,21,MEDIAWORKS RADIO LIMITED,491
2025-08-06,22,DEPARTMENT OF CONSERVATION,465
2025-08-06,23,FIRE AND EMERGENCY NEW ZEALAND,460
2025-08-06,24,TAIT SYSTEMS NZ LIMITED,433
2025-08-06,25,ASHLEY COMMUNICATIONS LIMITED,428
2025-08-07,1,ONE NEW ZEALAND GROUP LIMITED,10175
2025-08-07,2,SPARK NEW ZEALAND TRADING LIMITED,8864
2025-08-07,3,TWO DEGREES NETWORKS LIMITED,8655
2025-08-07,4,CHORUS NEW ZEALAND LIMITED,3636
2025-08-07,5,EONFIBRE LIMITED,2019
2025-08-07,6,VITAL LIMITED,1981
2025-08-07,7,KIWIRAIL,1820
2025-08-07,8,KORDIA LIMITED,1521
2025-08-07,9,RURAL CONNECTIVITY GROUP LIMITED,1367
2025-08-07,10,NZ DEFENCE FORCE HEADQUARTERS,814
2025-08-07,11,ENTAIN NEW ZEALAND LIMITED,657
2025-08-07,12,LIGHTWIRE LIMITED,648
2025-08-07,13,NZME RADIO LIMITED,601
2025-08-07,14,POWERCO LIMITED,590
2025-08-07,15,AIRWAYS CORPORATION OF NEW ZEALAND LIMITED,582
2025-08-07,16,EVERY PERSON,574
2025-08-07,17,ISO LIMITED,552
2025-08-07,18,NEP BROADCAST SERVICES NEW ZEALAND LIMITED,547
2025-08-07,19,KIWIRAIL LTD,533
2025-08-07,20,SPACE OPERATIONS NEW ZEALAND LIMITED,504
2025-08-07,21,MEDIAWORKS RADIO LIMITED,491
2025-08-07,22,DEPARTMENT OF CONSERVATION,465
2025-08-07,23,FIRE AND EMERGENCY NEW ZEALAND,460
2025-08-07,24,TAIT SYSTEMS NZ LIMITED,433
2025-08-07,25,ASHLEY COMMUNICATIONS LIMITED,428
2025-08-10,1,ONE NEW ZEALAND GROUP LIMITED,10175
2025-08-10,2,SPARK NEW ZEALAND TRADING LIMITED,8864
2025-08-10,3,TWO DEGREES NETWORKS LIMITED,8655
2025-08-10,4,CHORUS NEW ZEALAND LIMITED,3636
2025-08-10,5,EONFIBRE LIMITED,2019
2025-08-10,6,VITAL LIMITED,1981
2025-08-10,7,KIWIRAIL,1820
2025-08-10,8,KORDIA LIMITED,1523
2025-08-10,9,RURAL CONNECTIVITY GROUP LIMITED,1367
2025-08-10,10,NZ DEFENCE FORCE HEADQUARTERS,814
2025-08-10,11,ENTAIN NEW ZEALAND LIMITED,657
2025-08-10,12,LIGHTWIRE LIMITED,648
2025-08-10,13,NZME RADIO LIMITED,601
2025-08-10,14,POWERCO LIMITED,590
2025-08-10,15,AIRWAYS CORPORATION OF NEW ZEALAND LIMITED,582
2025-08-10,16,EVERY PERSON,574
2025-08-10,17,ISO LIMITED,552
2025-08-10,18,NEP BROADCAST SERVICES NEW ZEALAND LIMITED,547
2025-08-10,19,KIWIRAIL LTD,533
2025-08-10,20,SPACE OPERATIONS NEW ZEALAND LIMITED,504
2025-08-10,21,MEDIAWORKS RADIO LIMITED,491
2025-08-10,22,DEPARTMENT OF CONSERVATION,465
2025-08-10,23,FIRE AND EMERGENCY NEW ZEALAND,460
2025-08-10,24,TAIT SYSTEMS NZ LIMITED,433
2025-08-10,25,ASHLEY COMMUNICATIONS LIMITED,428
2025-08-11,1,ONE NEW ZEALAND GROUP LIMITED,10175
2025-08-11,2,SPARK NEW ZEALAND TRADING LIMITED,8864
2025-08-11,3,TWO DEGREES NETWORKS LIMITED,8655
2025-08-11,4,CHORUS NEW ZEALAND LIMITED,3636
2025-08-11,5,EONFIBRE LIMITED,2023
2025-08-11,6,VITAL LIMITED,1981
2025-08-11,7,KIWIRAIL,1820
2025-08-11,8,KORDIA LIMITED,1523
2025-08-11,9,RURAL CONNECTIVITY GROUP LIMITED,1367
2025-08-11,10,NZ DEFENCE FORCE HEADQUARTERS,814
2025-08-11,11,ENTAIN NEW ZEALAND LIMITED,657
2025-08-11,12,LIGHTWIRE LIMITED,648
2025-08-11,13,NZME RADIO LIMITED,601
2025-08-11,14,POWERCO LIMITED,590
2025-08-11,15,AIRWAYS CORPORATION OF NEW ZEALAND LIMITED,582
2025-08-11,16,EVERY PERSON,574
2025-08-11,17,ISO LIMITED,552
2025-08-11,18,NEP BROADCAST SERVICES NEW ZEALAND LIMITED,547
2025-08-11,19,KIWIRAIL LTD,533
2025-08-11,20,SPACE OPERATIONS NEW ZEALAND LIMITED,504
2025-08-11,21,MEDIAWORKS RADIO LIMITED,491
2025-08-11,22,DEPARTMENT OF CONSERVATION,464
2025-08-11,23,FIRE AND EMERGENCY NEW ZEALAND,460
2025-08-11,24,TAIT SYSTEMS NZ LIMITED,433
2025-08-11,25,ASHLEY COMMUNICATIONS LIMITED,428
2025-08-12,1,ONE NEW ZEALAND GROUP LIMITED,10175
2025-08-12,2,SPARK NEW ZEALAND TRADING LIMITED,8864
2025-08-12,3,TWO DEGREES NETWORKS LIMITED,8655
2025-08-12,4,CHORUS NEW ZEALAND LIMITED,3636
2025-08-12,5,EONFIBRE LIMITED,2023
2025-08-12,6,VITAL LIMITED,1981
2025-08-12,7,KIWIRAIL,1820
2025-08-12,8,KORDIA LIMITED,1523
2025-08-12,9,RURAL CONNECTIVITY GROUP LIMITED,1367
2025-08-12,10,NZ DEFENCE FORCE HEADQUARTERS,814
2025-08-12,11,ENTAIN NEW ZEALAND LIMITED,657
2025-08-12,12,LIGHTWIRE LIMITED,648
2025-08-12,13,NZME RADIO LIMITED,601
2025-08-12,14,POWERCO LIMITED,590
2025-08-12,15,AIRWAYS CORPORATION OF NEW ZEALAND LIMITED,580
2025-08-12,16,EVERY PERSON,574
2025-08-12,17,ISO LIMITED,552
2025-08-12,18,NEP BROADCAST SERVICES NEW ZEALAND LIMITED,547
2025-08-12,19,KIWIRAIL LTD,533
2025-08-12,20,SPACE OPERATIONS NEW ZEALAND LIMITED,504
2025-08-12,21,MEDIAWORKS RADIO LIMITED,491
2025-08-12,22,DEPARTMENT OF CONSERVATION,464
2025-08-12,23,FIRE AND EMERGENCY NEW ZEALAND,460
2025-08-12,24,TAIT SYSTEMS NZ LIMITED,433
2025-08-12,25,ASHLEY COMMUNICATIONS LIMITED,428
2025-08-13,1,ONE NEW ZEALAND GROUP LIMITED,10175
2025-08-13,2,SPARK NEW ZEALAND TRADING LIMITED,8864
2025-08-13,3,TWO DEGREES NETWORKS LIMITED,8659
2025-08-13,4,CHORUS NEW ZEALAND LIMITED,3636
2025-08-13,5,EONFIBRE LIMITED,2023
2025-08-13,6,VITAL LIMITED,1981
2025-08-13,7,KIWIRAIL,1820
2025-08-13,8,KORDIA LIMITED,1523
2025-08-13,9,RURAL CONNECTIVITY GROUP LIMITED,1367
2025-08-13,10,NZ DEFENCE FORCE HEADQUARTERS,814
2025-08-13,11,ENTAIN NEW ZEALAND LIMITED,657
2025-08-13,12,LIGHTWIRE LIMITED,648
2025-08-13,13,NZME RADIO LIMITED,601
2025-08-13,14,POWERCO LIMITED,590
2025-08-13,15,AIRWAYS CORPORATION OF NEW ZEALAND LIMITED,580
2025-08-13,16,EVERY PERSON,574
2025-08-13,17,ISO LIMITED,552
2025-08-13,18,NEP BROADCAST SERVICES NEW ZEALAND LIMITED,547
2025-08-13,19,KIWIRAIL LTD,533
2025-08-13,20,SPACE OPERATIONS NEW ZEALAND LIMITED,504
2025-08-13,21,MEDIAWORKS RADIO LIMITED,491
2025-08-13,22,DEPARTMENT OF CONSERVATION,464
2025-08-13,23,FIRE AND EMERGENCY NEW ZEALAND,460
2025-08-13,24,TAIT SYSTEMS NZ LIMITED,433
2025-08-13,25,ASHLEY COMMUNICATIONS LIMITED,428
2025-08-14,1,ONE NEW ZEALAND GROUP LIMITED,10175
2025-08-14,2,SPARK NEW ZEALAND TRADING LIMITED,8864
2025-08-14,3,TWO DEGREES NETWORKS LIMITED,8670
2025-08-14,4,CHORUS NEW ZEALAND LIMITED,3636
2025-08-14,5,EONFIBRE LIMITED,2023
2025-08-14,6,VITAL LIMITED,1981
2025-08-14,7,KIWIRAIL,1820
2025-08-14,8,KORDIA LIMITED,1523
2025-08-14,9,RURAL CONNECTIVITY GROUP LIMITED,1367
2025-08-14,10,NZ DEFENCE FORCE HEADQUARTERS,814
2025-08-14,11,ENTAIN NEW ZEALAND LIMITED,657
2025-08-14,12,LIGHTWIRE LIMITED,648
2025-08-14,13,NZME RADIO LIMITED,601
2025-08-14,14,POWERCO LIMITED,590
2025-08-14,15,AIRWAYS CORPORATION OF NEW ZEALAND LIMITED,580
2025-08-14,16,EVERY PERSON,574
2025-08-14,17,ISO LIMITED,552
2025-08-14,18,NEP BROADCAST SERVICES NEW ZEALAND LIMITED,547
2025-08-14,19,KIWIRAIL LTD,533
2025-08-14,20,SPACE OPERATIONS NEW ZEALAND LIMITED,504
2025-08-14,21,MEDIAWORKS RADIO LIMITED,491
2025-08-14,22,DEPARTMENT OF CONSERVATION,464
2025-08-14,23,FIRE AND EMERGENCY NEW ZEALAND,459
2025-08-14,24,TAIT SYSTEMS NZ LIMITED,433
2025-08-14,25,ASHLEY COMMUNICATIONS LIMITED,428
2025-08-15,1,ONE NEW ZEALAND GROUP LIMITED,10175
2025-08-15,2,SPARK NEW ZEALAND TRADING LIMITED,8864
2025-08-15,3,TWO DEGREES NETWORKS LIMITED,8675
2025-08-15,4,CHORUS NEW ZEALAND LIMITED,3636
2025-08-15,5,EONFIBRE LIMITED,2023
2025-08-15,6,VITAL LIMITED,1981
2025-08-15,7,KIWIRAIL,1820
2025-08-15,8,KORDIA LIMITED,1523
2025-08-15,9,RURAL CONNECTIVITY GROUP LIMITED,1367
2025-08-15,10,NZ DEFENCE FORCE HEADQUARTERS,814
2025-08-15,11,ENTAIN NEW ZEALAND LIMITED,657
2025-08-15,12,LIGHTWIRE LIMITED,648
2025-08-15,13,NZME RADIO LIMITED,601
2025-08-15,14,POWERCO LIMITED,590
2025-08-15,15,AIRWAYS CORPORATION OF NEW ZEALAND LIMITED,580
2025-08-15,16,EVERY PERSON,574
2025-08-15,17,ISO LIMITED,552
2025-08-15,18,NEP BROADCAST SERVICES NEW ZEALAND LIMITED,547
2025-08-15,19,KIWIRAIL LTD,533
2025-08-15,20,SPACE OPERATIONS NEW ZEALAND LIMITED,504
2025-08-15,21,MEDIAWORKS RADIO LIMITED,491
2025-08-15,22,DEPARTMENT OF CONSERVATION,464
2025-08-15,23,FIRE AND EMERGENCY NEW ZEALAND,459
2025-08-15,24,TAIT SYSTEMS NZ LIMITED,433
2025-08-15,25,ASHLEY COMMUNICATIONS LIMITED,428
2025-08-18,1,ONE NEW ZEALAND GROUP LIMITED,10175
2025-08-18,2,SPARK NEW ZEALAND TRADING LIMITED,8864
2025-08-18,3,TWO DEGREES NETWORKS LIMITED,8675
2025-08-18,4,CHORUS NEW ZEALAND LIMITED,3636
2025-08-18,5,EONFIBRE LIMITED,2023
2025-08-18,6,VITAL LIMITED,1981
2025-08-18,7,KIWIRAIL,1820
2025-08-18,8,KORDIA LIMITED,1523
2025-08-18,9,RURAL CONNECTIVITY GROUP LIMITED,1367
2025-08-18,10,NZ DEFENCE FORCE HEADQUARTERS,814
2025-08-18,11,ENTAIN NEW ZEALAND LIMITED,657
2025-08-18,12,LIGHTWIRE LIMITED,640
2025-08-18,13,NZME RADIO LIMITED,601
2025-08-18,14,POWERCO LIMITED,590
2025-08-18,15,AIRWAYS CORPORATION OF NEW ZEALAND LIMITED,580
2025-08-18,16,EVERY PERSON,574
2025-08-18,17,ISO LIMITED,552
2025-08-18,18,NEP BROADCAST SERVICES NEW ZEALAND LIMITED,547
2025-08-18,19,KIWIRAIL LTD,533
2025-08-18,20,SPACE OPERATIONS NEW ZEALAND LIMITED,504
2025-08-18,21,MEDIAWORKS RADIO LIMITED,491
2025-08-18,22,DEPARTMENT OF CONSERVATION,464
2025-08-18,23,FIRE AND EMERGENCY NEW ZEALAND,459
2025-08-18,24,TAIT SYSTEMS NZ LIMITED,433
2025-08-18,25,ASHLEY COMMUNICATIONS LIMITED,428
2025-08-19,1,ONE NEW ZEALAND GROUP LIMITED,10175
2025-08-19,2,SPARK NEW ZEALAND TRADING LIMITED,8864
2025-08-19,3,TWO DEGREES NETWORKS LIMITED,8695
2025-08-19,4,CHORUS NEW ZEALAND LIMITED,3636
2025-08-19,5,EONFIBRE LIMITED,2023
2025-08-19,6,VITAL LIMITED,1981
2025-08-19,7,KIWIRAIL,1820
2025-08-19,8,KORDIA LIMITED,1523
2025-08-19,9,RURAL CONNECTIVITY GROUP LIMITED,1367
2025-08-19,10,NZ DEFENCE FORCE HEADQUARTERS,814
2025-08-19,11,ENTAIN NEW ZEALAND LIMITED,657
2025-08-19,12,LIGHTWIRE LIMITED,640
2025-08-19,13,NZME RADIO LIMITED,601
2025-08-19,14,POWERCO LIMITED,590
2025-08-19,15,AIRWAYS CORPORATION OF NEW ZEALAND LIMITED,580
2025-08-19,16,EVERY PERSON,574
2025-08-19,17,ISO LIMITED,552
2025-08-19,18,NEP BROADCAST SERVICES NEW ZEALAND LIMITED,547
2025-08-19,19,KIWIRAIL LTD,533
2025-08-19,20,SPACE OPERATIONS NEW ZEALAND LIMITED,504
2025-08-19,21,MEDIAWORKS RADIO LIMITED,491
2025-08-19,22,DEPARTMENT OF CONSERVATION,464
2025-08-19,23,FIRE AND EMERGENCY NEW ZEALAND,459
2025-08-19,24,TAIT SYSTEMS NZ LIMITED,433
2025-08-19,25,ASHLEY COMMUNICATIONS LIMITED,428
2025-08-20,1,ONE NEW ZEALAND GROUP LIMITED,10175
2025-08-20,2,SPARK NEW ZEALAND TRADING LIMITED,8864
2025-08-20,3,TWO DEGREES NETWORKS LIMITED,8695
2025-08-20,4,CHORUS NEW ZEALAND LIMITED,3636
2025-08-20,5,EONFIBRE LIMITED,2023
2025-08-20,6,VITAL LIMITED,1981
2025-08-20,7,KIWIRAIL,1820
2025-08-20,8,KORDIA LIMITED,1521
2025-08-20,9,RURAL CONNECTIVITY GROUP LIMITED,1367
2025-08-20,10,NZ DEFENCE FORCE HEADQUARTERS,814
2025-08-20,11,ENTAIN NEW ZEALAND LIMITED,657
2025-08-20,12,LIGHTWIRE LIMITED,640
2025-08-20,13,NZME RADIO LIMITED,601
2025-08-20,14,POWERCO LIMITED,590
2025-08-20,15,AIRWAYS CORPORATION OF NEW ZEALAND LIMITED,580
2025-08-20,16,EVERY PERSON,574
2025-08-20,17,ISO LIMITED,552
2025-08-20,18,NEP BROADCAST SERVICES NEW ZEALAND LIMITED,547
2025-08-20,19,KIWIRAIL LTD,533
2025-08-20,20,SPACE OPERATIONS NEW ZEALAND LIMITED,504
2025-08-20,21,MEDIAWORKS RADIO LIMITED,491
2025-08-20,22,DEPARTMENT OF CONSERVATION,464
2025-08-20,23,FIRE AND EMERGENCY NEW ZEALAND,459
2025-08-20,24,TAIT SYSTEMS NZ LIMITED,433
2025-08-20,25,ASHLEY COMMUNICATIONS LIMITED,428
2025-08-21,1,ONE NEW ZEALAND GROUP LIMITED,10176
2025-08-21,2,SPARK NEW ZEALAND TRADING LIMITED,8868
2025-08-21,3,TWO DEGREES NETWORKS LIMITED,8693
2025-08-21,4,CHORUS NEW ZEALAND LIMITED,3636
2025-08-21,5,EONFIBRE LIMITED,2023
2025-08-21,6,VITAL LIMITED,1981
2025-08-21,7,KIWIRAIL,1820
2025-08-21,8,KORDIA LIMITED,1521
2025-08-21,9,RURAL CONNECTIVITY GROUP LIMITED,1367
2025-08-21,10,NZ DEFENCE FORCE HEADQUARTERS,814
2025-08-21,11,ENTAIN NEW ZEALAND LIMITED,657
2025-08-21,12,LIGHTWIRE LIMITED,640
2025-08-21,13,NZME RADIO LIMITED,601
2025-08-21,14,POWERCO LIMITED,590
2025-08-21,15,AIRWAYS CORPORATION OF NEW ZEALAND LIMITED,580
2025-08-21,16,EVERY PERSON,574
2025-08-21,17,ISO LIMITED,552
2025-08-21,18,NEP BROADCAST SERVICES NEW ZEALAND LIMITED,547
2025-08-21,19,KIWIRAIL LTD,533
2025-08-21,20,SPACE OPERATIONS NEW ZEALAND LIMITED,510
2025-08-21,21,MEDIAWORKS RADIO LIMITED,491
2025-08-21,22,DEPARTMENT OF CONSERVATION,464
2025-08-21,23,FIRE AND EMERGENCY NEW ZEALAND,459
2025-08-21,24,TAIT SYSTEMS NZ LIMITED,433
2025-08-21,25,ASHLEY COMMUNICATIONS LIMITED,428
2025-08-25,1,ONE NEW ZEALAND GROUP LIMITED,10176
2025-08-25,2,SPARK NEW ZEALAND TRADING LIMITED,8868
2025-08-25,3,TWO DEGREES NETWORKS LIMITED,8673
2025-08-25,4,CHORUS NEW ZEALAND LIMITED,3636
2025-08-25,5,EONFIBRE LIMITED,2023
2025-08-25,6,VITAL LIMITED,1981
2025-08-25,7,KIWIRAIL,1820
2025-08-25,8,KORDIA LIMITED,1521
2025-08-25,9,RURAL CONNECTIVITY GROUP LIMITED,1367
2025-08-25,10,NZ DEFENCE FORCE HEADQUARTERS,814
2025-08-25,11,ENTAIN NEW ZEALAND LIMITED,657
2025-08-25,12,LIGHTWIRE LIMITED,638
2025-08-25,13,NZME RADIO LIMITED,601
2025-08-25,14,POWERCO LIMITED,590
2025-08-25,15,AIRWAYS CORPORATION OF NEW ZEALAND LIMITED,580
2025-08-25,16,EVERY PERSON,574
2025-08-25,17,ISO LIMITED,552
2025-08-25,18,NEP BROADCAST SERVICES NEW ZEALAND LIMITED,547
2025-08-25,19,KIWIRAIL LTD,533
2025-08-25,20,SPACE OPERATIONS NEW ZEALAND LIMITED,510
2025-08-25,21,MEDIAWORKS RADIO LIMITED,491
2025-08-25,22,DEPARTMENT OF CONSERVATION,464
2025-08-25,23,FIRE AND EMERGENCY NEW ZEALAND,459
2025-08-25,24,TAIT SYSTEMS NZ LIMITED,433
2025-08-25,25,ASHLEY COMMUNICATIONS LIMITED,428
2025-08-26,1,ONE NEW ZEALAND GROUP LIMITED,10176
2025-08-26,2,SPARK NEW ZEALAND TRADING LIMITED,8868
2025-08-26,3,TWO DEGREES NETWORKS LIMITED,8673
2025-08-26,4,CHORUS NEW ZEALAND LIMITED,3636
2025-08-26,5,EONFIBRE LIMITED,2027
2025-08-26,6,VITAL LIMITED,1981
2025-08-26,7,KIWIRAIL,1820
2025-08-26,8,KORDIA LIMITED,1519
2025-08-26,9,RURAL CONNECTIVITY GROUP LIMITED,1367
2025-08-26,10,NZ DEFENCE FORCE HEADQUARTERS,814
2025-08-26,11,ENTAIN NEW ZEALAND LIMITED,657
2025-08-26,12,LIGHTWIRE LIMITED,638
2025-08-26,13,NZME RADIO LIMITED,601
2025-08-26,14,POWERCO LIMITED,590
2025-08-26,15,AIRWAYS CORPORATION OF NEW ZEALAND LIMITED,580
2025-08-26,16,EVERY PERSON,574
2025-08-26,17,ISO LIMITED,552
2025-08-26,18,NEP BROADCAST SERVICES NEW ZEALAND LIMITED,547
2025-08-26,19,KIWIRAIL LTD,533
2025-08-26,20,SPACE OPERATIONS NEW ZEALAND LIMITED,510
2025-08-26,21,MEDIAWORKS RADIO LIMITED,491
2025-08-26,22,DEPARTMENT OF CONSERVATION,464
2025-08-26,23,FIRE AND EMERGENCY NEW ZEALAND,459
2025-08-26,24,TAIT SYSTEMS NZ LIMITED,433
2025-08-26,25,ASHLEY COMMUNICATIONS LIMITED,428
2025-08-27,1,ONE NEW ZEALAND GROUP LIMITED,10176
2025-08-27,2,SPARK NEW ZEALAND TRADING LIMITED,8868
2025-08-27,3,TWO DEGREES NETWORKS LIMITED,8673
2025-08-27,4,CHORUS NEW ZEALAND LIMITED,3636
2025-08-27,5,EONFIBRE LIMITED,2027
2025-08-27,6,VITAL LIMITED,1980
2025-08-27,7,KIWIRAIL,1820
2025-08-27,8,KORDIA LIMITED,1519
2025-08-27,9,RURAL CONNECTIVITY GROUP LIMITED,1367
2025-08-27,10,NZ DEFENCE FORCE HEADQUARTERS,814
2025-08-27,11,ENTAIN NEW ZEALAND LIMITED,657
2025-08-27,12,LIGHTWIRE LIMITED,638
2025-08-27,13,NZME RADIO LIMITED,601
2025-08-27,14,POWERCO LIMITED,590
2025-08-27,15,AIRWAYS CORPORATION OF NEW ZEALAND LIMITED,580
2025-08-27,16,EVERY PERSON,574
2025-08-27,17,ISO LIMITED,552
2025-08-27,18,NEP BROADCAST SERVICES NEW ZEALAND LIMITED,547
2025-08-27,19,KIWIRAIL LTD,533
2025-08-27,20,SPACE OPERATIONS NEW ZEALAND LIMITED,510
2025-08-27,21,MEDIAWORKS RADIO LIMITED,491
2025-08-27,22,DEPARTMENT OF CONSERVATION,464
2025-08-27,23,FIRE AND EMERGENCY NEW ZEALAND,459
2025-08-27,24,TAIT SYSTEMS NZ LIMITED,433
2025-08-27,25,ASHLEY COMMUNICATIONS LIMITED,428
2025-08-28,1,ONE NEW ZEALAND GROUP LIMITED,10203
2025-08-28,2,SPARK NEW ZEALAND TRADING LIMITED,8868
2025-08-28,3,TWO DEGREES NETWORKS LIMITED,8685
2025-08-28,4,CHORUS NEW ZEALAND LIMITED,3636
2025-08-28,5,EONFIBRE LIMITED,2027
2025-08-28,6,VITAL LIMITED,1980
2025-08-28,7,KIWIRAIL,1820
2025-08-28,8,KORDIA LIMITED,1517
2025-08-28,9,RURAL CONNECTIVITY GROUP LIMITED,1367
2025-08-28,10,NZ DEFENCE FORCE HEADQUARTERS,814
2025-08-28,11,ENTAIN NEW ZEALAND LIMITED,657
2025-08-28,12,LIGHTWIRE LIMITED,638
2025-08-28,13,NZME RADIO LIMITED,602
2025-08-28,14,POWERCO LIMITED,590
2025-08-28,15,AIRWAYS CORPORATION OF NEW ZEALAND LIMITED,580
2025-08-28,16,EVERY PERSON,574
2025-08-28,17,ISO LIMITED,552
2025-08-28,18,NEP BROADCAST SERVICES NEW ZEALAND LIMITED,547
2025-08-28,19,KIWIRAIL LTD,533
2025-08-28,20,SPACE OPERATIONS NEW ZEALAND LIMITED,510
2025-08-28,21,MEDIAWORKS RADIO LIMITED,491
2025-08-28,22,DEPARTMENT OF CONSERVATION,464
2025-08-28,23,FIRE AND EMERGENCY NEW ZEALAND,459
2025-08-28,24,TAIT SYSTEMS NZ LIMITED,433
2025-08-28,25,ASHLEY COMMUNICATIONS LIMITED,428
2025-09-01,1,ONE NEW ZEALAND GROUP LIMITED,10203
2025-09-01,2,SPARK NEW ZEALAND TRADING LIMITED,8868
2025-09-01,3,TWO DEGREES NETWORKS LIMITED,8685
2025-09-01,4,CHORUS NEW ZEALAND LIMITED,3636
2025-09-01,5,EONFIBRE LIMITED,2027
2025-09-01,6,VITAL LIMITED,1980
2025-09-01,7,KIWIRAIL,1820
2025-09-01,8,KORDIA LIMITED,1517
2025-09-01,9,RURAL CONNECTIVITY GROUP LIMITED,1367
2025-09-01,10,NZ DEFENCE FORCE HEADQUARTERS,814
2025-09-01,11,ENTAIN NEW ZEALAND LIMITED,657
2025-09-01,12,LIGHTWIRE LIMITED,640
2025-09-01,13,NZME RADIO LIMITED,602
2025-09-01,14,POWERCO LIMITED,590
2025-09-01,15,AIRWAYS CORPORATION OF NEW ZEALAND LIMITED,580
2025-09-01,16,EVERY PERSON,574
2025-09-01,17,ISO LIMITED,552
2025-09-01,18,NEP BROADCAST SERVICES NEW ZEALAND LIMITED,547
2025-09-01,19,KIWIRAIL LTD,533
2025-09-01,20,SPACE OPERATIONS NEW ZEALAND LIMITED,510
2025-09-01,21,MEDIAWORKS RADIO LIMITED,491
2025-09-01,22,DEPARTMENT OF CONSERVATION,464
2025-09-01,23,FIRE AND EMERGENCY NEW ZEALAND,459
2025-09-01,24,TAIT SYSTEMS NZ LIMITED,433
2025-09-01,25,ASHLEY COMMUNICATIONS LIMITED,428
2025-09-02,1,ONE NEW ZEALAND GROUP LIMITED,10203
2025-09-02,2,SPARK NEW ZEALAND TRADING LIMITED,8868
2025-09-02,3,TWO DEGREES NETWORKS LIMITED,8687
2025-09-02,4,CHORUS NEW ZEALAND LIMITED,3636
2025-09-02,5,EONFIBRE LIMITED,2027
2025-09-02,6,VITAL LIMITED,1980
2025-09-02,7,KIWIRAIL,1820
2025-09-02,8,KORDIA LIMITED,1517
2025-09-02,9,RURAL CONNECTIVITY GROUP LIMITED,1367
2025-09-02,10,NZ DEFENCE FORCE HEADQUARTERS,814
2025-09-02,11,ENTAIN NEW ZEALAND LIMITED,657
2025-09-02,12,LIGHTWIRE LIMITED,640
2025-09-02,13,NZME RADIO LIMITED,602
2025-09-02,14,POWERCO LIMITED,590
2025-09-02,15,AIRWAYS CORPORATION OF NEW ZEALAND LIMITED,580
2025-09-02,16,EVERY PERSON,574
2025-09-02,17,ISO LIMITED,552
2025-09-02,18,NEP BROADCAST SERVICES NEW ZEALAND LIMITED,547
2025-09-02,19,KIWIRAIL LTD,533
2025-09-02,20,SPACE OPERATIONS NEW ZEALAND LIMITED,510
2025-09-02,21,MEDIAWORKS RADIO LIMITED,491
2025-09-02,22,DEPARTMENT OF CONSERVATION,464
2025-09-02,23,FIRE AND EMERGENCY NEW ZEALAND,459
2025-09-02,24,TAIT SYSTEMS NZ LIMITED,433
2025-09-02,25,ASHLEY COMMUNICATIONS LIMITED,428
2025-09-03,1,ONE NEW ZEALAND GROUP LIMITED,10203
2025-09-03,2,SPARK NEW ZEALAND TRADING LIMITED,8901
2025-09-03,3,TWO DEGREES NETWORKS LIMITED,8687
2025-09-03,4,CHORUS NEW ZEALAND LIMITED,3634
2025-09-03,5,EONFIBRE LIMITED,2027
2025-09-03,6,VITAL LIMITED,1980
2025-09-03,7,KIWIRAIL,1820
2025-09-03,8,KORDIA LIMITED,1517
2025-09-03,9,RURAL CONNECTIVITY GROUP LIMITED,1367
2025-09-03,10,NZ DEFENCE FORCE HEADQUARTERS,814
2025-09-03,11,ENTAIN NEW ZEALAND LIMITED,657
2025-09-03,12,LIGHTWIRE LIMITED,637
2025-09-03,13,NZME RADIO LIMITED,602
2025-09-03,14,POWERCO LIMITED,590
2025-09-03,15,AIRWAYS CORPORATION OF NEW ZEALAND LIMITED,580
2025-09-03,16,EVERY PERSON,574
2025-09-03,17,ISO LIMITED,552
2025-09-03,18,NEP BROADCAST SERVICES NEW ZEALAND LIMITED,547
2025-09-03,19,KIWIRAIL LTD,533
2025-09-03,20,SPACE OPERATIONS NEW ZEALAND LIMITED,510
2025-09-03,21,MEDIAWORKS RADIO LIMITED,491
2025-09-03,22,DEPARTMENT OF CONSERVATION,464
2025-09-03,23,FIRE AND EMERGENCY NEW ZEALAND,459
2025-09-03,24,TAIT SYSTEMS NZ LIMITED,433
2025-09-03,25,ASHLEY COMMUNICATIONS LIMITED,428
2025-09-04,1,ONE NEW ZEALAND GROUP LIMITED,10203
2025-09-04,2,SPARK NEW ZEALAND TRADING LIMITED,8901
2025-09-04,3,TWO DEGREES NETWORKS LIMITED,8687
2025-09-04,4,CHORUS NEW ZEALAND LIMITED,3607
2025-09-04,5,EONFIBRE LIMITED,2027
2025-09-04,6,VITAL LIMITED,1980
2025-09-04,7,KIWIRAIL,1820
2025-09-04,8,KORDIA LIMITED,1517
2025-09-04,9,RURAL CONNECTIVITY GROUP LIMITED,1367
2025-09-04,10,NZ DEFENCE FORCE HEADQUARTERS,814
2025-09-04,11,ENTAIN NEW ZEALAND LIMITED,657
2025-09-04,12,LIGHTWIRE LIMITED,637
2025-09-04,13,NZME RADIO LIMITED,602
2025-09-04,14,POWERCO LIMITED,590
2025-09-04,15,AIRWAYS CORPORATION OF NEW ZEALAND LIMITED,580
2025-09-04,16,EVERY PERSON,574
2025-09-04,17,ISO LIMITED,552
2025-09-04,18,NEP BROADCAST SERVICES NEW ZEALAND LIMITED,547
2025-09-04,19,KIWIRAIL LTD,533
2025-09-04,20,SPACE OPERATIONS NEW ZEALAND LIMITED,510
2025-09-04,21,MEDIAWORKS RADIO LIMITED,489
2025-09-04,22,DEPARTMENT OF CONSERVATION,464
2025-09-04,23,FIRE AND EMERGENCY NEW ZEALAND,459
2025-09-04,24,TAIT SYSTEMS NZ LIMITED,433
2025-09-04,25,ASHLEY COMMUNICATIONS LIMITED,428
2025-09-05,1,ONE NEW ZEALAND GROUP LIMITED,10203
2025-09-05,2,SPARK NEW ZEALAND TRADING LIMITED,8901
2025-09-05,3,TWO DEGREES NETWORKS LIMITED,8687
2025-09-05,4,CHORUS NEW ZEALAND LIMITED,3607
2025-09-05,5,EONFIBRE LIMITED,2027
2025-09-05,6,VITAL LIMITED,1980
2025-09-05,7,KIWIRAIL,1820
2025-09-05,8,KORDIA LIMITED,1515
2025-09-05,9,RURAL CONNECTIVITY GROUP LIMITED,1367
2025-09-05,10,NZ DEFENCE FORCE HEADQUARTERS,814
2025-09-05,11,ENTAIN NEW ZEALAND LIMITED,657
2025-09-05,12,LIGHTWIRE LIMITED,637
2025-09-05,13,NZME RADIO LIMITED,602
2025-09-05,14,POWERCO LIMITED,590
2025-09-05,15,AIRWAYS CORPORATION OF NEW ZEALAND LIMITED,580
2025-09-05,16,EVERY PERSON,574
2025-09-05,17,ISO LIMITED,552
2025-09-05,18,NEP BROADCAST SERVICES NEW ZEALAND LIMITED,547
2025-09-05,19,KIWIRAIL LTD,533
2025-09-05,20,SPACE OPERATIONS NEW ZEALAND LIMITED,510
2025-09-05,21,MEDIAWORKS RADIO LIMITED,489
2025-09-05,22,DEPARTMENT OF CONSERVATION,464
2025-09-05,23,FIRE AND EMERGENCY NEW ZEALAND,459
2025-09-05,24,TAIT SYSTEMS NZ LIMITED,433
2025-09-05,25,ASHLEY COMMUNICATIONS LIMITED,428
2025-09-08,1,ONE NEW ZEALAND GROUP LIMITED,10203
2025-09-08,2,SPARK NEW ZEALAND TRADING LIMITED,8901
2025-09-08,3,TWO DEGREES NETWORKS LIMITED,8694
2025-09-08,4,CHORUS NEW ZEALAND LIMITED,3607
2025-09-08,5,EONFIBRE LIMITED,2027
2025-09-08,6,VITAL LIMITED,1980
2025-09-08,7,KIWIRAIL,1820
2025-09-08,8,KORDIA LIMITED,1515
2025-09-08,9,RURAL CONNECTIVITY GROUP LIMITED,1367
2025-09-08,10,NZ DEFENCE FORCE HEADQUARTERS,814
2025-09-08,11,ENTAIN NEW ZEALAND LIMITED,657
2025-09-08,12,LIGHTWIRE LIMITED,637
2025-09-08,13,NZME RADIO LIMITED,602
2025-09-08,14,POWERCO LIMITED,590
2025-09-08,15,AIRWAYS CORPORATION OF NEW ZEALAND LIMITED,580
2025-09-08,16,EVERY PERSON,574
2025-09-08,17,ISO LIMITED,552
2025-09-08,18,NEP BROADCAST SERVICES NEW ZEALAND LIMITED,547
2025-09-08,19,KIWIRAIL LTD,533
2025-09-08,20,SPACE OPERATIONS NEW ZEALAND LIMITED,510
2025-09-08,21,MEDIAWORKS RADIO LIMITED,489
2025-09-08,22,DEPARTMENT OF CONSERVATION,464
2025-09-08,23,FIRE AND EMERGENCY NEW ZEALAND,460
2025-09-08,24,TAIT SYSTEMS NZ LIMITED,433
2025-09-08,25,ASHLEY COMMUNICATIONS LIMITED,428
2025-09-09,1,ONE NEW ZEALAND GROUP LIMITED,10203
2025-09-09,2,SPARK NEW ZEALAND TRADING LIMITED,8901
2025-09-09,3,TWO DEGREES NETWORKS LIMITED,8694
2025-09-09,4,CHORUS NEW ZEALAND LIMITED,3603
2025-09-09,5,EONFIBRE LIMITED,2031
2025-09-09,6,VITAL LIMITED,1980
2025-09-09,7,KIWIRAIL,1820
2025-09-09,8,KORDIA LIMITED,1515
2025-09-09,9,RURAL CONNECTIVITY GROUP LIMITED,1367
2025-09-09,10,NZ DEFENCE FORCE HEADQUARTERS,814
2025-09-09,11,ENTAIN NEW ZEALAND LIMITED,657
2025-09-09,12,LIGHTWIRE LIMITED,637
2025-09-09,13,NZME RADIO LIMITED,602
2025-09-09,14,POWERCO LIMITED,590
2025-09-09,15,AIRWAYS CORPORATION OF NEW ZEALAND LIMITED,580
2025-09-09,16,EVERY PERSON,574
2025-09-09,17,ISO LIMITED,552
2025-09-09,18,NEP BROADCAST SERVICES NEW ZEALAND LIMITED,547
2025-09-09,19,KIWIRAIL LTD,533
2025-09-09,20,SPACE OPERATIONS NEW ZEALAND LIMITED,510
2025-09-09,21,MEDIAWORKS RADIO LIMITED,490
2025-09-09,22,DEPARTMENT OF CONSERVATION,464
2025-09-09,23,FIRE AND EMERGENCY NEW ZEALAND,460
2025-09-09,24,TAIT SYSTEMS NZ LIMITED,433
2025-09-09,25,ASHLEY COMMUNICATIONS LIMITED,428
2025-09-11,1,ONE NEW ZEALAND GROUP LIMITED,10203
2025-09-11,2,SPARK NEW ZEALAND TRADING LIMITED,8905
2025-09-11,3,TWO DEGREES NETWORKS LIMITED,8694
2025-09-11,4,CHORUS NEW ZEALAND LIMITED,3603
2025-09-11,5,EONFIBRE LIMITED,2031
2025-09-11,6,VITAL LIMITED,1980
2025-09-11,7,KIWIRAIL,1820
2025-09-11,8,KORDIA LIMITED,1515
2025-09-11,9,RURAL CONNECTIVITY GROUP LIMITED,1367
2025-09-11,10,NZ DEFENCE FORCE HEADQUARTERS,814
2025-09-11,11,ENTAIN NEW ZEALAND LIMITED,657
2025-09-11,12,LIGHTWIRE LIMITED,637
2025-09-11,13,NZME RADIO LIMITED,602
2025-09-11,14,POWERCO LIMITED,590
2025-09-11,15,AIRWAYS CORPORATION OF NEW ZEALAND LIMITED,580
2025-09-11,16,EVERY PERSON,574
2025-09-11,17,ISO LIMITED,552
2025-09-11,18,NEP BROADCAST SERVICES NEW ZEALAND LIMITED,547
2025-09-11,19,KIWIRAIL LTD,533
2025-09-11,20,SPACE OPERATIONS NEW ZEALAND LIMITED,510
2025-09-11,21,MEDIAWORKS RADIO LIMITED,490
2025-09-11,22,DEPARTMENT OF CONSERVATION,464
2025-09-11,23,FIRE AND EMERGENCY NEW ZEALAND,460
2025-09-11,24,TAIT SYSTEMS NZ LIMITED,433
2025-09-11,25,ASHLEY COMMUNICATIONS LIMITED,428
2025-09-12,1,ONE NEW ZEALAND GROUP LIMITED,10203
2025-09-12,2,SPARK NEW ZEALAND TRADING LIMITED,8905
2025-09-12,3,TWO DEGREES NETWORKS LIMITED,8694
2025-09-12,4,CHORUS NEW ZEALAND LIMITED,3603
2025-09-12,5,EONFIBRE LIMITED,2031
2025-09-12,6,VITAL LIMITED,1980
2025-09-12,7,KIWIRAIL,1820
2025-09-12,8,KORDIA LIMITED,1515
2025-09-12,9,RURAL CONNECTIVITY GROUP LIMITED,1367
2025-09-12,10,NZ DEFENCE FORCE HEADQUARTERS,814
2025-09-12,11,ENTAIN NEW ZEALAND LIMITED,657
2025-09-12,12,LIGHTWIRE LIMITED,631
2025-09-12,13,NZME RADIO LIMITED,602
2025-09-12,14,POWERCO LIMITED,590
2025-09-12,15,AIRWAYS CORPORATION OF NEW ZEALAND LIMITED,580
2025-09-12,16,EVERY PERSON,574
2025-09-12,17,ISO LIMITED,552
2025-09-12,18,NEP BROADCAST SERVICES NEW ZEALAND LIMITED,547
2025-09-12,19,KIWIRAIL LTD,533
2025-09-12,20,SPACE OPERATIONS NEW ZEALAND LIMITED,510
2025-09-12,21,MEDIAWORKS RADIO LIMITED,490
2025-09-12,22,DEPARTMENT OF CONSERVATION,464
2025-09-12,23,FIRE AND EMERGENCY NEW ZEALAND,460
2025-09-12,24,TAIT SYSTEMS NZ LIMITED,433
2025-09-12,25,ASHLEY COMMUNICATIONS LIMITED,428
2025-09-14,1,ONE NEW ZEALAND GROUP LIMITED,10203
2025-09-14,2,SPARK NEW ZEALAND TRADING LIMITED,8905
2025-09-14,3,TWO DEGREES NETWORKS LIMITED,8694
2025-09-14,4,CHORUS NEW ZEALAND LIMITED,3603
2025-09-14,5,EONFIBRE LIMITED,2031
2025-09-14,6,VITAL LIMITED,1980
2025-09-14,7,KIWIRAIL,1820
2025-09-14,8,KORDIA LIMITED,1515
2025-09-14,9,RURAL CONNECTIVITY GROUP LIMITED,1367
2025-09-14,10,NZ DEFENCE FORCE HEADQUARTERS,814
2025-09-14,11,ENTAIN NEW ZEALAND LIMITED,657
2025-09-14,12,LIGHTWIRE LIMITED,631
2025-09-14,13,NZME RADIO LIMITED,602
2025-09-14,14,POWERCO LIMITED,590
2025-09-14,15,AIRWAYS CORPORATION OF NEW ZEALAND LIMITED,580
2025-09-14,16,EVERY PERSON,574
2025-09-14,17,ISO LIMITED,552
2025-09-14,18,NEP BROADCAST SERVICES NEW ZEALAND LIMITED,547
2025-09-14,19,KIWIRAIL LTD,533
2025-09-14,20,SPACE OPERATIONS NEW ZEALAND LIMITED,510
2025-09-14,21,MEDIAWORKS RADIO LIMITED,490
2025-09-14,22,DEPARTMENT OF CONSERVATION,464
2025-09-14,23,FIRE AND EMERGENCY NEW ZEALAND,460
2025-09-14,24,TAIT SYSTEMS NZ LIMITED,433
2025-09-14,25,ASHLEY COMMUNICATIONS LIMITED,432
2025-09-15,1,ONE NEW ZEALAND GROUP LIMITED,10203
2025-09-15,2,SPARK NEW ZEALAND TRADING LIMITED,8905
2025-09-15,3,TWO DEGREES NETWORKS LIMITED,8700
2025-09-15,4,CHORUS NEW ZEALAND LIMITED,3603
2025-09-15,5,EONFIBRE LIMITED,2031
2025-09-15,6,VITAL LIMITED,1980
2025-09-15,7,KIWIRAIL,1820
2025-09-15,8,KORDIA LIMITED,1515
2025-09-15,9,RURAL CONNECTIVITY GROUP LIMITED,1367
2025-09-15,10,NZ DEFENCE FORCE HEADQUARTERS,814
2025-09-15,11,ENTAIN NEW ZEALAND LIMITED,657
2025-09-15,12,LIGHTWIRE LIMITED,631
2025-09-15,13,NZME RADIO LIMITED,602
2025-09-15,14,POWERCO LIMITED,590
2025-09-15,15,AIRWAYS CORPORATION OF NEW ZEALAND LIMITED,580
2025-09-15,16,EVERY PERSON,574
2025-09-15,17,ISO LIMITED,552
2025-09-15,18,NEP BROADCAST SERVICES NEW ZEALAND LIMITED,547
2025-09-15,19,KIWIRAIL LTD,533
2025-09-15,20,SPACE OPERATIONS NEW ZEALAND LIMITED,510
2025-09-15,21,MEDIAWORKS RADIO LIMITED,490
2025-09-15,22,DEPARTMENT OF CONSERVATION,464
2025-09-15,23,FIRE AND EMERGENCY NEW ZEALAND,460
2025-09-15,24,TAIT SYSTEMS NZ LIMITED,433
2025-09-15,25,ASHLEY COMMUNICATIONS LIMITED,432
2025-09-16,1,ONE NEW ZEALAND GROUP LIMITED,10230
2025-09-16,2,SPARK NEW ZEALAND TRADING LIMITED,8929
2025-09-16,3,TWO DEGREES NETWORKS LIMITED,8717
2025-09-16,4,CHORUS NEW ZEALAND LIMITED,3601
2025-09-16,5,EONFIBRE LIMITED,2031
2025-09-16,6,VITAL LIMITED,1980
2025-09-16,7,KIWIRAIL,1820
2025-09-16,8,KORDIA LIMITED,1515
2025-09-16,9,RURAL CONNECTIVITY GROUP LIMITED,1367
2025-09-16,10,NZ DEFENCE FORCE HEADQUARTERS,815
2025-09-16,11,ENTAIN NEW ZEALAND LIMITED,657
2025-09-16,12,LIGHTWIRE LIMITED,631
2025-09-16,13,NZME RADIO LIMITED,602
2025-09-16,14,POWERCO LIMITED,590
2025-09-16,15,AIRWAYS CORPORATION OF NEW ZEALAND LIMITED,580
2025-09-16,16,EVERY PERSON,574
2025-09-16,17,ISO LIMITED,552
2025-09-16,18,NEP BROADCAST SERVICES NEW ZEALAND LIMITED,547
2025-09-16,19,KIWIRAIL LTD,533
2025-09-16,20,SPACE OPERATIONS NEW ZEALAND LIMITED,510
2025-09-16,21,MEDIAWORKS RADIO LIMITED,490
2025-09-16,22,DEPARTMENT OF CONSERVATION,464
2025-09-16,23,FIRE AND EMERGENCY NEW ZEALAND,460
2025-09-16,24,TAIT SYSTEMS NZ LIMITED,433
2025-09-16,25,ASHLEY COMMUNICATIONS LIMITED,432
2025-09-17,1,ONE NEW ZEALAND GROUP LIMITED,10230
2025-09-17,2,SPARK NEW ZEALAND TRADING LIMITED,8930
2025-09-17,3,TWO DEGREES NETWORKS LIMITED,8659
2025-09-17,4,CHORUS NEW ZEALAND LIMITED,3601
2025-09-17,5,EONFIBRE LIMITED,2031
2025-09-17,6,VITAL LIMITED,1980
2025-09-17,7,KIWIRAIL,1820
2025-09-17,8,KORDIA LIMITED,1515
2025-09-17,9,RURAL CONNECTIVITY GROUP LIMITED,1367
2025-09-17,10,NZ DEFENCE FORCE HEADQUARTERS,814
2025-09-17,11,ENTAIN NEW ZEALAND LIMITED,657
2025-09-17,12,LIGHTWIRE LIMITED,631
2025-09-17,13,NZME RADIO LIMITED,602
2025-09-17,14,POWERCO LIMITED,590
2025-09-17,15,AIRWAYS CORPORATION OF NEW ZEALAND LIMITED,580
2025-09-17,16,EVERY PERSON,574
2025-09-17,17,ISO LIMITED,552
2025-09-17,18,NEP BROADCAST SERVICES NEW ZEALAND LIMITED,547
2025-09-17,19,KIWIRAIL LTD,533
2025-09-17,20,SPACE OPERATIONS NEW ZEALAND LIMITED,510
2025-09-17,21,MEDIAWORKS RADIO LIMITED,490
2025-09-17,22,DEPARTMENT OF CONSERVATION,464
2025-09-17,23,FIRE AND EMERGENCY NEW ZEALAND,458
2025-09-17,24,TAIT SYSTEMS NZ LIMITED,433
2025-09-17,25,ASHLEY COMMUNICATIONS LIMITED,432
2025-09-22,1,ONE NEW ZEALAND GROUP LIMITED,10230
2025-09-22,2,SPARK NEW ZEALAND TRADING LIMITED,8931
2025-09-22,3,TWO DEGREES NETWORKS LIMITED,8682
2025-09-22,4,CHORUS NEW ZEALAND LIMITED,3601
2025-09-22,5,EONFIBRE LIMITED,2031
2025-09-22,6,VITAL LIMITED,1980
2025-09-22,7,KIWIRAIL,1820
2025-09-22,8,KORDIA LIMITED,1515
2025-09-22,9,RURAL CONNECTIVITY GROUP LIMITED,1367
2025-09-22,10,NZ DEFENCE FORCE HEADQUARTERS,814
2025-09-22,11,ENTAIN NEW ZEALAND LIMITED,657
2025-09-22,12,LIGHTWIRE LIMITED,631
2025-09-22,13,NZME RADIO LIMITED,594
2025-09-22,14,POWERCO LIMITED,590
2025-09-22,15,AIRWAYS CORPORATION OF NEW ZEALAND LIMITED,580
2025-09-22,16,EVERY PERSON,574
2025-09-22,17,ISO LIMITED,552
2025-09-22,18,NEP BROADCAST SERVICES NEW ZEALAND LIMITED,547
2025-09-22,19,KIWIRAIL LTD,533
2025-09-22,20,SPACE OPERATIONS NEW ZEALAND LIMITED,510
2025-09-22,21,MEDIAWORKS RADIO LIMITED,490
2025-09-22,22,DEPARTMENT OF CONSERVATION,464
2025-09-22,23,FIRE AND EMERGENCY NEW ZEALAND,458
2025-09-22,24,TAIT SYSTEMS NZ LIMITED,433
2025-09-22,25,ASHLEY COMMUNICATIONS LIMITED,432
2025-09-24,1,ONE NEW ZEALAND GROUP LIMITED,10230
2025-09-24,2,SPARK NEW ZEALAND TRADING LIMITED,8947
2025-09-24,3,TWO DEGREES NETWORKS LIMITED,8682
2025-09-24,4,CHORUS NEW ZEALAND LIMITED,3601
2025-09-24,5,EONFIBRE LIMITED,2031
2025-09-24,6,VITAL LIMITED,1980
2025-09-24,7,KIWIRAIL,1820
2025-09-24,8,KORDIA LIMITED,1515
2025-09-24,9,RURAL CONNECTIVITY GROUP LIMITED,1367
2025-09-24,10,NZ DEFENCE FORCE HEADQUARTERS,814
2025-09-24,11,ENTAIN NEW ZEALAND LIMITED,657
2025-09-24,12,LIGHTWIRE LIMITED,631
2025-09-24,13,NZME RADIO LIMITED,594
2025-09-24,14,POWERCO LIMITED,590
2025-09-24,15,AIRWAYS CORPORATION OF NEW ZEALAND LIMITED,580
2025-09-24,16,EVERY PERSON,574
2025-09-24,17,ISO LIMITED,552
2025-09-24,18,NEP BROADCAST SERVICES NEW ZEALAND LIMITED,547
2025-09-24,19,KIWIRAIL LTD,533
2025-09-24,20,SPACE OPERATIONS NEW ZEALAND LIMITED,510
2025-09-24,21,MEDIAWORKS RADIO LIMITED,490
2025-09-24,22,DEPARTMENT OF CONSERVATION,464
2025-09-24,23,FIRE AND EMERGENCY NEW ZEALAND,458
2025-09-24,24,TAIT SYSTEMS NZ LIMITED,433
2025-09-24,25,ASHLEY COMMUNICATIONS LIMITED,432
2025-09-26,1,ONE NEW ZEALAND GROUP LIMITED,10230
2025-09-26,2,SPARK NEW ZEALAND TRADING LIMITED,8951
2025-09-26,3,TWO DEGREES NETWORKS LIMITED,8682
2025-09-26,4,CHORUS NEW ZEALAND LIMITED,3601
2025-09-26,5,EONFIBRE LIMITED,2031
2025-09-26,6,VITAL LIMITED,1976
2025-09-26,7,KIWIRAIL,1820
2025-09-26,8,KORDIA LIMITED,1515
2025-09-26,9,RURAL CONNECTIVITY GROUP LIMITED,1367
2025-09-26,10,NZ DEFENCE FORCE HEADQUARTERS,814
2025-09-26,11,ENTAIN NEW ZEALAND LIMITED,657
2025-09-26,12,LIGHTWIRE LIMITED,631
2025-09-26,13,NZME RADIO LIMITED,594
2025-09-26,14,POWERCO LIMITED,590
2025-09-26,15,AIRWAYS CORPORATION OF NEW ZEALAND LIMITED,580
2025-09-26,16,EVERY PERSON,574
2025-09-26,17,ISO LIMITED,552
2025-09-26,18,NEP BROADCAST SERVICES NEW ZEALAND LIMITED,547
2025-09-26,19,KIWIRAIL LTD,533
2025-09-26,20,SPACE OPERATIONS NEW ZEALAND LIMITED,512
2025-09-26,21,MEDIAWORKS RADIO LIMITED,490
2025-09-26,22,DEPARTMENT OF CONSERVATION,464
2025-09-26,23,FIRE AND EMERGENCY NEW ZEALAND,458
2025-09-26,24,TAIT SYSTEMS NZ LIMITED,433
2025-09-26,25,ASHLEY COMMUNICATIONS LIMITED,432
2025-09-29,1,ONE NEW ZEALAND GROUP LIMITED,10230
2025-09-29,2,SPARK NEW ZEALAND TRADING LIMITED,8951
2025-09-29,3,TWO DEGREES NETWORKS LIMITED,8680
2025-09-29,4,CHORUS NEW ZEALAND LIMITED,3601
2025-09-29,5,EONFIBRE LIMITED,2031
2025-09-29,6,VITAL LIMITED,1983
2025-09-29,7,KIWIRAIL,1820
2025-09-29,8,KORDIA LIMITED,1515
2025-09-29,9,RURAL CONNECTIVITY GROUP LIMITED,1367
2025-09-29,10,NZ DEFENCE FORCE HEADQUARTERS,814
2025-09-29,11,ENTAIN NEW ZEALAND LIMITED,657
2025-09-29,12,LIGHTWIRE LIMITED,631
2025-09-29,13,NZME RADIO LIMITED,594
2025-09-29,14,POWERCO LIMITED,590
2025-09-29,15,AIRWAYS CORPORATION OF NEW ZEALAND LIMITED,580
2025-09-29,16,EVERY PERSON,574
2025-09-29,17,ISO LIMITED,552
2025-09-29,18,NEP BROADCAST SERVICES NEW ZEALAND LIMITED,547
2025-09-29,19,KIWIRAIL LTD,533
2025-09-29,20,SPACE OPERATIONS NEW ZEALAND LIMITED,512
2025-09-29,21,MEDIAWORKS RADIO LIMITED,490
2025-09-29,22,DEPARTMENT OF CONSERVATION,464
2025-09-29,23,FIRE AND EMERGENCY NEW ZEALAND,458
2025-09-29,24,TAIT SYSTEMS NZ LIMITED,433
2025-09-29,25,ASHLEY COMMUNICATIONS LIMITED,432
2025-09-30,1,ONE NEW ZEALAND GROUP LIMITED,10331
2025-09-30,2,SPARK NEW ZEALAND TRADING LIMITED,8979
2025-09-30,3,TWO DEGREES NETWORKS LIMITED,8693
2025-09-30,4,CHORUS NEW ZEALAND LIMITED,3601
2025-09-30,5,EONFIBRE LIMITED,2031
2025-09-30,6,VITAL LIMITED,1983
2025-09-30,7,KIWIRAIL,1820
2025-09-30,8,KORDIA LIMITED,1515
2025-09-30,9,RURAL CONNECTIVITY GROUP LIMITED,1367
2025-09-30,10,NZ DEFENCE FORCE HEADQUARTERS,814
2025-09-30,11,ENTAIN NEW ZEALAND LIMITED,657
2025-09-30,12,LIGHTWIRE LIMITED,639
2025-09-30,13,NZME RADIO LIMITED,594
2025-09-30,14,POWERCO LIMITED,590
2025-09-30,15,AIRWAYS CORPORATION OF NEW ZEALAND LIMITED,580
2025-09-30,16,EVERY PERSON,574
2025-09-30,17,ISO LIMITED,552
2025-09-30,18,NEP BROADCAST SERVICES NEW ZEALAND LIMITED,547
2025-09-30,19,KIWIRAIL LTD,533
2025-09-30,20,SPACE OPERATIONS NEW ZEALAND LIMITED,512
2025-09-30,21,MEDIAWORKS RADIO LIMITED,490
2025-09-30,22,DEPARTMENT OF CONSERVATION,464
2025-09-30,23,FIRE AND EMERGENCY NEW ZEALAND,458
2025-09-30,24,TAIT SYSTEMS NZ LIMITED,433
2025-09-30,25,ASHLEY COMMUNICATIONS LIMITED,432
2025-10-01,1,ONE NEW ZEALAND GROUP LIMITED,10331
2025-10-01,2,SPARK NEW ZEALAND TRADING LIMITED,8979
2025-10-01,3,TWO DEGREES NETWORKS LIMITED,8693
2025-10-01,4,CHORUS NEW ZEALAND LIMITED,3601
2025-10-01,5,EONFIBRE LIMITED,2031
2025-10-01,6,VITAL LIMITED,1983
2025-10-01,7,KIWIRAIL,1820
2025-10-01,8,KORDIA LIMITED,1515
2025-10-01,9,RURAL CONNECTIVITY GROUP LIMITED,1371
2025-10-01,10,NZ DEFENCE FORCE HEADQUARTERS,814
2025-10-01,11,ENTAIN NEW ZEALAND LIMITED,657
2025-10-01,12,LIGHTWIRE LIMITED,639
2025-10-01,13,NZME RADIO LIMITED,594
2025-10-01,14,POWERCO LIMITED,590
2025-10-01,15,AIRWAYS CORPORATION OF NEW ZEALAND LIMITED,580
2025-10-01,16,EVERY PERSON,574
2025-10-01,17,ISO LIMITED,552
2025-10-01,18,NEP BROADCAST SERVICES NEW ZEALAND LIMITED,547
2025-10-01,19,KIWIRAIL LTD,533
2025-10-01,20,SPACE OPERATIONS NEW ZEALAND LIMITED,512
2025-10-01,21,MEDIAWORKS RADIO LIMITED,490
2025-10-01,22,DEPARTMENT OF CONSERVATION,464
2025-10-01,23,FIRE AND EMERGENCY NEW ZEALAND,458
2025-10-01,24,TAIT SYSTEMS NZ LIMITED,433
2025-10-01,25,ASHLEY COMMUNICATIONS LIMITED,432
2025-10-02,1,ONE NEW ZEALAND GROUP LIMITED,10331
2025-10-02,2,SPARK NEW ZEALAND TRADING LIMITED,8979
2025-10-02,3,TWO DEGREES NETWORKS LIMITED,8693
2025-10-02,4,CHORUS NEW ZEALAND LIMITED,3601
2025-10-02,5,EONFIBRE LIMITED,2031
2025-10-02,6,VITAL LIMITED,1983
2025-10-02,7,KIWIRAIL,1820
2025-10-02,8,KORDIA LIMITED,1513
2025-10-02,9,RURAL CONNECTIVITY GROUP LIMITED,1371
2025-10-02,10,NZ DEFENCE FORCE HEADQUARTERS,814
2025-10-02,11,ENTAIN NEW ZEALAND LIMITED,657
2025-10-02,12,LIGHTWIRE LIMITED,639
2025-10-02,13,NZME RADIO LIMITED,594
2025-10-02,14,POWERCO LIMITED,590
2025-10-02,15,AIRWAYS CORPORATION OF NEW ZEALAND LIMITED,580
2025-10-02,16,EVERY PERSON,574
2025-10-02,17,ISO LIMITED,552
2025-10-02,18,NEP BROADCAST SERVICES NEW ZEALAND LIMITED,547
2025-10-02,19,KIWIRAIL LTD,533
2025-10-02,20,SPACE OPERATIONS NEW ZEALAND LIMITED,512
2025-10-02,21,MEDIAWORKS RADIO LIMITED,490
2025-10-02,22,DEPARTMENT OF CONSERVATION,464
2025-10-02,23,FIRE AND EMERGENCY NEW ZEALAND,458
2025-10-02,24,TAIT SYSTEMS NZ LIMITED,433
2025-10-02,25,ASHLEY COMMUNICATIONS LIMITED,432
2025-10-03,1,ONE NEW ZEALAND GROUP LIMITED,10331
2025-10-03,2,SPARK NEW ZEALAND TRADING LIMITED,8984
2025-10-03,3,TWO DEGREES NETWORKS LIMITED,8717
2025-10-03,4,CHORUS NEW ZEALAND LIMITED,3601
2025-10-03,5,EONFIBRE LIMITED,2031
2025-10-03,6,VITAL LIMITED,1983
2025-10-03,7,KIWIRAIL,1820
2025-10-03,8,KORDIA LIMITED,1513
2025-10-03,9,RURAL CONNECTIVITY GROUP LIMITED,1371
2025-10-03,10,NZ DEFENCE FORCE HEADQUARTERS,814
2025-10-03,11,ENTAIN NEW ZEALAND LIMITED,657
2025-10-03,12,LIGHTWIRE LIMITED,639
2025-10-03,13,NZME RADIO LIMITED,594
2025-10-03,14,POWERCO LIMITED,590
2025-10-03,15,AIRWAYS CORPORATION OF NEW ZEALAND LIMITED,580
2025-10-03,16,EVERY PERSON,574
2025-10-03,17,ISO LIMITED,552
2025-10-03,18,NEP BROADCAST SERVICES NEW ZEALAND LIMITED,547
2025-10-03,19,KIWIRAIL LTD,533
2025-10-03,20,SPACE OPERATIONS NEW ZEALAND LIMITED,512
2025-10-03,21,MEDIAWORKS RADIO LIMITED,490
2025-10-03,22,DEPARTMENT OF CONSERVATION,464
2025-10-03,23,FIRE AND EMERGENCY NEW ZEALAND,458
2025-10-03,24,TAIT SYSTEMS NZ LIMITED,433
2025-10-03,25,ASHLEY COMMUNICATIONS LIMITED,432
2025-10-06,1,ONE NEW ZEALAND GROUP LIMITED,10331
2025-10-06,2,SPARK NEW ZEALAND TRADING LIMITED,8990
2025-10-06,3,TWO DEGREES NETWORKS LIMITED,8717
2025-10-06,4,CHORUS NEW ZEALAND LIMITED,3601
2025-10-06,5,EONFIBRE LIMITED,2031
2025-10-06,6,VITAL LIMITED,1983
2025-10-06,7,KIWIRAIL,1820
2025-10-06,8,KORDIA LIMITED,1513
2025-10-06,9,RURAL CONNECTIVITY GROUP LIMITED,1371
2025-10-06,10,NZ DEFENCE FORCE HEADQUARTERS,814
2025-10-06,11,ENTAIN NEW ZEALAND LIMITED,657
2025-10-06,12,LIGHTWIRE LIMITED,639
2025-10-06,13,NZME RADIO LIMITED,594
2025-10-06,14,POWERCO LIMITED,590
2025-10-06,15,AIRWAYS CORPORATION OF NEW ZEALAND LIMITED,580
2025-10-06,16,EVERY PERSON,574
2025-10-06,17,ISO LIMITED,552
2025-10-06,18,NEP BROADCAST SERVICES NEW ZEALAND LIMITED,547
2025-10-06,19,KIWIRAIL LTD,533
2025-10-06,20,SPACE OPERATIONS NEW ZEALAND LIMITED,512
2025-10-06,21,MEDIAWORKS RADIO LIMITED,490
2025-10-06,22,DEPARTMENT OF CONSERVATION,464
2025-10-06,23,FIRE AND EMERGENCY NEW ZEALAND,458
2025-10-06,24,TAIT SYSTEMS NZ LIMITED,433
2025-10-06,25,ASHLEY COMMUNICATIONS LIMITED,432
2025-10-07,1,ONE NEW ZEALAND GROUP LIMITED,10331
2025-10-07,2,SPARK NEW ZEALAND TRADING LIMITED,8990
2025-10-07,3,TWO DEGREES NETWORKS LIMITED,8717
2025-10-07,4,CHORUS NEW ZEALAND LIMITED,3601
2025-10-07,5,EONFIBRE LIMITED,2032
2025-10-07,6,VITAL LIMITED,1983
2025-10-07,7,KIWIRAIL,1820
2025-10-07,8,KORDIA LIMITED,1515
2025-10-07,9,RURAL CONNECTIVITY GROUP LIMITED,1371
2025-10-07,10,NZ DEFENCE FORCE HEADQUARTERS,814
2025-10-07,11,ENTAIN NEW ZEALAND LIMITED,657
2025-10-07,12,LIGHTWIRE LIMITED,639
2025-10-07,13,NZME RADIO LIMITED,594
2025-10-07,14,POWERCO LIMITED,590
2025-10-07,15,AIRWAYS CORPORATION OF NEW ZEALAND LIMITED,580
2025-10-07,16,EVERY PERSON,574
2025-10-07,17,ISO LIMITED,552
2025-10-07,18,NEP BROADCAST SERVICES NEW ZEALAND LIMITED,547
2025-10-07,19,KIWIRAIL LTD,533
2025-10-07,20,SPACE OPERATIONS NEW ZEALAND LIMITED,512
2025-10-07,21,MEDIAWORKS RADIO LIMITED,490
2025-10-07,22,DEPARTMENT OF CONSERVATION,464
2025-10-07,23,FIRE AND EMERGENCY NEW ZEALAND,458
2025-10-07,24,TAIT SYSTEMS NZ LIMITED,433
2025-10-07,25,ASHLEY COMMUNICATIONS LIMITED,432
2025-10-09,1,ONE NEW ZEALAND GROUP LIMITED,10331
2025-10-09,2,SPARK NEW ZEALAND TRADING LIMITED,9004
2025-10-09,3,TWO DEGREES NETWORKS LIMITED,8717
2025-10-09,4,CHORUS NEW ZEALAND LIMITED,3601
2025-10-09,5,EONFIBRE LIMITED,2032
2025-10-09,6,VITAL LIMITED,1983
2025-10-09,7,KIWIRAIL,1820
2025-10-09,8,KORDIA LIMITED,1515
2025-10-09,9,RURAL CONNECTIVITY GROUP LIMITED,1371
2025-10-09,10,NZ DEFENCE FORCE HEADQUARTERS,814
2025-10-09,11,ENTAIN NEW ZEALAND LIMITED,657
2025-10-09,12,LIGHTWIRE LIMITED,624
2025-10-09,13,NZME RADIO LIMITED,594
2025-10-09,14,POWERCO LIMITED,590
2025-10-09,15,AIRWAYS CORPORATION OF NEW ZEALAND LIMITED,580
2025-10-09,16,EVERY PERSON,574
2025-10-09,17,ISO LIMITED,552
2025-10-09,18,NEP BROADCAST SERVICES NEW ZEALAND LIMITED,547
2025-10-09,19,KIWIRAIL LTD,533
2025-10-09,20,SPACE OPERATIONS NEW ZEALAND LIMITED,512
2025-10-09,21,MEDIAWORKS RADIO LIMITED,490
2025-10-09,22,DEPARTMENT OF CONSERVATION,464
2025-10-09,23,FIRE AND EMERGENCY NEW ZEALAND,458
2025-10-09,24,TAIT SYSTEMS NZ LIMITED,433
2025-10-09,25,ASHLEY COMMUNICATIONS LIMITED,432
2025-10-10,1,ONE NEW ZEALAND GROUP LIMITED,10331
2025-10-10,2,SPARK NEW ZEALAND TRADING LIMITED,9007
2025-10-10,3,TWO DEGREES NETWORKS LIMITED,8717
2025-10-10,4,CHORUS NEW ZEALAND LIMITED,3601
2025-10-10,5,EONFIBRE LIMITED,2032
2025-10-10,6,VITAL LIMITED,1983
2025-10-10,7,KIWIRAIL,1820
2025-10-10,8,KORDIA LIMITED,1515
2025-10-10,9,RURAL CONNECTIVITY GROUP LIMITED,1371
2025-10-10,10,NZ DEFENCE FORCE HEADQUARTERS,814
2025-10-10,11,ENTAIN NEW ZEALAND LIMITED,657
2025-10-10,12,LIGHTWIRE LIMITED,624
2025-10-10,13,NZME RADIO LIMITED,594
2025-10-10,14,POWERCO LIMITED,590
2025-10-10,15,AIRWAYS CORPORATION OF NEW ZEALAND LIMITED,580
2025-10-10,16,EVERY PERSON,574
2025-10-10,17,ISO LIMITED,552
2025-10-10,18,NEP BROADCAST SERVICES NEW ZEALAND LIMITED,547
2025-10-10,19,KIWIRAIL LTD,533
2025-10-10,20,SPACE OPERATIONS NEW ZEALAND LIMITED,512
2025-10-10,21,MEDIAWORKS RADIO LIMITED,490
2025-10-10,22,DEPARTMENT OF CONSERVATION,464
2025-10-10,23,FIRE AND EMERGENCY NEW ZEALAND,458
2025-10-10,24,TAIT SYSTEMS NZ LIMITED,433
2025-10-10,25,ASHLEY COMMUNICATIONS LIMITED,432
2025-10-13,1,ONE NEW ZEALAND GROUP LIMITED,10331
2025-10-13,2,SPARK NEW ZEALAND TRADING LIMITED,9007
2025-10-13,3,TWO DEGREES NETWORKS LIMITED,8717
2025-10-13,4,CHORUS NEW ZEALAND LIMITED,3601
2025-10-13,5,EONFIBRE LIMITED,2032
2025-10-13,6,VITAL LIMITED,1983
2025-10-13,7,KIWIRAIL,1820
2025-10-13,8,KORDIA LIMITED,1515
2025-10-13,9,RURAL CONNECTIVITY GROUP LIMITED,1371
2025-10-13,10,NZ DEFENCE FORCE HEADQUARTERS,814
2025-10-13,11,ENTAIN NEW ZEALAND LIMITED,657
2025-10-13,12,LIGHTWIRE LIMITED,624
2025-10-13,13,NZME RADIO LIMITED,594
2025-10-13,14,POWERCO LIMITED,590
2025-10-13,15,AIRWAYS CORPORATION OF NEW ZEALAND LIMITED,580
2025-10-13,16,EVERY PERSON,574
2025-10-13,17,ISO LIMITED,552
2025-10-13,18,NEP BROADCAST SERVICES NEW ZEALAND LIMITED,547
2025-10-13,19,KIWIRAIL LTD,533
2025-10-13,20,SPACE OPERATIONS NEW ZEALAND LIMITED,512
2025-10-13,21,MEDIAWORKS RADIO LIMITED,490
2025-10-13,22,DEPARTMENT OF CONSERVATION,464
2025-10-13,23,FIRE AND EMERGENCY NEW ZEALAND,458
2025-10-13,24,TAIT SYSTEMS NZ LIMITED,433
2025-10-13,25,ASHLEY COMMUNICATIONS LIMITED,432
2025-10-14,1,ONE NEW ZEALAND GROUP LIMITED,10567
2025-10-14,2,SPARK NEW ZEALAND TRADING LIMITED,9009
2025-10-14,3,TWO DEGREES NETWORKS LIMITED,8729
2025-10-14,4,CHORUS NEW ZEALAND LIMITED,3601
2025-10-14,5,EONFIBRE LIMITED,2032
2025-10-14,6,VITAL LIMITED,1983
2025-10-14,7,KIWIRAIL,1820
2025-10-14,8,KORDIA LIMITED,1515
2025-10-14,9,RURAL CONNECTIVITY GROUP LIMITED,1371
2025-10-14,10,NZ DEFENCE FORCE HEADQUARTERS,814
2025-10-14,11,ENTAIN NEW ZEALAND LIMITED,657
2025-10-14,12,LIGHTWIRE LIMITED,624
2025-10-14,13,NZME RADIO LIMITED,594
2025-10-14,14,POWERCO LIMITED,590
2025-10-14,15,AIRWAYS CORPORATION OF NEW ZEALAND LIMITED,580
2025-10-14,16,EVERY PERSON,574
2025-10-14,17,ISO LIMITED,552
2025-10-14,18,NEP BROADCAST SERVICES NEW ZEALAND LIMITED,547
2025-10-14,19,KIWIRAIL LTD,533
2025-10-14,20,SPACE OPERATIONS NEW ZEALAND LIMITED,512
2025-10-14,21,MEDIAWORKS RADIO LIMITED,490
2025-10-14,22,DEPARTMENT OF CONSERVATION,464
2025-10-14,23,FIRE AND EMERGENCY NEW ZEALAND,458
2025-10-14,24,TAIT SYSTEMS NZ LIMITED,433
2025-10-14,25,ASHLEY COMMUNICATIONS LIMITED,432
2025-10-15,1,ONE NEW ZEALAND GROUP LIMITED,10567
2025-10-15,2,SPARK NEW ZEALAND TRADING LIMITED,9009
2025-10-15,3,TWO DEGREES NETWORKS LIMITED,8729
2025-10-15,4,CHORUS NEW ZEALAND LIMITED,3601
2025-10-15,5,EONFIBRE LIMITED,2032
2025-10-15,6,VITAL LIMITED,1983
2025-10-15,7,KIWIRAIL,1823
2025-10-15,8,KORDIA LIMITED,1515
2025-10-15,9,RURAL CONNECTIVITY GROUP LIMITED,1371
2025-10-15,10,NZ DEFENCE FORCE HEADQUARTERS,814
2025-10-15,11,ENTAIN NEW ZEALAND LIMITED,657
2025-10-15,12,LIGHTWIRE LIMITED,624
2025-10-15,13,NZME RADIO LIMITED,594
2025-10-15,14,POWERCO LIMITED,590
2025-10-15,15,AIRWAYS CORPORATION OF NEW ZEALAND LIMITED,580
2025-10-15,16,EVERY PERSON,574
2025-10-15,17,ISO LIMITED,552
2025-10-15,18,NEP BROADCAST SERVICES NEW ZEALAND LIMITED,547
2025-10-15,19,KIWIRAIL LTD,533
2025-10-15,20,SPACE OPERATIONS NEW ZEALAND LIMITED,512
2025-10-15,21,MEDIAWORKS RADIO LIMITED,490
2025-10-15,22,DEPARTMENT OF CONSERVATION,464
2025-10-15,23,FIRE AND EMERGENCY NEW ZEALAND,458
2025-10-15,24,TAIT SYSTEMS NZ LIMITED,433
2025-10-15,25,ASHLEY COMMUNICATIONS LIMITED,432
2025-10-16,1,ONE NEW ZEALAND GROUP LIMITED,10565
2025-10-16,2,SPARK NEW ZEALAND TRADING LIMITED,9103
2025-10-16,3,TWO DEGREES NETWORKS LIMITED,8729
2025-10-16,4,CHORUS NEW ZEALAND LIMITED,3601
2025-10-16,5,EONFIBRE LIMITED,2032
2025-10-16,6,VITAL LIMITED,1983
2025-10-16,7,KIWIRAIL,1823
2025-10-16,8,KORDIA LIMITED,1515
2025-10-16,9,RURAL CONNECTIVITY GROUP LIMITED,1371
2025-10-16,10,NZ DEFENCE FORCE HEADQUARTERS,814
2025-10-16,11,ENTAIN NEW ZEALAND LIMITED,657
2025-10-16,12,LIGHTWIRE LIMITED,622
2025-10-16,13,NZME RADIO LIMITED,594
2025-10-16,14,POWERCO LIMITED,590
2025-10-16,15,AIRWAYS CORPORATION OF NEW ZEALAND LIMITED,580
2025-10-16,16,EVERY PERSON,574
2025-10-16,17,ISO LIMITED,552
2025-10-16,18,NEP BROADCAST SERVICES NEW ZEALAND LIMITED,547
2025-10-16,19,KIWIRAIL LTD,533
2025-10-16,20,SPACE OPERATIONS NEW ZEALAND LIMITED,512
2025-10-16,21,MEDIAWORKS RADIO LIMITED,490
2025-10-16,22,DEPARTMENT OF CONSERVATION,464
2025-10-16,23,FIRE AND EMERGENCY NEW ZEALAND,458
2025-10-16,24,TAIT SYSTEMS NZ LIMITED,433
2025-10-16,25,ASHLEY COMMUNICATIONS LIMITED,432
2025-10-17,1,ONE NEW ZEALAND GROUP LIMITED,10565
2025-10-17,2,SPARK NEW ZEALAND TRADING LIMITED,9170
2025-10-17,3,TWO DEGREES NETWORKS LIMITED,8733
2025-10-17,4,CHORUS NEW ZEALAND LIMITED,3601
2025-10-17,5,EONFIBRE LIMITED,2032
2025-10-17,6,VITAL LIMITED,1983
2025-10-17,7,KIWIRAIL,1823
2025-10-17,8,KORDIA LIMITED,1515
2025-10-17,9,RURAL CONNECTIVITY GROUP LIMITED,1371
2025-10-17,10,NZ DEFENCE FORCE HEADQUARTERS,814
2025-10-17,11,ENTAIN NEW ZEALAND LIMITED,657
2025-10-17,12,LIGHTWIRE LIMITED,622
2025-10-17,13,NZME RADIO LIMITED,594
2025-10-17,14,POWERCO LIMITED,590
2025-10-17,15,AIRWAYS CORPORATION OF NEW ZEALAND LIMITED,580
2025-10-17,16,EVERY PERSON,574
2025-10-17,17,ISO LIMITED,552
2025-10-17,18,NEP BROADCAST SERVICES NEW ZEALAND LIMITED,547
2025-10-17,19,KIWIRAIL LTD,533
2025-10-17,20,SPACE OPERATIONS NEW ZEALAND LIMITED,512
2025-10-17,21,MEDIAWORKS RADIO LIMITED,490
2025-10-17,22,DEPARTMENT OF CONSERVATION,464
2025-10-17,23,FIRE AND EMERGENCY NEW ZEALAND,458
2025-10-17,24,TAIT SYSTEMS NZ LIMITED,433
2025-10-17,25,ASHLEY COMMUNICATIONS LIMITED,432
2025-10-20,1,ONE NEW ZEALAND GROUP LIMITED,10565
2025-10-20,2,SPARK NEW ZEALAND TRADING LIMITED,9292
2025-10-20,3,TWO DEGREES NETWORKS LIMITED,8753
2025-10-20,4,CHORUS NEW ZEALAND LIMITED,3601
2025-10-20,5,EONFIBRE LIMITED,2026
2025-10-20,6,VITAL LIMITED,1983
2025-10-20,7,KIWIRAIL,1823
2025-10-20,8,KORDIA LIMITED,1515
2025-10-20,9,RURAL CONNECTIVITY GROUP LIMITED,1371
2025-10-20,10,NZ DEFENCE FORCE HEADQUARTERS,814
2025-10-20,11,ENTAIN NEW ZEALAND LIMITED,657
2025-10-20,12,LIGHTWIRE LIMITED,622
2025-10-20,13,NZME RADIO LIMITED,594
2025-10-20,14,POWERCO LIMITED,590
2025-10-20,15,AIRWAYS CORPORATION OF NEW ZEALAND LIMITED,580
2025-10-20,16,EVERY PERSON,574
2025-10-20,17,ISO LIMITED,552
2025-10-20,18,NEP BROADCAST SERVICES NEW ZEALAND LIMITED,547
2025-10-20,19,KIWIRAIL LTD,533
2025-10-20,20,SPACE OPERATIONS NEW ZEALAND LIMITED,512
2025-10-20,21,MEDIAWORKS RADIO LIMITED,490
2025-10-20,22,DEPARTMENT OF CONSERVATION,464
2025-10-20,23,FIRE AND EMERGENCY NEW ZEALAND,458
2025-10-20,24,TAIT SYSTEMS NZ LIMITED,433
2025-10-20,25,ASHLEY COMMUNICATIONS LIMITED,432
2025-10-21,1,ONE NEW ZEALAND GROUP LIMITED,10568
2025-10-21,2,SPARK NEW ZEALAND TRADING LIMITED,9369
2025-10-21,3,TWO DEGREES NETWORKS LIMITED,8753
2025-10-21,4,CHORUS NEW ZEALAND LIMITED,3601
2025-10-21,5,EONFIBRE LIMITED,2026
2025-10-21,6,VITAL LIMITED,1983
2025-10-21,7,KIWIRAIL,1823
2025-10-21,8,KORDIA LIMITED,1515
2025-10-21,9,RURAL CONNECTIVITY GROUP LIMITED,1371
2025-10-21,10,NZ DEFENCE FORCE HEADQUARTERS,814
2025-10-21,11,ENTAIN NEW ZEALAND LIMITED,657
2025-10-21,12,LIGHTWIRE LIMITED,622
2025-10-21,13,NZME RADIO LIMITED,594
2025-10-21,14,POWERCO LIMITED,590
2025-10-21,15,AIRWAYS CORPORATION OF NEW ZEALAND LIMITED,580
2025-10-21,16,EVERY PERSON,574
2025-10-21,17,ISO LIMITED,552
2025-10-21,18,NEP BROADCAST SERVICES NEW ZEALAND LIMITED,547
2025-10-21,19,KIWIRAIL LTD,533
2025-10-21,20,SPACE OPERATIONS NEW ZEALAND LIMITED,512
2025-10-21,21,MEDIAWORKS RADIO LIMITED,490
2025-10-21,22,DEPARTMENT OF CONSERVATION,464
2025-10-21,23,FIRE AND EMERGENCY NEW ZEALAND,458
2025-10-21,24,TAIT SYSTEMS NZ LIMITED,433
2025-10-21,25,ASHLEY COMMUNICATIONS LIMITED,432
2025-10-24,1,ONE NEW ZEALAND GROUP LIMITED,10568
2025-10-24,2,SPARK NEW ZEALAND TRADING LIMITED,9583
2025-10-24,3,TWO DEGREES NETWORKS LIMITED,8753
2025-10-24,4,CHORUS NEW ZEALAND LIMITED,3601
2025-10-24,5,EONFIBRE LIMITED,2026
2025-10-24,6,VITAL LIMITED,1983
2025-10-24,7,KIWIRAIL,1823
2025-10-24,8,KORDIA LIMITED,1515
2025-10-24,9,RURAL CONNECTIVITY GROUP LIMITED,1371
2025-10-24,10,NZ DEFENCE FORCE HEADQUARTERS,814
2025-10-24,11,ENTAIN NEW ZEALAND LIMITED,657
2025-10-24,12,LIGHTWIRE LIMITED,622
2025-10-24,13,NZME RADIO LIMITED,594
2025-10-24,14,POWERCO LIMITED,590
2025-10-24,15,AIRWAYS CORPORATION OF NEW ZEALAND LIMITED,580
2025-10-24,16,EVERY PERSON,574
2025-10-24,17,ISO LIMITED,552
2025-10-24,18,NEP BROADCAST SERVICES NEW ZEALAND LIMITED,547
2025-10-24,19,KIWIRAIL LTD,533
2025-10-24,20,SPACE OPERATIONS NEW ZEALAND LIMITED,512
2025-10-24,21,MEDIAWORKS RADIO LIMITED,490
2025-10-24,22,DEPARTMENT OF CONSERVATION,464
2025-10-24,23,FIRE AND EMERGENCY NEW ZEALAND,458
2025-10-24,24,TAIT SYSTEMS NZ LIMITED,433
2025-10-24,25,ASHLEY COMMUNICATIONS LIMITED,432
2025-10-27,1,ONE NEW ZEALAND GROUP LIMITED,10568
2025-10-27,2,SPARK NEW ZEALAND TRADING LIMITED,9583
2025-10-27,3,TWO DEGREES NETWORKS LIMITED,8753
2025-10-27,4,CHORUS NEW ZEALAND LIMITED,3601
2025-10-27,5,EONFIBRE LIMITED,2026
2025-10-27,6,VITAL LIMITED,1983
2025-10-27,7,KIWIRAIL,1823
2025-10-27,8,KORDIA LIMITED,1515
2025-10-27,9,RURAL CONNECTIVITY GROUP LIMITED,1371
2025-10-27,10,NZ DEFENCE FORCE HEADQUARTERS,814
2025-10-27,11,ENTAIN NEW ZEALAND LIMITED,657
2025-10-27,12,LIGHTWIRE LIMITED,622
2025-10-27,13,NZME RADIO LIMITED,594
2025-10-27,14,POWERCO LIMITED,590
2025-10-27,15,AIRWAYS CORPORATION OF NEW ZEALAND LIMITED,580
2025-10-27,16,EVERY PERSON,574
2025-10-27,17,ISO LIMITED,552
2025-10-27,18,NEP BROADCAST SERVICES NEW ZEALAND LIMITED,547
2025-10-27,19,KIWIRAIL LTD,533
2025-10-27,20,SPACE OPERATIONS NEW ZEALAND LIMITED,512
2025-10-27,21,MEDIAWORKS RADIO LIMITED,490
2025-10-27,22,DEPARTMENT OF CONSERVATION,464
2025-10-27,23,Fire and Emergency New Zealand,458
2025-10-27,24,TAIT SYSTEMS NZ LIMITED,433
2025-10-27,25,ASHLEY COMMUNICATIONS LIMITED,432
2025-10-28,1,ONE NEW ZEALAND GROUP LIMITED,10568
2025-10-28,2,SPARK NEW ZEALAND TRADING LIMITED,9820
2025-10-28,3,TWO DEGREES NETWORKS LIMITED,8764
2025-10-28,4,CHORUS NEW ZEALAND LIMITED,3601
2025-10-28,5,EONFIBRE LIMITED,2026
2025-10-28,6,VITAL LIMITED,1984
2025-10-28,7,KIWIRAIL,1823
2025-10-28,8,KORDIA LIMITED,1515
2025-10-28,9,RURAL CONNECTIVITY GROUP LIMITED,1371
2025-10-28,10,NZ DEFENCE FORCE HEADQUARTERS,814
2025-10-28,11,ENTAIN NEW ZEALAND LIMITED,657
2025-10-28,12,LIGHTWIRE LIMITED,622
2025-10-28,13,NZME RADIO LIMITED,594
2025-10-28,14,POWERCO LIMITED,590
2025-10-28,15,AIRWAYS CORPORATION OF NEW ZEALAND LIMITED,580
2025-10-28,16,EVERY PERSON,574
2025-10-28,17,ISO LIMITED,552
2025-10-28,18,NEP BROADCAST SERVICES NEW ZEALAND LIMITED,547
2025-10-28,19,KIWIRAIL LTD,533
2025-10-28,20,SPACE OPERATIONS NEW ZEALAND LIMITED,512
2025-10-28,21,MEDIAWORKS RADIO LIMITED,490
2025-10-28,22,DEPARTMENT OF CONSERVATION,464
2025-10-28,23,Fire and Emergency New Zealand,458
2025-10-28,24,TAIT SYSTEMS NZ LIMITED,433
2025-10-28,25,ASHLEY COMMUNICATIONS LIMITED,432
2025-10-29,1,ONE NEW ZEALAND GROUP LIMITED,10568
2025-10-29,2,SPARK NEW ZEALAND TRADING LIMITED,9820
2025-10-29,3,TWO DEGREES NETWORKS LIMITED,8764
2025-10-29,4,CHORUS NEW ZEALAND LIMITED,3601
2025-10-29,5,EONFIBRE LIMITED,2026
2025-10-29,6,VITAL LIMITED,1985
2025-10-29,7,KIWIRAIL,1823
2025-10-29,8,KORDIA LIMITED,1515
2025-10-29,9,RURAL CONNECTIVITY GROUP LIMITED,1371
2025-10-29,10,NZ DEFENCE FORCE HEADQUARTERS,814
2025-10-29,11,ENTAIN NEW ZEALAND LIMITED,657
2025-10-29,12,LIGHTWIRE LIMITED,622
2025-10-29,13,NZME RADIO LIMITED,594
2025-10-29,14,POWERCO LIMITED,590
2025-10-29,15,AIRWAYS CORPORATION OF NEW ZEALAND LIMITED,580
2025-10-29,16,EVERY PERSON,574
2025-10-29,17,ISO LIMITED,552
2025-10-29,18,NEP BROADCAST SERVICES NEW ZEALAND LIMITED,547
2025-10-29,19,KIWIRAIL LTD,533
2025-10-29,20,SPACE OPERATIONS NEW ZEALAND LIMITED,512
2025-10-29,21,MEDIAWORKS RADIO LIMITED,490
2025-10-29,22,DEPARTMENT OF CONSERVATION,464
2025-10-29,23,Fire and Emergency New Zealand,458
2025-10-29,24,TAIT SYSTEMS NZ LIMITED,433
2025-10-29,25,ASHLEY COMMUNICATIONS LIMITED,432
2025-10-30,1,ONE NEW ZEALAND GROUP LIMITED,10568
2025-10-30,2,SPARK NEW ZEALAND TRADING LIMITED,9820
2025-10-30,3,TWO DEGREES NETWORKS LIMITED,8736
2025-10-30,4,CHORUS NEW ZEALAND LIMITED,3601
2025-10-30,5,EONFIBRE LIMITED,2026
2025-10-30,6,VITAL LIMITED,1985
2025-10-30,7,KIWIRAIL,1823
2025-10-30,8,KORDIA LIMITED,1515
2025-10-30,9,RURAL CONNECTIVITY GROUP LIMITED,1371
2025-10-30,10,NZ DEFENCE FORCE HEADQUARTERS,814
2025-10-30,11,ENTAIN NEW ZEALAND LIMITED,657
2025-10-30,12,LIGHTWIRE LIMITED,622
2025-10-30,13,NZME RADIO LIMITED,594
2025-10-30,14,POWERCO LIMITED,590
2025-10-30,15,AIRWAYS CORPORATION OF NEW ZEALAND LIMITED,581
2025-10-30,16,EVERY PERSON,574
2025-10-30,17,ISO LIMITED,552
2025-10-30,18,NEP BROADCAST SERVICES NEW ZEALAND LIMITED,547
2025-10-30,19,KIWIRAIL LTD,533
2025-10-30,20,SPACE OPERATIONS NEW ZEALAND LIMITED,512
2025-10-30,21,MEDIAWORKS RADIO LIMITED,490
2025-10-30,22,DEPARTMENT OF CONSERVATION,464
2025-10-30,23,Fire and Emergency New Zealand,458
2025-10-30,24,TAIT SYSTEMS NZ LIMITED,433
2025-10-30,25,ASHLEY COMMUNICATIONS LIMITED,432
2025-10-31,1,ONE NEW ZEALAND GROUP LIMITED,10568
2025-10-31,2,SPARK NEW ZEALAND TRADING LIMITED,9828
2025-10-31,3,TWO DEGREES NETWORKS LIMITED,8736
2025-10-31,4,CHORUS NEW ZEALAND LIMITED,3601
2025-10-31,5,EONFIBRE LIMITED,2028
2025-10-31,6,VITAL LIMITED,1985
2025-10-31,7,KIWIRAIL,1823
2025-10-31,8,KORDIA LIMITED,1515
2025-10-31,9,RURAL CONNECTIVITY GROUP LIMITED,1371
2025-10-31,10,NZ DEFENCE FORCE HEADQUARTERS,814
2025-10-31,11,ENTAIN NEW ZEALAND LIMITED,657
2025-10-31,12,LIGHTWIRE LIMITED,614
2025-10-31,13,NZME RADIO LIMITED,594
2025-10-31,14,POWERCO LIMITED,590
2025-10-31,15,AIRWAYS CORPORATION OF NEW ZEALAND LIMITED,581
2025-10-31,16,EVERY PERSON,574
2025-10-31,17,ISO LIMITED,552
2025-10-31,18,NEP BROADCAST SERVICES NEW ZEALAND LIMITED,547
2025-10-31,19,KIWIRAIL LTD,533
2025-10-31,20,SPACE OPERATIONS NEW ZEALAND LIMITED,508
2025-10-31,21,MEDIAWORKS RADIO LIMITED,490
2025-10-31,22,DEPARTMENT OF CONSERVATION,464
2025-10-31,23,Fire and Emergency New Zealand,458
2025-10-31,24,TAIT SYSTEMS NZ LIMITED,433
2025-10-31,25,ASHLEY COMMUNICATIONS LIMITED,432
2025-11-01,1,ONE NEW ZEALAND GROUP LIMITED,10568
2025-11-01,2,SPARK NEW ZEALAND TRADING LIMITED,9828
2025-11-01,3,TWO DEGREES NETWORKS LIMITED,8736
2025-11-01,4,CHORUS NEW ZEALAND LIMITED,3601
2025-11-01,5,EONFIBRE LIMITED,2028
2025-11-01,6,VITAL LIMITED,1985
2025-11-01,7,KIWIRAIL,1823
2025-11-01,8,KORDIA LIMITED,1515
2025-11-01,9,RURAL CONNECTIVITY GROUP LIMITED,1371
2025-11-01,10,NZ DEFENCE FORCE HEADQUARTERS,814
2025-11-01,11,ENTAIN NEW ZEALAND LIMITED,657
2025-11-01,12,LIGHTWIRE LIMITED,610
2025-11-01,13,NZME RADIO LIMITED,594
2025-11-01,14,POWERCO LIMITED,590
2025-11-01,15,AIRWAYS CORPORATION OF NEW ZEALAND LIMITED,581
2025-11-01,16,EVERY PERSON,574
2025-11-01,17,ISO LIMITED,552
2025-11-01,18,NEP BROADCAST SERVICES NEW ZEALAND LIMITED,547
2025-11-01,19,KIWIRAIL LTD,533
2025-11-01,20,SPACE OPERATIONS NEW ZEALAND LIMITED,508
2025-11-01,21,MEDIAWORKS RADIO LIMITED,490
2025-11-01,22,DEPARTMENT OF CONSERVATION,464
2025-11-01,23,Fire and Emergency New Zealand,458
2025-11-01,24,TAIT SYSTEMS NZ LIMITED,433
2025-11-01,25,ASHLEY COMMUNICATIONS LIMITED,432
2025-11-02,1,ONE NEW ZEALAND GROUP LIMITED,10568
2025-11-02,2,SPARK NEW ZEALAND TRADING LIMITED,9829
2025-11-02,3,TWO DEGREES NETWORKS LIMITED,8745
2025-11-02,4,CHORUS NEW ZEALAND LIMITED,3601
2025-11-02,5,EONFIBRE LIMITED,2028
2025-11-02,6,VITAL LIMITED,1985
2025-11-02,7,KIWIRAIL,1823
2025-11-02,8,KORDIA LIMITED,1515
2025-11-02,9,RURAL CONNECTIVITY GROUP LIMITED,1396
2025-11-02,10,NZ DEFENCE FORCE HEADQUARTERS,814
2025-11-02,11,ENTAIN NEW ZEALAND LIMITED,657
2025-11-02,12,LIGHTWIRE LIMITED,610
2025-11-02,13,NZME RADIO LIMITED,594
2025-11-02,14,AIRWAYS CORPORATION OF NEW ZEALAND LIMITED,592
2025-11-02,15,POWERCO LIMITED,590
2025-11-02,16,EVERY PERSON,574
2025-11-02,17,ISO LIMITED,552
2025-11-02,18,NEP BROADCAST SERVICES NEW ZEALAND LIMITED,547
2025-11-02,19,KIWIRAIL LTD,533
2025-11-02,20,SPACE OPERATIONS NEW ZEALAND LIMITED,508
2025-11-02,21,MEDIAWORKS RADIO LIMITED,490
2025-11-02,22,DEPARTMENT OF CONSERVATION,464
2025-11-02,23,Fire and Emergency New Zealand,457
2025-11-02,24,TAIT SYSTEMS NZ LIMITED,433
2025-11-02,25,ASHLEY COMMUNICATIONS LIMITED,432
2025-11-03,1,ONE NEW ZEALAND GROUP LIMITED,10568
2025-11-03,2,SPARK NEW ZEALAND TRADING LIMITED,9831
2025-11-03,3,TWO DEGREES NETWORKS LIMITED,8745
2025-11-03,4,CHORUS NEW ZEALAND LIMITED,3601
2025-11-03,5,EONFIBRE LIMITED,2028
2025-11-03,6,VITAL LIMITED,1985
2025-11-03,7,KIWIRAIL,1823
2025-11-03,8,KORDIA LIMITED,1515
2025-11-03,9,RURAL CONNECTIVITY GROUP LIMITED,1396
2025-11-03,10,NZ DEFENCE FORCE HEADQUARTERS,814
2025-11-03,11,ENTAIN NEW ZEALAND LIMITED,657
2025-11-03,12,LIGHTWIRE LIMITED,610
2025-11-03,13,NZME RADIO LIMITED,594
2025-11-03,14,AIRWAYS CORPORATION OF NEW ZEALAND LIMITED,592
2025-11-03,15,POWERCO LIMITED,590
2025-11-03,16,EVERY PERSON,574
2025-11-03,17,ISO LIMITED,552
2025-11-03,18,NEP BROADCAST SERVICES NEW ZEALAND LIMITED,547
2025-11-03,19,KIWIRAIL LTD,533
2025-11-03,20,SPACE OPERATIONS NEW ZEALAND LIMITED,508
2025-11-03,21,MEDIAWORKS RADIO LIMITED,490
2025-11-03,22,DEPARTMENT OF CONSERVATION,464
2025-11-03,23,Fire and Emergency New Zealand,457
2025-11-03,24,TAIT SYSTEMS NZ LIMITED,433
2025-11-03,25,ASHLEY COMMUNICATIONS LIMITED,432
2025-11-05,1,ONE NEW ZEALAND GROUP LIMITED,10568
2025-11-05,2,SPARK NEW ZEALAND TRADING LIMITED,9840
2025-11-05,3,TWO DEGREES NETWORKS LIMITED,8745
2025-11-05,4,CHORUS NEW ZEALAND LIMITED,3601
2025-11-05,5,EONFIBRE LIMITED,2028
2025-11-05,6,VITAL LIMITED,1985
2025-11-05,7,KIWIRAIL,1823
2025-11-05,8,KORDIA LIMITED,1515
2025-11-05,9,RURAL CONNECTIVITY GROUP LIMITED,1396
2025-11-05,10,NZ DEFENCE FORCE HEADQUARTERS,814
2025-11-05,11,ENTAIN NEW ZEALAND LIMITED,657
2025-11-05,12,LIGHTWIRE LIMITED,610
2025-11-05,13,NZME RADIO LIMITED,594
2025-11-05,14,AIRWAYS CORPORATION OF NEW ZEALAND LIMITED,592
2025-11-05,15,POWERCO LIMITED,590
2025-11-05,16,EVERY PERSON,574
2025-11-05,17,ISO LIMITED,552
2025-11-05,18,NEP BROADCAST SERVICES NEW ZEALAND LIMITED,547
2025-11-05,19,KIWIRAIL LTD,533
2025-11-05,20,SPACE OPERATIONS NEW ZEALAND LIMITED,508
2025-11-05,21,MEDIAWORKS RADIO LIMITED,490
2025-11-05,22,DEPARTMENT OF CONSERVATION,464
2025-11-05,23,Fire and Emergency New Zealand,457
2025-11-05,24,TAIT SYSTEMS NZ LIMITED,433
2025-11-05,25,ASHLEY COMMUNICATIONS LIMITED,432
2025-11-06,1,ONE NEW ZEALAND GROUP LIMITED,10643
2025-11-06,2,SPARK NEW ZEALAND TRADING LIMITED,9840
2025-11-06,3,TWO DEGREES NETWORKS LIMITED,8745
2025-11-06,4,CHORUS NEW ZEALAND LIMITED,3601
2025-11-06,5,EONFIBRE LIMITED,2028
2025-11-06,6,VITAL LIMITED,1985
2025-11-06,7,KIWIRAIL,1823
2025-11-06,8,KORDIA LIMITED,1515
2025-11-06,9,RURAL CONNECTIVITY GROUP LIMITED,1396
2025-11-06,10,NZ DEFENCE FORCE HEADQUARTERS,814
2025-11-06,11,ENTAIN NEW ZEALAND LIMITED,657
2025-11-06,12,LIGHTWIRE LIMITED,610
2025-11-06,13,NZME RADIO LIMITED,594
2025-11-06,14,AIRWAYS CORPORATION OF NEW ZEALAND LIMITED,592
2025-11-06,15,POWERCO LIMITED,590
2025-11-06,16,EVERY PERSON,574
2025-11-06,17,ISO LIMITED,552
2025-11-06,18,NEP BROADCAST SERVICES NEW ZEALAND LIMITED,547
2025-11-06,19,KIWIRAIL LTD,533
2025-11-06,20,SPACE OPERATIONS NEW ZEALAND LIMITED,508
2025-11-06,21,MEDIAWORKS RADIO LIMITED,490
2025-11-06,22,DEPARTMENT OF CONSERVATION,464
2025-11-06,23,Fire and Emergency New Zealand,458
2025-11-06,24,TAIT SYSTEMS NZ LIMITED,433
2025-11-06,25,ASHLEY COMMUNICATIONS LIMITED,432
2025-11-07,1,ONE NEW ZEALAND GROUP LIMITED,10643
2025-11-07,2,SPARK NEW ZEALAND TRADING LIMITED,9840
2025-11-07,3,TWO DEGREES NETWORKS LIMITED,8745
2025-11-07,4,CHORUS NEW ZEALAND LIMITED,3601
2025-11-07,5,EONFIBRE LIMITED,2028
2025-11-07,6,VITAL LIMITED,1985
2025-11-07,7,KIWIRAIL,1823
2025-11-07,8,KORDIA LIMITED,1515
2025-11-07,9,RURAL CONNECTIVITY GROUP LIMITED,1396
2025-11-07,10,NZ DEFENCE FORCE HEADQUARTERS,814
2025-11-07,11,ENTAIN NEW ZEALAND LIMITED,657
2025-11-07,12,LIGHTWIRE LIMITED,610
2025-11-07,13,NZME RADIO LIMITED,594
2025-11-07,14,AIRWAYS CORPORATION OF NEW ZEALAND LIMITED,592
2025-11-07,15,POWERCO LIMITED,590
2025-11-07,16,EVERY PERSON,574
2025-11-07,17,ISO LIMITED,552
2025-11-07,18,NEP BROADCAST SERVICES NEW ZEALAND LIMITED,547
2025-11-07,19,KIWIRAIL LTD,533
2025-11-07,20,SPACE OPERATIONS NEW ZEALAND LIMITED,508
2025-11-07,21,MEDIAWORKS RADIO LIMITED,490
2025-11-07,22,DEPARTMENT OF CONSERVATION,464
2025-11-07,23,Fire and Emergency New Zealand,457
2025-11-07,24,TAIT SYSTEMS NZ LIMITED,433
2025-11-07,25,ASHLEY COMMUNICATIONS LIMITED,432
2025-11-11,1,ONE NEW ZEALAND GROUP LIMITED,10643
2025-11-11,2,SPARK NEW ZEALAND TRADING LIMITED,9871
2025-11-11,3,TWO DEGREES NETWORKS LIMITED,8771
2025-11-11,4,CHORUS NEW ZEALAND LIMITED,3601
2025-11-11,5,EONFIBRE LIMITED,2028
2025-11-11,6,VITAL LIMITED,1985
2025-11-11,7,KIWIRAIL,1823
2025-11-11,8,KORDIA LIMITED,1515
2025-11-11,9,RURAL CONNECTIVITY GROUP LIMITED,1396
2025-11-11,10,NZ DEFENCE FORCE HEADQUARTERS,814
2025-11-11,11,ENTAIN NEW ZEALAND LIMITED,657
2025-11-11,12,LIGHTWIRE LIMITED,610
2025-11-11,13,NZME RADIO LIMITED,594
2025-11-11,14,AIRWAYS CORPORATION OF NEW ZEALAND LIMITED,592
2025-11-11,15,POWERCO LIMITED,590
2025-11-11,16,EVERY PERSON,574
2025-11-11,17,ISO LIMITED,552
2025-11-11,18,NEP BROADCAST SERVICES NEW ZEALAND LIMITED,547
2025-11-11,19,KIWIRAIL LTD,533
2025-11-11,20,SPACE OPERATIONS NEW ZEALAND LIMITED,508
2025-11-11,21,MEDIAWORKS RADIO LIMITED,490
2025-11-11,22,DEPARTMENT OF CONSERVATION,464
2025-11-11,23,Fire and Emergency New Zealand,456
2025-11-11,24,TAIT SYSTEMS NZ LIMITED,433
2025-11-11,25,ASHLEY COMMUNICATIONS LIMITED,432
2025-11-13,1,ONE NEW ZEALAND GROUP LIMITED,10643
2025-11-13,2,SPARK NEW ZEALAND TRADING LIMITED,9882
2025-11-13,3,TWO DEGREES NETWORKS LIMITED,8771
2025-11-13,4,CHORUS NEW ZEALAND LIMITED,3601
2025-11-13,5,EONFIBRE LIMITED,2028
2025-11-13,6,VITAL LIMITED,1985
2025-11-13,7,KIWIRAIL,1823
2025-11-13,8,KORDIA LIMITED,1515
2025-11-13,9,RURAL CONNECTIVITY GROUP LIMITED,1396
2025-11-13,10,NZ DEFENCE FORCE HEADQUARTERS,814
2025-11-13,11,ENTAIN NEW ZEALAND LIMITED,657
2025-11-13,12,LIGHTWIRE LIMITED,610
2025-11-13,13,NZME RADIO LIMITED,594
2025-11-13,14,AIRWAYS CORPORATION OF NEW ZEALAND LIMITED,592
2025-11-13,15,POWERCO LIMITED,590
2025-11-13,16,EVERY PERSON,574
2025-11-13,17,ISO LIMITED,552
2025-11-13,18,NEP BROADCAST SERVICES NEW ZEALAND LIMITED,547
2025-11-13,19,KIWIRAIL LTD,533
2025-11-13,20,SPACE OPERATIONS NEW ZEALAND LIMITED,508
2025-11-13,21,MEDIAWORKS RADIO LIMITED,490
2025-11-13,22,DEPARTMENT OF CONSERVATION,464
2025-11-13,23,Fire and Emergency New Zealand,456
2025-11-13,24,TAIT SYSTEMS NZ LIMITED,433
2025-11-13,25,ASHLEY COMMUNICATIONS LIMITED,432
2025-11-14,1,ONE NEW ZEALAND GROUP LIMITED,10643
2025-11-14,2,SPARK NEW ZEALAND TRADING LIMITED,9877
2025-11-14,3,TWO DEGREES NETWORKS LIMITED,8771
2025-11-14,4,CHORUS NEW ZEALAND LIMITED,3601
2025-11-14,5,EONFIBRE LIMITED,2028
2025-11-14,6,VITAL LIMITED,1985
2025-11-14,7,KIWIRAIL,1823
2025-11-14,8,KORDIA LIMITED,1515
2025-11-14,9,RURAL CONNECTIVITY GROUP LIMITED,1396
2025-11-14,10,NZ DEFENCE FORCE HEADQUARTERS,814
2025-11-14,11,ENTAIN NEW ZEALAND LIMITED,657
2025-11-14,12,LIGHTWIRE LIMITED,610
2025-11-14,13,NZME RADIO LIMITED,594
2025-11-14,14,AIRWAYS CORPORATION OF NEW ZEALAND LIMITED,592
2025-11-14,15,POWERCO LIMITED,590
2025-11-14,16,EVERY PERSON,574
2025-11-14,17,ISO LIMITED,552
2025-11-14,18,NEP BROADCAST SERVICES NEW ZEALAND LIMITED,547
2025-11-14,19,KIWIRAIL LTD,533
2025-11-14,20,SPACE OPERATIONS NEW ZEALAND LIMITED,508
2025-11-14,21,MEDIAWORKS RADIO LIMITED,490
2025-11-14,22,DEPARTMENT OF CONSERVATION,464
2025-11-14,23,Fire and Emergency New Zealand,456
2025-11-14,24,TAIT SYSTEMS NZ LIMITED,433
2025-11-14,25,ASHLEY COMMUNICATIONS LIMITED,432
2025-11-17,1,ONE NEW ZEALAND GROUP LIMITED,10643
2025-11-17,2,SPARK NEW ZEALAND TRADING LIMITED,9879
2025-11-17,3,TWO DEGREES NETWORKS LIMITED,8771
2025-11-17,4,CHORUS NEW ZEALAND LIMITED,3601
2025-11-17,5,EONFIBRE LIMITED,2028
2025-11-17,6,VITAL LIMITED,1985
2025-11-17,7,KIWIRAIL,1823
2025-11-17,8,KORDIA LIMITED,1515
2025-11-17,9,RURAL CONNECTIVITY GROUP LIMITED,1396
2025-11-17,10,NZ DEFENCE FORCE HEADQUARTERS,814
2025-11-17,11,ENTAIN NEW ZEALAND LIMITED,657
2025-11-17,12,LIGHTWIRE LIMITED,610
2025-11-17,13,NZME RADIO LIMITED,594
2025-11-17,14,AIRWAYS CORPORATION OF NEW ZEALAND LIMITED,592
2025-11-17,15,POWERCO LIMITED,590
2025-11-17,16,EVERY PERSON,574
2025-11-17,17,ISO LIMITED,552
2025-11-17,18,NEP BROADCAST SERVICES NEW ZEALAND LIMITED,547
2025-11-17,19,KIWIRAIL LTD,533
2025-11-17,20,SPACE OPERATIONS NEW ZEALAND LIMITED,529
2025-11-17,21,MEDIAWORKS RADIO LIMITED,490
2025-11-17,22,DEPARTMENT OF CONSERVATION,464
2025-11-17,23,Fire and Emergency New Zealand,456
2025-11-17,24,TAIT SYSTEMS NZ LIMITED,433
2025-11-17,25,ASHLEY COMMUNICATIONS LIMITED,432
2025-11-18,1,ONE NEW ZEALAND GROUP LIMITED,10651
2025-11-18,2,SPARK NEW ZEALAND TRADING LIMITED,9887
2025-11-18,3,TWO DEGREES NETWORKS LIMITED,8776
2025-11-18,4,CHORUS NEW ZEALAND LIMITED,3601
2025-11-18,5,EONFIBRE LIMITED,2028
2025-11-18,6,VITAL LIMITED,1985
2025-11-18,7,KIWIRAIL,1823
2025-11-18,8,KORDIA LIMITED,1515
2025-11-18,9,RURAL CONNECTIVITY GROUP LIMITED,1396
2025-11-18,10,NZ DEFENCE FORCE HEADQUARTERS,814
2025-11-18,11,ENTAIN NEW ZEALAND LIMITED,657
2025-11-18,12,LIGHTWIRE LIMITED,610
2025-11-18,13,NZME RADIO LIMITED,594
2025-11-18,14,AIRWAYS CORPORATION OF NEW ZEALAND LIMITED,593
2025-11-18,15,POWERCO LIMITED,590
2025-11-18,16,EVERY PERSON,574
2025-11-18,17,ISO LIMITED,552
2025-11-18,18,NEP BROADCAST SERVICES NEW ZEALAND LIMITED,547
2025-11-18,19,KIWIRAIL LTD,533
2025-11-18,20,SPACE OPERATIONS NEW ZEALAND LIMITED,529
2025-11-18,21,MEDIAWORKS RADIO LIMITED,490
2025-11-18,22,DEPARTMENT OF CONSERVATION,464
2025-11-18,23,Fire and Emergency New Zealand,458
2025-11-18,24,TAIT SYSTEMS NZ LIMITED,433
2025-11-18,25,ASHLEY COMMUNICATIONS LIMITED,432
2025-11-20,1,ONE NEW ZEALAND GROUP LIMITED,10651
2025-11-20,2,SPARK NEW ZEALAND TRADING LIMITED,9891
2025-11-20,3,TWO DEGREES NETWORKS LIMITED,8784
2025-11-20,4,CHORUS NEW ZEALAND LIMITED,3601
2025-11-20,5,EONFIBRE LIMITED,2028
2025-11-20,6,VITAL LIMITED,1985
2025-11-20,7,KIWIRAIL,1823
2025-11-20,8,KORDIA LIMITED,1515
2025-11-20,9,RURAL CONNECTIVITY GROUP LIMITED,1396
2025-11-20,10,NZ DEFENCE FORCE HEADQUARTERS,814
2025-11-20,11,ENTAIN NEW ZEALAND LIMITED,657
2025-11-20,12,LIGHTWIRE LIMITED,610
2025-11-20,13,NZME RADIO LIMITED,594
2025-11-20,14,AIRWAYS CORPORATION OF NEW ZEALAND LIMITED,593
2025-11-20,15,POWERCO LIMITED,590
2025-11-20,16,EVERY PERSON,574
2025-11-20,17,ISO LIMITED,552
2025-11-20,18,NEP BROADCAST SERVICES NEW ZEALAND LIMITED,547
2025-11-20,19,KIWIRAIL LTD,533
2025-11-20,20,SPACE OPERATIONS NEW ZEALAND LIMITED,529
2025-11-20,21,MEDIAWORKS RADIO LIMITED,490
2025-11-20,22,DEPARTMENT OF CONSERVATION,464
2025-11-20,23,Fire and Emergency New Zealand,458
2025-11-20,24,TAIT SYSTEMS NZ LIMITED,433
2025-11-20,25,ASHLEY COMMUNICATIONS LIMITED,432
2025-11-21,1,ONE NEW ZEALAND GROUP LIMITED,10651
2025-11-21,2,SPARK NEW ZEALAND TRADING LIMITED,9891
2025-11-21,3,TWO DEGREES NETWORKS LIMITED,8784
2025-11-21,4,CHORUS NEW ZEALAND LIMITED,3601
2025-11-21,5,EONFIBRE LIMITED,2028
2025-11-21,6,VITAL LIMITED,1985
2025-11-21,7,KIWIRAIL,1823
2025-11-21,8,KORDIA LIMITED,1515
2025-11-21,9,RURAL CONNECTIVITY GROUP LIMITED,1396
2025-11-21,10,NZ DEFENCE FORCE HEADQUARTERS,814
2025-11-21,11,ENTAIN NEW ZEALAND LIMITED,657
2025-11-21,12,LIGHTWIRE LIMITED,610
2025-11-21,13,NZME RADIO LIMITED,594
2025-11-21,14,AIRWAYS CORPORATION OF NEW ZEALAND LIMITED,593
2025-11-21,15,POWERCO LIMITED,590
2025-11-21,16,EVERY PERSON,574
2025-11-21,17,ISO LIMITED,552
2025-11-21,18,NEP BROADCAST SERVICES NEW ZEALAND LIMITED,547
2025-11-21,19,KIWIRAIL LTD,533
2025-11-21,20,SPACE OPERATIONS NEW ZEALAND LIMITED,532
2025-11-21,21,MEDIAWORKS RADIO LIMITED,490
2025-11-21,22,DEPARTMENT OF CONSERVATION,464
2025-11-21,23,Fire and Emergency New Zealand,458
2025-11-21,24,TAIT SYSTEMS NZ LIMITED,433
2025-11-21,25,ASHLEY COMMUNICATIONS LIMITED,432
2025-11-22,1,ONE NEW ZEALAND GROUP LIMITED,10651
2025-11-22,2,SPARK NEW ZEALAND TRADING LIMITED,9891
2025-11-22,3,TWO DEGREES NETWORKS LIMITED,8784
2025-11-22,4,CHORUS NEW ZEALAND LIMITED,3601
2025-11-22,5,EONFIBRE LIMITED,2028
2025-11-22,6,VITAL LIMITED,1985
2025-11-22,7,KIWIRAIL,1823
2025-11-22,8,KORDIA LIMITED,1515
2025-11-22,9,RURAL CONNECTIVITY GROUP LIMITED,1396
2025-11-22,10,NZ DEFENCE FORCE HEADQUARTERS,814
2025-11-22,11,ENTAIN NEW ZEALAND LIMITED,657
2025-11-22,12,LIGHTWIRE LIMITED,606
2025-11-22,13,NZME RADIO LIMITED,594
2025-11-22,14,AIRWAYS CORPORATION OF NEW ZEALAND LIMITED,593
2025-11-22,15,POWERCO LIMITED,590
2025-11-22,16,EVERY PERSON,574
2025-11-22,17,ISO LIMITED,552
2025-11-22,18,NEP BROADCAST SERVICES NEW ZEALAND LIMITED,547
2025-11-22,19,KIWIRAIL LTD,533
2025-11-22,20,SPACE OPERATIONS NEW ZEALAND LIMITED,532
2025-11-22,21,MEDIAWORKS RADIO LIMITED,490
2025-11-22,22,DEPARTMENT OF CONSERVATION,464
2025-11-22,23,Fire and Emergency New Zealand,458
2025-11-22,24,TAIT SYSTEMS NZ LIMITED,433
2025-11-22,25,ASHLEY COMMUNICATIONS LIMITED,432
2025-11-23,1,ONE NEW ZEALAND GROUP LIMITED,10651
2025-11-23,2,SPARK NEW ZEALAND TRADING LIMITED,9891
2025-11-23,3,TWO DEGREES NETWORKS LIMITED,8748
2025-11-23,4,CHORUS NEW ZEALAND LIMITED,3601
2025-11-23,5,EONFIBRE LIMITED,2028
2025-11-23,6,VITAL LIMITED,1985
2025-11-23,7,KIWIRAIL,1823
2025-11-23,8,KORDIA LIMITED,1515
2025-11-23,9,RURAL CONNECTIVITY GROUP LIMITED,1396
2025-11-23,10,NZ DEFENCE FORCE HEADQUARTERS,814
2025-11-23,11,ENTAIN NEW ZEALAND LIMITED,657
2025-11-23,12,LIGHTWIRE LIMITED,606
2025-11-23,13,NZME RADIO LIMITED,594
2025-11-23,14,AIRWAYS CORPORATION OF NEW ZEALAND LIMITED,593
2025-11-23,15,POWERCO LIMITED,590
2025-11-23,16,EVERY PERSON,574
2025-11-23,17,ISO LIMITED,552
2025-11-23,18,NEP BROADCAST SERVICES NEW ZEALAND LIMITED,547
2025-11-23,19,KIWIRAIL LTD,533
2025-11-23,20,SPACE OPERATIONS NEW ZEALAND LIMITED,532
2025-11-23,21,MEDIAWORKS RADIO LIMITED,490
2025-11-23,22,DEPARTMENT OF CONSERVATION,464
2025-11-23,23,Fire and Emergency New Zealand,458
2025-11-23,24,TAIT SYSTEMS NZ LIMITED,433
2025-11-23,25,ASHLEY COMMUNICATIONS LIMITED,433
2025-11-24,1,ONE NEW ZEALAND GROUP LIMITED,10651
2025-11-24,2,SPARK NEW ZEALAND TRADING LIMITED,9895
2025-11-24,3,TWO DEGREES NETWORKS LIMITED,8737
2025-11-24,4,CHORUS NEW ZEALAND LIMITED,3601
2025-11-24,5,EONFIBRE LIMITED,2034
2025-11-24,6,VITAL LIMITED,1985
2025-11-24,7,KIWIRAIL,1823
2025-11-24,8,KORDIA LIMITED,1515
2025-11-24,9,RURAL CONNECTIVITY GROUP LIMITED,1396
2025-11-24,10,NZ DEFENCE FORCE HEADQUARTERS,814
2025-11-24,11,ENTAIN NEW ZEALAND LIMITED,657
2025-11-24,12,LIGHTWIRE LIMITED,606
2025-11-24,13,NZME RADIO LIMITED,594
2025-11-24,14,AIRWAYS CORPORATION OF NEW ZEALAND LIMITED,593
2025-11-24,15,POWERCO LIMITED,590
2025-11-24,16,EVERY PERSON,574
2025-11-24,17,ISO LIMITED,552
2025-11-24,18,NEP BROADCAST SERVICES NEW ZEALAND LIMITED,547
2025-11-24,19,KIWIRAIL LTD,533
2025-11-24,20,SPACE OPERATIONS NEW ZEALAND LIMITED,532
2025-11-24,21,MEDIAWORKS RADIO LIMITED,490
2025-11-24,22,DEPARTMENT OF CONSERVATION,464
2025-11-24,23,Fire and Emergency New Zealand,458
2025-11-24,24,TAIT SYSTEMS NZ LIMITED,433
2025-11-24,25,ASHLEY COMMUNICATIONS LIMITED,433
2025-11-26,1,ONE NEW ZEALAND GROUP LIMITED,10651
2025-11-26,2,SPARK NEW ZEALAND TRADING LIMITED,9895
2025-11-26,3,TWO DEGREES NETWORKS LIMITED,8737
2025-11-26,4,CHORUS NEW ZEALAND LIMITED,3601
2025-11-26,5,EONFIBRE LIMITED,2034
2025-11-26,6,VITAL LIMITED,1985
2025-11-26,7,KIWIRAIL,1823
2025-11-26,8,KORDIA LIMITED,1515
2025-11-26,9,RURAL CONNECTIVITY GROUP LIMITED,1396
2025-11-26,10,NZ DEFENCE FORCE HEADQUARTERS,814
2025-11-26,11,ENTAIN NEW ZEALAND LIMITED,657
2025-11-26,12,LIGHTWIRE LIMITED,608
2025-11-26,13,NZME RADIO LIMITED,594
2025-11-26,14,AIRWAYS CORPORATION OF NEW ZEALAND LIMITED,593
2025-11-26,15,POWERCO LIMITED,590
2025-11-26,16,EVERY PERSON,574
2025-11-26,17,ISO LIMITED,552
2025-11-26,18,NEP BROADCAST SERVICES NEW ZEALAND LIMITED,547
2025-11-26,19,KIWIRAIL LTD,533
2025-11-26,20,SPACE OPERATIONS NEW ZEALAND LIMITED,532
2025-11-26,21,MEDIAWORKS RADIO LIMITED,490
2025-11-26,22,DEPARTMENT OF CONSERVATION,464
2025-11-26,23,Fire and Emergency New Zealand,458
2025-11-26,24,TAIT SYSTEMS NZ LIMITED,433
2025-11-26,25,ASHLEY COMMUNICATIONS LIMITED,433
2025-11-27,1,ONE NEW ZEALAND GROUP LIMITED,10659
2025-11-27,2,SPARK NEW ZEALAND TRADING LIMITED,9895
2025-11-27,3,TWO DEGREES NETWORKS LIMITED,8737
2025-11-27,4,CHORUS NEW ZEALAND LIMITED,3601
2025-11-27,5,EONFIBRE LIMITED,2034
2025-11-27,6,VITAL LIMITED,1985
2025-11-27,7,KIWIRAIL,1823
2025-11-27,8,KORDIA LIMITED,1515
2025-11-27,9,RURAL CONNECTIVITY GROUP LIMITED,1396
2025-11-27,10,NZ DEFENCE FORCE HEADQUARTERS,814
2025-11-27,11,ENTAIN NEW ZEALAND LIMITED,657
2025-11-27,12,LIGHTWIRE LIMITED,608
2025-11-27,13,NZME RADIO LIMITED,594
2025-11-27,14,AIRWAYS CORPORATION OF NEW ZEALAND LIMITED,593
2025-11-27,15,POWERCO LIMITED,590
2025-11-27,16,EVERY PERSON,574
2025-11-27,17,ISO LIMITED,552
2025-11-27,18,NEP BROADCAST SERVICES NEW ZEALAND LIMITED,547
2025-11-27,19,KIWIRAIL LTD,533
2025-11-27,20,SPACE OPERATIONS NEW ZEALAND LIMITED,532
2025-11-27,21,MEDIAWORKS RADIO LIMITED,490
2025-11-27,22,DEPARTMENT OF CONSERVATION,464
2025-11-27,23,Fire and Emergency New Zealand,458
2025-11-27,24,TAIT SYSTEMS NZ LIMITED,433
2025-11-27,25,ASHLEY COMMUNICATIONS LIMITED,433
2025-11-28,1,ONE NEW ZEALAND GROUP LIMITED,10659
2025-11-28,2,SPARK NEW ZEALAND TRADING LIMITED,9895
2025-11-28,3,TWO DEGREES NETWORKS LIMITED,8733
2025-11-28,4,CHORUS NEW ZEALAND LIMITED,3601
2025-11-28,5,EONFIBRE LIMITED,2034
2025-11-28,6,VITAL LIMITED,1985
2025-11-28,7,KIWIRAIL,1823
2025-11-28,8,KORDIA LIMITED,1515
2025-11-28,9,RURAL CONNECTIVITY GROUP LIMITED,1396
2025-11-28,10,NZ DEFENCE FORCE HEADQUARTERS,814
2025-11-28,11,ENTAIN NEW ZEALAND LIMITED,657
2025-11-28,12,LIGHTWIRE LIMITED,608
2025-11-28,13,NZME RADIO LIMITED,594
2025-11-28,14,AIRWAYS CORPORATION OF NEW ZEALAND LIMITED,593
2025-11-28,15,POWERCO LIMITED,590
2025-11-28,16,EVERY PERSON,574
2025-11-28,17,ISO LIMITED,552
2025-11-28,18,NEP BROADCAST SERVICES NEW ZEALAND LIMITED,547
2025-11-28,19,KIWIRAIL LTD,533
2025-11-28,20,SPACE OPERATIONS NEW ZEALAND LIMITED,532
2025-11-28,21,MEDIAWORKS RADIO LIMITED,490
2025-11-28,22,DEPARTMENT OF CONSERVATION,464
2025-11-28,23,Fire and Emergency New Zealand,458
2025-11-28,24,TAIT SYSTEMS NZ LIMITED,433
2025-11-28,25,ASHLEY COMMUNICATIONS LIMITED,433
2025-12-03,1,ONE NEW ZEALAND GROUP LIMITED,10659
2025-12-03,2,SPARK NEW ZEALAND TRADING LIMITED,9911
2025-12-03,3,TWO DEGREES NETWORKS LIMITED,8750
2025-12-03,4,CHORUS NEW ZEALAND LIMITED,3601
2025-12-03,5,EONFIBRE LIMITED,2034
2025-12-03,6,VITAL LIMITED,1985
2025-12-03,7,KIWIRAIL,1823
2025-12-03,8,KORDIA LIMITED,1515
2025-12-03,9,RURAL CONNECTIVITY GROUP LIMITED,1404
2025-12-03,10,NZ DEFENCE FORCE HEADQUARTERS,814
2025-12-03,11,ENTAIN NEW ZEALAND LIMITED,657
2025-12-03,12,LIGHTWIRE LIMITED,608
2025-12-03,13,NZME RADIO LIMITED,594
2025-12-03,14,AIRWAYS CORPORATION OF NEW ZEALAND LIMITED,593
2025-12-03,15,POWERCO LIMITED,590
2025-12-03,16,EVERY PERSON,574
2025-12-03,17,ISO LIMITED,552
2025-12-03,18,NEP BROADCAST SERVICES NEW ZEALAND LIMITED,547
2025-12-03,19,KIWIRAIL LTD,533
2025-12-03,20,SPACE OPERATIONS NEW ZEALAND LIMITED,532
2025-12-03,21,MEDIAWORKS RADIO LIMITED,490
2025-12-03,22,DEPARTMENT OF CONSERVATION,464
2025-12-03,23,Fire and Emergency New Zealand,458
2025-12-03,24,TAIT SYSTEMS NZ LIMITED,433
2025-12-03,25,ASHLEY COMMUNICATIONS LIMITED,433
2025-12-04,1,ONE NEW ZEALAND GROUP LIMITED,10659
2025-12-04,2,SPARK NEW ZEALAND TRADING LIMITED,9929
2025-12-04,3,TWO DEGREES NETWORKS LIMITED,8750
2025-12-04,4,CHORUS NEW ZEALAND LIMITED,3601
2025-12-04,5,EONFIBRE LIMITED,2034
2025-12-04,6,VITAL LIMITED,1985
2025-12-04,7,KIWIRAIL,1823
2025-12-04,8,KORDIA LIMITED,1515
2025-12-04,9,RURAL CONNECTIVITY GROUP LIMITED,1404
2025-12-04,10,NZ DEFENCE FORCE HEADQUARTERS,814
2025-12-04,11,ENTAIN NEW ZEALAND LIMITED,657
2025-12-04,12,LIGHTWIRE LIMITED,608
2025-12-04,13,NZME RADIO LIMITED,594
2025-12-04,14,AIRWAYS CORPORATION OF NEW ZEALAND LIMITED,593
2025-12-04,15,POWERCO LIMITED,590
2025-12-04,16,EVERY PERSON,574
2025-12-04,17,ISO LIMITED,552
2025-12-04,18,NEP BROADCAST SERVICES NEW ZEALAND LIMITED,547
2025-12-04,19,KIWIRAIL LTD,533
2025-12-04,20,SPACE OPERATIONS NEW ZEALAND LIMITED,532
2025-12-04,21,MEDIAWORKS RADIO LIMITED,490
2025-12-04,22,DEPARTMENT OF CONSERVATION,464
2025-12-04,23,Fire and Emergency New Zealand,458
2025-12-04,24,TAIT SYSTEMS NZ LIMITED,433
2025-12-04,25,ASHLEY COMMUNICATIONS LIMITED,433
2025-12-08,1,ONE NEW ZEALAND GROUP LIMITED,10659
2025-12-08,2,SPARK NEW ZEALAND TRADING LIMITED,9937
2025-12-08,3,TWO DEGREES NETWORKS LIMITED,8771
2025-12-08,4,CHORUS NEW ZEALAND LIMITED,3599
2025-12-08,5,EONFIBRE LIMITED,2034
2025-12-08,6,VITAL LIMITED,1985
2025-12-08,7,KIWIRAIL,1823
2025-12-08,8,KORDIA LIMITED,1515
2025-12-08,9,RURAL CONNECTIVITY GROUP LIMITED,1404
2025-12-08,10,NZ DEFENCE FORCE HEADQUARTERS,814
2025-12-08,11,ENTAIN NEW ZEALAND LIMITED,657
2025-12-08,12,LIGHTWIRE LIMITED,608
2025-12-08,13,NZME RADIO LIMITED,594
2025-12-08,14,AIRWAYS CORPORATION OF NEW ZEALAND LIMITED,591
2025-12-08,15,POWERCO LIMITED,590
2025-12-08,16,EVERY PERSON,574
2025-12-08,17,ISO LIMITED,552
2025-12-08,18,NEP BROADCAST SERVICES NEW ZEALAND LIMITED,547
2025-12-08,19,KIWIRAIL LTD,533
2025-12-08,20,SPACE OPERATIONS NEW ZEALAND LIMITED,532
2025-12-08,21,MEDIAWORKS RADIO LIMITED,490
2025-12-08,22,DEPARTMENT OF CONSERVATION,464
2025-12-08,23,Fire and Emergency New Zealand,458
2025-12-08,24,TAIT SYSTEMS NZ LIMITED,433
2025-12-08,25,ASHLEY COMMUNICATIONS LIMITED,433
2025-12-11,1,ONE NEW ZEALAND GROUP LIMITED,10674
2025-12-11,2,SPARK NEW ZEALAND TRADING LIMITED,9956
2025-12-11,3,TWO DEGREES NETWORKS LIMITED,8771
2025-12-11,4,CHORUS NEW ZEALAND LIMITED,3599
2025-12-11,5,EONFIBRE LIMITED,2034
2025-12-11,6,VITAL LIMITED,1985
2025-12-11,7,KIWIRAIL,1823
2025-12-11,8,KORDIA LIMITED,1515
2025-12-11,9,RURAL CONNECTIVITY GROUP LIMITED,1404
2025-12-11,10,NZ DEFENCE FORCE HEADQUARTERS,814
2025-12-11,11,ENTAIN NEW ZEALAND LIMITED,657
2025-12-11,12,LIGHTWIRE LIMITED,608
2025-12-11,13,NZME RADIO LIMITED,594
2025-12-11,14,AIRWAYS CORPORATION OF NEW ZEALAND LIMITED,591
2025-12-11,15,POWERCO LIMITED,590
2025-12-11,16,EVERY PERSON,574
2025-12-11,17,ISO LIMITED,552
2025-12-11,18,NEP BROADCAST SERVICES NEW ZEALAND LIMITED,547
2025-12-11,19,KIWIRAIL LTD,533
2025-12-11,20,SPACE OPERATIONS NEW ZEALAND LIMITED,532
2025-12-11,21,MEDIAWORKS RADIO LIMITED,490
2025-12-11,22,DEPARTMENT OF CONSERVATION,464
2025-12-11,23,Fire and Emergency New Zealand,458
2025-12-11,24,TAIT SYSTEMS NZ LIMITED,433
2025-12-11,25,ASHLEY COMMUNICATIONS LIMITED,433
2025-12-15,1,ONE NEW ZEALAND GROUP LIMITED,10674
2025-12-15,2,SPARK NEW ZEALAND TRADING LIMITED,9956
2025-12-15,3,TWO DEGREES NETWORKS LIMITED,8771
2025-12-15,4,CHORUS NEW ZEALAND LIMITED,3599
2025-12-15,5,EONFIBRE LIMITED,2034
2025-12-15,6,VITAL LIMITED,1985
2025-12-15,7,KIWIRAIL,1823
2025-12-15,8,KORDIA LIMITED,1515
2025-12-15,9,RURAL CONNECTIVITY GROUP LIMITED,1404
2025-12-15,10,NZ DEFENCE FORCE HEADQUARTERS,814
2025-12-15,11,ENTAIN NEW ZEALAND LIMITED,657
2025-12-15,12,SPACE OPERATIONS NEW ZEALAND LIMITED,608
2025-12-15,13,LIGHTWIRE LIMITED,608
2025-12-15,14,NZME RADIO LIMITED,594
2025-12-15,15,AIRWAYS CORPORATION OF NEW ZEALAND LIMITED,591
2025-12-15,16,POWERCO LIMITED,590
2025-12-15,17,EVERY PERSON,574
2025-12-15,18,ISO LIMITED,552
2025-12-15,19,NEP BROADCAST SERVICES NEW ZEALAND LIMITED,547
2025-12-15,20,KIWIRAIL LTD,533
2025-12-15,21,MEDIAWORKS RADIO LIMITED,490
2025-12-15,22,DEPARTMENT OF CONSERVATION,464
2025-12-15,23,Fire and Emergency New Zealand,458
2025-12-15,24,TAIT SYSTEMS NZ LIMITED,433
2025-12-15,25,ASHLEY COMMUNICATIONS LIMITED,433
2025-12-17,1,ONE NEW ZEALAND GROUP LIMITED,10676
2025-12-17,2,SPARK NEW ZEALAND TRADING LIMITED,9987
2025-12-17,3,TWO DEGREES NETWORKS LIMITED,8792
2025-12-17,4,CHORUS NEW ZEALAND LIMITED,3599
2025-12-17,5,EONFIBRE LIMITED,2034
2025-12-17,6,VITAL LIMITED,1985
2025-12-17,7,KIWIRAIL,1823
2025-12-17,8,KORDIA LIMITED,1515
2025-12-17,9,RURAL CONNECTIVITY GROUP LIMITED,1404
2025-12-17,10,NZ DEFENCE FORCE HEADQUARTERS,814
2025-12-17,11,ENTAIN NEW ZEALAND LIMITED,657
2025-12-17,12,SPACE OPERATIONS NEW ZEALAND LIMITED,608
2025-12-17,13,LIGHTWIRE LIMITED,608
2025-12-17,14,NZME RADIO LIMITED,594
2025-12-17,15,AIRWAYS CORPORATION OF NEW ZEALAND LIMITED,591
2025-12-17,16,POWERCO LIMITED,590
2025-12-17,17,EVERY PERSON,574
2025-12-17,18,ISO LIMITED,552
2025-12-17,19,NEP BROADCAST SERVICES NEW ZEALAND LIMITED,547
2025-12-17,20,KIWIRAIL LTD,533
2025-12-17,21,MEDIAWORKS RADIO LIMITED,490
2025-12-17,22,DEPARTMENT OF CONSERVATION,462
2025-12-17,23,Fire and Emergency New Zealand,458
2025-12-17,24,TAIT SYSTEMS NZ LIMITED,433
2025-12-17,25,ASHLEY COMMUNICATIONS LIMITED,433
2025-12-18,1,ONE NEW ZEALAND GROUP LIMITED,10676
2025-12-18,2,SPARK NEW ZEALAND TRADING LIMITED,9987
2025-12-18,3,TWO DEGREES NETWORKS LIMITED,8792
2025-12-18,4,CHORUS NEW ZEALAND LIMITED,3599
2025-12-18,5,EONFIBRE LIMITED,2034
2025-12-18,6,VITAL LIMITED,1985
2025-12-18,7,KIWIRAIL,1823
2025-12-18,8,KORDIA LIMITED,1515
2025-12-18,9,RURAL CONNECTIVITY GROUP LIMITED,1404
2025-12-18,10,NZ DEFENCE FORCE HEADQUARTERS,814
2025-12-18,11,ENTAIN NEW ZEALAND LIMITED,657
2025-12-18,12,SPACE OPERATIONS NEW ZEALAND LIMITED,608
2025-12-18,13,LIGHTWIRE LIMITED,608
2025-12-18,14,NZME RADIO LIMITED,594
2025-12-18,15,AIRWAYS CORPORATION OF NEW ZEALAND LIMITED,591
2025-12-18,16,POWERCO LIMITED,590
2025-12-18,17,EVERY PERSON,574
2025-12-18,18,ISO LIMITED,552
2025-12-18,19,NEP BROADCAST SERVICES NEW ZEALAND LIMITED,547
2025-12-18,20,KIWIRAIL LTD,533
2025-12-18,21,MEDIAWORKS RADIO LIMITED,490
2025-12-18,22,DEPARTMENT OF CONSERVATION,462
2025-12-18,23,Fire and Emergency New Zealand,458
2025-12-18,24,ASHLEY COMMUNICATIONS LIMITED,434
2025-12-18,25,TAIT SYSTEMS NZ LIMITED,433
2025-12-21,1,ONE NEW ZEALAND GROUP LIMITED,10676
2025-12-21,2,SPARK NEW ZEALAND TRADING LIMITED,9989
2025-12-21,3,TWO DEGREES NETWORKS LIMITED,8792
2025-12-21,4,CHORUS NEW ZEALAND LIMITED,3599
2025-12-21,5,EONFIBRE LIMITED,2034
2025-12-21,6,VITAL LIMITED,1985
2025-12-21,7,KIWIRAIL,1823
2025-12-21,8,KORDIA LIMITED,1515
2025-12-21,9,RURAL CONNECTIVITY GROUP LIMITED,1404
2025-12-21,10,NZ DEFENCE FORCE HEADQUARTERS,814
2025-12-21,11,ENTAIN NEW ZEALAND LIMITED,657
2025-12-21,12,SPACE OPERATIONS NEW ZEALAND LIMITED,608
2025-12-21,13,LIGHTWIRE LIMITED,608
2025-12-21,14,NZME RADIO LIMITED,594
2025-12-21,15,AIRWAYS CORPORATION OF NEW ZEALAND LIMITED,591
2025-12-21,16,POWERCO LIMITED,590
2025-12-21,17,EVERY PERSON,574
2025-12-21,18,ISO LIMITED,552
2025-12-21,19,NEP BROADCAST SERVICES NEW ZEALAND LIMITED,547
2025-12-21,20,KIWIRAIL LTD,533
2025-12-21,21,MEDIAWORKS RADIO LIMITED,490
2025-12-21,22,DEPARTMENT OF CONSERVATION,462
2025-12-21,23,Fire and Emergency New Zealand,458
2025-12-21,24,ASHLEY COMMUNICATIONS LIMITED,434
2025-12-21,25,TAIT SYSTEMS NZ LIMITED,433
2025-12-22,1,ONE NEW ZEALAND GROUP LIMITED,10680
2025-12-22,2,SPARK NEW ZEALAND TRADING LIMITED,10028
2025-12-22,3,TWO DEGREES NETWORKS LIMITED,8841
2025-12-22,4,CHORUS NEW ZEALAND LIMITED,3599
2025-12-22,5,EONFIBRE LIMITED,2034
2025-12-22,6,VITAL LIMITED,1985
2025-12-22,7,KIWIRAIL,1823
2025-12-22,8,KORDIA LIMITED,1515
2025-12-22,9,RURAL CONNECTIVITY GROUP LIMITED,1404
2025-12-22,10,NZ DEFENCE FORCE HEADQUARTERS,814
2025-12-22,11,ENTAIN NEW ZEALAND LIMITED,657
2025-12-22,12,SPACE OPERATIONS NEW ZEALAND LIMITED,608
2025-12-22,13,LIGHTWIRE LIMITED,608
2025-12-22,14,NZME RADIO LIMITED,594
2025-12-22,15,AIRWAYS CORPORATION OF NEW ZEALAND LIMITED,591
2025-12-22,16,POWERCO LIMITED,590
2025-12-22,17,EVERY PERSON,574
2025-12-22,18,ISO LIMITED,552
2025-12-22,19,NEP BROADCAST SERVICES NEW ZEALAND LIMITED,547
2025-12-22,20,KIWIRAIL LTD,533
2025-12-22,21,MEDIAWORKS RADIO LIMITED,490
2025-12-22,22,DEPARTMENT OF CONSERVATION,463
2025-12-22,23,Fire and Emergency New Zealand,458
2025-12-22,24,ASHLEY COMMUNICATIONS LIMITED,434
2025-12-22,25,TAIT SYSTEMS NZ LIMITED,433
2025-12-23,1,ONE NEW ZEALAND GROUP LIMITED,10680
2025-12-23,2,SPARK NEW ZEALAND TRADING LIMITED,10035
2025-12-23,3,TWO DEGREES NETWORKS LIMITED,8841
2025-12-23,4,CHORUS NEW ZEALAND LIMITED,3599
2025-12-23,5,EONFIBRE LIMITED,2034
2025-12-23,6,VITAL LIMITED,1985
2025-12-23,7,KIWIRAIL,1823
2025-12-23,8,KORDIA LIMITED,1515
2025-12-23,9,RURAL CONNECTIVITY GROUP LIMITED,1404
2025-12-23,10,NZ DEFENCE FORCE HEADQUARTERS,814
2025-12-23,11,ENTAIN NEW ZEALAND LIMITED,657
2025-12-23,12,SPACE OPERATIONS NEW ZEALAND LIMITED,608
2025-12-23,13,LIGHTWIRE LIMITED,608
2025-12-23,14,NZME RADIO LIMITED,594
2025-12-23,15,AIRWAYS CORPORATION OF NEW ZEALAND LIMITED,591
2025-12-23,16,POWERCO LIMITED,590
2025-12-23,17,EVERY PERSON,574
2025-12-23,18,ISO LIMITED,552
2025-12-23,19,NEP BROADCAST SERVICES NEW ZEALAND LIMITED,547
2025-12-23,20,KIWIRAIL LTD,533
2025-12-23,21,MEDIAWORKS RADIO LIMITED,490
2025-12-23,22,DEPARTMENT OF CONSERVATION,464
2025-12-23,23,Fire and Emergency New Zealand,458
2025-12-23,24,ASHLEY COMMUNICATIONS LIMITED,434
2025-12-23,25,TAIT SYSTEMS NZ LIMITED,433
2025-12-24,1,ONE NEW ZEALAND GROUP LIMITED,10680
2025-12-24,2,SPARK NEW ZEALAND TRADING LIMITED,10035
2025-12-24,3,TWO DEGREES NETWORKS LIMITED,8841
2025-12-24,4,CHORUS NEW ZEALAND LIMITED,3599
2025-12-24,5,EONFIBRE LIMITED,2034
2025-12-24,6,VITAL LIMITED,1985
2025-12-24,7,KIWIRAIL,1823
2025-12-24,8,KORDIA LIMITED,1517
2025-12-24,9,RURAL CONNECTIVITY GROUP LIMITED,1404
2025-12-24,10,NZ DEFENCE FORCE HEADQUARTERS,814
2025-12-24,11,ENTAIN NEW ZEALAND LIMITED,657
2025-12-24,12,SPACE OPERATIONS NEW ZEALAND LIMITED,608
2025-12-24,13,LIGHTWIRE LIMITED,608
2025-12-24,14,NZME RADIO LIMITED,594
2025-12-24,15,AIRWAYS CORPORATION OF NEW ZEALAND LIMITED,591
2025-12-24,16,POWERCO LIMITED,590
2025-12-24,17,EVERY PERSON,574
2025-12-24,18,ISO LIMITED,552
2025-12-24,19,NEP BROADCAST SERVICES NEW ZEALAND LIMITED,547
2025-12-24,20,KIWIRAIL LTD,533
2025-12-24,21,MEDIAWORKS RADIO LIMITED,490
2025-12-24,22,DEPARTMENT OF CONSERVATION,464
2025-12-24,23,Fire and Emergency New Zealand,458
2025-12-24,24,ASHLEY COMMUNICATIONS LIMITED,434
2025-12-24,25,TAIT SYSTEMS NZ LIMITED,433
2026-01-01,1,ONE NEW ZEALAND GROUP LIMITED,10680
2026-01-01,2,SPARK NEW ZEALAND TRADING LIMITED,10035
2026-01-01,3,TWO DEGREES NETWORKS LIMITED,8841
2026-01-01,4,CHORUS NEW ZEALAND LIMITED,3599
2026-01-01,5,EONFIBRE LIMITED,2034
2026-01-01,6,VITAL LIMITED,1985
2026-01-01,7,KIWIRAIL,1823
2026-01-01,8,KORDIA LIMITED,1517
2026-01-01,9,RURAL CONNECTIVITY GROUP LIMITED,1404
2026-01-01,10,NZ DEFENCE FORCE HEADQUARTERS,814
2026-01-01,11,ENTAIN NEW ZEALAND LIMITED,657
2026-01-01,12,LIGHTWIRE LIMITED,608
2026-01-01,13,SPACE OPERATIONS NEW ZEALAND LIMITED,605
2026-01-01,14,NZME RADIO LIMITED,594
2026-01-01,15,AIRWAYS CORPORATION OF NEW ZEALAND LIMITED,591
2026-01-01,16,POWERCO LIMITED,590
2026-01-01,17,EVERY PERSON,574
2026-01-01,18,ISO LIMITED,552
2026-01-01,19,NEP BROADCAST SERVICES NEW ZEALAND LIMITED,547
2026-01-01,20,KIWIRAIL LTD,533
2026-01-01,21,MEDIAWORKS RADIO LIMITED,490
2026-01-01,22,DEPARTMENT OF CONSERVATION,464
2026-01-01,23,Fire and Emergency New Zealand,458
2026-01-01,24,ASHLEY COMMUNICATIONS LIMITED,434
2026-01-01,25,TAIT SYSTEMS NZ LIMITED,433
2026-01-11,1,ONE NEW ZEALAND GROUP LIMITED,10680
2026-01-11,2,SPARK NEW ZEALAND TRADING LIMITED,10035
2026-01-11,3,TWO DEGREES NETWORKS LIMITED,8841
2026-01-11,4,CHORUS NEW ZEALAND LIMITED,3599
2026-01-11,5,EONFIBRE LIMITED,2034
2026-01-11,6,VITAL LIMITED,1985
2026-01-11,7,KIWIRAIL,1823
2026-01-11,8,KORDIA LIMITED,1517
2026-01-11,9,RURAL CONNECTIVITY GROUP LIMITED,1404
2026-01-11,10,NZ DEFENCE FORCE HEADQUARTERS,814
2026-01-11,11,ENTAIN NEW ZEALAND LIMITED,657
2026-01-11,12,LIGHTWIRE LIMITED,608
2026-01-11,13,SPACE OPERATIONS NEW ZEALAND LIMITED,605
2026-01-11,14,NZME RADIO LIMITED,594
2026-01-11,15,AIRWAYS CORPORATION OF NEW ZEALAND LIMITED,591
2026-01-11,16,POWERCO LIMITED,590
2026-01-11,17,EVERY PERSON,574
2026-01-11,18,ISO LIMITED,552
2026-01-11,19,NEP BROADCAST SERVICES NEW ZEALAND LIMITED,547
2026-01-11,20,KIWIRAIL LTD,533
2026-01-11,21,MEDIAWORKS RADIO LIMITED,490
2026-01-11,22,DEPARTMENT OF CONSERVATION,464
2026-01-11,23,Fire and Emergency New Zealand,458
2026-01-11,24,ASHLEY COMMUNICATIONS LIMITED,434
2026-01-11,25,TAIT SYSTEMS NZ LIMITED,433
2026-01-12,1,ONE NEW ZEALAND GROUP LIMITED,10680
2026-01-12,2,SPARK NEW ZEALAND TRADING LIMITED,10035
2026-01-12,3,TWO DEGREES NETWORKS LIMITED,8841
2026-01-12,4,CHORUS NEW ZEALAND LIMITED,3599
2026-01-12,5,EONFIBRE LIMITED,2034
2026-01-12,6,VITAL LIMITED,1985
2026-01-12,7,KIWIRAIL,1823
2026-01-12,8,KORDIA LIMITED,1517
2026-01-12,9,RURAL CONNECTIVITY GROUP LIMITED,1404
2026-01-12,10,NZ DEFENCE FORCE HEADQUARTERS,814
2026-01-12,11,ENTAIN NEW ZEALAND LIMITED,657
2026-01-12,12,LIGHTWIRE LIMITED,608
2026-01-12,13,SPACE OPERATIONS NEW ZEALAND LIMITED,605
2026-01-12,14,NZME RADIO LIMITED,594
2026-01-12,15,AIRWAYS CORPORATION OF NEW ZEALAND LIMITED,591
2026-01-12,16,POWERCO LIMITED,590
2026-01-12,17,EVERY PERSON,574
2026-01-12,18,ISO LIMITED,552
2026-01-12,19,NEP BROADCAST SERVICES NEW ZEALAND LIMITED,547
2026-01-12,20,KIWIRAIL LTD,533
2026-01-12,21,MEDIAWORKS RADIO LIMITED,490
2026-01-12,22,DEPARTMENT OF CONSERVATION,464
2026-01-12,23,Fire and Emergency New Zealand,458
2026-01-12,24,TAIT SYSTEMS NZ LIMITED,433
2026-01-12,25,ASHLEY COMMUNICATIONS LIMITED,428
2026-01-15,1,ONE NEW ZEALAND GROUP LIMITED,10682
2026-01-15,2,SPARK NEW ZEALAND TRADING LIMITED,10035
2026-01-15,3,TWO DEGREES NETWORKS LIMITED,8841
2026-01-15,4,CHORUS NEW ZEALAND LIMITED,3599
2026-01-15,5,EONFIBRE LIMITED,2034
2026-01-15,6,VITAL LIMITED,1985
2026-01-15,7,KIWIRAIL,1823
2026-01-15,8,KORDIA LIMITED,1517
2026-01-15,9,RURAL CONNECTIVITY GROUP LIMITED,1404
2026-01-15,10,NZ DEFENCE FORCE HEADQUARTERS,814
2026-01-15,11,ENTAIN NEW ZEALAND LIMITED,657
2026-01-15,12,LIGHTWIRE LIMITED,608
2026-01-15,13,SPACE OPERATIONS NEW ZEALAND LIMITED,605
2026-01-15,14,NZME RADIO LIMITED,594
2026-01-15,15,AIRWAYS CORPORATION OF NEW ZEALAND LIMITED,591
2026-01-15,16,POWERCO LIMITED,590
2026-01-15,17,EVERY PERSON,574
2026-01-15,18,ISO LIMITED,552
2026-01-15,19,NEP BROADCAST SERVICES NEW ZEALAND LIMITED,547
2026-01-15,20,KIWIRAIL LTD,533
2026-01-15,21,MEDIAWORKS RADIO LIMITED,490
2026-01-15,22,DEPARTMENT OF CONSERVATION,464
2026-01-15,23,Fire and Emergency New Zealand,458
2026-01-15,24,TAIT SYSTEMS NZ LIMITED,433
2026-01-15,25,ASHLEY COMMUNICATIONS LIMITED,428
2026-01-20,1,ONE NEW ZEALAND GROUP LIMITED,10689
2026-01-20,2,SPARK NEW ZEALAND TRADING LIMITED,10035
2026-01-20,3,TWO DEGREES NETWORKS LIMITED,8841
2026-01-20,4,CHORUS NEW ZEALAND LIMITED,3599
2026-01-20,5,EONFIBRE LIMITED,2034
2026-01-20,6,VITAL LIMITED,1985
2026-01-20,7,KIWIRAIL,1823
2026-01-20,8,KORDIA LIMITED,1517
2026-01-20,9,RURAL CONNECTIVITY GROUP LIMITED,1404
2026-01-20,10,NZ DEFENCE FORCE HEADQUARTERS,814
2026-01-20,11,ENTAIN NEW ZEALAND LIMITED,657
2026-01-20,12,LIGHTWIRE LIMITED,608
2026-01-20,13,SPACE OPERATIONS NEW ZEALAND LIMITED,605
2026-01-20,14,NZME RADIO LIMITED,594
2026-01-20,15,AIRWAYS CORPORATION OF NEW ZEALAND LIMITED,591
2026-01-20,16,POWERCO LIMITED,590
2026-01-20,17,EVERY PERSON,574
2026-01-20,18,ISO LIMITED,552
2026-01-20,19,NEP BROADCAST SERVICES NEW ZEALAND LIMITED,547
2026-01-20,20,KIWIRAIL LTD,533
2026-01-20,21,MEDIAWORKS RADIO LIMITED,490
2026-01-20,22,DEPARTMENT OF CONSERVATION,464
2026-01-20,23,Fire and Emergency New Zealand,458
2026-01-20,24,TAIT SYSTEMS NZ LIMITED,433
2026-01-20,25,ASHLEY COMMUNICATIONS LIMITED,428
2026-01-21,1,ONE NEW ZEALAND GROUP LIMITED,10689
2026-01-21,2,SPARK NEW ZEALAND TRADING LIMITED,10035
2026-01-21,3,TWO DEGREES NETWORKS LIMITED,8841
2026-01-21,4,CHORUS NEW ZEALAND LIMITED,3597
2026-01-21,5,EONFIBRE LIMITED,2034
2026-01-21,6,VITAL LIMITED,1981
2026-01-21,7,KIWIRAIL,1823
2026-01-21,8,KORDIA LIMITED,1517
2026-01-21,9,RURAL CONNECTIVITY GROUP LIMITED,1404
2026-01-21,10,NZ DEFENCE FORCE HEADQUARTERS,814
2026-01-21,11,ENTAIN NEW ZEALAND LIMITED,657
2026-01-21,12,LIGHTWIRE LIMITED,608
2026-01-21,13,SPACE OPERATIONS NEW ZEALAND LIMITED,605
2026-01-21,14,NZME RADIO LIMITED,594
2026-01-21,15,AIRWAYS CORPORATION OF NEW ZEALAND LIMITED,591
2026-01-21,16,POWERCO LIMITED,590
2026-01-21,17,EVERY PERSON,574
2026-01-21,18,ISO LIMITED,552
2026-01-21,19,NEP BROADCAST SERVICES NEW ZEALAND LIMITED,547
2026-01-21,20,KIWIRAIL LTD,533
2026-01-21,21,MEDIAWORKS RADIO LIMITED,490
2026-01-21,22,DEPARTMENT OF CONSERVATION,464
2026-01-21,23,Fire and Emergency New Zealand,458
2026-01-21,24,TAIT SYSTEMS NZ LIMITED,433
2026-01-21,25,ASHLEY COMMUNICATIONS LIMITED,428
2026-01-22,1,ONE NEW ZEALAND GROUP LIMITED,10775
2026-01-22,2,SPARK NEW ZEALAND TRADING LIMITED,10043
2026-01-22,3,TWO DEGREES NETWORKS LIMITED,8841
2026-01-22,4,CHORUS NEW ZEALAND LIMITED,3597
2026-01-22,5,EONFIBRE LIMITED,2034
2026-01-22,6,VITAL LIMITED,1981
2026-01-22,7,KIWIRAIL,1823
2026-01-22,8,KORDIA LIMITED,1517
2026-01-22,9,RURAL CONNECTIVITY GROUP LIMITED,1404
2026-01-22,10,NZ DEFENCE FORCE HEADQUARTERS,814
2026-01-22,11,ENTAIN NEW ZEALAND LIMITED,657
2026-01-22,12,LIGHTWIRE LIMITED,608
2026-01-22,13,SPACE OPERATIONS NEW ZEALAND LIMITED,605
2026-01-22,14,NZME RADIO LIMITED,594
2026-01-22,15,AIRWAYS CORPORATION OF NEW ZEALAND LIMITED,591
2026-01-22,16,POWERCO LIMITED,590
2026-01-22,17,EVERY PERSON,574
2026-01-22,18,ISO LIMITED,552
2026-01-22,19,NEP BROADCAST SERVICES NEW ZEALAND LIMITED,547
2026-01-22,20,KIWIRAIL LTD,533
2026-01-22,21,MEDIAWORKS RADIO LIMITED,490
2026-01-22,22,DEPARTMENT OF CONSERVATION,464
2026-01-22,23,Fire and Emergency New Zealand,458
2026-01-22,24,TAIT SYSTEMS NZ LIMITED,433
2026-01-22,25,ASHLEY COMMUNICATIONS LIMITED,428
2026-01-23,1,ONE NEW ZEALAND GROUP LIMITED,10775
2026-01-23,2,SPARK NEW ZEALAND TRADING LIMITED,10043
2026-01-23,3,TWO DEGREES NETWORKS LIMITED,8856
2026-01-23,4,CHORUS NEW ZEALAND LIMITED,3597
2026-01-23,5,EONFIBRE LIMITED,2034
2026-01-23,6,VITAL LIMITED,1981
2026-01-23,7,KIWIRAIL,1823
2026-01-23,8,KORDIA LIMITED,1517
2026-01-23,9,RURAL CONNECTIVITY GROUP LIMITED,1404
2026-01-23,10,NZ DEFENCE FORCE HEADQUARTERS,814
2026-01-23,11,ENTAIN NEW ZEALAND LIMITED,657
2026-01-23,12,LIGHTWIRE LIMITED,608
2026-01-23,13,SPACE OPERATIONS NEW ZEALAND LIMITED,605
2026-01-23,14,NZME RADIO LIMITED,594
2026-01-23,15,AIRWAYS CORPORATION OF NEW ZEALAND LIMITED,591
2026-01-23,16,POWERCO LIMITED,590
2026-01-23,17,EVERY PERSON,574
2026-01-23,18,ISO LIMITED,552
2026-01-23,19,NEP BROADCAST SERVICES NEW ZEALAND LIMITED,547
2026-01-23,20,KIWIRAIL LTD,533
2026-01-23,21,MEDIAWORKS RADIO LIMITED,490
2026-01-23,22,DEPARTMENT OF CONSERVATION,464
2026-01-23,23,Fire and Emergency New Zealand,458
2026-01-23,24,TAIT SYSTEMS NZ LIMITED,433
2026-01-23,25,ASHLEY COMMUNICATIONS LIMITED,428
2026-01-26,1,ONE NEW ZEALAND GROUP LIMITED,10775
2026-01-26,2,SPARK NEW ZEALAND TRADING LIMITED,10043
2026-01-26,3,TWO DEGREES NETWORKS LIMITED,8856
2026-01-26,4,CHORUS NEW ZEALAND LIMITED,3597
2026-01-26,5,EONFIBRE LIMITED,2034
2026-01-26,6,VITAL LIMITED,1981
2026-01-26,7,KIWIRAIL,1823
2026-01-26,8,KORDIA LIMITED,1517
2026-01-26,9,RURAL CONNECTIVITY GROUP LIMITED,1404
2026-01-26,10,NZ DEFENCE FORCE HEADQUARTERS,814
2026-01-26,11,ENTAIN NEW ZEALAND LIMITED,657
2026-01-26,12,LIGHTWIRE LIMITED,610
2026-01-26,13,SPACE OPERATIONS NEW ZEALAND LIMITED,605
2026-01-26,14,NZME RADIO LIMITED,594
2026-01-26,15,AIRWAYS CORPORATION OF NEW ZEALAND LIMITED,591
2026-01-26,16,POWERCO LIMITED,590
2026-01-26,17,EVERY PERSON,574
2026-01-26,18,ISO LIMITED,552
2026-01-26,19,NEP BROADCAST SERVICES NEW ZEALAND LIMITED,547
2026-01-26,20,KIWIRAIL LTD,533
2026-01-26,21,MEDIAWORKS RADIO LIMITED,490
2026-01-26,22,DEPARTMENT OF CONSERVATION,464
2026-01-26,23,Fire and Emergency New Zealand,458
2026-01-26,24,TAIT SYSTEMS NZ LIMITED,433
2026-01-26,25,ASHLEY COMMUNICATIONS LIMITED,428
2026-01-27,1,ONE NEW ZEALAND GROUP LIMITED,10786
2026-01-27,2,SPARK NEW ZEALAND TRADING LIMITED,10045
2026-01-27,3,TWO DEGREES NETWORKS LIMITED,8856
2026-01-27,4,CHORUS NEW ZEALAND LIMITED,3597
2026-01-27,5,EONFIBRE LIMITED,2034
2026-01-27,6,VITAL LIMITED,1981
2026-01-27,7,KIWIRAIL,1823
2026-01-27,8,KORDIA LIMITED,1517
2026-01-27,9,RURAL CONNECTIVITY GROUP LIMITED,1404
2026-01-27,10,NZ DEFENCE FORCE HEADQUARTERS,814
2026-01-27,11,ENTAIN NEW ZEALAND LIMITED,657
2026-01-27,12,LIGHTWIRE LIMITED,610
2026-01-27,13,SPACE OPERATIONS NEW ZEALAND LIMITED,605
2026-01-27,14,NZME RADIO LIMITED,594
2026-01-27,15,AIRWAYS CORPORATION OF NEW ZEALAND LIMITED,591
2026-01-27,16,POWERCO LIMITED,590
2026-01-27,17,EVERY PERSON,574
2026-01-27,18,ISO LIMITED,552
2026-01-27,19,NEP BROADCAST SERVICES NEW ZEALAND LIMITED,547
2026-01-27,20,KIWIRAIL LTD,533
2026-01-27,21,MEDIAWORKS RADIO LIMITED,490
2026-01-27,22,DEPARTMENT OF CONSERVATION,464
2026-01-27,23,Fire and Emergency New Zealand,458
2026-01-27,24,TAIT SYSTEMS NZ LIMITED,433
2026-01-27,25,ASHLEY COMMUNICATIONS LIMITED,428
2026-01-28,1,ONE NEW ZEALAND GROUP LIMITED,10786
2026-01-28,2,SPARK NEW ZEALAND TRADING LIMITED,10045
2026-01-28,3,TWO DEGREES NETWORKS LIMITED,8856
2026-01-28,4,CHORUS NEW ZEALAND LIMITED,3597
2026-01-28,5,EONFIBRE LIMITED,2044
2026-01-28,6,VITAL LIMITED,1981
2026-01-28,7,KIWIRAIL,1823
2026-01-28,8,KORDIA LIMITED,1517
2026-01-28,9,RURAL CONNECTIVITY GROUP LIMITED,1404
2026-01-28,10,NZ DEFENCE FORCE HEADQUARTERS,814
2026-01-28,11,ENTAIN NEW ZEALAND LIMITED,657
2026-01-28,12,LIGHTWIRE LIMITED,610
2026-01-28,13,SPACE OPERATIONS NEW ZEALAND LIMITED,605
2026-01-28,14,NZME RADIO LIMITED,594
2026-01-28,15,AIRWAYS CORPORATION OF NEW ZEALAND LIMITED,591
2026-01-28,16,POWERCO LIMITED,590
2026-01-28,17,EVERY PERSON,574
2026-01-28,18,ISO LIMITED,552
2026-01-28,19,NEP BROADCAST SERVICES NEW ZEALAND LIMITED,547
2026-01-28,20,KIWIRAIL LTD,533
2026-01-28,21,MEDIAWORKS RADIO LIMITED,490
2026-01-28,22,DEPARTMENT OF CONSERVATION,466
2026-01-28,23,Fire and Emergency New Zealand,458
2026-01-28,24,TAIT SYSTEMS NZ LIMITED,433
2026-01-28,25,ASHLEY COMMUNICATIONS LIMITED,428
2026-01-29,1,ONE NEW ZEALAND GROUP LIMITED,10786
2026-01-29,2,SPARK NEW ZEALAND TRADING LIMITED,10045
2026-01-29,3,TWO DEGREES NETWORKS LIMITED,8856
2026-01-29,4,CHORUS NEW ZEALAND LIMITED,3597
2026-01-29,5,EONFIBRE LIMITED,2044
2026-01-29,6,VITAL LIMITED,1981
2026-01-29,7,KIWIRAIL,1823
2026-01-29,8,KORDIA LIMITED,1517
2026-01-29,9,RURAL CONNECTIVITY GROUP LIMITED,1404
2026-01-29,10,NZ DEFENCE FORCE HEADQUARTERS,814
2026-01-29,11,ENTAIN NEW ZEALAND LIMITED,657
2026-01-29,12,LIGHTWIRE LIMITED,610
2026-01-29,13,SPACE OPERATIONS NEW ZEALAND LIMITED,605
2026-01-29,14,NZME RADIO LIMITED,594
2026-01-29,15,AIRWAYS CORPORATION OF NEW ZEALAND LIMITED,591
2026-01-29,16,POWERCO LIMITED,590
2026-01-29,17,EVERY PERSON,574
2026-01-29,18,ISO LIMITED,552
2026-01-29,19,NEP BROADCAST SERVICES NEW ZEALAND LIMITED,547
2026-01-29,20,KIWIRAIL LTD,533
2026-01-29,21,MEDIAWORKS RADIO LIMITED,490
2026-01-29,22,DEPARTMENT OF CONSERVATION,468
2026-01-29,23,Fire and Emergency New Zealand,458
2026-01-29,24,TAIT SYSTEMS NZ LIMITED,433
2026-01-29,25,ASHLEY COMMUNICATIONS LIMITED,428
2026-01-31,1,ONE NEW ZEALAND GROUP LIMITED,10786
2026-01-31,2,SPARK NEW ZEALAND TRADING LIMITED,10003
2026-01-31,3,TWO DEGREES NETWORKS LIMITED,8856
2026-01-31,4,CHORUS NEW ZEALAND LIMITED,3597
2026-01-31,5,EONFIBRE LIMITED,2044
2026-01-31,6,VITAL LIMITED,1981
2026-01-31,7,KIWIRAIL,1823
2026-01-31,8,KORDIA LIMITED,1517
2026-01-31,9,RURAL CONNECTIVITY GROUP LIMITED,1404
2026-01-31,10,NZ DEFENCE FORCE HEADQUARTERS,814
2026-01-31,11,ENTAIN NEW ZEALAND LIMITED,657
2026-01-31,12,LIGHTWIRE LIMITED,610
2026-01-31,13,SPACE OPERATIONS NEW ZEALAND LIMITED,605
2026-01-31,14,NZME RADIO LIMITED,594
2026-01-31,15,AIRWAYS CORPORATION OF NEW ZEALAND LIMITED,591
2026-01-31,16,POWERCO LIMITED,590
2026-01-31,17,EVERY PERSON,574
2026-01-31,18,ISO LIMITED,552
2026-01-31,19,NEP BROADCAST SERVICES NEW ZEALAND LIMITED,547
2026-01-31,20,KIWIRAIL LTD,533
2026-01-31,21,MEDIAWORKS RADIO LIMITED,490
2026-01-31,22,DEPARTMENT OF CONSERVATION,468
2026-01-31,23,Fire and Emergency New Zealand,458
2026-01-31,24,TAIT SYSTEMS NZ LIMITED,433
2026-01-31,25,ASHLEY COMMUNICATIONS LIMITED,428
2026-02-03,1,ONE NEW ZEALAND GROUP LIMITED,10786
2026-02-03,2,SPARK NEW ZEALAND TRADING LIMITED,10003
2026-02-03,3,TWO DEGREES NETWORKS LIMITED,8856
2026-02-03,4,CHORUS NEW ZEALAND LIMITED,3597
2026-02-03,5,EONFIBRE LIMITED,2050
2026-02-03,6,VITAL LIMITED,1981
2026-02-03,7,KIWIRAIL,1823
2026-02-03,8,KORDIA LIMITED,1517
2026-02-03,9,RURAL CONNECTIVITY GROUP LIMITED,1404
2026-02-03,10,NZ DEFENCE FORCE HEADQUARTERS,814
2026-02-03,11,ENTAIN NEW ZEALAND LIMITED,657
2026-02-03,12,LIGHTWIRE LIMITED,610
2026-02-03,13,SPACE OPERATIONS NEW ZEALAND LIMITED,605
2026-02-03,14,NZME RADIO LIMITED,594
2026-02-03,15,AIRWAYS CORPORATION OF NEW ZEALAND LIMITED,591
2026-02-03,16,POWERCO LIMITED,590
2026-02-03,17,EVERY PERSON,574
2026-02-03,18,ISO LIMITED,552
2026-02-03,19,NEP BROADCAST SERVICES NEW ZEALAND LIMITED,547
2026-02-03,20,KIWIRAIL LTD,533
2026-02-03,21,MEDIAWORKS RADIO LIMITED,490
2026-02-03,22,DEPARTMENT OF CONSERVATION,468
2026-02-03,23,Fire and Emergency New Zealand,458
2026-02-03,24,TAIT SYSTEMS NZ LIMITED,433
2026-02-03,25,ASHLEY COMMUNICATIONS LIMITED,428
2026-02-05,1,ONE NEW ZEALAND GROUP LIMITED,10786
2026-02-05,2,SPARK NEW ZEALAND TRADING LIMITED,10012
2026-02-05,3,TWO DEGREES NETWORKS LIMITED,8862
2026-02-05,4,CHORUS NEW ZEALAND LIMITED,3597
2026-02-05,5,EONFIBRE LIMITED,2050
2026-02-05,6,VITAL LIMITED,1981
2026-02-05,7,KIWIRAIL,1823
2026-02-05,8,KORDIA LIMITED,1517
2026-02-05,9,RURAL CONNECTIVITY GROUP LIMITED,1404
2026-02-05,10,NZ DEFENCE FORCE HEADQUARTERS,814
2026-02-05,11,ENTAIN NEW ZEALAND LIMITED,657
2026-02-05,12,LIGHTWIRE LIMITED,610
2026-02-05,13,SPACE OPERATIONS NEW ZEALAND LIMITED,605
2026-02-05,14,NZME RADIO LIMITED,594
2026-02-05,15,AIRWAYS CORPORATION OF NEW ZEALAND LIMITED,591
2026-02-05,16,POWERCO LIMITED,590
2026-02-05,17,EVERY PERSON,574
2026-02-05,18,ISO LIMITED,552
2026-02-05,19,NEP BROADCAST SERVICES NEW ZEALAND LIMITED,547
2026-02-05,20,KIWIRAIL LTD,533
2026-02-05,21,MEDIAWORKS RADIO LIMITED,490
2026-02-05,22,DEPARTMENT OF CONSERVATION,468
2026-02-05,23,Fire and Emergency New Zealand,458
2026-02-05,24,TAIT SYSTEMS NZ LIMITED,433
2026-02-05,25,ASHLEY COMMUNICATIONS LIMITED,428
2026-02-08,1,ONE NEW ZEALAND GROUP LIMITED,10786
2026-02-08,2,SPARK NEW ZEALAND TRADING LIMITED,10012
2026-02-08,3,TWO DEGREES NETWORKS LIMITED,8867
2026-02-08,4,CHORUS NEW ZEALAND LIMITED,3558
2026-02-08,5,EONFIBRE LIMITED,2050
2026-02-08,6,VITAL LIMITED,1981
2026-02-08,7,KIWIRAIL,1823
2026-02-08,8,KORDIA LIMITED,1517
2026-02-08,9,RURAL CONNECTIVITY GROUP LIMITED,1404
2026-02-08,10,NZ DEFENCE FORCE HEADQUARTERS,814
2026-02-08,11,ENTAIN NEW ZEALAND LIMITED,657
2026-02-08,12,LIGHTWIRE LIMITED,608
2026-02-08,13,SPACE OPERATIONS NEW ZEALAND LIMITED,605
2026-02-08,14,NZME RADIO LIMITED,594
2026-02-08,15,AIRWAYS CORPORATION OF NEW ZEALAND LIMITED,591
2026-02-08,16,POWERCO LIMITED,590
2026-02-08,17,EVERY PERSON,574
2026-02-08,18,ISO LIMITED,552
2026-02-08,19,NEP BROADCAST SERVICES NEW ZEALAND LIMITED,547
2026-02-08,20,KIWIRAIL LTD,533
2026-02-08,21,MEDIAWORKS RADIO LIMITED,490
2026-02-08,22,DEPARTMENT OF CONSERVATION,468
2026-02-08,23,Fire and Emergency New Zealand,458
2026-02-08,24,TAIT SYSTEMS NZ LIMITED,433
2026-02-08,25,ASHLEY COMMUNICATIONS LIMITED,428
2026-02-09,1,ONE NEW ZEALAND GROUP LIMITED,10833
2026-02-09,2,SPARK NEW ZEALAND TRADING LIMITED,10012
2026-02-09,3,TWO DEGREES NETWORKS LIMITED,8867
2026-02-09,4,CHORUS NEW ZEALAND LIMITED,3558
2026-02-09,5,EONFIBRE LIMITED,2050
2026-02-09,6,VITAL LIMITED,1981
2026-02-09,7,KIWIRAIL,1823
2026-02-09,8,KORDIA LIMITED,1517
2026-02-09,9,RURAL CONNECTIVITY GROUP LIMITED,1404
2026-02-09,10,NZ DEFENCE FORCE HEADQUARTERS,814
2026-02-09,11,ENTAIN NEW ZEALAND LIMITED,657
2026-02-09,12,LIGHTWIRE LIMITED,608
2026-02-09,13,SPACE OPERATIONS NEW ZEALAND LIMITED,605
2026-02-09,14,NZME RADIO LIMITED,594
2026-02-09,15,AIRWAYS CORPORATION OF NEW ZEALAND LIMITED,591
2026-02-09,16,POWERCO LIMITED,590
2026-02-09,17,EVERY PERSON,574
2026-02-09,18,ISO LIMITED,552
2026-02-09,19,NEP BROADCAST SERVICES NEW ZEALAND LIMITED,547
2026-02-09,20,KIWIRAIL LTD,533
2026-02-09,21,MEDIAWORKS RADIO LIMITED,490
2026-02-09,22,DEPARTMENT OF CONSERVATION,468
2026-02-09,23,Fire and Emergency New Zealand,458
2026-02-09,24,TAIT SYSTEMS NZ LIMITED,433
2026-02-09,25,ASHLEY COMMUNICATIONS LIMITED,428
2026-02-11,1,ONE NEW ZEALAND GROUP LIMITED,10834
2026-02-11,2,SPARK NEW ZEALAND TRADING LIMITED,10013
2026-02-11,3,TWO DEGREES NETWORKS LIMITED,8867
2026-02-11,4,CHORUS NEW ZEALAND LIMITED,3556
2026-02-11,5,EONFIBRE LIMITED,2050
2026-02-11,6,VITAL LIMITED,1975
2026-02-11,7,KIWIRAIL,1819
2026-02-11,8,KORDIA LIMITED,1517
2026-02-11,9,RURAL CONNECTIVITY GROUP LIMITED,1404
2026-02-11,10,NZ DEFENCE FORCE HEADQUARTERS,814
2026-02-11,11,ENTAIN NEW ZEALAND LIMITED,657
2026-02-11,12,LIGHTWIRE LIMITED,608
2026-02-11,13,SPACE OPERATIONS NEW ZEALAND LIMITED,605
2026-02-11,14,NZME RADIO LIMITED,594
2026-02-11,15,AIRWAYS CORPORATION OF NEW ZEALAND LIMITED,591
2026-02-11,16,POWERCO LIMITED,590
2026-02-11,17,EVERY PERSON,574
2026-02-11,18,ISO LIMITED,552
2026-02-11,19,NEP BROADCAST SERVICES NEW ZEALAND LIMITED,547
2026-02-11,20,KIWIRAIL LTD,533
2026-02-11,21,MEDIAWORKS RADIO LIMITED,490
2026-02-11,22,DEPARTMENT OF CONSERVATION,468
2026-02-11,23,Fire and Emergency New Zealand,458
2026-02-11,24,TAIT SYSTEMS NZ LIMITED,433
2026-02-11,25,ASHLEY COMMUNICATIONS LIMITED,428
2026-02-12,1,ONE NEW ZEALAND GROUP LIMITED,10833
2026-02-12,2,SPARK NEW ZEALAND TRADING LIMITED,10012
2026-02-12,3,TWO DEGREES NETWORKS LIMITED,8677
2026-02-12,4,CHORUS NEW ZEALAND LIMITED,3556
2026-02-12,5,EONFIBRE LIMITED,2050
2026-02-12,6,VITAL LIMITED,1975
2026-02-12,7,KIWIRAIL,1819
2026-02-12,8,KORDIA LIMITED,1517
2026-02-12,9,RURAL CONNECTIVITY GROUP LIMITED,1404
2026-02-12,10,NZ DEFENCE FORCE HEADQUARTERS,814
2026-02-12,11,ENTAIN NEW ZEALAND LIMITED,657
2026-02-12,12,LIGHTWIRE LIMITED,608
2026-02-12,13,SPACE OPERATIONS NEW ZEALAND LIMITED,605
2026-02-12,14,AIRWAYS CORPORATION OF NEW ZEALAND LIMITED,596
2026-02-12,15,NZME RADIO LIMITED,594
2026-02-12,16,POWERCO LIMITED,590
2026-02-12,17,EVERY PERSON,574
2026-02-12,18,ISO LIMITED,552
2026-02-12,19,NEP BROADCAST SERVICES NEW ZEALAND LIMITED,547
2026-02-12,20,KIWIRAIL LTD,533
2026-02-12,21,MEDIAWORKS RADIO LIMITED,490
2026-02-12,22,DEPARTMENT OF CONSERVATION,468
2026-02-12,23,Fire and Emergency New Zealand,458
2026-02-12,24,TAIT SYSTEMS NZ LIMITED,433
2026-02-12,25,ASHLEY COMMUNICATIONS LIMITED,428
2026-02-13,1,ONE NEW ZEALAND GROUP LIMITED,10833
2026-02-13,2,SPARK NEW ZEALAND TRADING LIMITED,10012
2026-02-13,3,TWO DEGREES NETWORKS LIMITED,8661
2026-02-13,4,CHORUS NEW ZEALAND LIMITED,3554
2026-02-13,5,EONFIBRE LIMITED,2050
2026-02-13,6,VITAL LIMITED,1975
2026-02-13,7,KIWIRAIL,1819
2026-02-13,8,KORDIA LIMITED,1517
2026-02-13,9,RURAL CONNECTIVITY GROUP LIMITED,1404
2026-02-13,10,NZ DEFENCE FORCE HEADQUARTERS,814
2026-02-13,11,ENTAIN NEW ZEALAND LIMITED,657
2026-02-13,12,LIGHTWIRE LIMITED,608
2026-02-13,13,SPACE OPERATIONS NEW ZEALAND LIMITED,605
2026-02-13,14,AIRWAYS CORPORATION OF NEW ZEALAND LIMITED,596
2026-02-13,15,NZME RADIO LIMITED,594
2026-02-13,16,POWERCO LIMITED,590
2026-02-13,17,EVERY PERSON,574
2026-02-13,18,ISO LIMITED,552
2026-02-13,19,NEP BROADCAST SERVICES NEW ZEALAND LIMITED,547
2026-02-13,20,KIWIRAIL LTD,533
2026-02-13,21,MEDIAWORKS RADIO LIMITED,490
2026-02-13,22,DEPARTMENT OF CONSERVATION,468
2026-02-13,23,Fire and Emergency New Zealand,458
2026-02-13,24,TAIT SYSTEMS NZ LIMITED,433
2026-02-13,25,ASHLEY COMMUNICATIONS LIMITED,428
2026-02-16,1,ONE NEW ZEALAND GROUP LIMITED,10833
2026-02-16,2,SPARK NEW ZEALAND TRADING LIMITED,10012
2026-02-16,3,TWO DEGREES NETWORKS LIMITED,8665
2026-02-16,4,CHORUS NEW ZEALAND LIMITED,3554
2026-02-16,5,EONFIBRE LIMITED,2044
2026-02-16,6,VITAL LIMITED,1975
2026-02-16,7,KIWIRAIL,1819
2026-02-16,8,KORDIA LIMITED,1517
2026-02-16,9,RURAL CONNECTIVITY GROUP LIMITED,1404
2026-02-16,10,NZ DEFENCE FORCE HEADQUARTERS,814
2026-02-16,11,ENTAIN NEW ZEALAND LIMITED,657
2026-02-16,12,LIGHTWIRE LIMITED,608
2026-02-16,13,SPACE OPERATIONS NEW ZEALAND LIMITED,605
2026-02-16,14,AIRWAYS CORPORATION OF NEW ZEALAND LIMITED,596
2026-02-16,15,NZME RADIO LIMITED,594
2026-02-16,16,POWERCO LIMITED,590
2026-02-16,17,EVERY PERSON,574
2026-02-16,18,ISO LIMITED,552
2026-02-16,19,NEP BROADCAST SERVICES NEW ZEALAND LIMITED,547
2026-02-16,20,KIWIRAIL LTD,533
2026-02-16,21,MEDIAWORKS RADIO LIMITED,490
2026-02-16,22,DEPARTMENT OF CONSERVATION,468
2026-02-16,23,Fire and Emergency New Zealand,458
2026-02-16,24,TAIT SYSTEMS NZ LIMITED,433
2026-02-16,25,ASHLEY COMMUNICATIONS LIMITED,428
2026-02-18,1,ONE NEW ZEALAND GROUP LIMITED,10833
2026-02-18,2,SPARK NEW ZEALAND TRADING LIMITED,10044
2026-02-18,3,TWO DEGREES NETWORKS LIMITED,8682
2026-02-18,4,CHORUS NEW ZEALAND LIMITED,3554
2026-02-18,5,EONFIBRE LIMITED,2044
2026-02-18,6,VITAL LIMITED,1975
2026-02-18,7,KIWIRAIL,1819
2026-02-18,8,KORDIA LIMITED,1467
2026-02-18,9,RURAL CONNECTIVITY GROUP LIMITED,1404
2026-02-18,10,NZ DEFENCE FORCE HEADQUARTERS,814
2026-02-18,11,ENTAIN NEW ZEALAND LIMITED,657
2026-02-18,12,LIGHTWIRE LIMITED,608
2026-02-18,13,SPACE OPERATIONS NEW ZEALAND LIMITED,605
2026-02-18,14,AIRWAYS CORPORATION OF NEW ZEALAND LIMITED,596
2026-02-18,15,NZME RADIO LIMITED,594
2026-02-18,16,POWERCO LIMITED,590
2026-02-18,17,EVERY PERSON,574
2026-02-18,18,ISO LIMITED,552
2026-02-18,19,NEP BROADCAST SERVICES NEW ZEALAND LIMITED,547
2026-02-18,20,KIWIRAIL LTD,533
2026-02-18,21,MEDIAWORKS RADIO LIMITED,490
2026-02-18,22,DEPARTMENT OF CONSERVATION,467
2026-02-18,23,Fire and Emergency New Zealand,458
2026-02-18,24,TAIT SYSTEMS NZ LIMITED,433
2026-02-18,25,ASHLEY COMMUNICATIONS LIMITED,428
2026-02-19,1,ONE NEW ZEALAND GROUP LIMITED,10833
2026-02-19,2,SPARK NEW ZEALAND TRADING LIMITED,10044
2026-02-19,3,TWO DEGREES NETWORKS LIMITED,8682
2026-02-19,4,CHORUS NEW ZEALAND LIMITED,3550
2026-02-19,5,EONFIBRE LIMITED,2044
2026-02-19,6,VITAL LIMITED,1975
2026-02-19,7,KIWIRAIL,1819
2026-02-19,8,KORDIA LIMITED,1467
2026-02-19,9,RURAL CONNECTIVITY GROUP LIMITED,1404
2026-02-19,10,NZ DEFENCE FORCE HEADQUARTERS,814
2026-02-19,11,ENTAIN NEW ZEALAND LIMITED,657
2026-02-19,12,LIGHTWIRE LIMITED,608
2026-02-19,13,SPACE OPERATIONS NEW ZEALAND LIMITED,605
2026-02-19,14,AIRWAYS CORPORATION OF NEW ZEALAND LIMITED,596
2026-02-19,15,NZME RADIO LIMITED,594
2026-02-19,16,POWERCO LIMITED,590
2026-02-19,17,EVERY PERSON,574
2026-02-19,18,ISO LIMITED,552
2026-02-19,19,NEP BROADCAST SERVICES NEW ZEALAND LIMITED,547
2026-02-19,20,KIWIRAIL LTD,533
2026-02-19,21,MEDIAWORKS RADIO LIMITED,490
2026-02-19,22,DEPARTMENT OF CONSERVATION,467
2026-02-19,23,Fire and Emergency New Zealand,458
2026-02-19,24,TAIT SYSTEMS NZ LIMITED,433
2026-02-19,25,ASHLEY COMMUNICATIONS LIMITED,428
2026-02-20,1,ONE NEW ZEALAND GROUP LIMITED,10879
2026-02-20,2,SPARK NEW ZEALAND TRADING LIMITED,10038
2026-02-20,3,TWO DEGREES NETWORKS LIMITED,8682
2026-02-20,4,CHORUS NEW ZEALAND LIMITED,3550
2026-02-20,5,EONFIBRE LIMITED,2044
2026-02-20,6,VITAL LIMITED,1975
2026-02-20,7,KIWIRAIL,1819
2026-02-20,8,KORDIA LIMITED,1467
2026-02-20,9,RURAL CONNECTIVITY GROUP LIMITED,1404
2026-02-20,10,NZ DEFENCE FORCE HEADQUARTERS,814
2026-02-20,11,ENTAIN NEW ZEALAND LIMITED,657
2026-02-20,12,LIGHTWIRE LIMITED,608
2026-02-20,13,AIRWAYS CORPORATION OF NEW ZEALAND LIMITED,596
2026-02-20,14,NZME RADIO LIMITED,594
2026-02-20,15,POWERCO LIMITED,590
2026-02-20,16,EVERY PERSON,574
2026-02-20,17,SPACE OPERATIONS NEW ZEALAND LIMITED,566
2026-02-20,18,ISO LIMITED,552
2026-02-20,19,NEP BROADCAST SERVICES NEW ZEALAND LIMITED,547
2026-02-20,20,KIWIRAIL LTD,533
2026-02-20,21,MEDIAWORKS RADIO LIMITED,490
2026-02-20,22,DEPARTMENT OF CONSERVATION,467
2026-02-20,23,Fire and Emergency New Zealand,458
2026-02-20,24,TAIT SYSTEMS NZ LIMITED,433
2026-02-20,25,ASHLEY COMMUNICATIONS LIMITED,428
2026-02-23,1,ONE NEW ZEALAND GROUP LIMITED,10879
2026-02-23,2,SPARK NEW ZEALAND TRADING LIMITED,10038
2026-02-23,3,TWO DEGREES NETWORKS LIMITED,8684
2026-02-23,4,CHORUS NEW ZEALAND LIMITED,3550
2026-02-23,5,EONFIBRE LIMITED,2044
2026-02-23,6,VITAL LIMITED,1975
2026-02-23,7,KIWIRAIL,1819
2026-02-23,8,KORDIA LIMITED,1467
2026-02-23,9,RURAL CONNECTIVITY GROUP LIMITED,1404
2026-02-23,10,NZ DEFENCE FORCE HEADQUARTERS,814
2026-02-23,11,ENTAIN NEW ZEALAND LIMITED,657
2026-02-23,12,LIGHTWIRE LIMITED,608
2026-02-23,13,AIRWAYS CORPORATION OF NEW ZEALAND LIMITED,598
2026-02-23,14,NZME RADIO LIMITED,594
2026-02-23,15,POWERCO LIMITED,590
2026-02-23,16,EVERY PERSON,574
2026-02-23,17,SPACE OPERATIONS NEW ZEALAND LIMITED,566
2026-02-23,18,ISO LIMITED,552
2026-02-23,19,NEP BROADCAST SERVICES NEW ZEALAND LIMITED,547
2026-02-23,20,KIWIRAIL LTD,533
2026-02-23,21,MEDIAWORKS RADIO LIMITED,490
2026-02-23,22,DEPARTMENT OF CONSERVATION,467
2026-02-23,23,Fire and Emergency New Zealand,460
2026-02-23,24,TAIT SYSTEMS NZ LIMITED,433
2026-02-23,25,ASHLEY COMMUNICATIONS LIMITED,428
2026-02-24,1,ONE NEW ZEALAND GROUP LIMITED,10889
2026-02-24,2,SPARK NEW ZEALAND TRADING LIMITED,10038
2026-02-24,3,TWO DEGREES NETWORKS LIMITED,8696
2026-02-24,4,CHORUS NEW ZEALAND LIMITED,3550
2026-02-24,5,EONFIBRE LIMITED,2044
2026-02-24,6,VITAL LIMITED,1975
2026-02-24,7,KIWIRAIL,1819
2026-02-24,8,KORDIA LIMITED,1467
2026-02-24,9,RURAL CONNECTIVITY GROUP LIMITED,1404
2026-02-24,10,NZ DEFENCE FORCE HEADQUARTERS,814
2026-02-24,11,ENTAIN NEW ZEALAND LIMITED,657
2026-02-24,12,LIGHTWIRE LIMITED,608
2026-02-24,13,AIRWAYS CORPORATION OF NEW ZEALAND LIMITED,598
2026-02-24,14,NZME RADIO LIMITED,594
2026-02-24,15,POWERCO LIMITED,590
2026-02-24,16,EVERY PERSON,574
2026-02-24,17,SPACE OPERATIONS NEW ZEALAND LIMITED,566
2026-02-24,18,ISO LIMITED,552
2026-02-24,19,NEP BROADCAST SERVICES NEW ZEALAND LIMITED,547
2026-02-24,20,KIWIRAIL LTD,533
2026-02-24,21,MEDIAWORKS RADIO LIMITED,490
2026-02-24,22,DEPARTMENT OF CONSERVATION,467
2026-02-24,23,Fire and Emergency New Zealand,460
2026-02-24,24,TAIT SYSTEMS NZ LIMITED,433
2026-02-24,25,ASHLEY COMMUNICATIONS LIMITED,428
2026-02-25,1,ONE NEW ZEALAND GROUP LIMITED,10889
2026-02-25,2,SPARK NEW ZEALAND TRADING LIMITED,10038
2026-02-25,3,TWO DEGREES NETWORKS LIMITED,8696
2026-02-25,4,CHORUS NEW ZEALAND LIMITED,3550
2026-02-25,5,EONFIBRE LIMITED,2044
2026-02-25,6,VITAL LIMITED,1975
2026-02-25,7,KIWIRAIL,1819
2026-02-25,8,KORDIA LIMITED,1467
2026-02-25,9,RURAL CONNECTIVITY GROUP LIMITED,1404
2026-02-25,10,NZ DEFENCE FORCE HEADQUARTERS,814
2026-02-25,11,ENTAIN NEW ZEALAND LIMITED,657
2026-02-25,12,LIGHTWIRE LIMITED,612
2026-02-25,13,AIRWAYS CORPORATION OF NEW ZEALAND LIMITED,597
2026-02-25,14,NZME RADIO LIMITED,594
2026-02-25,15,POWERCO LIMITED,590
2026-02-25,16,EVERY PERSON,574
2026-02-25,17,SPACE OPERATIONS NEW ZEALAND LIMITED,566
2026-02-25,18,ISO LIMITED,552
2026-02-25,19,NEP BROADCAST SERVICES NEW ZEALAND LIMITED,547
2026-02-25,20,KIWIRAIL LTD,533
2026-02-25,21,MEDIAWORKS RADIO LIMITED,490
2026-02-25,22,DEPARTMENT OF CONSERVATION,467
2026-02-25,23,Fire and Emergency New Zealand,460
2026-02-25,24,TAIT SYSTEMS NZ LIMITED,433
2026-02-25,25,ASHLEY COMMUNICATIONS LIMITED,428
2026-02-27,1,ONE NEW ZEALAND GROUP LIMITED,10889
2026-02-27,2,SPARK NEW ZEALAND TRADING LIMITED,10038
2026-02-27,3,TWO DEGREES NETWORKS LIMITED,8718
2026-02-27,4,CHORUS NEW ZEALAND LIMITED,3550
2026-02-27,5,EONFIBRE LIMITED,2044
2026-02-27,6,VITAL LIMITED,1975
2026-02-27,7,KIWIRAIL,1819
2026-02-27,8,KORDIA LIMITED,1467
2026-02-27,9,RURAL CONNECTIVITY GROUP LIMITED,1404
2026-02-27,10,NZ DEFENCE FORCE HEADQUARTERS,814
2026-02-27,11,ENTAIN NEW ZEALAND LIMITED,657
2026-02-27,12,LIGHTWIRE LIMITED,612
2026-02-27,13,AIRWAYS CORPORATION OF NEW ZEALAND LIMITED,597
2026-02-27,14,NZME RADIO LIMITED,594
2026-02-27,15,POWERCO LIMITED,590
2026-02-27,16,EVERY PERSON,574
2026-02-27,17,SPACE OPERATIONS NEW ZEALAND LIMITED,566
2026-02-27,18,ISO LIMITED,552
2026-02-27,19,NEP BROADCAST SERVICES NEW ZEALAND LIMITED,547
2026-02-27,20,KIWIRAIL LTD,533
2026-02-27,21,MEDIAWORKS RADIO LIMITED,490
2026-02-27,22,DEPARTMENT OF CONSERVATION,467
2026-02-27,23,Fire and Emergency New Zealand,460
2026-02-27,24,TAIT SYSTEMS NZ LIMITED,433
2026-02-27,25,ASHLEY COMMUNICATIONS LIMITED,428
2026-02-28,1,ONE NEW ZEALAND GROUP LIMITED,10889
2026-02-28,2,SPARK NEW ZEALAND TRADING LIMITED,10028
2026-02-28,3,TWO DEGREES NETWORKS LIMITED,8718
2026-02-28,4,CHORUS NEW ZEALAND LIMITED,3550
2026-02-28,5,EONFIBRE LIMITED,2044
2026-02-28,6,VITAL LIMITED,1975
2026-02-28,7,KIWIRAIL,1819
2026-02-28,8,KORDIA LIMITED,1467
2026-02-28,9,RURAL CONNECTIVITY GROUP LIMITED,1404
2026-02-28,10,NZ DEFENCE FORCE HEADQUARTERS,814
2026-02-28,11,ENTAIN NEW ZEALAND LIMITED,657
2026-02-28,12,LIGHTWIRE LIMITED,612
2026-02-28,13,AIRWAYS CORPORATION OF NEW ZEALAND LIMITED,597
2026-02-28,14,NZME RADIO LIMITED,594
2026-02-28,15,POWERCO LIMITED,590
2026-02-28,16,EVERY PERSON,574
2026-02-28,17,SPACE OPERATIONS NEW ZEALAND LIMITED,566
2026-02-28,18,ISO LIMITED,552
2026-02-28,19,NEP BROADCAST SERVICES NEW ZEALAND LIMITED,547
2026-02-28,20,KIWIRAIL LTD,533
2026-02-28,21,MEDIAWORKS RADIO LIMITED,490
2026-02-28,22,DEPARTMENT OF CONSERVATION,467
2026-02-28,23,Fire and Emergency New Zealand,460
2026-02-28,24,TAIT SYSTEMS NZ LIMITED,433
2026-02-28,25,ASHLEY COMMUNICATIONS LIMITED,428
2026-03-01,1,ONE NEW ZEALAND GROUP LIMITED,10889
2026-03-01,2,SPARK NEW ZEALAND TRADING LIMITED,10028
2026-03-01,3,TWO DEGREES NETWORKS LIMITED,8719
2026-03-01,4,CHORUS NEW ZEALAND LIMITED,3550
2026-03-01,5,EONFIBRE LIMITED,2046
2026-03-01,6,VITAL LIMITED,1975
2026-03-01,7,KIWIRAIL,1819
2026-03-01,8,KORDIA LIMITED,1467
2026-03-01,9,RURAL CONNECTIVITY GROUP LIMITED,1404
2026-03-01,10,NZ DEFENCE FORCE HEADQUARTERS,814
2026-03-01,11,ENTAIN NEW ZEALAND LIMITED,657
2026-03-01,12,LIGHTWIRE LIMITED,612
2026-03-01,13,AIRWAYS CORPORATION OF NEW ZEALAND LIMITED,597
2026-03-01,14,NZME RADIO LIMITED,594
2026-03-01,15,POWERCO LIMITED,590
2026-03-01,16,EVERY PERSON,574
2026-03-01,17,SPACE OPERATIONS NEW ZEALAND LIMITED,566
2026-03-01,18,ISO LIMITED,552
2026-03-01,19,NEP BROADCAST SERVICES NEW ZEALAND LIMITED,547
2026-03-01,20,KIWIRAIL LTD,533
2026-03-01,21,MEDIAWORKS RADIO LIMITED,490
2026-03-01,22,DEPARTMENT OF CONSERVATION,467
2026-03-01,23,Fire and Emergency New Zealand,460
2026-03-01,24,TAIT SYSTEMS NZ LIMITED,433
2026-03-01,25,ASHLEY COMMUNICATIONS LIMITED,428
2026-03-02,1,ONE NEW ZEALAND GROUP LIMITED,10889
2026-03-02,2,SPARK NEW ZEALAND TRADING LIMITED,10028
2026-03-02,3,TWO DEGREES NETWORKS LIMITED,8719
2026-03-02,4,CHORUS NEW ZEALAND LIMITED,3550
2026-03-02,5,EONFIBRE LIMITED,2046
2026-03-02,6,VITAL LIMITED,1972
2026-03-02,7,KIWIRAIL,1835
2026-03-02,8,KORDIA LIMITED,1467
2026-03-02,9,RURAL CONNECTIVITY GROUP LIMITED,1404
2026-03-02,10,NZ DEFENCE FORCE HEADQUARTERS,814
2026-03-02,11,ENTAIN NEW ZEALAND LIMITED,657
2026-03-02,12,LIGHTWIRE LIMITED,612
2026-03-02,13,AIRWAYS CORPORATION OF NEW ZEALAND LIMITED,597
2026-03-02,14,NZME RADIO LIMITED,594
2026-03-02,15,POWERCO LIMITED,590
2026-03-02,16,EVERY PERSON,574
2026-03-02,17,SPACE OPERATIONS NEW ZEALAND LIMITED,566
2026-03-02,18,ISO LIMITED,552
2026-03-02,19,NEP BROADCAST SERVICES NEW ZEALAND LIMITED,547
2026-03-02,20,KIWIRAIL LTD,533
2026-03-02,21,MEDIAWORKS RADIO LIMITED,490
2026-03-02,22,DEPARTMENT OF CONSERVATION,467
2026-03-02,23,Fire and Emergency New Zealand,460
2026-03-02,24,TAIT SYSTEMS NZ LIMITED,433
2026-03-02,25,ASHLEY COMMUNICATIONS LIMITED,428
2026-03-03,1,ONE NEW ZEALAND GROUP LIMITED,10889
2026-03-03,2,SPARK NEW ZEALAND TRADING LIMITED,10065
2026-03-03,3,TWO DEGREES NETWORKS LIMITED,8719
2026-03-03,4,CHORUS NEW ZEALAND LIMITED,3550
2026-03-03,5,EONFIBRE LIMITED,2046
2026-03-03,6,VITAL LIMITED,1972
2026-03-03,7,KIWIRAIL,1873
2026-03-03,8,KORDIA LIMITED,1467
2026-03-03,9,RURAL CONNECTIVITY GROUP LIMITED,1414
2026-03-03,10,NZ DEFENCE FORCE HEADQUARTERS,814
2026-03-03,11,ENTAIN NEW ZEALAND LIMITED,657
2026-03-03,12,LIGHTWIRE LIMITED,612
2026-03-03,13,AIRWAYS CORPORATION OF NEW ZEALAND LIMITED,597
2026-03-03,14,NZME RADIO LIMITED,594
2026-03-03,15,POWERCO LIMITED,590
2026-03-03,16,EVERY PERSON,574
2026-03-03,17,SPACE OPERATIONS NEW ZEALAND LIMITED,566
2026-03-03,18,ISO LIMITED,552
2026-03-03,19,NEP BROADCAST SERVICES NEW ZEALAND LIMITED,547
2026-03-03,20,KIWIRAIL LTD,533
2026-03-03,21,MEDIAWORKS RADIO LIMITED,490
2026-03-03,22,DEPARTMENT OF CONSERVATION,467
2026-03-03,23,Fire and Emergency New Zealand,460
2026-03-03,24,TAIT SYSTEMS NZ LIMITED,433
2026-03-03,25,ASHLEY COMMUNICATIONS LIMITED,428
2026-03-04,1,ONE NEW ZEALAND GROUP LIMITED,10889
2026-03-04,2,SPARK NEW ZEALAND TRADING LIMITED,10065
2026-03-04,3,TWO DEGREES NETWORKS LIMITED,8719
2026-03-04,4,CHORUS NEW ZEALAND LIMITED,3550
2026-03-04,5,EONFIBRE LIMITED,2046
2026-03-04,6,VITAL LIMITED,1972
2026-03-04,7,KIWIRAIL,1873
2026-03-04,8,KORDIA LIMITED,1467
2026-03-04,9,RURAL CONNECTIVITY GROUP LIMITED,1414
2026-03-04,10,NZ DEFENCE FORCE HEADQUARTERS,814
2026-03-04,11,ENTAIN NEW ZEALAND LIMITED,657
2026-03-04,12,LIGHTWIRE LIMITED,612
2026-03-04,13,AIRWAYS CORPORATION OF NEW ZEALAND LIMITED,597
2026-03-04,14,NZME RADIO LIMITED,593
2026-03-04,15,POWERCO LIMITED,590
2026-03-04,16,EVERY PERSON,574
2026-03-04,17,SPACE OPERATIONS NEW ZEALAND LIMITED,565
2026-03-04,18,ISO LIMITED,552
2026-03-04,19,NEP BROADCAST SERVICES NEW ZEALAND LIMITED,547
2026-03-04,20,KIWIRAIL LTD,533
2026-03-04,21,MEDIAWORKS RADIO LIMITED,490
2026-03-04,22,DEPARTMENT OF CONSERVATION,467
2026-03-04,23,Fire and Emergency New Zealand,460
2026-03-04,24,TAIT SYSTEMS NZ LIMITED,433
2026-03-04,25,ASHLEY COMMUNICATIONS LIMITED,428
2026-03-05,1,ONE NEW ZEALAND GROUP LIMITED,10889
2026-03-05,2,SPARK NEW ZEALAND TRADING LIMITED,10065
2026-03-05,3,TWO DEGREES NETWORKS LIMITED,8719
2026-03-05,4,CHORUS NEW ZEALAND LIMITED,3550
2026-03-05,5,EONFIBRE LIMITED,2046
2026-03-05,6,VITAL LIMITED,1972
2026-03-05,7,KIWIRAIL,1892
2026-03-05,8,KORDIA LIMITED,1467
2026-03-05,9,RURAL CONNECTIVITY GROUP LIMITED,1414
2026-03-05,10,NZ DEFENCE FORCE HEADQUARTERS,814
2026-03-05,11,ENTAIN NEW ZEALAND LIMITED,657
2026-03-05,12,LIGHTWIRE LIMITED,612
2026-03-05,13,AIRWAYS CORPORATION OF NEW ZEALAND LIMITED,597
2026-03-05,14,NZME RADIO LIMITED,593
2026-03-05,15,POWERCO LIMITED,590
2026-03-05,16,EVERY PERSON,574
2026-03-05,17,SPACE OPERATIONS NEW ZEALAND LIMITED,565
2026-03-05,18,ISO LIMITED,552
2026-03-05,19,NEP BROADCAST SERVICES NEW ZEALAND LIMITED,547
2026-03-05,20,KIWIRAIL LTD,533
2026-03-05,21,MEDIAWORKS RADIO LIMITED,490
2026-03-05,22,Fire and Emergency New Zealand,473
2026-03-05,23,DEPARTMENT OF CONSERVATION,467
2026-03-05,24,TAIT SYSTEMS NZ LIMITED,433
2026-03-05,25,ASHLEY COMMUNICATIONS LIMITED,431
2026-03-08,1,ONE NEW ZEALAND GROUP LIMITED,10889
2026-03-08,2,SPARK NEW ZEALAND TRADING LIMITED,10065
2026-03-08,3,TWO DEGREES NETWORKS LIMITED,8733
2026-03-08,4,CHORUS NEW ZEALAND LIMITED,3550
2026-03-08,5,EONFIBRE LIMITED,2046
2026-03-08,6,VITAL LIMITED,1972
2026-03-08,7,KIWIRAIL,1892
2026-03-08,8,KORDIA LIMITED,1467
2026-03-08,9,RURAL CONNECTIVITY GROUP LIMITED,1414
2026-03-08,10,NZ DEFENCE FORCE HEADQUARTERS,814
2026-03-08,11,ENTAIN NEW ZEALAND LIMITED,657
2026-03-08,12,LIGHTWIRE LIMITED,612
2026-03-08,13,AIRWAYS CORPORATION OF NEW ZEALAND LIMITED,597
2026-03-08,14,NZME RADIO LIMITED,593
2026-03-08,15,POWERCO LIMITED,590
2026-03-08,16,EVERY PERSON,574
2026-03-08,17,SPACE OPERATIONS NEW ZEALAND LIMITED,565
2026-03-08,18,ISO LIMITED,552
2026-03-08,19,NEP BROADCAST SERVICES NEW ZEALAND LIMITED,547
2026-03-08,20,KIWIRAIL LTD,533
2026-03-08,21,MEDIAWORKS RADIO LIMITED,490
2026-03-08,22,Fire and Emergency New Zealand,473
2026-03-08,23,DEPARTMENT OF CONSERVATION,467
2026-03-08,24,TAIT SYSTEMS NZ LIMITED,433
2026-03-08,25,ASHLEY COMMUNICATIONS LIMITED,431
2026-03-09,1,ONE NEW ZEALAND GROUP LIMITED,10889
2026-03-09,2,SPARK NEW ZEALAND TRADING LIMITED,10067
2026-03-09,3,TWO DEGREES NETWORKS LIMITED,8733
2026-03-09,4,CHORUS NEW ZEALAND LIMITED,3550
2026-03-09,5,EONFIBRE LIMITED,2046
2026-03-09,6,VITAL LIMITED,1972
2026-03-09,7,KIWIRAIL,1892
2026-03-09,8,KORDIA LIMITED,1467
2026-03-09,9,RURAL CONNECTIVITY GROUP LIMITED,1414
2026-03-09,10,NZ DEFENCE FORCE HEADQUARTERS,814
2026-03-09,11,ENTAIN NEW ZEALAND LIMITED,657
2026-03-09,12,LIGHTWIRE LIMITED,612
2026-03-09,13,AIRWAYS CORPORATION OF NEW ZEALAND LIMITED,597
2026-03-09,14,NZME RADIO LIMITED,593
2026-03-09,15,POWERCO LIMITED,590
2026-03-09,16,EVERY PERSON,574
2026-03-09,17,SPACE OPERATIONS NEW ZEALAND LIMITED,565
2026-03-09,18,ISO LIMITED,552
2026-03-09,19,NEP BROADCAST SERVICES NEW ZEALAND LIMITED,547
2026-03-09,20,KIWIRAIL LTD,533
2026-03-09,21,MEDIAWORKS RADIO LIMITED,490
2026-03-09,22,Fire and Emergency New Zealand,473
2026-03-09,23,DEPARTMENT OF CONSERVATION,467
2026-03-09,24,"The Crown acting by and through the Chief Executive of the Ministry of Business, Innovation, and Employment",437
2026-03-09,25,TAIT SYSTEMS NZ LIMITED,433
2026-03-10,1,ONE NEW ZEALAND GROUP LIMITED,10889
2026-03-10,2,SPARK NEW ZEALAND TRADING LIMITED,10084
2026-03-10,3,TWO DEGREES NETWORKS LIMITED,8733
2026-03-10,4,CHORUS NEW ZEALAND LIMITED,3550
2026-03-10,5,EONFIBRE LIMITED,2046
2026-03-10,6,VITAL LIMITED,1972
2026-03-10,7,KIWIRAIL,1890
2026-03-10,8,KORDIA LIMITED,1467
2026-03-10,9,RURAL CONNECTIVITY GROUP LIMITED,1414
2026-03-10,10,NZ DEFENCE FORCE HEADQUARTERS,814
2026-03-10,11,ENTAIN NEW ZEALAND LIMITED,657
2026-03-10,12,LIGHTWIRE LIMITED,612
2026-03-10,13,AIRWAYS CORPORATION OF NEW ZEALAND LIMITED,597
2026-03-10,14,NZME RADIO LIMITED,593
2026-03-10,15,POWERCO LIMITED,590
2026-03-10,16,EVERY PERSON,574
2026-03-10,17,SPACE OPERATIONS NEW ZEALAND LIMITED,565
2026-03-10,18,ISO LIMITED,552
2026-03-10,19,NEP BROADCAST SERVICES NEW ZEALAND LIMITED,547
2026-03-10,20,KIWIRAIL LTD,533
2026-03-10,21,MEDIAWORKS RADIO LIMITED,490
2026-03-10,22,Fire and Emergency New Zealand,473
2026-03-10,23,DEPARTMENT OF CONSERVATION,467
2026-03-10,24,"The Crown acting by and through the Chief Executive of the Ministry of Business, Innovation, and Employment",437
2026-03-10,25,TAIT SYSTEMS NZ LIMITED,433
2026-03-11,1,ONE NEW ZEALAND GROUP LIMITED,10889
2026-03-11,2,SPARK NEW ZEALAND TRADING LIMITED,10093
2026-03-11,3,TWO DEGREES NETWORKS LIMITED,8733
2026-03-11,4,CHORUS NEW ZEALAND LIMITED,3550
2026-03-11,5,EONFIBRE LIMITED,2050
2026-03-11,6,VITAL LIMITED,1972
2026-03-11,7,KIWIRAIL,1890
2026-03-11,8,KORDIA LIMITED,1467
2026-03-11,9,RURAL CONNECTIVITY GROUP LIMITED,1414
2026-03-11,10,NZ DEFENCE FORCE HEADQUARTERS,814
2026-03-11,11,ENTAIN NEW ZEALAND LIMITED,657
2026-03-11,12,LIGHTWIRE LIMITED,612
2026-03-11,13,AIRWAYS CORPORATION OF NEW ZEALAND LIMITED,597
2026-03-11,14,NZME RADIO LIMITED,593
2026-03-11,15,POWERCO LIMITED,590
2026-03-11,16,EVERY PERSON,574
2026-03-11,17,SPACE OPERATIONS NEW ZEALAND LIMITED,565
2026-03-11,18,ISO LIMITED,552
2026-03-11,19,NEP BROADCAST SERVICES NEW ZEALAND LIMITED,547
2026-03-11,20,KIWIRAIL LTD,533
2026-03-11,21,MEDIAWORKS RADIO LIMITED,490
2026-03-11,22,Fire and Emergency New Zealand,473
2026-03-11,23,DEPARTMENT OF CONSERVATION,467
2026-03-11,24,"The Crown acting by and through the Chief Executive of the Ministry of Business, Innovation, and Employment",438
2026-03-11,25,TAIT SYSTEMS NZ LIMITED,433
2026-03-12,1,ONE NEW ZEALAND GROUP LIMITED,10889
2026-03-12,2,SPARK NEW ZEALAND TRADING LIMITED,10093
2026-03-12,3,TWO DEGREES NETWORKS LIMITED,8733
2026-03-12,4,CHORUS NEW ZEALAND LIMITED,3550
2026-03-12,5,EONFIBRE LIMITED,2050
2026-03-12,6,VITAL LIMITED,1972
2026-03-12,7,KIWIRAIL,1890
2026-03-12,8,KORDIA LIMITED,1467
2026-03-12,9,RURAL CONNECTIVITY GROUP LIMITED,1414
2026-03-12,10,NZ DEFENCE FORCE HEADQUARTERS,814
2026-03-12,11,ENTAIN NEW ZEALAND LIMITED,657
2026-03-12,12,LIGHTWIRE LIMITED,612
2026-03-12,13,AIRWAYS CORPORATION OF NEW ZEALAND LIMITED,597
2026-03-12,14,NZME RADIO LIMITED,593
2026-03-12,15,POWERCO LIMITED,590
2026-03-12,16,EVERY PERSON,574
2026-03-12,17,SPACE OPERATIONS NEW ZEALAND LIMITED,565
2026-03-12,18,ISO LIMITED,552
2026-03-12,19,NEP BROADCAST SERVICES NEW ZEALAND LIMITED,549
2026-03-12,20,KIWIRAIL LTD,533
2026-03-12,21,MEDIAWORKS RADIO LIMITED,490
2026-03-12,22,Fire and Emergency New Zealand,473
2026-03-12,23,DEPARTMENT OF CONSERVATION,467
2026-03-12,24,"The Crown acting by and through the Chief Executive of the Ministry of Business, Innovation, and Employment",438
2026-03-12,25,TAIT SYSTEMS NZ LIMITED,433
2026-03-13,1,ONE NEW ZEALAND GROUP LIMITED,10889
2026-03-13,2,SPARK NEW ZEALAND TRADING LIMITED,10093
2026-03-13,3,TWO DEGREES NETWORKS LIMITED,8737
2026-03-13,4,CHORUS NEW ZEALAND LIMITED,3550
2026-03-13,5,EONFIBRE LIMITED,2050
2026-03-13,6,VITAL LIMITED,1972
2026-03-13,7,KIWIRAIL,1890
2026-03-13,8,KORDIA LIMITED,1467
2026-03-13,9,RURAL CONNECTIVITY GROUP LIMITED,1414
2026-03-13,10,NZ DEFENCE FORCE HEADQUARTERS,814
2026-03-13,11,ENTAIN NEW ZEALAND LIMITED,657
2026-03-13,12,LIGHTWIRE LIMITED,612
2026-03-13,13,AIRWAYS CORPORATION OF NEW ZEALAND LIMITED,597
2026-03-13,14,NZME RADIO LIMITED,593
2026-03-13,15,POWERCO LIMITED,590
2026-03-13,16,SPACE OPERATIONS NEW ZEALAND LIMITED,588
2026-03-13,17,EVERY PERSON,574
2026-03-13,18,ISO LIMITED,552
2026-03-13,19,NEP BROADCAST SERVICES NEW ZEALAND LIMITED,549
2026-03-13,20,KIWIRAIL LTD,533
2026-03-13,21,MEDIAWORKS RADIO LIMITED,490
2026-03-13,22,Fire and Emergency New Zealand,473
2026-03-13,23,DEPARTMENT OF CONSERVATION,467
2026-03-13,24,"The Crown acting by and through the Chief Executive of the Ministry of Business, Innovation, and Employment",438
2026-03-13,25,TAIT SYSTEMS NZ LIMITED,433
2026-03-15,1,ONE NEW ZEALAND GROUP LIMITED,10889
2026-03-15,2,SPARK NEW ZEALAND TRADING LIMITED,10093
2026-03-15,3,TWO DEGREES NETWORKS LIMITED,8737
2026-03-15,4,CHORUS NEW ZEALAND LIMITED,3550
2026-03-15,5,EONFIBRE LIMITED,2050
2026-03-15,6,VITAL LIMITED,1972
2026-03-15,7,KIWIRAIL,1890
2026-03-15,8,KORDIA LIMITED,1467
2026-03-15,9,RURAL CONNECTIVITY GROUP LIMITED,1414
2026-03-15,10,NZ DEFENCE FORCE HEADQUARTERS,814
2026-03-15,11,ENTAIN NEW ZEALAND LIMITED,657
2026-03-15,12,LIGHTWIRE LIMITED,612
2026-03-15,13,AIRWAYS CORPORATION OF NEW ZEALAND LIMITED,597
2026-03-15,14,NZME RADIO LIMITED,593
2026-03-15,15,SPACE OPERATIONS NEW ZEALAND LIMITED,592
2026-03-15,16,POWERCO LIMITED,590
2026-03-15,17,EVERY PERSON,574
2026-03-15,18,ISO LIMITED,552
2026-03-15,19,NEP BROADCAST SERVICES NEW ZEALAND LIMITED,549
2026-03-15,20,KIWIRAIL LTD,533
2026-03-15,21,MEDIAWORKS RADIO LIMITED,490
2026-03-15,22,Fire and Emergency New Zealand,473
2026-03-15,23,DEPARTMENT OF CONSERVATION,467
2026-03-15,24,"The Crown acting by and through the Chief Executive of the Ministry of Business, Innovation, and Employment",438
2026-03-15,25,TAIT SYSTEMS NZ LIMITED,433
2026-03-16,1,ONE NEW ZEALAND GROUP LIMITED,10889
2026-03-16,2,SPARK NEW ZEALAND TRADING LIMITED,10093
2026-03-16,3,TWO DEGREES NETWORKS LIMITED,8737
2026-03-16,4,CHORUS NEW ZEALAND LIMITED,3516
2026-03-16,5,EONFIBRE LIMITED,2050
2026-03-16,6,VITAL LIMITED,1972
2026-03-16,7,KIWIRAIL,1890
2026-03-16,8,KORDIA LIMITED,1467
2026-03-16,9,RURAL CONNECTIVITY GROUP LIMITED,1414
2026-03-16,10,NZ DEFENCE FORCE HEADQUARTERS,814
2026-03-16,11,ENTAIN NEW ZEALAND LIMITED,657
2026-03-16,12,LIGHTWIRE LIMITED,612
2026-03-16,13,AIRWAYS CORPORATION OF NEW ZEALAND LIMITED,597
2026-03-16,14,NZME RADIO LIMITED,593
2026-03-16,15,SPACE OPERATIONS NEW ZEALAND LIMITED,592
2026-03-16,16,POWERCO LIMITED,590
2026-03-16,17,EVERY PERSON,574
2026-03-16,18,ISO LIMITED,552
2026-03-16,19,NEP BROADCAST SERVICES NEW ZEALAND LIMITED,549
2026-03-16,20,"The Crown acting by and through the Chief Executive of the Ministry of Business, Innovation, and Employment",547
2026-03-16,21,KIWIRAIL LTD,533
2026-03-16,22,MEDIAWORKS RADIO LIMITED,490
2026-03-16,23,Fire and Emergency New Zealand,473
2026-03-16,24,DEPARTMENT OF CONSERVATION,467
2026-03-16,25,TAIT SYSTEMS NZ LIMITED,433
2026-03-17,1,ONE NEW ZEALAND GROUP LIMITED,10889
2026-03-17,2,SPARK NEW ZEALAND TRADING LIMITED,10093
2026-03-17,3,TWO DEGREES NETWORKS LIMITED,8737
2026-03-17,4,CHORUS NEW ZEALAND LIMITED,3512
2026-03-17,5,EONFIBRE LIMITED,2050
2026-03-17,6,VITAL LIMITED,1972
2026-03-17,7,KIWIRAIL,1890
2026-03-17,8,KORDIA LIMITED,1467
2026-03-17,9,RURAL CONNECTIVITY GROUP LIMITED,1414
2026-03-17,10,NZ DEFENCE FORCE HEADQUARTERS,814
2026-03-17,11,ENTAIN NEW ZEALAND LIMITED,657
2026-03-17,12,LIGHTWIRE LIMITED,612
2026-03-17,13,"The Crown acting by and through the Chief Executive of the Ministry of Business, Innovation, and Employment",597
2026-03-17,14,AIRWAYS CORPORATION OF NEW ZEALAND LIMITED,597
2026-03-17,15,NZME RADIO LIMITED,593
2026-03-17,16,SPACE OPERATIONS NEW ZEALAND LIMITED,592
2026-03-17,17,POWERCO LIMITED,590
2026-03-17,18,EVERY PERSON,574
2026-03-17,19,ISO LIMITED,552
2026-03-17,20,NEP BROADCAST SERVICES NEW ZEALAND LIMITED,549
2026-03-17,21,KIWIRAIL LTD,533
2026-03-17,22,MEDIAWORKS RADIO LIMITED,490
2026-03-17,23,Fire and Emergency New Zealand,473
2026-03-17,24,DEPARTMENT OF CONSERVATION,467
2026-03-17,25,TAIT SYSTEMS NZ LIMITED,433
2026-03-18,1,ONE NEW ZEALAND GROUP LIMITED,10894
2026-03-18,2,SPARK NEW ZEALAND TRADING LIMITED,10111
2026-03-18,3,TWO DEGREES NETWORKS LIMITED,8740
2026-03-18,4,CHORUS NEW ZEALAND LIMITED,3496
2026-03-18,5,EONFIBRE LIMITED,2053
2026-03-18,6,VITAL LIMITED,1972
2026-03-18,7,KIWIRAIL,1908
2026-03-18,8,KORDIA LIMITED,1468
2026-03-18,9,RURAL CONNECTIVITY GROUP LIMITED,1413
2026-03-18,10,NZ DEFENCE FORCE HEADQUARTERS,814
2026-03-18,11,"The Crown acting by and through the Chief Executive of the Ministry of Business, Innovation, and Employment",662
2026-03-18,12,ENTAIN NEW ZEALAND LIMITED,657
2026-03-18,13,LIGHTWIRE LIMITED,616
2026-03-18,14,AIRWAYS CORPORATION OF NEW ZEALAND LIMITED,597
2026-03-18,15,NZME RADIO LIMITED,593
2026-03-18,16,SPACE OPERATIONS NEW ZEALAND LIMITED,592
2026-03-18,17,POWERCO LIMITED,590
2026-03-18,18,EVERY PERSON,574
2026-03-18,19,ISO LIMITED,552
2026-03-18,20,NEP BROADCAST SERVICES NEW ZEALAND LIMITED,548
2026-03-18,21,KIWIRAIL LTD,533
2026-03-18,22,MEDIAWORKS RADIO LIMITED,490
2026-03-18,23,Fire and Emergency New Zealand,473
2026-03-18,24,DEPARTMENT OF CONSERVATION,467
2026-03-18,25,TAIT SYSTEMS NZ LIMITED,433
2026-03-19,1,ONE NEW ZEALAND GROUP LIMITED,10889
2026-03-19,2,SPARK NEW ZEALAND TRADING LIMITED,10124
2026-03-19,3,TWO DEGREES NETWORKS LIMITED,8737
2026-03-19,4,CHORUS NEW ZEALAND LIMITED,3494
2026-03-19,5,EONFIBRE LIMITED,2050
2026-03-19,6,VITAL LIMITED,1972
2026-03-19,7,KIWIRAIL,1892
2026-03-19,8,KORDIA LIMITED,1467
2026-03-19,9,RURAL CONNECTIVITY GROUP LIMITED,1414
2026-03-19,10,NZ DEFENCE FORCE HEADQUARTERS,814
2026-03-19,11,"The Crown acting by and through the Chief Executive of the Ministry of Business, Innovation, and Employment",712
2026-03-19,12,ENTAIN NEW ZEALAND LIMITED,657
2026-03-19,13,LIGHTWIRE LIMITED,616
2026-03-19,14,AIRWAYS CORPORATION OF NEW ZEALAND LIMITED,597
2026-03-19,15,NZME RADIO LIMITED,593
2026-03-19,16,SPACE OPERATIONS NEW ZEALAND LIMITED,592
2026-03-19,17,POWERCO LIMITED,590
2026-03-19,18,EVERY PERSON,574
2026-03-19,19,ISO LIMITED,552
2026-03-19,20,NEP BROADCAST SERVICES NEW ZEALAND LIMITED,549
2026-03-19,21,KIWIRAIL LTD,533
2026-03-19,22,MEDIAWORKS RADIO LIMITED,490
2026-03-19,23,Fire and Emergency New Zealand,473
2026-03-19,24,DEPARTMENT OF CONSERVATION,467
2026-03-19,25,TAIT SYSTEMS NZ LIMITED,433
2026-03-22,1,ONE NEW ZEALAND GROUP LIMITED,10889
2026-03-22,2,SPARK NEW ZEALAND TRADING LIMITED,10135
2026-03-22,3,TWO DEGREES NETWORKS LIMITED,8745
2026-03-22,4,CHORUS NEW ZEALAND LIMITED,3465
2026-03-22,5,EONFIBRE LIMITED,2050
2026-03-22,6,VITAL LIMITED,1972
2026-03-22,7,KIWIRAIL,1892
2026-03-22,8,KORDIA LIMITED,1467
2026-03-22,9,RURAL CONNECTIVITY GROUP LIMITED,1414
2026-03-22,10,NZ DEFENCE FORCE HEADQUARTERS,814
2026-03-22,11,"The Crown acting by and through the Chief Executive of the Ministry of Business, Innovation, and Employment",712
2026-03-22,12,ENTAIN NEW ZEALAND LIMITED,657
2026-03-22,13,LIGHTWIRE LIMITED,616
2026-03-22,14,AIRWAYS CORPORATION OF NEW ZEALAND LIMITED,597
2026-03-22,15,NZME RADIO LIMITED,593
2026-03-22,16,SPACE OPERATIONS NEW ZEALAND LIMITED,592
2026-03-22,17,POWERCO LIMITED,590
2026-03-22,18,EVERY PERSON,574
2026-03-22,19,ISO LIMITED,552
2026-03-22,20,NEP BROADCAST SERVICES NEW ZEALAND LIMITED,549
2026-03-22,21,KIWIRAIL LTD,533
2026-03-22,22,MEDIAWORKS RADIO LIMITED,490
2026-03-22,23,Fire and Emergency New Zealand,473
2026-03-22,24,DEPARTMENT OF CONSERVATION,467
2026-03-22,25,TAIT SYSTEMS NZ LIMITED,433
2026-03-23,1,ONE NEW ZEALAND GROUP LIMITED,10889
2026-03-23,2,SPARK NEW ZEALAND TRADING LIMITED,10143
2026-03-23,3,TWO DEGREES NETWORKS LIMITED,8745
2026-03-23,4,CHORUS NEW ZEALAND LIMITED,3465
2026-03-23,5,EONFIBRE LIMITED,2050
2026-03-23,6,VITAL LIMITED,1972
2026-03-23,7,KIWIRAIL,1892
2026-03-23,8,KORDIA LIMITED,1467
2026-03-23,9,RURAL CONNECTIVITY GROUP LIMITED,1414
2026-03-23,10,"The Crown acting by and through the Chief Executive of the Ministry of Business, Innovation, and Employment",1075
2026-03-23,11,NZ DEFENCE FORCE HEADQUARTERS,814
2026-03-23,12,ENTAIN NEW ZEALAND LIMITED,657
2026-03-23,13,LIGHTWIRE LIMITED,616
2026-03-23,14,AIRWAYS CORPORATION OF NEW ZEALAND LIMITED,597
2026-03-23,15,NZME RADIO LIMITED,593
2026-03-23,16,SPACE OPERATIONS NEW ZEALAND LIMITED,592
2026-03-23,17,POWERCO LIMITED,590
2026-03-23,18,EVERY PERSON,574
2026-03-23,19,ISO LIMITED,552
2026-03-23,20,NEP BROADCAST SERVICES NEW ZEALAND LIMITED,549
2026-03-23,21,KIWIRAIL LTD,533
2026-03-23,22,MEDIAWORKS RADIO LIMITED,490
2026-03-23,23,Fire and Emergency New Zealand,473
2026-03-23,24,DEPARTMENT OF CONSERVATION,467
2026-03-23,25,TAIT SYSTEMS NZ LIMITED,433
2026-03-24,1,ONE NEW ZEALAND GROUP LIMITED,10889
2026-03-24,2,SPARK NEW ZEALAND TRADING LIMITED,10143
2026-03-24,3,TWO DEGREES NETWORKS LIMITED,8751
2026-03-24,4,CHORUS NEW ZEALAND LIMITED,3461
2026-03-24,5,EONFIBRE LIMITED,2056
2026-03-24,6,VITAL LIMITED,1972
2026-03-24,7,KIWIRAIL,1892
2026-03-24,8,KORDIA LIMITED,1467
2026-03-24,9,RURAL CONNECTIVITY GROUP LIMITED,1414
2026-03-24,10,"The Crown acting by and through the Chief Executive of the Ministry of Business, Innovation, and Employment",1075
2026-03-24,11,NZ DEFENCE FORCE HEADQUARTERS,814
2026-03-24,12,ENTAIN NEW ZEALAND LIMITED,657
2026-03-24,13,LIGHTWIRE LIMITED,616
2026-03-24,14,AIRWAYS CORPORATION OF NEW ZEALAND LIMITED,597
2026-03-24,15,NZME RADIO LIMITED,593
2026-03-24,16,SPACE OPERATIONS NEW ZEALAND LIMITED,592
2026-03-24,17,POWERCO LIMITED,590
2026-03-24,18,EVERY PERSON,574
2026-03-24,19,ISO LIMITED,552
2026-03-24,20,NEP BROADCAST SERVICES NEW ZEALAND LIMITED,549
2026-03-24,21,KIWIRAIL LTD,533
2026-03-24,22,MEDIAWORKS RADIO LIMITED,490
2026-03-24,23,Fire and Emergency New Zealand,473
2026-03-24,24,DEPARTMENT OF CONSERVATION,465
2026-03-24,25,TAIT SYSTEMS NZ LIMITED,433
2026-03-26,1,ONE NEW ZEALAND GROUP LIMITED,10889
2026-03-26,2,SPARK NEW ZEALAND TRADING LIMITED,10143
2026-03-26,3,TWO DEGREES NETWORKS LIMITED,8751
2026-03-26,4,CHORUS NEW ZEALAND LIMITED,3461
2026-03-26,5,EONFIBRE LIMITED,2056
2026-03-26,6,VITAL LIMITED,1972
2026-03-26,7,KIWIRAIL,1896
2026-03-26,8,KORDIA LIMITED,1467
2026-03-26,9,RURAL CONNECTIVITY GROUP LIMITED,1414
2026-03-26,10,"The Crown acting by and through the Chief Executive of the Ministry of Business, Innovation, and Employment",1075
2026-03-26,11,NZ DEFENCE FORCE HEADQUARTERS,814
2026-03-26,12,ENTAIN NEW ZEALAND LIMITED,657
2026-03-26,13,LIGHTWIRE LIMITED,616
2026-03-26,14,AIRWAYS CORPORATION OF NEW ZEALAND LIMITED,597
2026-03-26,15,NZME RADIO LIMITED,593
2026-03-26,16,SPACE OPERATIONS NEW ZEALAND LIMITED,592
2026-03-26,17,POWERCO LIMITED,590
2026-03-26,18,NEP BROADCAST SERVICES NEW ZEALAND LIMITED,577
2026-03-26,19,EVERY PERSON,574
2026-03-26,20,ISO LIMITED,552
2026-03-26,21,KIWIRAIL LTD,533
2026-03-26,22,MEDIAWORKS RADIO LIMITED,490
2026-03-26,23,Fire and Emergency New Zealand,473
2026-03-26,24,DEPARTMENT OF CONSERVATION,465
2026-03-26,25,TAIT SYSTEMS NZ LIMITED,433
2026-03-27,1,ONE NEW ZEALAND GROUP LIMITED,10932
2026-03-27,2,SPARK NEW ZEALAND TRADING LIMITED,10147
2026-03-27,3,TWO DEGREES NETWORKS LIMITED,8751
2026-03-27,4,CHORUS NEW ZEALAND LIMITED,3461
2026-03-27,5,EONFIBRE LIMITED,2056
2026-03-27,6,VITAL LIMITED,1972
2026-03-27,7,KIWIRAIL,1896
2026-03-27,8,KORDIA LIMITED,1467
2026-03-27,9,RURAL CONNECTIVITY GROUP LIMITED,1414
2026-03-27,10,"The Crown acting by and through the Chief Executive of the Ministry of Business, Innovation, and Employment",1075
2026-03-27,11,NZ DEFENCE FORCE HEADQUARTERS,814
2026-03-27,12,ENTAIN NEW ZEALAND LIMITED,657
2026-03-27,13,LIGHTWIRE LIMITED,616
2026-03-27,14,AIRWAYS CORPORATION OF NEW ZEALAND LIMITED,597
2026-03-27,15,POWERCO LIMITED,594
2026-03-27,16,NZME RADIO LIMITED,593
2026-03-27,17,SPACE OPERATIONS NEW ZEALAND LIMITED,592
2026-03-27,18,NEP BROADCAST SERVICES NEW ZEALAND LIMITED,577
2026-03-27,19,EVERY PERSON,574
2026-03-27,20,ISO LIMITED,552
2026-03-27,21,KIWIRAIL LTD,533
2026-03-27,22,MEDIAWORKS RADIO LIMITED,490
2026-03-27,23,Fire and Emergency New Zealand,473
2026-03-27,24,DEPARTMENT OF CONSERVATION,465
2026-03-27,25,TAIT SYSTEMS NZ LIMITED,433
2026-03-29,1,ONE NEW ZEALAND GROUP LIMITED,10932
2026-03-29,2,SPARK NEW ZEALAND TRADING LIMITED,10147
2026-03-29,3,TWO DEGREES NETWORKS LIMITED,8751
2026-03-29,4,CHORUS NEW ZEALAND LIMITED,3416
2026-03-29,5,EONFIBRE LIMITED,2056
2026-03-29,6,VITAL LIMITED,1972
2026-03-29,7,KIWIRAIL,1896
2026-03-29,8,KORDIA LIMITED,1467
2026-03-29,9,RURAL CONNECTIVITY GROUP LIMITED,1414
2026-03-29,10,"The Crown acting by and through the Chief Executive of the Ministry of Business, Innovation, and Employment",1075
2026-03-29,11,NZ DEFENCE FORCE HEADQUARTERS,814
2026-03-29,12,ENTAIN NEW ZEALAND LIMITED,657
2026-03-29,13,LIGHTWIRE LIMITED,616
2026-03-29,14,AIRWAYS CORPORATION OF NEW ZEALAND LIMITED,597
2026-03-29,15,POWERCO LIMITED,594
2026-03-29,16,NZME RADIO LIMITED,593
2026-03-29,17,SPACE OPERATIONS NEW ZEALAND LIMITED,592
2026-03-29,18,NEP BROADCAST SERVICES NEW ZEALAND LIMITED,577
2026-03-29,19,EVERY PERSON,574
2026-03-29,20,ISO LIMITED,552
2026-03-29,21,KIWIRAIL LTD,533
2026-03-29,22,MEDIAWORKS RADIO LIMITED,490
2026-03-29,23,Fire and Emergency New Zealand,473
2026-03-29,24,DEPARTMENT OF CONSERVATION,465
2026-03-29,25,TAIT SYSTEMS NZ LIMITED,433
2026-03-30,1,ONE NEW ZEALAND GROUP LIMITED,10932
2026-03-30,2,SPARK NEW ZEALAND TRADING LIMITED,10147
2026-03-30,3,TWO DEGREES NETWORKS LIMITED,8751
2026-03-30,4,CHORUS NEW ZEALAND LIMITED,3375
2026-03-30,5,EONFIBRE LIMITED,2056
2026-03-30,6,VITAL LIMITED,1972
2026-03-30,7,KIWIRAIL,1896
2026-03-30,8,KORDIA LIMITED,1467
2026-03-30,9,RURAL CONNECTIVITY GROUP LIMITED,1414
2026-03-30,10,"The Crown acting by and through the Chief Executive of the Ministry of Business, Innovation, and Employment",1075
2026-03-30,11,NZ DEFENCE FORCE HEADQUARTERS,814
2026-03-30,12,ENTAIN NEW ZEALAND LIMITED,657
2026-03-30,13,SPACE OPERATIONS NEW ZEALAND LIMITED,621
2026-03-30,14,LIGHTWIRE LIMITED,616
2026-03-30,15,AIRWAYS CORPORATION OF NEW ZEALAND LIMITED,597
2026-03-30,16,POWERCO LIMITED,594
2026-03-30,17,NZME RADIO LIMITED,593
2026-03-30,18,NEP BROADCAST SERVICES NEW ZEALAND LIMITED,579
2026-03-30,19,EVERY PERSON,574
2026-03-30,20,ISO LIMITED,552
2026-03-30,21,KIWIRAIL LTD,533
2026-03-30,22,MEDIAWORKS RADIO LIMITED,490
2026-03-30,23,Fire and Emergency New Zealand,473
2026-03-30,24,DEPARTMENT OF CONSERVATION,465
2026-03-30,25,TAIT SYSTEMS NZ LIMITED,433
2026-03-31,1,ONE NEW ZEALAND GROUP LIMITED,10935
2026-03-31,2,SPARK NEW ZEALAND TRADING LIMITED,10141
2026-03-31,3,TWO DEGREES NETWORKS LIMITED,8734
2026-03-31,4,CHORUS NEW ZEALAND LIMITED,3128
2026-03-31,5,EONFIBRE LIMITED,2056
2026-03-31,6,VITAL LIMITED,1972
2026-03-31,7,KIWIRAIL,1896
2026-03-31,8,KORDIA LIMITED,1467
2026-03-31,9,RURAL CONNECTIVITY GROUP LIMITED,1414
2026-03-31,10,"The Crown acting by and through the Chief Executive of the Ministry of Business, Innovation, and Employment",1075
2026-03-31,11,NZ DEFENCE FORCE HEADQUARTERS,814
2026-03-31,12,ENTAIN NEW ZEALAND LIMITED,657
2026-03-31,13,SPACE OPERATIONS NEW ZEALAND LIMITED,621
2026-03-31,14,LIGHTWIRE LIMITED,616
2026-03-31,15,AIRWAYS CORPORATION OF NEW ZEALAND LIMITED,597
2026-03-31,16,POWERCO LIMITED,594
2026-03-31,17,NZME RADIO LIMITED,593
2026-03-31,18,NEP BROADCAST SERVICES NEW ZEALAND LIMITED,579
2026-03-31,19,EVERY PERSON,574
2026-03-31,20,ISO LIMITED,552
2026-03-31,21,KIWIRAIL LTD,533
2026-03-31,22,MEDIAWORKS RADIO LIMITED,490
2026-03-31,23,Fire and Emergency New Zealand,473
2026-03-31,24,DEPARTMENT OF CONSERVATION,465
2026-03-31,25,TAIT SYSTEMS NZ LIMITED,433
2026-04-01,1,ONE NEW ZEALAND GROUP LIMITED,10938
2026-04-01,2,SPARK NEW ZEALAND TRADING LIMITED,10167
2026-04-01,3,TWO DEGREES NETWORKS LIMITED,8738
2026-04-01,4,CHORUS NEW ZEALAND LIMITED,3128
2026-04-01,5,EONFIBRE LIMITED,2056
2026-04-01,6,VITAL LIMITED,1972
2026-04-01,7,KIWIRAIL,1896
2026-04-01,8,KORDIA LIMITED,1467
2026-04-01,9,RURAL CONNECTIVITY GROUP LIMITED,1424
2026-04-01,10,"The Crown acting by and through the Chief Executive of the Ministry of Business, Innovation, and Employment",1075
2026-04-01,11,NZ DEFENCE FORCE HEADQUARTERS,814
2026-04-01,12,ENTAIN NEW ZEALAND LIMITED,657
2026-04-01,13,SPACE OPERATIONS NEW ZEALAND LIMITED,621
2026-04-01,14,LIGHTWIRE LIMITED,616
2026-04-01,15,AIRWAYS CORPORATION OF NEW ZEALAND LIMITED,597
2026-04-01,16,POWERCO LIMITED,594
2026-04-01,17,NZME RADIO LIMITED,593
2026-04-01,18,NEP BROADCAST SERVICES NEW ZEALAND LIMITED,581
2026-04-01,19,EVERY PERSON,574
2026-04-01,20,ISO LIMITED,552
2026-04-01,21,KIWIRAIL LTD,533
2026-04-01,22,MEDIAWORKS RADIO LIMITED,490
2026-04-01,23,Fire and Emergency New Zealand,473
2026-04-01,24,DEPARTMENT OF CONSERVATION,465
2026-04-01,25,TAIT SYSTEMS NZ LIMITED,433
2026-04-02,1,ONE NEW ZEALAND GROUP LIMITED,10938
2026-04-02,2,SPARK NEW ZEALAND TRADING LIMITED,10167
2026-04-02,3,TWO DEGREES NETWORKS LIMITED,8738
2026-04-02,4,CHORUS NEW ZEALAND LIMITED,3128
2026-04-02,5,EONFIBRE LIMITED,2056
2026-04-02,6,VITAL LIMITED,1972
2026-04-02,7,KIWIRAIL,1896
2026-04-02,8,KORDIA LIMITED,1467
2026-04-02,9,RURAL CONNECTIVITY GROUP LIMITED,1424
2026-04-02,10,"The Crown acting by and through the Chief Executive of the Ministry of Business, Innovation, and Employment",1075
2026-04-02,11,NZ DEFENCE FORCE HEADQUARTERS,814
2026-04-02,12,ENTAIN NEW ZEALAND LIMITED,657
2026-04-02,13,SPACE OPERATIONS NEW ZEALAND LIMITED,621
2026-04-02,14,LIGHTWIRE LIMITED,616
2026-04-02,15,AIRWAYS CORPORATION OF NEW ZEALAND LIMITED,597
2026-04-02,16,POWERCO LIMITED,594
2026-04-02,17,NZME RADIO LIMITED,593
2026-04-02,18,NEP BROADCAST SERVICES NEW ZEALAND LIMITED,585
2026-04-02,19,EVERY PERSON,574
2026-04-02,20,ISO LIMITED,552
2026-04-02,21,KIWIRAIL LTD,533
2026-04-02,22,MEDIAWORKS RADIO LIMITED,490
2026-04-02,23,Fire and Emergency New Zealand,473
2026-04-02,24,DEPARTMENT OF CONSERVATION,465
2026-04-02,25,TAIT SYSTEMS NZ LIMITED,433
2026-04-06,1,ONE NEW ZEALAND GROUP LIMITED,10938
2026-04-06,2,SPARK NEW ZEALAND TRADING LIMITED,10167
2026-04-06,3,TWO DEGREES NETWORKS LIMITED,8744
2026-04-06,4,CHORUS NEW ZEALAND LIMITED,3128
2026-04-06,5,EONFIBRE LIMITED,2056
2026-04-06,6,VITAL LIMITED,1972
2026-04-06,7,KIWIRAIL,1896
2026-04-06,8,KORDIA LIMITED,1467
2026-04-06,9,RURAL CONNECTIVITY GROUP LIMITED,1424
2026-04-06,10,"The Crown acting by and through the Chief Executive of the Ministry of Business, Innovation, and Employment",1075
2026-04-06,11,NZ DEFENCE FORCE HEADQUARTERS,814
2026-04-06,12,ENTAIN NEW ZEALAND LIMITED,657
2026-04-06,13,SPACE OPERATIONS NEW ZEALAND LIMITED,621
2026-04-06,14,LIGHTWIRE LIMITED,616
2026-04-06,15,AIRWAYS CORPORATION OF NEW ZEALAND LIMITED,597
2026-04-06,16,POWERCO LIMITED,594
2026-04-06,17,NZME RADIO LIMITED,593
2026-04-06,18,NEP BROADCAST SERVICES NEW ZEALAND LIMITED,585
2026-04-06,19,EVERY PERSON,574
2026-04-06,20,ISO LIMITED,552
2026-04-06,21,KIWIRAIL LTD,533
2026-04-06,22,MEDIAWORKS RADIO LIMITED,490
2026-04-06,23,Fire and Emergency New Zealand,473
2026-04-06,24,DEPARTMENT OF CONSERVATION,465
2026-04-06,25,TAIT SYSTEMS NZ LIMITED,433
2026-04-07,1,ONE NEW ZEALAND GROUP LIMITED,10938
2026-04-07,2,SPARK NEW ZEALAND TRADING LIMITED,10167
2026-04-07,3,TWO DEGREES NETWORKS LIMITED,8744
2026-04-07,4,CHORUS NEW ZEALAND LIMITED,3128
2026-04-07,5,EONFIBRE LIMITED,2056
2026-04-07,6,VITAL LIMITED,1970
2026-04-07,7,KIWIRAIL,1896
2026-04-07,8,KORDIA LIMITED,1467
2026-04-07,9,RURAL CONNECTIVITY GROUP LIMITED,1424
2026-04-07,10,"The Crown acting by and through the Chief Executive of the Ministry of Business, Innovation, and Employment",1075
2026-04-07,11,NZ DEFENCE FORCE HEADQUARTERS,814
2026-04-07,12,ENTAIN NEW ZEALAND LIMITED,657
2026-04-07,13,SPACE OPERATIONS NEW ZEALAND LIMITED,621
2026-04-07,14,LIGHTWIRE LIMITED,616
2026-04-07,15,AIRWAYS CORPORATION OF NEW ZEALAND LIMITED,597
2026-04-07,16,POWERCO LIMITED,594
2026-04-07,17,NZME RADIO LIMITED,593
2026-04-07,18,NEP BROADCAST SERVICES NEW ZEALAND LIMITED,585
2026-04-07,19,EVERY PERSON,574
2026-04-07,20,ISO LIMITED,552
2026-04-07,21,KIWIRAIL LTD,533
2026-04-07,22,MEDIAWORKS RADIO LIMITED,490
2026-04-07,23,Fire and Emergency New Zealand,473
2026-04-07,24,DEPARTMENT OF CONSERVATION,465
2026-04-07,25,TAIT SYSTEMS NZ LIMITED,433
2026-04-08,1,ONE NEW ZEALAND GROUP LIMITED,10938
2026-04-08,2,SPARK NEW ZEALAND TRADING LIMITED,10167
2026-04-08,3,TWO DEGREES NETWORKS LIMITED,8744
2026-04-08,4,CHORUS NEW ZEALAND LIMITED,3128
2026-04-08,5,EONFIBRE LIMITED,2056
2026-04-08,6,VITAL LIMITED,1970
2026-04-08,7,KIWIRAIL,1896
2026-04-08,8,KORDIA LIMITED,1467
2026-04-08,9,RURAL CONNECTIVITY GROUP LIMITED,1424
2026-04-08,10,"The Crown acting by and through the Chief Executive of the Ministry of Business, Innovation, and Employment",1079
2026-04-08,11,NZ DEFENCE FORCE HEADQUARTERS,814
2026-04-08,12,ENTAIN NEW ZEALAND LIMITED,657
2026-04-08,13,SPACE OPERATIONS NEW ZEALAND LIMITED,621
2026-04-08,14,LIGHTWIRE LIMITED,616
2026-04-08,15,AIRWAYS CORPORATION OF NEW ZEALAND LIMITED,597
2026-04-08,16,POWERCO LIMITED,594
2026-04-08,17,NZME RADIO LIMITED,593
2026-04-08,18,NEP BROADCAST SERVICES NEW ZEALAND LIMITED,585
2026-04-08,19,EVERY PERSON,574
2026-04-08,20,ISO LIMITED,552
2026-04-08,21,KIWIRAIL LTD,533
2026-04-08,22,MEDIAWORKS RADIO LIMITED,490
2026-04-08,23,Fire and Emergency New Zealand,473
2026-04-08,24,DEPARTMENT OF CONSERVATION,465
2026-04-08,25,TAIT SYSTEMS NZ LIMITED,433
2026-04-12,1,ONE NEW ZEALAND GROUP LIMITED,10938
2026-04-12,2,SPARK NEW ZEALAND TRADING LIMITED,10167
2026-04-12,3,TWO DEGREES NETWORKS LIMITED,8754
2026-04-12,4,CHORUS NEW ZEALAND LIMITED,3128
2026-04-12,5,EONFIBRE LIMITED,2056
2026-04-12,6,VITAL LIMITED,1970
2026-04-12,7,KIWIRAIL,1896
2026-04-12,8,KORDIA LIMITED,1467
2026-04-12,9,RURAL CONNECTIVITY GROUP LIMITED,1424
2026-04-12,10,"The Crown acting by and through the Chief Executive of the Ministry of Business, Innovation, and Employment",1079
2026-04-12,11,NZ DEFENCE FORCE HEADQUARTERS,814
2026-04-12,12,ENTAIN NEW ZEALAND LIMITED,657
2026-04-12,13,SPACE OPERATIONS NEW ZEALAND LIMITED,621
2026-04-12,14,LIGHTWIRE LIMITED,616
2026-04-12,15,AIRWAYS CORPORATION OF NEW ZEALAND LIMITED,597
2026-04-12,16,POWERCO LIMITED,594
2026-04-12,17,NZME RADIO LIMITED,593
2026-04-12,18,NEP BROADCAST SERVICES NEW ZEALAND LIMITED,584
2026-04-12,19,EVERY PERSON,574
2026-04-12,20,ISO LIMITED,552
2026-04-12,21,KIWIRAIL LTD,533
2026-04-12,22,MEDIAWORKS RADIO LIMITED,490
2026-04-12,23,Fire and Emergency New Zealand,473
2026-04-12,24,DEPARTMENT OF CONSERVATION,465
2026-04-12,25,TAIT SYSTEMS NZ LIMITED,433
2026-04-13,1,ONE NEW ZEALAND GROUP LIMITED,10938
2026-04-13,2,SPARK NEW ZEALAND TRADING LIMITED,10198
2026-04-13,3,TWO DEGREES NETWORKS LIMITED,8758
2026-04-13,4,CHORUS NEW ZEALAND LIMITED,3128
2026-04-13,5,EONFIBRE LIMITED,2056
2026-04-13,6,VITAL LIMITED,1970
2026-04-13,7,KIWIRAIL,1896
2026-04-13,8,KORDIA LIMITED,1467
2026-04-13,9,RURAL CONNECTIVITY GROUP LIMITED,1424
2026-04-13,10,"The Crown acting by and through the Chief Executive of the Ministry of Business, Innovation, and Employment",1079
2026-04-13,11,NZ DEFENCE FORCE HEADQUARTERS,814
2026-04-13,12,ENTAIN NEW ZEALAND LIMITED,657
2026-04-13,13,SPACE OPERATIONS NEW ZEALAND LIMITED,638
2026-04-13,14,LIGHTWIRE LIMITED,616
2026-04-13,15,AIRWAYS CORPORATION OF NEW ZEALAND LIMITED,597
2026-04-13,16,POWERCO LIMITED,594
2026-04-13,17,NZME RADIO LIMITED,593
2026-04-13,18,NEP BROADCAST SERVICES NEW ZEALAND LIMITED,584
2026-04-13,19,EVERY PERSON,574
2026-04-13,20,ISO LIMITED,552
2026-04-13,21,KIWIRAIL LTD,533
2026-04-13,22,MEDIAWORKS RADIO LIMITED,490
2026-04-13,23,Fire and Emergency New Zealand,473
2026-04-13,24,DEPARTMENT OF CONSERVATION,465
2026-04-13,25,TAIT SYSTEMS NZ LIMITED,433
2026-04-14,1,ONE NEW ZEALAND GROUP LIMITED,10938
2026-04-14,2,SPARK NEW ZEALAND TRADING LIMITED,10200
2026-04-14,3,TWO DEGREES NETWORKS LIMITED,8758
2026-04-14,4,CHORUS NEW ZEALAND LIMITED,3128
2026-04-14,5,EONFIBRE LIMITED,2056
2026-04-14,6,VITAL LIMITED,1970
2026-04-14,7,KIWIRAIL,1896
2026-04-14,8,KORDIA LIMITED,1471
2026-04-14,9,RURAL CONNECTIVITY GROUP LIMITED,1424
2026-04-14,10,"The Crown acting by and through the Chief Executive of the Ministry of Business, Innovation, and Employment",1079
2026-04-14,11,NZ DEFENCE FORCE HEADQUARTERS,814
2026-04-14,12,ENTAIN NEW ZEALAND LIMITED,657
2026-04-14,13,SPACE OPERATIONS NEW ZEALAND LIMITED,635
2026-04-14,14,LIGHTWIRE LIMITED,616
2026-04-14,15,AIRWAYS CORPORATION OF NEW ZEALAND LIMITED,597
2026-04-14,16,POWERCO LIMITED,594
2026-04-14,17,NZME RADIO LIMITED,593
2026-04-14,18,NEP BROADCAST SERVICES NEW ZEALAND LIMITED,584
2026-04-14,19,EVERY PERSON,574
2026-04-14,20,ISO LIMITED,552
2026-04-14,21,KIWIRAIL LTD,533
2026-04-14,22,MEDIAWORKS RADIO LIMITED,490
2026-04-14,23,Fire and Emergency New Zealand,474
2026-04-14,24,DEPARTMENT OF CONSERVATION,465
2026-04-14,25,TAIT SYSTEMS NZ LIMITED,433
2026-04-15,1,ONE NEW ZEALAND GROUP LIMITED,10938
2026-04-15,2,SPARK NEW ZEALAND TRADING LIMITED,10199
2026-04-15,3,TWO DEGREES NETWORKS LIMITED,8758
2026-04-15,4,CHORUS NEW ZEALAND LIMITED,3126
2026-04-15,5,EONFIBRE LIMITED,2056
2026-04-15,6,VITAL LIMITED,1970
2026-04-15,7,KIWIRAIL,1896
2026-04-15,8,KORDIA LIMITED,1471
2026-04-15,9,RURAL CONNECTIVITY GROUP LIMITED,1424
2026-04-15,10,"The Crown acting by and through the Chief Executive of the Ministry of Business, Innovation, and Employment",1079
2026-04-15,11,NZ DEFENCE FORCE HEADQUARTERS,814
2026-04-15,12,ENTAIN NEW ZEALAND LIMITED,657
2026-04-15,13,SPACE OPERATIONS NEW ZEALAND LIMITED,635
2026-04-15,14,LIGHTWIRE LIMITED,616
2026-04-15,15,AIRWAYS CORPORATION OF NEW ZEALAND LIMITED,597
2026-04-15,16,POWERCO LIMITED,594
2026-04-15,17,NZME RADIO LIMITED,593
2026-04-15,18,NEP BROADCAST SERVICES NEW ZEALAND LIMITED,584
2026-04-15,19,EVERY PERSON,574
2026-04-15,20,ISO LIMITED,552
2026-04-15,21,KIWIRAIL LTD,533
2026-04-15,22,MEDIAWORKS RADIO LIMITED,490
2026-04-15,23,Fire and Emergency New Zealand,474
2026-04-15,24,DEPARTMENT OF CONSERVATION,465
2026-04-15,25,TAIT SYSTEMS NZ LIMITED,433
2026-04-16,1,ONE NEW ZEALAND GROUP LIMITED,10938
2026-04-16,2,SPARK NEW ZEALAND TRADING LIMITED,10186
2026-04-16,3,TWO DEGREES NETWORKS LIMITED,8758
2026-04-16,4,CHORUS NEW ZEALAND LIMITED,3126
2026-04-16,5,EONFIBRE LIMITED,2056
2026-04-16,6,VITAL LIMITED,1970
2026-04-16,7,KIWIRAIL,1896
2026-04-16,8,KORDIA LIMITED,1471
2026-04-16,9,RURAL CONNECTIVITY GROUP LIMITED,1424
2026-04-16,10,"The Crown acting by and through the Chief Executive of the Ministry of Business, Innovation, and Employment",1079
2026-04-16,11,NZ DEFENCE FORCE HEADQUARTERS,814
2026-04-16,12,ENTAIN NEW ZEALAND LIMITED,657
2026-04-16,13,SPACE OPERATIONS NEW ZEALAND LIMITED,635
2026-04-16,14,LIGHTWIRE LIMITED,616
2026-04-16,15,AIRWAYS CORPORATION OF NEW ZEALAND LIMITED,597
2026-04-16,16,POWERCO LIMITED,594
2026-04-16,17,NZME RADIO LIMITED,593
2026-04-16,18,NEP BROADCAST SERVICES NEW ZEALAND LIMITED,584
2026-04-16,19,EVERY PERSON,574
2026-04-16,20,ISO LIMITED,552
2026-04-16,21,KIWIRAIL LTD,533
2026-04-16,22,MEDIAWORKS RADIO LIMITED,490
2026-04-16,23,Fire and Emergency New Zealand,474
2026-04-16,24,DEPARTMENT OF CONSERVATION,465
2026-04-16,25,TAIT SYSTEMS NZ LIMITED,433
2026-04-17,1,ONE NEW ZEALAND GROUP LIMITED,10938
2026-04-17,2,SPARK NEW ZEALAND TRADING LIMITED,10181
2026-04-17,3,TWO DEGREES NETWORKS LIMITED,8758
2026-04-17,4,CHORUS NEW ZEALAND LIMITED,3126
2026-04-17,5,EONFIBRE LIMITED,2056
2026-04-17,6,VITAL LIMITED,1970
2026-04-17,7,KIWIRAIL,1896
2026-04-17,8,KORDIA LIMITED,1471
2026-04-17,9,RURAL CONNECTIVITY GROUP LIMITED,1424
2026-04-17,10,"The Crown acting by and through the Chief Executive of the Ministry of Business, Innovation, and Employment",1079
2026-04-17,11,NZ DEFENCE FORCE HEADQUARTERS,814
2026-04-17,12,ENTAIN NEW ZEALAND LIMITED,657
2026-04-17,13,SPACE OPERATIONS NEW ZEALAND LIMITED,635
2026-04-17,14,LIGHTWIRE LIMITED,616
2026-04-17,15,AIRWAYS CORPORATION OF NEW ZEALAND LIMITED,597
2026-04-17,16,POWERCO LIMITED,594
2026-04-17,17,NZME RADIO LIMITED,593
2026-04-17,18,NEP BROADCAST SERVICES NEW ZEALAND LIMITED,584
2026-04-17,19,EVERY PERSON,574
2026-04-17,20,ISO LIMITED,552
2026-04-17,21,KIWIRAIL LTD,533
2026-04-17,22,MEDIAWORKS RADIO LIMITED,490
2026-04-17,23,Fire and Emergency New Zealand,474
2026-04-17,24,DEPARTMENT OF CONSERVATION,465
2026-04-17,25,TAIT SYSTEMS NZ LIMITED,433
2026-04-19,1,ONE NEW ZEALAND GROUP LIMITED,10938
2026-04-19,2,SPARK NEW ZEALAND TRADING LIMITED,10181
2026-04-19,3,TWO DEGREES NETWORKS LIMITED,8758
2026-04-19,4,CHORUS NEW ZEALAND LIMITED,3126
2026-04-19,5,EONFIBRE LIMITED,2056
2026-04-19,6,VITAL LIMITED,1970
2026-04-19,7,KIWIRAIL,1896
2026-04-19,8,KORDIA LIMITED,1471
2026-04-19,9,RURAL CONNECTIVITY GROUP LIMITED,1424
2026-04-19,10,"The Crown acting by and through the Chief Executive of the Ministry of Business, Innovation, and Employment",1079
2026-04-19,11,NZ DEFENCE FORCE HEADQUARTERS,814
2026-04-19,12,ENTAIN NEW ZEALAND LIMITED,657
2026-04-19,13,SPACE OPERATIONS NEW ZEALAND LIMITED,635
2026-04-19,14,LIGHTWIRE LIMITED,616
2026-04-19,15,AIRWAYS CORPORATION OF NEW ZEALAND LIMITED,597
2026-04-19,16,POWERCO LIMITED,594
2026-04-19,17,NZME RADIO LIMITED,593
2026-04-19,18,NEP BROADCAST SERVICES NEW ZEALAND LIMITED,583
2026-04-19,19,EVERY PERSON,574
2026-04-19,20,ISO LIMITED,552
2026-04-19,21,KIWIRAIL LTD,533
2026-04-19,22,MEDIAWORKS RADIO LIMITED,490
2026-04-19,23,Fire and Emergency New Zealand,474
2026-04-19,24,DEPARTMENT OF CONSERVATION,465
2026-04-19,25,TAIT SYSTEMS NZ LIMITED,433
2026-04-20,1,ONE NEW ZEALAND GROUP LIMITED,10938
2026-04-20,2,SPARK NEW ZEALAND TRADING LIMITED,10176
2026-04-20,3,TWO DEGREES NETWORKS LIMITED,8758
2026-04-20,4,CHORUS NEW ZEALAND LIMITED,3126
2026-04-20,5,EONFIBRE LIMITED,2056
2026-04-20,6,VITAL LIMITED,1971
2026-04-20,7,KIWIRAIL,1896
2026-04-20,8,KORDIA LIMITED,1469
2026-04-20,9,RURAL CONNECTIVITY GROUP LIMITED,1424
2026-04-20,10,"The Crown acting by and through the Chief Executive of the Ministry of Business, Innovation, and Employment",1079
2026-04-20,11,NZ DEFENCE FORCE HEADQUARTERS,814
2026-04-20,12,ENTAIN NEW ZEALAND LIMITED,657
2026-04-20,13,SPACE OPERATIONS NEW ZEALAND LIMITED,635
2026-04-20,14,AMAZON KUIPER NEW ZEALAND LIMITED,616
2026-04-20,15,LIGHTWIRE LIMITED,616
2026-04-20,16,AIRWAYS CORPORATION OF NEW ZEALAND LIMITED,597
2026-04-20,17,POWERCO LIMITED,594
2026-04-20,18,NZME RADIO LIMITED,593
2026-04-20,19,EVERY PERSON,574
2026-04-20,20,ISO LIMITED,552
2026-04-20,21,NEP BROADCAST SERVICES NEW ZEALAND LIMITED,549
2026-04-20,22,KIWIRAIL LTD,533
2026-04-20,23,MEDIAWORKS RADIO LIMITED,490
2026-04-20,24,Fire and Emergency New Zealand,474
2026-04-20,25,DEPARTMENT OF CONSERVATION,465
2026-04-21,1,ONE NEW ZEALAND GROUP LIMITED,11047
2026-04-21,2,SPARK NEW ZEALAND TRADING LIMITED,10200
2026-04-21,3,TWO DEGREES NETWORKS LIMITED,8763
2026-04-21,4,CHORUS NEW ZEALAND LIMITED,3126
2026-04-21,5,EONFIBRE LIMITED,2056
2026-04-21,6,VITAL LIMITED,1971
2026-04-21,7,KIWIRAIL,1896
2026-04-21,8,KORDIA LIMITED,1467
2026-04-21,9,RURAL CONNECTIVITY GROUP LIMITED,1424
2026-04-21,10,"The Crown acting by and through the Chief Executive of the Ministry of Business, Innovation, and Employment",1080
2026-04-21,11,NZ DEFENCE FORCE HEADQUARTERS,814
2026-04-21,12,ENTAIN NEW ZEALAND LIMITED,657
2026-04-21,13,SPACE OPERATIONS NEW ZEALAND LIMITED,635
2026-04-21,14,LIGHTWIRE LIMITED,616
2026-04-21,15,AMAZON KUIPER NEW ZEALAND LIMITED,616
2026-04-21,16,AIRWAYS CORPORATION OF NEW ZEALAND LIMITED,597
2026-04-21,17,POWERCO LIMITED,594
2026-04-21,18,NZME RADIO LIMITED,593
2026-04-21,19,EVERY PERSON,574
2026-04-21,20,ISO LIMITED,552
2026-04-21,21,NEP BROADCAST SERVICES NEW ZEALAND LIMITED,549
2026-04-21,22,KIWIRAIL LTD,533
2026-04-21,23,MEDIAWORKS RADIO LIMITED,490
2026-04-21,24,Fire and Emergency New Zealand,474
2026-04-21,25,DEPARTMENT OF CONSERVATION,465
2026-04-22,1,ONE NEW ZEALAND GROUP LIMITED,11047
2026-04-22,2,SPARK NEW ZEALAND TRADING LIMITED,10209
2026-04-22,3,TWO DEGREES NETWORKS LIMITED,8763
2026-04-22,4,CHORUS NEW ZEALAND LIMITED,3120
2026-04-22,5,EONFIBRE LIMITED,2056
2026-04-22,6,VITAL LIMITED,1971
2026-04-22,7,KIWIRAIL,1896
2026-04-22,8,KORDIA LIMITED,1467
2026-04-22,9,RURAL CONNECTIVITY GROUP LIMITED,1424
2026-04-22,10,"The Crown acting by and through the Chief Executive of the Ministry of Business, Innovation, and Employment",1080
2026-04-22,11,NZ DEFENCE FORCE HEADQUARTERS,814
2026-04-22,12,ENTAIN NEW ZEALAND LIMITED,657
2026-04-22,13,SPACE OPERATIONS NEW ZEALAND LIMITED,635
2026-04-22,14,AMAZON KUIPER NEW ZEALAND LIMITED,616
2026-04-22,15,LIGHTWIRE LIMITED,616
2026-04-22,16,AIRWAYS CORPORATION OF NEW ZEALAND LIMITED,597
2026-04-22,17,POWERCO LIMITED,594
2026-04-22,18,NZME RADIO LIMITED,593
2026-04-22,19,EVERY PERSON,574
2026-04-22,20,ISO LIMITED,552
2026-04-22,21,NEP BROADCAST SERVICES NEW ZEALAND LIMITED,549
2026-04-22,22,KIWIRAIL LTD,533
2026-04-22,23,MEDIAWORKS RADIO LIMITED,490
2026-04-22,24,Fire and Emergency New Zealand,474
2026-04-22,25,DEPARTMENT OF CONSERVATION,465
2026-04-23,1,ONE NEW ZEALAND GROUP LIMITED,11049
2026-04-23,2,SPARK NEW ZEALAND TRADING LIMITED,10204
2026-04-23,3,TWO DEGREES NETWORKS LIMITED,8765
2026-04-23,4,CHORUS NEW ZEALAND LIMITED,3120
2026-04-23,5,EONFIBRE LIMITED,2056
2026-04-23,6,VITAL LIMITED,1971
2026-04-23,7,KIWIRAIL,1896
2026-04-23,8,KORDIA LIMITED,1467
2026-04-23,9,RURAL CONNECTIVITY GROUP LIMITED,1424
2026-04-23,10,"The Crown acting by and through the Chief Executive of the Ministry of Business, Innovation, and Employment",1080
2026-04-23,11,NZ DEFENCE FORCE HEADQUARTERS,814
2026-04-23,12,ENTAIN NEW ZEALAND LIMITED,657
2026-04-23,13,SPACE OPERATIONS NEW ZEALAND LIMITED,635
2026-04-23,14,LIGHTWIRE LIMITED,616
2026-04-23,15,AMAZON KUIPER NEW ZEALAND LIMITED,616
2026-04-23,16,POWERCO LIMITED,600
2026-04-23,17,AIRWAYS CORPORATION OF NEW ZEALAND LIMITED,597
2026-04-23,18,NZME RADIO LIMITED,593
2026-04-23,19,EVERY PERSON,574
2026-04-23,20,ISO LIMITED,552
2026-04-23,21,NEP BROADCAST SERVICES NEW ZEALAND LIMITED,549
2026-04-23,22,KIWIRAIL LTD,533
2026-04-23,23,MEDIAWORKS RADIO LIMITED,490
2026-04-23,24,Fire and Emergency New Zealand,474
2026-04-23,25,DEPARTMENT OF CONSERVATION,465
2026-04-24,1,ONE NEW ZEALAND GROUP LIMITED,11049
2026-04-24,2,SPARK NEW ZEALAND TRADING LIMITED,10204
2026-04-24,3,TWO DEGREES NETWORKS LIMITED,8767
2026-04-24,4,CHORUS NEW ZEALAND LIMITED,3120
2026-04-24,5,EONFIBRE LIMITED,2056
2026-04-24,6,VITAL LIMITED,1971
2026-04-24,7,KIWIRAIL,1896
2026-04-24,8,KORDIA LIMITED,1467
2026-04-24,9,RURAL CONNECTIVITY GROUP LIMITED,1424
2026-04-24,10,"The Crown acting by and through the Chief Executive of the Ministry of Business, Innovation, and Employment",1080
2026-04-24,11,NZ DEFENCE FORCE HEADQUARTERS,814
2026-04-24,12,ENTAIN NEW ZEALAND LIMITED,657
2026-04-24,13,SPACE OPERATIONS NEW ZEALAND LIMITED,635
2026-04-24,14,AMAZON KUIPER NEW ZEALAND LIMITED,616
2026-04-24,15,LIGHTWIRE LIMITED,616
2026-04-24,16,POWERCO LIMITED,600
2026-04-24,17,AIRWAYS CORPORATION OF NEW ZEALAND LIMITED,597
2026-04-24,18,NZME RADIO LIMITED,593
2026-04-24,19,EVERY PERSON,574
2026-04-24,20,ISO LIMITED,552
2026-04-24,21,NEP BROADCAST SERVICES NEW ZEALAND LIMITED,549
2026-04-24,22,KIWIRAIL LTD,533
2026-04-24,23,MEDIAWORKS RADIO LIMITED,490
2026-04-24,24,Fire and Emergency New Zealand,474
2026-04-24,25,DEPARTMENT OF CONSERVATION,465
2026-04-25,1,ONE NEW ZEALAND GROUP LIMITED,11049
2026-04-25,2,SPARK NEW ZEALAND TRADING LIMITED,10204
2026-04-25,3,TWO DEGREES NETWORKS LIMITED,8767
2026-04-25,4,CHORUS NEW ZEALAND LIMITED,3120
2026-04-25,5,EONFIBRE LIMITED,2056
2026-04-25,6,VITAL LIMITED,1971
2026-04-25,7,KIWIRAIL,1896
2026-04-25,8,KORDIA LIMITED,1467
2026-04-25,9,RURAL CONNECTIVITY GROUP LIMITED,1424
2026-04-25,10,"The Crown acting by and through the Chief Executive of the Ministry of Business, Innovation, and Employment",1080
2026-04-25,11,NZ DEFENCE FORCE HEADQUARTERS,814
2026-04-25,12,ENTAIN NEW ZEALAND LIMITED,657
2026-04-25,13,SPACE OPERATIONS NEW ZEALAND LIMITED,635
2026-04-25,14,LIGHTWIRE LIMITED,616
2026-04-25,15,AMAZON KUIPER NEW ZEALAND LIMITED,616
2026-04-25,16,POWERCO LIMITED,600
2026-04-25,17,AIRWAYS CORPORATION OF NEW ZEALAND LIMITED,597
2026-04-25,18,NZME RADIO LIMITED,593
2026-04-25,19,EVERY PERSON,574
2026-04-25,20,ISO LIMITED,552
2026-04-25,21,NEP BROADCAST SERVICES NEW ZEALAND LIMITED,549
2026-04-25,22,KIWIRAIL LTD,533
2026-04-25,23,MEDIAWORKS RADIO LIMITED,490
2026-04-25,24,Fire and Emergency New Zealand,474
2026-04-25,25,DEPARTMENT OF CONSERVATION,465
2026-04-26,1,ONE NEW ZEALAND GROUP LIMITED,11049
2026-04-26,2,SPARK NEW ZEALAND TRADING LIMITED,10204
2026-04-26,3,TWO DEGREES NETWORKS LIMITED,8767
2026-04-26,4,CHORUS NEW ZEALAND LIMITED,3120
2026-04-26,5,EONFIBRE LIMITED,2056
2026-04-26,6,VITAL LIMITED,1971
2026-04-26,7,KIWIRAIL,1896
2026-04-26,8,KORDIA LIMITED,1467
2026-04-26,9,RURAL CONNECTIVITY GROUP LIMITED,1424
2026-04-26,10,"The Crown acting by and through the Chief Executive of the Ministry of Business, Innovation, and Employment",1080
2026-04-26,11,NZ DEFENCE FORCE HEADQUARTERS,814
2026-04-26,12,ENTAIN NEW ZEALAND LIMITED,657
2026-04-26,13,SPACE OPERATIONS NEW ZEALAND LIMITED,635
2026-04-26,14,AMAZON KUIPER NEW ZEALAND LIMITED,616
2026-04-26,15,LIGHTWIRE LIMITED,616
2026-04-26,16,POWERCO LIMITED,600
2026-04-26,17,AIRWAYS CORPORATION OF NEW ZEALAND LIMITED,597
2026-04-26,18,NZME RADIO LIMITED,593
2026-04-26,19,EVERY PERSON,574
2026-04-26,20,ISO LIMITED,552
2026-04-26,21,NEP BROADCAST SERVICES NEW ZEALAND LIMITED,549
2026-04-26,22,KIWIRAIL LTD,533
2026-04-26,23,MEDIAWORKS RADIO LIMITED,490
2026-04-26,24,Fire and Emergency New Zealand,474
2026-04-26,25,DEPARTMENT OF CONSERVATION,465
2026-04-27,1,ONE NEW ZEALAND GROUP LIMITED,11049
2026-04-27,2,SPARK NEW ZEALAND TRADING LIMITED,10204
2026-04-27,3,TWO DEGREES NETWORKS LIMITED,8767
2026-04-27,4,CHORUS NEW ZEALAND LIMITED,3118
2026-04-27,5,EONFIBRE LIMITED,2056
2026-04-27,6,VITAL LIMITED,1971
2026-04-27,7,KIWIRAIL,1896
2026-04-27,8,KORDIA LIMITED,1459
2026-04-27,9,RURAL CONNECTIVITY GROUP LIMITED,1424
2026-04-27,10,"The Crown acting by and through the Chief Executive of the Ministry of Business, Innovation, and Employment",1080
2026-04-27,11,NZ DEFENCE FORCE HEADQUARTERS,814
2026-04-27,12,ENTAIN NEW ZEALAND LIMITED,657
2026-04-27,13,SPACE OPERATIONS NEW ZEALAND LIMITED,635
2026-04-27,14,LIGHTWIRE LIMITED,616
2026-04-27,15,AMAZON KUIPER NEW ZEALAND LIMITED,616
2026-04-27,16,POWERCO LIMITED,600
2026-04-27,17,AIRWAYS CORPORATION OF NEW ZEALAND LIMITED,597
2026-04-27,18,NZME RADIO LIMITED,593
2026-04-27,19,EVERY PERSON,574
2026-04-27,20,ISO LIMITED,552
2026-04-27,21,NEP BROADCAST SERVICES NEW ZEALAND LIMITED,549
2026-04-27,22,KIWIRAIL LTD,533
2026-04-27,23,MEDIAWORKS RADIO LIMITED,490
2026-04-27,24,Fire and Emergency New Zealand,474
2026-04-27,25,DEPARTMENT OF CONSERVATION,465
2026-04-28,1,ONE NEW ZEALAND GROUP LIMITED,11049
2026-04-28,2,SPARK NEW ZEALAND TRADING LIMITED,10204
2026-04-28,3,TWO DEGREES NETWORKS LIMITED,8767
2026-04-28,4,CHORUS NEW ZEALAND LIMITED,3112
2026-04-28,5,EONFIBRE LIMITED,2056
2026-04-28,6,VITAL LIMITED,1971
2026-04-28,7,KIWIRAIL,1896
2026-04-28,8,KORDIA LIMITED,1459
2026-04-28,9,RURAL CONNECTIVITY GROUP LIMITED,1424
2026-04-28,10,"The Crown acting by and through the Chief Executive of the Ministry of Business, Innovation, and Employment",1080
2026-04-28,11,NZ DEFENCE FORCE HEADQUARTERS,814
2026-04-28,12,ENTAIN NEW ZEALAND LIMITED,657
2026-04-28,13,SPACE OPERATIONS NEW ZEALAND LIMITED,635
2026-04-28,14,LIGHTWIRE LIMITED,616
2026-04-28,15,AMAZON KUIPER NEW ZEALAND LIMITED,616
2026-04-28,16,POWERCO LIMITED,600
2026-04-28,17,AIRWAYS CORPORATION OF NEW ZEALAND LIMITED,597
2026-04-28,18,NZME RADIO LIMITED,593
2026-04-28,19,EVERY PERSON,574
2026-04-28,20,ISO LIMITED,552
2026-04-28,21,NEP BROADCAST SERVICES NEW ZEALAND LIMITED,549
2026-04-28,22,KIWIRAIL LTD,533
2026-04-28,23,MEDIAWORKS RADIO LIMITED,490
2026-04-28,24,Fire and Emergency New Zealand,474
2026-04-28,25,DEPARTMENT OF CONSERVATION,465
2026-04-29,1,ONE NEW ZEALAND GROUP LIMITED,11049
2026-04-29,2,SPARK NEW ZEALAND TRADING LIMITED,10199
2026-04-29,3,TWO DEGREES NETWORKS LIMITED,8774
2026-04-29,4,CHORUS NEW ZEALAND LIMITED,3112
2026-04-29,5,EONFIBRE LIMITED,2056
2026-04-29,6,VITAL LIMITED,1967
2026-04-29,7,KIWIRAIL,1896
2026-04-29,8,KORDIA LIMITED,1459
2026-04-29,9,RURAL CONNECTIVITY GROUP LIMITED,1424
2026-04-29,10,"The Crown acting by and through the Chief Executive of the Ministry of Business, Innovation, and Employment",1080
2026-04-29,11,NZ DEFENCE FORCE HEADQUARTERS,814
2026-04-29,12,ENTAIN NEW ZEALAND LIMITED,657
2026-04-29,13,SPACE OPERATIONS NEW ZEALAND LIMITED,635
2026-04-29,14,LIGHTWIRE LIMITED,616
2026-04-29,15,AMAZON KUIPER NEW ZEALAND LIMITED,616
2026-04-29,16,POWERCO LIMITED,600
2026-04-29,17,AIRWAYS CORPORATION OF NEW ZEALAND LIMITED,597
2026-04-29,18,NZME RADIO LIMITED,593
2026-04-29,19,EVERY PERSON,576
2026-04-29,20,ISO LIMITED,552
2026-04-29,21,NEP BROADCAST SERVICES NEW ZEALAND LIMITED,549
2026-04-29,22,KIWIRAIL LTD,533
2026-04-29,23,MEDIAWORKS RADIO LIMITED,490
2026-04-29,24,Fire and Emergency New Zealand,474
2026-04-29,25,DEPARTMENT OF CONSERVATION,465
2026-04-30,1,ONE NEW ZEALAND GROUP LIMITED,11049
2026-04-30,2,SPARK NEW ZEALAND TRADING LIMITED,10199
2026-04-30,3,TWO DEGREES NETWORKS LIMITED,8774
2026-04-30,4,CHORUS NEW ZEALAND LIMITED,3112
2026-04-30,5,EONFIBRE LIMITED,2056
2026-04-30,6,VITAL LIMITED,1969
2026-04-30,7,KIWIRAIL,1896
2026-04-30,8,KORDIA LIMITED,1459
2026-04-30,9,RURAL CONNECTIVITY GROUP LIMITED,1424
2026-04-30,10,"The Crown acting by and through the Chief Executive of the Ministry of Business, Innovation, and Employment",1080
2026-04-30,11,NZ DEFENCE FORCE HEADQUARTERS,814
2026-04-30,12,AMAZON KUIPER NEW ZEALAND LIMITED,683
2026-04-30,13,ENTAIN NEW ZEALAND LIMITED,657
2026-04-30,14,SPACE OPERATIONS NEW ZEALAND LIMITED,635
2026-04-30,15,LIGHTWIRE LIMITED,616
2026-04-30,16,POWERCO LIMITED,600
2026-04-30,17,AIRWAYS CORPORATION OF NEW ZEALAND LIMITED,597
2026-04-30,18,NZME RADIO LIMITED,593
2026-04-30,19,EVERY PERSON,576
2026-04-30,20,ISO LIMITED,552
2026-04-30,21,NEP BROADCAST SERVICES NEW ZEALAND LIMITED,549
2026-04-30,22,KIWIRAIL LTD,533
2026-04-30,23,MEDIAWORKS RADIO LIMITED,490
2026-04-30,24,Fire and Emergency New Zealand,474
2026-04-30,25,DEPARTMENT OF CONSERVATION,465
2026-05-01,1,ONE NEW ZEALAND GROUP LIMITED,11049
2026-05-01,2,SPARK NEW ZEALAND TRADING LIMITED,10199
2026-05-01,3,TWO DEGREES NETWORKS LIMITED,8774
2026-05-01,4,CHORUS NEW ZEALAND LIMITED,3112
2026-05-01,5,EONFIBRE LIMITED,2056
2026-05-01,6,VITAL LIMITED,1969
2026-05-01,7,KIWIRAIL,1896
2026-05-01,8,KORDIA LIMITED,1460
2026-05-01,9,RURAL CONNECTIVITY GROUP LIMITED,1424
2026-05-01,10,"The Crown acting by and through the Chief Executive of the Ministry of Business, Innovation, and Employment",1080
2026-05-01,11,NZ DEFENCE FORCE HEADQUARTERS,814
2026-05-01,12,AMAZON KUIPER NEW ZEALAND LIMITED,683
2026-05-01,13,ENTAIN NEW ZEALAND LIMITED,657
2026-05-01,14,SPACE OPERATIONS NEW ZEALAND LIMITED,635
2026-05-01,15,LIGHTWIRE LIMITED,616
2026-05-01,16,POWERCO LIMITED,600
2026-05-01,17,AIRWAYS CORPORATION OF NEW ZEALAND LIMITED,597
2026-05-01,18,NZME RADIO LIMITED,593
2026-05-01,19,EVERY PERSON,576
2026-05-01,20,ISO LIMITED,552
2026-05-01,21,NEP BROADCAST SERVICES NEW ZEALAND LIMITED,549
2026-05-01,22,KIWIRAIL LTD,533
2026-05-01,23,MEDIAWORKS RADIO LIMITED,490
2026-05-01,24,Fire and Emergency New Zealand,474
2026-05-01,25,DEPARTMENT OF CONSERVATION,465
2026-05-04,1,ONE NEW ZEALAND GROUP LIMITED,11049
2026-05-04,2,SPARK NEW ZEALAND TRADING LIMITED,10199
2026-05-04,3,TWO DEGREES NETWORKS LIMITED,8774
2026-05-04,4,CHORUS NEW ZEALAND LIMITED,3112
2026-05-04,5,EONFIBRE LIMITED,2068
2026-05-04,6,VITAL LIMITED,1969
2026-05-04,7,KIWIRAIL,1896
2026-05-04,8,KORDIA LIMITED,1467
2026-05-04,9,RURAL CONNECTIVITY GROUP LIMITED,1424
2026-05-04,10,"The Crown acting by and through the Chief Executive of the Ministry of Business, Innovation, and Employment",1080
2026-05-04,11,NZ DEFENCE FORCE HEADQUARTERS,814
2026-05-04,12,AMAZON KUIPER NEW ZEALAND LIMITED,683
2026-05-04,13,ENTAIN NEW ZEALAND LIMITED,657
2026-05-04,14,SPACE OPERATIONS NEW ZEALAND LIMITED,635
2026-05-04,15,LIGHTWIRE LIMITED,616
2026-05-04,16,POWERCO LIMITED,600
2026-05-04,17,AIRWAYS CORPORATION OF NEW ZEALAND LIMITED,597
2026-05-04,18,NZME RADIO LIMITED,593
2026-05-04,19,EVERY PERSON,576
2026-05-04,20,ISO LIMITED,552
2026-05-04,21,NEP BROADCAST SERVICES NEW ZEALAND LIMITED,549
2026-05-04,22,KIWIRAIL LTD,533
2026-05-04,23,MEDIAWORKS RADIO LIMITED,490
2026-05-04,24,Fire and Emergency New Zealand,474
2026-05-04,25,DEPARTMENT OF CONSERVATION,465
2026-05-05,1,ONE NEW ZEALAND GROUP LIMITED,11049
2026-05-05,2,SPARK NEW ZEALAND TRADING LIMITED,10205
2026-05-05,3,TWO DEGREES NETWORKS LIMITED,8785
2026-05-05,4,CHORUS NEW ZEALAND LIMITED,3112
2026-05-05,5,EONFIBRE LIMITED,2069
2026-05-05,6,VITAL LIMITED,1969
2026-05-05,7,KIWIRAIL,1896
2026-05-05,8,KORDIA LIMITED,1467
2026-05-05,9,RURAL CONNECTIVITY GROUP LIMITED,1307
2026-05-05,10,"The Crown acting by and through the Chief Executive of the Ministry of Business, Innovation, and Employment",1080
2026-05-05,11,NZ DEFENCE FORCE HEADQUARTERS,814
2026-05-05,12,AMAZON KUIPER NEW ZEALAND LIMITED,683
2026-05-05,13,ENTAIN NEW ZEALAND LIMITED,657
2026-05-05,14,SPACE OPERATIONS NEW ZEALAND LIMITED,635
2026-05-05,15,LIGHTWIRE LIMITED,616
2026-05-05,16,POWERCO LIMITED,600
2026-05-05,17,AIRWAYS CORPORATION OF NEW ZEALAND LIMITED,597
2026-05-05,18,NZME RADIO LIMITED,593
2026-05-05,19,EVERY PERSON,576
2026-05-05,20,ISO LIMITED,552
2026-05-05,21,NEP BROADCAST SERVICES NEW ZEALAND LIMITED,549
2026-05-05,22,KIWIRAIL LTD,533
2026-05-05,23,MEDIAWORKS RADIO LIMITED,490
2026-05-05,24,Fire and Emergency New Zealand,474
2026-05-05,25,DEPARTMENT OF CONSERVATION,465
2026-05-06,1,ONE NEW ZEALAND GROUP LIMITED,11049
2026-05-06,2,SPARK NEW ZEALAND TRADING LIMITED,10205
2026-05-06,3,TWO DEGREES NETWORKS LIMITED,8785
2026-05-06,4,CHORUS NEW ZEALAND LIMITED,3112
2026-05-06,5,EONFIBRE LIMITED,2068
2026-05-06,6,VITAL LIMITED,1969
2026-05-06,7,KIWIRAIL,1903
2026-05-06,8,KORDIA LIMITED,1465
2026-05-06,9,RURAL CONNECTIVITY GROUP LIMITED,1307
2026-05-06,10,"The Crown acting by and through the Chief Executive of the Ministry of Business, Innovation, and Employment",1080
2026-05-06,11,NZ DEFENCE FORCE HEADQUARTERS,814
2026-05-06,12,AMAZON KUIPER NEW ZEALAND LIMITED,683
2026-05-06,13,ENTAIN NEW ZEALAND LIMITED,657
2026-05-06,14,SPACE OPERATIONS NEW ZEALAND LIMITED,635
2026-05-06,15,LIGHTWIRE LIMITED,616
2026-05-06,16,POWERCO LIMITED,600
2026-05-06,17,AIRWAYS CORPORATION OF NEW ZEALAND LIMITED,597
2026-05-06,18,NZME RADIO LIMITED,593
2026-05-06,19,EVERY PERSON,576
2026-05-06,20,ISO LIMITED,552
2026-05-06,21,NEP BROADCAST SERVICES NEW ZEALAND LIMITED,549
2026-05-06,22,KIWIRAIL LTD,533
2026-05-06,23,MEDIAWORKS RADIO LIMITED,490
2026-05-06,24,Fire and Emergency New Zealand,474
2026-05-06,25,DEPARTMENT OF CONSERVATION,465
2026-05-07,1,ONE NEW ZEALAND GROUP LIMITED,11049
2026-05-07,2,SPARK NEW ZEALAND TRADING LIMITED,10205
2026-05-07,3,TWO DEGREES NETWORKS LIMITED,8785
2026-05-07,4,CHORUS NEW ZEALAND LIMITED,3112
2026-05-07,5,EONFIBRE LIMITED,2068
2026-05-07,6,VITAL LIMITED,1969
2026-05-07,7,KIWIRAIL,1903
2026-05-07,8,KORDIA LIMITED,1465
2026-05-07,9,RURAL CONNECTIVITY GROUP LIMITED,1307
2026-05-07,10,"The Crown acting by and through the Chief Executive of the Ministry of Business, Innovation, and Employment",1080
2026-05-07,11,NZ DEFENCE FORCE HEADQUARTERS,814
2026-05-07,12,AMAZON KUIPER NEW ZEALAND LIMITED,683
2026-05-07,13,ENTAIN NEW ZEALAND LIMITED,657
2026-05-07,14,SPACE OPERATIONS NEW ZEALAND LIMITED,635
2026-05-07,15,LIGHTWIRE LIMITED,616
2026-05-07,16,POWERCO LIMITED,600
2026-05-07,17,AIRWAYS CORPORATION OF NEW ZEALAND LIMITED,597
2026-05-07,18,NZME RADIO LIMITED,593
2026-05-07,19,EVERY PERSON,577
2026-05-07,20,ISO LIMITED,552
2026-05-07,21,NEP BROADCAST SERVICES NEW ZEALAND LIMITED,549
2026-05-07,22,KIWIRAIL LTD,533
2026-05-07,23,MEDIAWORKS RADIO LIMITED,490
2026-05-07,24,Fire and Emergency New Zealand,474
2026-05-07,25,DEPARTMENT OF CONSERVATION,465
2026-05-08,1,ONE NEW ZEALAND GROUP LIMITED,11049
2026-05-08,2,SPARK NEW ZEALAND TRADING LIMITED,10210
2026-05-08,3,TWO DEGREES NETWORKS LIMITED,8690
2026-05-08,4,CHORUS NEW ZEALAND LIMITED,3112
2026-05-08,5,EONFIBRE LIMITED,2068
2026-05-08,6,VITAL LIMITED,1969
2026-05-08,7,KIWIRAIL,1903
2026-05-08,8,KORDIA LIMITED,1465
2026-05-08,9,RURAL CONNECTIVITY GROUP LIMITED,1307
2026-05-08,10,"The Crown acting by and through the Chief Executive of the Ministry of Business, Innovation, and Employment",1080
2026-05-08,11,NZ DEFENCE FORCE HEADQUARTERS,814
2026-05-08,12,AMAZON KUIPER NEW ZEALAND LIMITED,683
2026-05-08,13,ENTAIN NEW ZEALAND LIMITED,657
2026-05-08,14,SPACE OPERATIONS NEW ZEALAND LIMITED,635
2026-05-08,15,LIGHTWIRE LIMITED,616
2026-05-08,16,POWERCO LIMITED,600
2026-05-08,17,AIRWAYS CORPORATION OF NEW ZEALAND LIMITED,597
2026-05-08,18,NZME RADIO LIMITED,593
2026-05-08,19,EVERY PERSON,577
2026-05-08,20,ISO LIMITED,552
2026-05-08,21,NEP BROADCAST SERVICES NEW ZEALAND LIMITED,549
2026-05-08,22,KIWIRAIL LTD,533
2026-05-08,23,MEDIAWORKS RADIO LIMITED,490
2026-05-08,24,Fire and Emergency New Zealand,474
2026-05-08,25,DEPARTMENT OF CONSERVATION,465
2026-05-10,1,ONE NEW ZEALAND GROUP LIMITED,11049
2026-05-10,2,SPARK NEW ZEALAND TRADING LIMITED,10210
2026-05-10,3,TWO DEGREES NETWORKS LIMITED,8680
2026-05-10,4,CHORUS NEW ZEALAND LIMITED,3112
2026-05-10,5,EONFIBRE LIMITED,2068
2026-05-10,6,VITAL LIMITED,1969
2026-05-10,7,KIWIRAIL,1903
2026-05-10,8,KORDIA LIMITED,1465
2026-05-10,9,RURAL CONNECTIVITY GROUP LIMITED,1307
2026-05-10,10,"The Crown acting by and through the Chief Executive of the Ministry of Business, Innovation, and Employment",1080
2026-05-10,11,NZ DEFENCE FORCE HEADQUARTERS,814
2026-05-10,12,AMAZON KUIPER NEW ZEALAND LIMITED,683
2026-05-10,13,ENTAIN NEW ZEALAND LIMITED,657
2026-05-10,14,SPACE OPERATIONS NEW ZEALAND LIMITED,635
2026-05-10,15,LIGHTWIRE LIMITED,616
2026-05-10,16,POWERCO LIMITED,600
2026-05-10,17,AIRWAYS CORPORATION OF NEW ZEALAND LIMITED,597
2026-05-10,18,NZME RADIO LIMITED,593
2026-05-10,19,EVERY PERSON,577
2026-05-10,20,ISO LIMITED,552
2026-05-10,21,NEP BROADCAST SERVICES NEW ZEALAND LIMITED,549
2026-05-10,22,KIWIRAIL LTD,533
2026-05-10,23,MEDIAWORKS RADIO LIMITED,490
2026-05-10,24,Fire and Emergency New Zealand,474
2026-05-10,25,DEPARTMENT OF CONSERVATION,465
2026-05-13,1,ONE NEW ZEALAND GROUP LIMITED,11049
2026-05-13,2,SPARK NEW ZEALAND TRADING LIMITED,10215
2026-05-13,3,TWO DEGREES NETWORKS LIMITED,8680
2026-05-13,4,CHORUS NEW ZEALAND LIMITED,3112
2026-05-13,5,EONFIBRE LIMITED,2068
2026-05-13,6,VITAL LIMITED,1969
2026-05-13,7,KIWIRAIL,1903
2026-05-13,8,KORDIA LIMITED,1465
2026-05-13,9,RURAL CONNECTIVITY GROUP LIMITED,1307
2026-05-13,10,"The Crown acting by and through the Chief Executive of the Ministry of Business, Innovation, and Employment",1080
2026-05-13,11,NZ DEFENCE FORCE HEADQUARTERS,814
2026-05-13,12,AMAZON KUIPER NEW ZEALAND LIMITED,683
2026-05-13,13,ENTAIN NEW ZEALAND LIMITED,657
2026-05-13,14,SPACE OPERATIONS NEW ZEALAND LIMITED,635
2026-05-13,15,LIGHTWIRE LIMITED,613
2026-05-13,16,AIRWAYS CORPORATION OF NEW ZEALAND LIMITED,608
2026-05-13,17,POWERCO LIMITED,600
2026-05-13,18,NZME RADIO LIMITED,593
2026-05-13,19,EVERY PERSON,577
2026-05-13,20,ISO LIMITED,552
2026-05-13,21,NEP BROADCAST SERVICES NEW ZEALAND LIMITED,549
2026-05-13,22,KIWIRAIL LTD,533
2026-05-13,23,MEDIAWORKS RADIO LIMITED,490
2026-05-13,24,Fire and Emergency New Zealand,474
2026-05-13,25,DEPARTMENT OF CONSERVATION,465
2026-05-14,1,ONE NEW ZEALAND GROUP LIMITED,11049
2026-05-14,2,SPARK NEW ZEALAND TRADING LIMITED,10215
2026-05-14,3,TWO DEGREES NETWORKS LIMITED,8684
2026-05-14,4,CHORUS NEW ZEALAND LIMITED,3112
2026-05-14,5,EONFIBRE LIMITED,2068
2026-05-14,6,VITAL LIMITED,1969
2026-05-14,7,KIWIRAIL,1903
2026-05-14,8,KORDIA LIMITED,1465
2026-05-14,9,RURAL CONNECTIVITY GROUP LIMITED,1307
2026-05-14,10,"The Crown acting by and through the Chief Executive of the Ministry of Business, Innovation, and Employment",1080
2026-05-14,11,NZ DEFENCE FORCE HEADQUARTERS,814
2026-05-14,12,AMAZON KUIPER NEW ZEALAND LIMITED,683
2026-05-14,13,ENTAIN NEW ZEALAND LIMITED,657
2026-05-14,14,SPACE OPERATIONS NEW ZEALAND LIMITED,635
2026-05-14,15,LIGHTWIRE LIMITED,611
2026-05-14,16,AIRWAYS CORPORATION OF NEW ZEALAND LIMITED,608
2026-05-14,17,POWERCO LIMITED,600
2026-05-14,18,NZME RADIO LIMITED,593
2026-05-14,19,EVERY PERSON,577
2026-05-14,20,ISO LIMITED,552
2026-05-14,21,NEP BROADCAST SERVICES NEW ZEALAND LIMITED,549
2026-05-14,22,KIWIRAIL LTD,533
2026-05-14,23,MEDIAWORKS RADIO LIMITED,490
2026-05-14,24,Fire and Emergency New Zealand,474
2026-05-14,25,DEPARTMENT OF CONSERVATION,465
2026-05-15,1,ONE NEW ZEALAND GROUP LIMITED,11049
2026-05-15,2,SPARK NEW ZEALAND TRADING LIMITED,10215
2026-05-15,3,TWO DEGREES NETWORKS LIMITED,8686
2026-05-15,4,CHORUS NEW ZEALAND LIMITED,3112
2026-05-15,5,EONFIBRE LIMITED,2068
2026-05-15,6,VITAL LIMITED,1969
2026-05-15,7,KIWIRAIL,1903
2026-05-15,8,KORDIA LIMITED,1465
2026-05-15,9,RURAL CONNECTIVITY GROUP LIMITED,1307
2026-05-15,10,"The Crown acting by and through the Chief Executive of the Ministry of Business, Innovation, and Employment",1080
2026-05-15,11,NZ DEFENCE FORCE HEADQUARTERS,814
2026-05-15,12,AMAZON KUIPER NEW ZEALAND LIMITED,683
2026-05-15,13,ENTAIN NEW ZEALAND LIMITED,657
2026-05-15,14,SPACE OPERATIONS NEW ZEALAND LIMITED,635
2026-05-15,15,LIGHTWIRE LIMITED,611
2026-05-15,16,AIRWAYS CORPORATION OF NEW ZEALAND LIMITED,608
2026-05-15,17,POWERCO LIMITED,600
2026-05-15,18,NZME RADIO LIMITED,593
2026-05-15,19,EVERY PERSON,577
2026-05-15,20,ISO LIMITED,552
2026-05-15,21,NEP BROADCAST SERVICES NEW ZEALAND LIMITED,549
2026-05-15,22,KIWIRAIL LTD,533
2026-05-15,23,MEDIAWORKS RADIO LIMITED,490
2026-05-15,24,Fire and Emergency New Zealand,474
2026-05-15,25,DEPARTMENT OF CONSERVATION,465
2026-05-17,1,ONE NEW ZEALAND GROUP LIMITED,11049
2026-05-17,2,SPARK NEW ZEALAND TRADING LIMITED,10216
2026-05-17,3,TWO DEGREES NETWORKS LIMITED,8699
2026-05-17,4,CHORUS NEW ZEALAND LIMITED,3112
2026-05-17,5,EONFIBRE LIMITED,2068
2026-05-17,6,VITAL LIMITED,1969
2026-05-17,7,KIWIRAIL,1903
2026-05-17,8,KORDIA LIMITED,1465
2026-05-17,9,RURAL CONNECTIVITY GROUP LIMITED,1307
2026-05-17,10,"The Crown acting by and through the Chief Executive of the Ministry of Business, Innovation, and Employment",1080
2026-05-17,11,NZ DEFENCE FORCE HEADQUARTERS,814
2026-05-17,12,AMAZON KUIPER NEW ZEALAND LIMITED,683
2026-05-17,13,ENTAIN NEW ZEALAND LIMITED,657
2026-05-17,14,SPACE OPERATIONS NEW ZEALAND LIMITED,635
2026-05-17,15,LIGHTWIRE LIMITED,611
2026-05-17,16,AIRWAYS CORPORATION OF NEW ZEALAND LIMITED,608
2026-05-17,17,POWERCO LIMITED,600
2026-05-17,18,NZME RADIO LIMITED,593
2026-05-17,19,EVERY PERSON,577
2026-05-17,20,ISO LIMITED,552
2026-05-17,21,NEP BROADCAST SERVICES NEW ZEALAND LIMITED,549
2026-05-17,22,KIWIRAIL LTD,533
2026-05-17,23,MEDIAWORKS RADIO LIMITED,490
2026-05-17,24,Fire and Emergency New Zealand,474
2026-05-17,25,DEPARTMENT OF CONSERVATION,465
2026-05-18,1,ONE NEW ZEALAND GROUP LIMITED,11049
2026-05-18,2,SPARK NEW ZEALAND TRADING LIMITED,10232
2026-05-18,3,TWO DEGREES NETWORKS LIMITED,8699
2026-05-18,4,CHORUS NEW ZEALAND LIMITED,3112
2026-05-18,5,EONFIBRE LIMITED,2072
2026-05-18,6,VITAL LIMITED,1969
2026-05-18,7,KIWIRAIL,1903
2026-05-18,8,KORDIA LIMITED,1465
2026-05-18,9,RURAL CONNECTIVITY GROUP LIMITED,1307
2026-05-18,10,"The Crown acting by and through the Chief Executive of the Ministry of Business, Innovation, and Employment",1080
2026-05-18,11,NZ DEFENCE FORCE HEADQUARTERS,814
2026-05-18,12,AMAZON KUIPER NEW ZEALAND LIMITED,683
2026-05-18,13,ENTAIN NEW ZEALAND LIMITED,657
2026-05-18,14,SPACE OPERATIONS NEW ZEALAND LIMITED,635
2026-05-18,15,LIGHTWIRE LIMITED,611
2026-05-18,16,AIRWAYS CORPORATION OF NEW ZEALAND LIMITED,608
2026-05-18,17,POWERCO LIMITED,600
2026-05-18,18,NZME RADIO LIMITED,593
2026-05-18,19,EVERY PERSON,577
2026-05-18,20,ISO LIMITED,552
2026-05-18,21,NEP BROADCAST SERVICES NEW ZEALAND LIMITED,549
2026-05-18,22,KIWIRAIL LTD,533
2026-05-18,23,MEDIAWORKS RADIO LIMITED,490
2026-05-18,24,Fire and Emergency New Zealand,474
2026-05-18,25,DEPARTMENT OF CONSERVATION,465
2026-05-20,1,ONE NEW ZEALAND GROUP LIMITED,11049
2026-05-20,2,SPARK NEW ZEALAND TRADING LIMITED,10232
2026-05-20,3,TWO DEGREES NETWORKS LIMITED,8699
2026-05-20,4,CHORUS NEW ZEALAND LIMITED,3112
2026-05-20,5,EONFIBRE LIMITED,2072
2026-05-20,6,VITAL LIMITED,1967
2026-05-20,7,KIWIRAIL,1903
2026-05-20,8,KORDIA LIMITED,1465
2026-05-20,9,RURAL CONNECTIVITY GROUP LIMITED,1307
2026-05-20,10,"The Crown acting by and through the Chief Executive of the Ministry of Business, Innovation, and Employment",1080
2026-05-20,11,NZ DEFENCE FORCE HEADQUARTERS,814
2026-05-20,12,AMAZON KUIPER NEW ZEALAND LIMITED,683
2026-05-20,13,ENTAIN NEW ZEALAND LIMITED,657
2026-05-20,14,SPACE OPERATIONS NEW ZEALAND LIMITED,635
2026-05-20,15,LIGHTWIRE LIMITED,611
2026-05-20,16,AIRWAYS CORPORATION OF NEW ZEALAND LIMITED,608
2026-05-20,17,POWERCO LIMITED,600
2026-05-20,18,NZME RADIO LIMITED,593
2026-05-20,19,EVERY PERSON,577
2026-05-20,20,ISO LIMITED,552
2026-05-20,21,NEP BROADCAST SERVICES NEW ZEALAND LIMITED,549
2026-05-20,22,KIWIRAIL LTD,533
2026-05-20,23,MEDIAWORKS RADIO LIMITED,490
2026-05-20,24,Fire and Emergency New Zealand,474
2026-05-20,25,DEPARTMENT OF CONSERVATION,465
2026-05-21,1,ONE NEW ZEALAND GROUP LIMITED,11049
2026-05-21,2,SPARK NEW ZEALAND TRADING LIMITED,10241
2026-05-21,3,TWO DEGREES NETWORKS LIMITED,8699
2026-05-21,4,CHORUS NEW ZEALAND LIMITED,3112
2026-05-21,5,EONFIBRE LIMITED,2072
2026-05-21,6,VITAL LIMITED,1967
2026-05-21,7,KIWIRAIL,1903
2026-05-21,8,KORDIA LIMITED,1465
2026-05-21,9,RURAL CONNECTIVITY GROUP LIMITED,1216
2026-05-21,10,"The Crown acting by and through the Chief Executive of the Ministry of Business, Innovation, and Employment",1080
2026-05-21,11,NZ DEFENCE FORCE HEADQUARTERS,814
2026-05-21,12,AMAZON KUIPER NEW ZEALAND LIMITED,683
2026-05-21,13,ENTAIN NEW ZEALAND LIMITED,657
2026-05-21,14,SPACE OPERATIONS NEW ZEALAND LIMITED,635
2026-05-21,15,LIGHTWIRE LIMITED,611
2026-05-21,16,AIRWAYS CORPORATION OF NEW ZEALAND LIMITED,608
2026-05-21,17,POWERCO LIMITED,600
2026-05-21,18,NZME RADIO LIMITED,593
2026-05-21,19,EVERY PERSON,577
2026-05-21,20,ISO LIMITED,552
2026-05-21,21,NEP BROADCAST SERVICES NEW ZEALAND LIMITED,549
2026-05-21,22,KIWIRAIL LTD,533
2026-05-21,23,MEDIAWORKS RADIO LIMITED,490
2026-05-21,24,Fire and Emergency New Zealand,474
2026-05-21,25,DEPARTMENT OF CONSERVATION,465
2026-05-23,1,ONE NEW ZEALAND GROUP LIMITED,11046
2026-05-23,2,SPARK NEW ZEALAND TRADING LIMITED,10241
2026-05-23,3,TWO DEGREES NETWORKS LIMITED,8699
2026-05-23,4,CHORUS NEW ZEALAND LIMITED,3112
2026-05-23,5,EONFIBRE LIMITED,2072
2026-05-23,6,VITAL LIMITED,1967
2026-05-23,7,KIWIRAIL,1903
2026-05-23,8,KORDIA LIMITED,1465
2026-05-23,9,RURAL CONNECTIVITY GROUP LIMITED,1216
2026-05-23,10,"The Crown acting by and through the Chief Executive of the Ministry of Business, Innovation, and Employment",1080
2026-05-23,11,NZ DEFENCE FORCE HEADQUARTERS,814
2026-05-23,12,AMAZON KUIPER NEW ZEALAND LIMITED,683
2026-05-23,13,ENTAIN NEW ZEALAND LIMITED,657
2026-05-23,14,SPACE OPERATIONS NEW ZEALAND LIMITED,635
2026-05-23,15,LIGHTWIRE LIMITED,611
2026-05-23,16,AIRWAYS CORPORATION OF NEW ZEALAND LIMITED,608
2026-05-23,17,POWERCO LIMITED,600
2026-05-23,18,NZME RADIO LIMITED,593
2026-05-23,19,EVERY PERSON,577
2026-05-23,20,ISO LIMITED,552
2026-05-23,21,NEP BROADCAST SERVICES NEW ZEALAND LIMITED,549
2026-05-23,22,KIWIRAIL LTD,533
2026-05-23,23,MEDIAWORKS RADIO LIMITED,490
2026-05-23,24,Fire and Emergency New Zealand,474
2026-05-23,25,DEPARTMENT OF CONSERVATION,465
2026-05-24,1,ONE NEW ZEALAND GROUP LIMITED,11086
2026-05-24,2,SPARK NEW ZEALAND TRADING LIMITED,10241
2026-05-24,3,TWO DEGREES NETWORKS LIMITED,8715
2026-05-24,4,CHORUS NEW ZEALAND LIMITED,3112
2026-05-24,5,EONFIBRE LIMITED,2072
2026-05-24,6,VITAL LIMITED,1967
2026-05-24,7,KIWIRAIL,1903
2026-05-24,8,KORDIA LIMITED,1465
2026-05-24,9,RURAL CONNECTIVITY GROUP LIMITED,1216
2026-05-24,10,"The Crown acting by and through the Chief Executive of the Ministry of Business, Innovation, and Employment",1084
2026-05-24,11,NZ DEFENCE FORCE HEADQUARTERS,814
2026-05-24,12,AMAZON KUIPER NEW ZEALAND LIMITED,683
2026-05-24,13,ENTAIN NEW ZEALAND LIMITED,657
2026-05-24,14,SPACE OPERATIONS NEW ZEALAND LIMITED,635
2026-05-24,15,LIGHTWIRE LIMITED,611
2026-05-24,16,AIRWAYS CORPORATION OF NEW ZEALAND LIMITED,608
2026-05-24,17,POWERCO LIMITED,600
2026-05-24,18,NZME RADIO LIMITED,593
2026-05-24,19,EVERY PERSON,577
2026-05-24,20,ISO LIMITED,552
2026-05-24,21,NEP BROADCAST SERVICES NEW ZEALAND LIMITED,549
2026-05-24,22,KIWIRAIL LTD,533
2026-05-24,23,MEDIAWORKS RADIO LIMITED,490
2026-05-24,24,Fire and Emergency New Zealand,474
2026-05-24,25,DEPARTMENT OF CONSERVATION,465
2026-05-26,1,ONE NEW ZEALAND GROUP LIMITED,11086
2026-05-26,2,SPARK NEW ZEALAND TRADING LIMITED,10263
2026-05-26,3,TWO DEGREES NETWORKS LIMITED,8715
2026-05-26,4,CHORUS NEW ZEALAND LIMITED,3112
2026-05-26,5,EONFIBRE LIMITED,2072
2026-05-26,6,VITAL LIMITED,1967
2026-05-26,7,KIWIRAIL,1903
2026-05-26,8,KORDIA LIMITED,1465
2026-05-26,9,RURAL CONNECTIVITY GROUP LIMITED,1216
2026-05-26,10,"The Crown acting by and through the Chief Executive of the Ministry of Business, Innovation, and Employment",1084
2026-05-26,11,NZ DEFENCE FORCE HEADQUARTERS,814
2026-05-26,12,AMAZON KUIPER NEW ZEALAND LIMITED,683
2026-05-26,13,ENTAIN NEW ZEALAND LIMITED,657
2026-05-26,14,SPACE OPERATIONS NEW ZEALAND LIMITED,635
2026-05-26,15,LIGHTWIRE LIMITED,611
2026-05-26,16,AIRWAYS CORPORATION OF NEW ZEALAND LIMITED,608
2026-05-26,17,POWERCO LIMITED,600
2026-05-26,18,NZME RADIO LIMITED,593
2026-05-26,19,EVERY PERSON,577
2026-05-26,20,ISO LIMITED,552
2026-05-26,21,NEP BROADCAST SERVICES NEW ZEALAND LIMITED,549
2026-05-26,22,KIWIRAIL LTD,533
2026-05-26,23,MEDIAWORKS RADIO LIMITED,490
2026-05-26,24,Fire and Emergency New Zealand,474
2026-05-26,25,DEPARTMENT OF CONSERVATION,465
2026-05-27,1,ONE NEW ZEALAND GROUP LIMITED,11086
2026-05-27,2,SPARK NEW ZEALAND TRADING LIMITED,10263
2026-05-27,3,TWO DEGREES NETWORKS LIMITED,8715
2026-05-27,4,CHORUS NEW ZEALAND LIMITED,3112
2026-05-27,5,EONFIBRE LIMITED,2072
2026-05-27,6,VITAL LIMITED,1969
2026-05-27,7,KIWIRAIL,1903
2026-05-27,8,KORDIA LIMITED,1465
2026-05-27,9,RURAL CONNECTIVITY GROUP LIMITED,1216
2026-05-27,10,"The Crown acting by and through the Chief Executive of the Ministry of Business, Innovation, and Employment",1084
2026-05-27,11,NZ DEFENCE FORCE HEADQUARTERS,814
2026-05-27,12,AMAZON KUIPER NEW ZEALAND LIMITED,683
2026-05-27,13,ENTAIN NEW ZEALAND LIMITED,657
2026-05-27,14,SPACE OPERATIONS NEW ZEALAND LIMITED,635
2026-05-27,15,LIGHTWIRE LIMITED,611
2026-05-27,16,AIRWAYS CORPORATION OF NEW ZEALAND LIMITED,608
2026-05-27,17,POWERCO LIMITED,600
2026-05-27,18,NZME RADIO LIMITED,593
2026-05-27,19,EVERY PERSON,577
2026-05-27,20,ISO LIMITED,552
2026-05-27,21,NEP BROADCAST SERVICES NEW ZEALAND LIMITED,549
2026-05-27,22,KIWIRAIL LTD,533
2026-05-27,23,MEDIAWORKS RADIO LIMITED,490
2026-05-27,24,Fire and Emergency New Zealand,474
2026-05-27,25,DEPARTMENT OF CONSERVATION,465
2026-05-28,1,ONE NEW ZEALAND GROUP LIMITED,11086
2026-05-28,2,SPARK NEW ZEALAND TRADING LIMITED,10263
2026-05-28,3,TWO DEGREES NETWORKS LIMITED,8715
2026-05-28,4,CHORUS NEW ZEALAND LIMITED,3112
2026-05-28,5,EONFIBRE LIMITED,2072
2026-05-28,6,VITAL LIMITED,1969
2026-05-28,7,KIWIRAIL,1903
2026-05-28,8,KORDIA LIMITED,1465
2026-05-28,9,RURAL CONNECTIVITY GROUP LIMITED,1216
2026-05-28,10,"The Crown acting by and through the Chief Executive of the Ministry of Business, Innovation, and Employment",1084
2026-05-28,11,NZ DEFENCE FORCE HEADQUARTERS,814
2026-05-28,12,AMAZON KUIPER NEW ZEALAND LIMITED,683
2026-05-28,13,ENTAIN NEW ZEALAND LIMITED,657
2026-05-28,14,SPACE OPERATIONS NEW ZEALAND LIMITED,635
2026-05-28,15,LIGHTWIRE LIMITED,611
2026-05-28,16,AIRWAYS CORPORATION OF NEW ZEALAND LIMITED,608
2026-05-28,17,POWERCO LIMITED,600
2026-05-28,18,NZME RADIO LIMITED,593
2026-05-28,19,EVERY PERSON,577
2026-05-28,20,ISO LIMITED,552
2026-05-28,21,NEP BROADCAST SERVICES NEW ZEALAND LIMITED,549
2026-05-28,22,KIWIRAIL LTD,533
2026-05-28,23,MEDIAWORKS RADIO LIMITED,490
2026-05-28,24,Fire and Emergency New Zealand,474
2026-05-28,25,DEPARTMENT OF CONSERVATION,465
2026-05-31,1,ONE NEW ZEALAND GROUP LIMITED,11086
2026-05-31,2,SPARK NEW ZEALAND TRADING LIMITED,10263
2026-05-31,3,TWO DEGREES NETWORKS LIMITED,8715
2026-05-31,4,CHORUS NEW ZEALAND LIMITED,3112
2026-05-31,5,EONFIBRE LIMITED,2072
2026-05-31,6,VITAL LIMITED,1969
2026-05-31,7,KIWIRAIL,1903
2026-05-31,8,KORDIA LIMITED,1465
2026-05-31,9,RURAL CONNECTIVITY GROUP LIMITED,1216
2026-05-31,10,"The Crown acting by and through the Chief Executive of the Ministry of Business, Innovation, and Employment",1084
2026-05-31,11,NZ DEFENCE FORCE HEADQUARTERS,814
2026-05-31,12,ENTAIN NEW ZEALAND LIMITED,657
2026-05-31,13,SPACE OPERATIONS NEW ZEALAND LIMITED,635
2026-05-31,14,LIGHTWIRE LIMITED,611
2026-05-31,15,AIRWAYS CORPORATION OF NEW ZEALAND LIMITED,607
2026-05-31,16,POWERCO LIMITED,600
2026-05-31,17,NZME RADIO LIMITED,593
2026-05-31,18,EVERY PERSON,577
2026-05-31,19,ISO LIMITED,552
2026-05-31,20,NEP BROADCAST SERVICES NEW ZEALAND LIMITED,549
2026-05-31,21,KIWIRAIL LTD,533
2026-05-31,22,MEDIAWORKS RADIO LIMITED,490
2026-05-31,23,Fire and Emergency New Zealand,474
2026-05-31,24,DEPARTMENT OF CONSERVATION,465
2026-05-31,25,TAIT SYSTEMS NZ LIMITED,433
2026-06-01,1,ONE NEW ZEALAND GROUP LIMITED,11086
2026-06-01,2,SPARK NEW ZEALAND TRADING LIMITED,10263
2026-06-01,3,TWO DEGREES NETWORKS LIMITED,8732
2026-06-01,4,CHORUS NEW ZEALAND LIMITED,3112
2026-06-01,5,EONFIBRE LIMITED,2078
2026-06-01,6,VITAL LIMITED,1969
2026-06-01,7,KIWIRAIL,1903
2026-06-01,8,KORDIA LIMITED,1465
2026-06-01,9,RURAL CONNECTIVITY GROUP LIMITED,1225
2026-06-01,10,"The Crown acting by and through the Chief Executive of the Ministry of Business, Innovation, and Employment",1084
2026-06-01,11,NZ DEFENCE FORCE HEADQUARTERS,814
2026-06-01,12,ENTAIN NEW ZEALAND LIMITED,657
2026-06-01,13,SPACE OPERATIONS NEW ZEALAND LIMITED,635
2026-06-01,14,LIGHTWIRE LIMITED,611
2026-06-01,15,AIRWAYS CORPORATION OF NEW ZEALAND LIMITED,607
2026-06-01,16,POWERCO LIMITED,600
2026-06-01,17,NZME RADIO LIMITED,593
2026-06-01,18,EVERY PERSON,577
2026-06-01,19,ISO LIMITED,552
2026-06-01,20,NEP BROADCAST SERVICES NEW ZEALAND LIMITED,549
2026-06-01,21,KIWIRAIL LTD,533
2026-06-01,22,MEDIAWORKS RADIO LIMITED,490
2026-06-01,23,Fire and Emergency New Zealand,474
2026-06-01,24,DEPARTMENT OF CONSERVATION,465
2026-06-01,25,TAIT SYSTEMS NZ LIMITED,433
2026-06-02,1,ONE NEW ZEALAND GROUP LIMITED,11086
2026-06-02,2,SPARK NEW ZEALAND TRADING LIMITED,10263
2026-06-02,3,TWO DEGREES NETWORKS LIMITED,8728
2026-06-02,4,CHORUS NEW ZEALAND LIMITED,3112
2026-06-02,5,EONFIBRE LIMITED,2078
2026-06-02,6,VITAL LIMITED,1969
2026-06-02,7,KIWIRAIL,1903
2026-06-02,8,KORDIA LIMITED,1465
2026-06-02,9,RURAL CONNECTIVITY GROUP LIMITED,1225
2026-06-02,10,"The Crown acting by and through the Chief Executive of the Ministry of Business, Innovation, and Employment",1084
2026-06-02,11,NZ DEFENCE FORCE HEADQUARTERS,814
2026-06-02,12,ENTAIN NEW ZEALAND LIMITED,657
2026-06-02,13,SPACE OPERATIONS NEW ZEALAND LIMITED,635
2026-06-02,14,LIGHTWIRE LIMITED,611
2026-06-02,15,AIRWAYS CORPORATION OF NEW ZEALAND LIMITED,607
2026-06-02,16,POWERCO LIMITED,600
2026-06-02,17,NZME RADIO LIMITED,593
2026-06-02,18,EVERY PERSON,577
2026-06-02,19,ISO LIMITED,552
2026-06-02,20,NEP BROADCAST SERVICES NEW ZEALAND LIMITED,549
2026-06-02,21,KIWIRAIL LTD,533
2026-06-02,22,MEDIAWORKS RADIO LIMITED,490
2026-06-02,23,Fire and Emergency New Zealand,474
2026-06-02,24,DEPARTMENT OF CONSERVATION,465
2026-06-02,25,TAIT SYSTEMS NZ LIMITED,433
2026-06-03,1,ONE NEW ZEALAND GROUP LIMITED,11086
2026-06-03,2,SPARK NEW ZEALAND TRADING LIMITED,10263
2026-06-03,3,TWO DEGREES NETWORKS LIMITED,8730
2026-06-03,4,CHORUS NEW ZEALAND LIMITED,3112
2026-06-03,5,EONFIBRE LIMITED,2078
2026-06-03,6,VITAL LIMITED,1969
2026-06-03,7,KIWIRAIL,1903
2026-06-03,8,KORDIA LIMITED,1465
2026-06-03,9,RURAL CONNECTIVITY GROUP LIMITED,1225
2026-06-03,10,"The Crown acting by and through the Chief Executive of the Ministry of Business, Innovation, and Employment",1084
2026-06-03,11,NZ DEFENCE FORCE HEADQUARTERS,814
2026-06-03,12,ENTAIN NEW ZEALAND LIMITED,657
2026-06-03,13,SPACE OPERATIONS NEW ZEALAND LIMITED,635
2026-06-03,14,LIGHTWIRE LIMITED,611
2026-06-03,15,AIRWAYS CORPORATION OF NEW ZEALAND LIMITED,607
2026-06-03,16,POWERCO LIMITED,600
2026-06-03,17,NZME RADIO LIMITED,593
2026-06-03,18,EVERY PERSON,577
2026-06-03,19,ISO LIMITED,552
2026-06-03,20,NEP BROADCAST SERVICES NEW ZEALAND LIMITED,549
2026-06-03,21,KIWIRAIL LTD,533
2026-06-03,22,MEDIAWORKS RADIO LIMITED,490
2026-06-03,23,Fire and Emergency New Zealand,474
2026-06-03,24,DEPARTMENT OF CONSERVATION,465
2026-06-03,25,TAIT SYSTEMS NZ LIMITED,433
2026-06-07,1,ONE NEW ZEALAND GROUP LIMITED,11086
2026-06-07,2,SPARK NEW ZEALAND TRADING LIMITED,10300
2026-06-07,3,TWO DEGREES NETWORKS LIMITED,8734
2026-06-07,4,CHORUS NEW ZEALAND LIMITED,3112
2026-06-07,5,EONFIBRE LIMITED,2078
2026-06-07,6,VITAL LIMITED,1969
2026-06-07,7,KIWIRAIL,1903
2026-06-07,8,KORDIA LIMITED,1465
2026-06-07,9,RURAL CONNECTIVITY GROUP LIMITED,1225
2026-06-07,10,"The Crown acting by and through the Chief Executive of the Ministry of Business, Innovation, and Employment",1084
2026-06-07,11,NZ DEFENCE FORCE HEADQUARTERS,814
2026-06-07,12,ENTAIN NEW ZEALAND LIMITED,657
2026-06-07,13,SPACE OPERATIONS NEW ZEALAND LIMITED,635
2026-06-07,14,LIGHTWIRE LIMITED,611
2026-06-07,15,AIRWAYS CORPORATION OF NEW ZEALAND LIMITED,607
2026-06-07,16,POWERCO LIMITED,600
2026-06-07,17,NZME RADIO LIMITED,593
2026-06-07,18,EVERY PERSON,577
2026-06-07,19,ISO LIMITED,552
2026-06-07,20,NEP BROADCAST SERVICES NEW ZEALAND LIMITED,549
2026-06-07,21,KIWIRAIL LTD,533
2026-06-07,22,MEDIAWORKS RADIO LIMITED,490
2026-06-07,23,Fire and Emergency New Zealand,474
2026-06-07,24,DEPARTMENT OF CONSERVATION,465
2026-06-07,25,TAIT SYSTEMS NZ LIMITED,433
2026-06-08,1,ONE NEW ZEALAND GROUP LIMITED,11086
2026-06-08,2,SPARK NEW ZEALAND TRADING LIMITED,10300
2026-06-08,3,TWO DEGREES NETWORKS LIMITED,8756
2026-06-08,4,CHORUS NEW ZEALAND LIMITED,3112
2026-06-08,5,EONFIBRE LIMITED,2078
2026-06-08,6,VITAL LIMITED,1969
2026-06-08,7,KIWIRAIL,1903
2026-06-08,8,KORDIA LIMITED,1465
2026-06-08,9,RURAL CONNECTIVITY GROUP LIMITED,1225
2026-06-08,10,"The Crown acting by and through the Chief Executive of the Ministry of Business, Innovation, and Employment",1084
2026-06-08,11,NZ DEFENCE FORCE HEADQUARTERS,814
2026-06-08,12,ENTAIN NEW ZEALAND LIMITED,657
2026-06-08,13,SPACE OPERATIONS NEW ZEALAND LIMITED,655
2026-06-08,14,LIGHTWIRE LIMITED,615
2026-06-08,15,AIRWAYS CORPORATION OF NEW ZEALAND LIMITED,607
2026-06-08,16,POWERCO LIMITED,600
2026-06-08,17,NZME RADIO LIMITED,593
2026-06-08,18,EVERY PERSON,577
2026-06-08,19,ISO LIMITED,552
2026-06-08,20,NEP BROADCAST SERVICES NEW ZEALAND LIMITED,549
2026-06-08,21,KIWIRAIL LTD,533
2026-06-08,22,MEDIAWORKS RADIO LIMITED,490
2026-06-08,23,Fire and Emergency New Zealand,474
2026-06-08,24,DEPARTMENT OF CONSERVATION,465
2026-06-08,25,TAIT SYSTEMS NZ LIMITED,433
2026-06-10,1,ONE NEW ZEALAND GROUP LIMITED,11086
2026-06-10,2,SPARK NEW ZEALAND TRADING LIMITED,10330
2026-06-10,3,TWO DEGREES NETWORKS LIMITED,8756
2026-06-10,4,CHORUS NEW ZEALAND LIMITED,3112
2026-06-10,5,EONFIBRE LIMITED,2078
2026-06-10,6,VITAL LIMITED,1969
2026-06-10,7,KIWIRAIL,1903
2026-06-10,8,KORDIA LIMITED,1465
2026-06-10,9,RURAL CONNECTIVITY GROUP LIMITED,1225
2026-06-10,10,"The Crown acting by and through the Chief Executive of the Ministry of Business, Innovation, and Employment",1084
2026-06-10,11,NZ DEFENCE FORCE HEADQUARTERS,814
2026-06-10,12,ENTAIN NEW ZEALAND LIMITED,657
2026-06-10,13,SPACE OPERATIONS NEW ZEALAND LIMITED,655
2026-06-10,14,LIGHTWIRE LIMITED,615
2026-06-10,15,AIRWAYS CORPORATION OF NEW ZEALAND LIMITED,607
2026-06-10,16,POWERCO LIMITED,600
2026-06-10,17,NZME RADIO LIMITED,593
2026-06-10,18,EVERY PERSON,577
2026-06-10,19,ISO LIMITED,552
2026-06-10,20,NEP BROADCAST SERVICES NEW ZEALAND LIMITED,549
2026-06-10,21,KIWIRAIL LTD,533
2026-06-10,22,MEDIAWORKS RADIO LIMITED,490
2026-06-10,23,Fire and Emergency New Zealand,474
2026-06-10,24,DEPARTMENT OF CONSERVATION,465
2026-06-10,25,TAIT SYSTEMS NZ LIMITED,433
2026-06-11,1,ONE NEW ZEALAND GROUP LIMITED,11086
2026-06-11,2,SPARK NEW ZEALAND TRADING LIMITED,10331
2026-06-11,3,TWO DEGREES NETWORKS LIMITED,8756
2026-06-11,4,CHORUS NEW ZEALAND LIMITED,3112
2026-06-11,5,EONFIBRE LIMITED,2078
2026-06-11,6,VITAL LIMITED,1969
2026-06-11,7,KIWIRAIL,1903
2026-06-11,8,KORDIA LIMITED,1465
2026-06-11,9,RURAL CONNECTIVITY GROUP LIMITED,1225
2026-06-11,10,"The Crown acting by and through the Chief Executive of the Ministry of Business, Innovation, and Employment",1084
2026-06-11,11,NZ DEFENCE FORCE HEADQUARTERS,814
2026-06-11,12,ENTAIN NEW ZEALAND LIMITED,657
2026-06-11,13,SPACE OPERATIONS NEW ZEALAND LIMITED,655
2026-06-11,14,LIGHTWIRE LIMITED,615
2026-06-11,15,AIRWAYS CORPORATION OF NEW ZEALAND LIMITED,607
2026-06-11,16,POWERCO LIMITED,600
2026-06-11,17,NZME RADIO LIMITED,593
2026-06-11,18,EVERY PERSON,577
2026-06-11,19,ISO LIMITED,552
2026-06-11,20,NEP BROADCAST SERVICES NEW ZEALAND LIMITED,549
2026-06-11,21,KIWIRAIL LTD,533
2026-06-11,22,MEDIAWORKS RADIO LIMITED,490
2026-06-11,23,Fire and Emergency New Zealand,474
2026-06-11,24,DEPARTMENT OF CONSERVATION,465
2026-06-11,25,TAIT SYSTEMS NZ LIMITED,433
2026-06-15,1,ONE NEW ZEALAND GROUP LIMITED,11086
2026-06-15,2,SPARK NEW ZEALAND TRADING LIMITED,10359
2026-06-15,3,TWO DEGREES NETWORKS LIMITED,8754
2026-06-15,4,CHORUS NEW ZEALAND LIMITED,3112
2026-06-15,5,EONFIBRE LIMITED,2078
2026-06-15,6,VITAL LIMITED,1969
2026-06-15,7,KIWIRAIL,1903
2026-06-15,8,KORDIA LIMITED,1465
2026-06-15,9,RURAL CONNECTIVITY GROUP LIMITED,1225
2026-06-15,10,"The Crown acting by and through the Chief Executive of the Ministry of Business, Innovation, and Employment",1084
2026-06-15,11,NZ DEFENCE FORCE HEADQUARTERS,814
2026-06-15,12,ENTAIN NEW ZEALAND LIMITED,657
2026-06-15,13,SPACE OPERATIONS NEW ZEALAND LIMITED,655
2026-06-15,14,LIGHTWIRE LIMITED,615
2026-06-15,15,AIRWAYS CORPORATION OF NEW ZEALAND LIMITED,607
2026-06-15,16,POWERCO LIMITED,600
2026-06-15,17,NZME RADIO LIMITED,593
2026-06-15,18,EVERY PERSON,577
2026-06-15,19,ISO LIMITED,552
2026-06-15,20,NEP BROADCAST SERVICES NEW ZEALAND LIMITED,549
2026-06-15,21,KIWIRAIL LTD,533
2026-06-15,22,MEDIAWORKS RADIO LIMITED,490
2026-06-15,23,Fire and Emergency New Zealand,472
2026-06-15,24,DEPARTMENT OF CONSERVATION,465
2026-06-15,25,TAIT SYSTEMS NZ LIMITED,433
2026-06-16,1,ONE NEW ZEALAND GROUP LIMITED,11370
2026-06-16,2,SPARK NEW ZEALAND TRADING LIMITED,10365
2026-06-16,3,TWO DEGREES NETWORKS LIMITED,8716
2026-06-16,4,CHORUS NEW ZEALAND LIMITED,3111
2026-06-16,5,EONFIBRE LIMITED,2078
2026-06-16,6,VITAL LIMITED,1969
2026-06-16,7,KIWIRAIL,1903
2026-06-16,8,KORDIA LIMITED,1465
2026-06-16,9,RURAL CONNECTIVITY GROUP LIMITED,1229
2026-06-16,10,"The Crown acting by and through the Chief Executive of the Ministry of Business, Innovation, and Employment",1084
2026-06-16,11,NZ DEFENCE FORCE HEADQUARTERS,814
2026-06-16,12,ENTAIN NEW ZEALAND LIMITED,657
2026-06-16,13,SPACE OPERATIONS NEW ZEALAND LIMITED,653
2026-06-16,14,LIGHTWIRE LIMITED,615
2026-06-16,15,AIRWAYS CORPORATION OF NEW ZEALAND LIMITED,607
2026-06-16,16,POWERCO LIMITED,600
2026-06-16,17,NZME RADIO LIMITED,593
2026-06-16,18,EVERY PERSON,577
2026-06-16,19,ISO LIMITED,552
2026-06-16,20,NEP BROADCAST SERVICES NEW ZEALAND LIMITED,549
2026-06-16,21,KIWIRAIL LTD,533
2026-06-16,22,MEDIAWORKS RADIO LIMITED,490
2026-06-16,23,Fire and Emergency New Zealand,472
2026-06-16,24,DEPARTMENT OF CONSERVATION,465
2026-06-16,25,TAIT SYSTEMS NZ LIMITED,433
2026-06-17,1,ONE NEW ZEALAND GROUP LIMITED,11590
2026-06-17,2,SPARK NEW ZEALAND TRADING LIMITED,10366
2026-06-17,3,TWO DEGREES NETWORKS LIMITED,8718
2026-06-17,4,CHORUS NEW ZEALAND LIMITED,3111
2026-06-17,5,EONFIBRE LIMITED,2078
2026-06-17,6,VITAL LIMITED,1969
2026-06-17,7,KIWIRAIL,1903
2026-06-17,8,KORDIA LIMITED,1465
2026-06-17,9,RURAL CONNECTIVITY GROUP LIMITED,1225
2026-06-17,10,"The Crown acting by and through the Chief Executive of the Ministry of Business, Innovation, and Employment",1084
2026-06-17,11,NZ DEFENCE FORCE HEADQUARTERS,814
2026-06-17,12,ENTAIN NEW ZEALAND LIMITED,657
2026-06-17,13,SPACE OPERATIONS NEW ZEALAND LIMITED,655
2026-06-17,14,LIGHTWIRE LIMITED,615
2026-06-17,15,AIRWAYS CORPORATION OF NEW ZEALAND LIMITED,607
2026-06-17,16,POWERCO LIMITED,600
2026-06-17,17,NZME RADIO LIMITED,593
2026-06-17,18,EVERY PERSON,577
2026-06-17,19,ISO LIMITED,552
2026-06-17,20,NEP BROADCAST SERVICES NEW ZEALAND LIMITED,549
2026-06-17,21,KIWIRAIL LTD,533
2026-06-17,22,MEDIAWORKS RADIO LIMITED,490
2026-06-17,23,Fire and Emergency New Zealand,473
2026-06-17,24,DEPARTMENT OF CONSERVATION,465
2026-06-17,25,TAIT SYSTEMS NZ LIMITED,433
2026-06-18,1,ONE NEW ZEALAND GROUP LIMITED,11900
2026-06-18,2,SPARK NEW ZEALAND TRADING LIMITED,10366
2026-06-18,3,TWO DEGREES NETWORKS LIMITED,8718
2026-06-18,4,CHORUS NEW ZEALAND LIMITED,3111
2026-06-18,5,EONFIBRE LIMITED,2078
2026-06-18,6,VITAL LIMITED,1969
2026-06-18,7,KIWIRAIL,1903
2026-06-18,8,KORDIA LIMITED,1465
2026-06-18,9,RURAL CONNECTIVITY GROUP LIMITED,1225
2026-06-18,10,"The Crown acting by and through the Chief Executive of the Ministry of Business, Innovation, and Employment",1084
2026-06-18,11,NZ DEFENCE FORCE HEADQUARTERS,814
2026-06-18,12,ENTAIN NEW ZEALAND LIMITED,657
2026-06-18,13,SPACE OPERATIONS NEW ZEALAND LIMITED,655
2026-06-18,14,LIGHTWIRE LIMITED,615
2026-06-18,15,AIRWAYS CORPORATION OF NEW ZEALAND LIMITED,607
2026-06-18,16,POWERCO LIMITED,600
2026-06-18,17,NZME RADIO LIMITED,593
2026-06-18,18,EVERY PERSON,577
2026-06-18,19,ISO LIMITED,552
2026-06-18,20,NEP BROADCAST SERVICES NEW ZEALAND LIMITED,549
2026-06-18,21,KIWIRAIL LTD,533
2026-06-18,22,MEDIAWORKS RADIO LIMITED,490
2026-06-18,23,Fire and Emergency New Zealand,473
2026-06-18,24,DEPARTMENT OF CONSERVATION,465
2026-06-18,25,TAIT SYSTEMS NZ LIMITED,433
2026-06-19,1,ONE NEW ZEALAND GROUP LIMITED,12255
2026-06-19,2,SPARK NEW ZEALAND TRADING LIMITED,10366
2026-06-19,3,TWO DEGREES NETWORKS LIMITED,8718
2026-06-19,4,CHORUS NEW ZEALAND LIMITED,3111
2026-06-19,5,EONFIBRE LIMITED,2078
2026-06-19,6,VITAL LIMITED,1969
2026-06-19,7,KIWIRAIL,1903
2026-06-19,8,KORDIA LIMITED,1465
2026-06-19,9,RURAL CONNECTIVITY GROUP LIMITED,1225
2026-06-19,10,"The Crown acting by and through the Chief Executive of the Ministry of Business, Innovation, and Employment",1084
2026-06-19,11,NZ DEFENCE FORCE HEADQUARTERS,814
2026-06-19,12,ENTAIN NEW ZEALAND LIMITED,657
2026-06-19,13,SPACE OPERATIONS NEW ZEALAND LIMITED,655
2026-06-19,14,LIGHTWIRE LIMITED,615
2026-06-19,15,AIRWAYS CORPORATION OF NEW ZEALAND LIMITED,607
2026-06-19,16,POWERCO LIMITED,600
2026-06-19,17,NZME RADIO LIMITED,593
2026-06-19,18,EVERY PERSON,577
2026-06-19,19,ISO LIMITED,552
2026-06-19,20,NEP BROADCAST SERVICES NEW ZEALAND LIMITED,549
2026-06-19,21,KIWIRAIL LTD,533
2026-06-19,22,MEDIAWORKS RADIO LIMITED,490
2026-06-19,23,Fire and Emergency New Zealand,473
2026-06-19,24,DEPARTMENT OF CONSERVATION,465
2026-06-19,25,TAIT SYSTEMS NZ LIMITED,433
2026-06-21,1,ONE NEW ZEALAND GROUP LIMITED,12255
2026-06-21,2,SPARK NEW ZEALAND TRADING LIMITED,10375
2026-06-21,3,TWO DEGREES NETWORKS LIMITED,8730
2026-06-21,4,CHORUS NEW ZEALAND LIMITED,3111
2026-06-21,5,EONFIBRE LIMITED,2078
2026-06-21,6,VITAL LIMITED,1969
2026-06-21,7,KIWIRAIL,1903
2026-06-21,8,KORDIA LIMITED,1465
2026-06-21,9,RURAL CONNECTIVITY GROUP LIMITED,1225
2026-06-21,10,"The Crown acting by and through the Chief Executive of the Ministry of Business, Innovation, and Employment",1084
2026-06-21,11,NZ DEFENCE FORCE HEADQUARTERS,814
2026-06-21,12,ENTAIN NEW ZEALAND LIMITED,657
2026-06-21,13,SPACE OPERATIONS NEW ZEALAND LIMITED,655
2026-06-21,14,LIGHTWIRE LIMITED,615
2026-06-21,15,AIRWAYS CORPORATION OF NEW ZEALAND LIMITED,607
2026-06-21,16,POWERCO LIMITED,600
2026-06-21,17,NZME RADIO LIMITED,593
2026-06-21,18,EVERY PERSON,577
2026-06-21,19,ISO LIMITED,552
2026-06-21,20,NEP BROADCAST SERVICES NEW ZEALAND LIMITED,549
2026-06-21,21,KIWIRAIL LTD,533
2026-06-21,22,MEDIAWORKS RADIO LIMITED,490
2026-06-21,23,Fire and Emergency New Zealand,473
2026-06-21,24,DEPARTMENT OF CONSERVATION,465
2026-06-21,25,TAIT SYSTEMS NZ LIMITED,433
2026-06-23,1,ONE NEW ZEALAND GROUP LIMITED,12255
2026-06-23,2,SPARK NEW ZEALAND TRADING LIMITED,10388
2026-06-23,3,TWO DEGREES NETWORKS LIMITED,8730
2026-06-23,4,CHORUS NEW ZEALAND LIMITED,3111
2026-06-23,5,EONFIBRE LIMITED,2078
2026-06-23,6,VITAL LIMITED,1969
2026-06-23,7,KIWIRAIL,1903
2026-06-23,8,KORDIA LIMITED,1465
2026-06-23,9,RURAL CONNECTIVITY GROUP LIMITED,1225
2026-06-23,10,"The Crown acting by and through the Chief Executive of the Ministry of Business, Innovation, and Employment",1084
2026-06-23,11,NZ DEFENCE FORCE HEADQUARTERS,814
2026-06-23,12,ENTAIN NEW ZEALAND LIMITED,657
2026-06-23,13,SPACE OPERATIONS NEW ZEALAND LIMITED,655
2026-06-23,14,LIGHTWIRE LIMITED,615
2026-06-23,15,AIRWAYS CORPORATION OF NEW ZEALAND LIMITED,607
2026-06-23,16,POWERCO LIMITED,600
2026-06-23,17,NZME RADIO LIMITED,593
2026-06-23,18,EVERY PERSON,577
2026-06-23,19,ISO LIMITED,552
2026-06-23,20,NEP BROADCAST SERVICES NEW ZEALAND LIMITED,549
2026-06-23,21,KIWIRAIL LTD,533
2026-06-23,22,MEDIAWORKS RADIO LIMITED,490
2026-06-23,23,Fire and Emergency New Zealand,473
2026-06-23,24,DEPARTMENT OF CONSERVATION,465
2026-06-23,25,TAIT SYSTEMS NZ LIMITED,433
2026-06-26,1,ONE NEW ZEALAND GROUP LIMITED,12255
2026-06-26,2,SPARK NEW ZEALAND TRADING LIMITED,10394
2026-06-26,3,TWO DEGREES NETWORKS LIMITED,8757
2026-06-26,4,CHORUS NEW ZEALAND LIMITED,3111
2026-06-26,5,EONFIBRE LIMITED,2078
2026-06-26,6,VITAL LIMITED,1974
2026-06-26,7,KIWIRAIL,1903
2026-06-26,8,KORDIA LIMITED,1465
2026-06-26,9,RURAL CONNECTIVITY GROUP LIMITED,1225
2026-06-26,10,"The Crown acting by and through the Chief Executive of the Ministry of Business, Innovation, and Employment",1084
2026-06-26,11,NZ DEFENCE FORCE HEADQUARTERS,814
2026-06-26,12,ENTAIN NEW ZEALAND LIMITED,657
2026-06-26,13,SPACE OPERATIONS NEW ZEALAND LIMITED,655
2026-06-26,14,LIGHTWIRE LIMITED,615
2026-06-26,15,AIRWAYS CORPORATION OF NEW ZEALAND LIMITED,607
2026-06-26,16,POWERCO LIMITED,600
2026-06-26,17,NZME RADIO LIMITED,593
2026-06-26,18,EVERY PERSON,577
2026-06-26,19,ISO LIMITED,552
2026-06-26,20,NEP BROADCAST SERVICES NEW ZEALAND LIMITED,549
2026-06-26,21,KIWIRAIL LTD,533
2026-06-26,22,MEDIAWORKS RADIO LIMITED,490
2026-06-26,23,Fire and Emergency New Zealand,473
2026-06-26,24,DEPARTMENT OF CONSERVATION,465
2026-06-26,25,TAIT SYSTEMS NZ LIMITED,433
2026-06-28,1,ONE NEW ZEALAND GROUP LIMITED,12255
2026-06-28,2,SPARK NEW ZEALAND TRADING LIMITED,10482
2026-06-28,3,TWO DEGREES NETWORKS LIMITED,8757
2026-06-28,4,CHORUS NEW ZEALAND LIMITED,3111
2026-06-28,5,EONFIBRE LIMITED,2078
2026-06-28,6,VITAL LIMITED,1974
2026-06-28,7,KIWIRAIL,1903
2026-06-28,8,KORDIA LIMITED,1465
2026-06-28,9,RURAL CONNECTIVITY GROUP LIMITED,1225
2026-06-28,10,"The Crown acting by and through the Chief Executive of the Ministry of Business, Innovation, and Employment",1084
2026-06-28,11,NZ DEFENCE FORCE HEADQUARTERS,814
2026-06-28,12,ENTAIN NEW ZEALAND LIMITED,657
2026-06-28,13,SPACE OPERATIONS NEW ZEALAND LIMITED,655
2026-06-28,14,LIGHTWIRE LIMITED,615
2026-06-28,15,AIRWAYS CORPORATION OF NEW ZEALAND LIMITED,607
2026-06-28,16,POWERCO LIMITED,600
2026-06-28,17,NZME RADIO LIMITED,593
2026-06-28,18,EVERY PERSON,577
2026-06-28,19,ISO LIMITED,552
2026-06-28,20,NEP BROADCAST SERVICES NEW ZEALAND LIMITED,549
2026-06-28,21,KIWIRAIL LTD,533
2026-06-28,22,MEDIAWORKS RADIO LIMITED,490
2026-06-28,23,Fire and Emergency New Zealand,473
2026-06-28,24,DEPARTMENT OF CONSERVATION,465
2026-06-28,25,TAIT SYSTEMS NZ LIMITED,433
2026-06-29,1,ONE NEW ZEALAND GROUP LIMITED,12255
2026-06-29,2,SPARK NEW ZEALAND TRADING LIMITED,11261
2026-06-29,3,TWO DEGREES NETWORKS LIMITED,9428
2026-06-29,4,CHORUS NEW ZEALAND LIMITED,3111
2026-06-29,5,EONFIBRE LIMITED,2078
2026-06-29,6,VITAL LIMITED,1974
2026-06-29,7,KIWIRAIL,1903
2026-06-29,8,KORDIA LIMITED,1465
2026-06-29,9,RURAL CONNECTIVITY GROUP LIMITED,1225
2026-06-29,10,"The Crown acting by and through the Chief Executive of the Ministry of Business, Innovation, and Employment",1084
2026-06-29,11,NZ DEFENCE FORCE HEADQUARTERS,814
2026-06-29,12,ENTAIN NEW ZEALAND LIMITED,657
2026-06-29,13,SPACE OPERATIONS NEW ZEALAND LIMITED,655
2026-06-29,14,LIGHTWIRE LIMITED,615
2026-06-29,15,AIRWAYS CORPORATION OF NEW ZEALAND LIMITED,607
2026-06-29,16,POWERCO LIMITED,600
2026-06-29,17,NZME RADIO LIMITED,593
2026-06-29,18,EVERY PERSON,577
2026-06-29,19,ISO LIMITED,552
2026-06-29,20,NEP BROADCAST SERVICES NEW ZEALAND LIMITED,549
2026-06-29,21,KIWIRAIL LTD,533
2026-06-29,22,MEDIAWORKS RADIO LIMITED,490
2026-06-29,23,Fire and Emergency New Zealand,473
2026-06-29,24,DEPARTMENT OF CONSERVATION,465
2026-06-29,25,TAIT SYSTEMS NZ LIMITED,433
2026-06-30,1,SPARK NEW ZEALAND TRADING LIMITED,11288
2026-06-30,2,ONE NEW ZEALAND GROUP LIMITED,11083
2026-06-30,3,TWO DEGREES NETWORKS LIMITED,8755
2026-06-30,4,CHORUS NEW ZEALAND LIMITED,3111
2026-06-30,5,EONFIBRE LIMITED,2078
2026-06-30,6,VITAL LIMITED,1974
2026-06-30,7,KIWIRAIL,1903
2026-06-30,8,KORDIA LIMITED,1465
2026-06-30,9,RURAL CONNECTIVITY GROUP LIMITED,1225
2026-06-30,10,"The Crown acting by and through the Chief Executive of the Ministry of Business, Innovation, and Employment",1084
2026-06-30,11,NZ DEFENCE FORCE HEADQUARTERS,814
2026-06-30,12,ENTAIN NEW ZEALAND LIMITED,657
2026-06-30,13,SPACE OPERATIONS NEW ZEALAND LIMITED,655
2026-06-30,14,LIGHTWIRE LIMITED,615
2026-06-30,15,AIRWAYS CORPORATION OF NEW ZEALAND LIMITED,607
2026-06-30,16,POWERCO LIMITED,600
2026-06-30,17,NZME RADIO LIMITED,593
2026-06-30,18,EVERY PERSON,576
2026-06-30,19,ISO LIMITED,552
2026-06-30,20,NEP BROADCAST SERVICES NEW ZEALAND LIMITED,549
2026-06-30,21,KIWIRAIL LTD,533
2026-06-30,22,MEDIAWORKS RADIO LIMITED,490
2026-06-30,23,Fire and Emergency New Zealand,473
2026-06-30,24,DEPARTMENT OF CONSERVATION,465
2026-06-30,25,TAIT SYSTEMS NZ LIMITED,433
2026-07-01,1,SPARK NEW ZEALAND TRADING LIMITED,11288
2026-07-01,2,ONE NEW ZEALAND GROUP LIMITED,11083
2026-07-01,3,TWO DEGREES NETWORKS LIMITED,8755
2026-07-01,4,CHORUS NEW ZEALAND LIMITED,3109
2026-07-01,5,EONFIBRE LIMITED,2078
2026-07-01,6,VITAL LIMITED,1974
2026-07-01,7,KIWIRAIL,1903
2026-07-01,8,KORDIA LIMITED,1465
2026-07-01,9,RURAL CONNECTIVITY GROUP LIMITED,1250
2026-07-01,10,"The Crown acting by and through the Chief Executive of the Ministry of Business, Innovation, and Employment",1084
2026-07-01,11,NZ DEFENCE FORCE HEADQUARTERS,814
2026-07-01,12,ENTAIN NEW ZEALAND LIMITED,657
2026-07-01,13,SPACE OPERATIONS NEW ZEALAND LIMITED,655
2026-07-01,14,LIGHTWIRE LIMITED,615
2026-07-01,15,AIRWAYS CORPORATION OF NEW ZEALAND LIMITED,608
2026-07-01,16,POWERCO LIMITED,600
2026-07-01,17,NZME RADIO LIMITED,593
2026-07-01,18,EVERY PERSON,576
2026-07-01,19,ISO LIMITED,552
2026-07-01,20,NEP BROADCAST SERVICES NEW ZEALAND LIMITED,549
2026-07-01,21,KIWIRAIL LTD,533
2026-07-01,22,MEDIAWORKS RADIO LIMITED,490
2026-07-01,23,Fire and Emergency New Zealand,473
2026-07-01,24,DEPARTMENT OF CONSERVATION,465
2026-07-01,25,TAIT SYSTEMS NZ LIMITED,433
2026-07-02,1,SPARK NEW ZEALAND TRADING LIMITED,11288
2026-07-02,2,ONE NEW ZEALAND GROUP LIMITED,11083
2026-07-02,3,TWO DEGREES NETWORKS LIMITED,8755
2026-07-02,4,CHORUS NEW ZEALAND LIMITED,3111
2026-07-02,5,EONFIBRE LIMITED,2078
2026-07-02,6,VITAL LIMITED,1974
2026-07-02,7,KIWIRAIL,1903
2026-07-02,8,KORDIA LIMITED,1465
2026-07-02,9,RURAL CONNECTIVITY GROUP LIMITED,1250
2026-07-02,10,"The Crown acting by and through the Chief Executive of the Ministry of Business, Innovation, and Employment",1084
2026-07-02,11,NZ DEFENCE FORCE HEADQUARTERS,814
2026-07-02,12,ENTAIN NEW ZEALAND LIMITED,657
2026-07-02,13,SPACE OPERATIONS NEW ZEALAND LIMITED,655
2026-07-02,14,LIGHTWIRE LIMITED,615
2026-07-02,15,AIRWAYS CORPORATION OF NEW ZEALAND LIMITED,607
2026-07-02,16,POWERCO LIMITED,600
2026-07-02,17,NZME RADIO LIMITED,593
2026-07-02,18,EVERY PERSON,576
2026-07-02,19,ISO LIMITED,552
2026-07-02,20,NEP BROADCAST SERVICES NEW ZEALAND LIMITED,549
2026-07-02,21,KIWIRAIL LTD,533
2026-07-02,22,MEDIAWORKS RADIO LIMITED,490
2026-07-02,23,Fire and Emergency New Zealand,473
2026-07-02,24,DEPARTMENT OF CONSERVATION,465
2026-07-02,25,TAIT SYSTEMS NZ LIMITED,433
2026-07-05,1,SPARK NEW ZEALAND TRADING LIMITED,11288
2026-07-05,2,ONE NEW ZEALAND GROUP LIMITED,11089
2026-07-05,3,TWO DEGREES NETWORKS LIMITED,8755
2026-07-05,4,CHORUS NEW ZEALAND LIMITED,3111
2026-07-05,5,EONFIBRE LIMITED,2078
2026-07-05,6,VITAL LIMITED,1974
2026-07-05,7,KIWIRAIL,1903
2026-07-05,8,KORDIA LIMITED,1465
2026-07-05,9,RURAL CONNECTIVITY GROUP LIMITED,1250
2026-07-05,10,"The Crown acting by and through the Chief Executive of the Ministry of Business, Innovation, and Employment",1084
2026-07-05,11,NZ DEFENCE FORCE HEADQUARTERS,814
2026-07-05,12,ENTAIN NEW ZEALAND LIMITED,657
2026-07-05,13,SPACE OPERATIONS NEW ZEALAND LIMITED,655
2026-07-05,14,LIGHTWIRE LIMITED,615
2026-07-05,15,AIRWAYS CORPORATION OF NEW ZEALAND LIMITED,607
2026-07-05,16,POWERCO LIMITED,600
2026-07-05,17,NZME RADIO LIMITED,593
2026-07-05,18,EVERY PERSON,576
2026-07-05,19,ISO LIMITED,552
2026-07-05,20,NEP BROADCAST SERVICES NEW ZEALAND LIMITED,549
2026-07-05,21,KIWIRAIL LTD,533
2026-07-05,22,MEDIAWORKS RADIO LIMITED,490
2026-07-05,23,Fire and Emergency New Zealand,474
2026-07-05,24,DEPARTMENT OF CONSERVATION,465
2026-07-05,25,TAIT SYSTEMS NZ LIMITED,433
2026-07-06,1,SPARK NEW ZEALAND TRADING LIMITED,11288
2026-07-06,2,ONE NEW ZEALAND GROUP LIMITED,11089
2026-07-06,3,TWO DEGREES NETWORKS LIMITED,8759
2026-07-06,4,CHORUS NEW ZEALAND LIMITED,3111
2026-07-06,5,EONFIBRE LIMITED,2078
2026-07-06,6,VITAL LIMITED,1974
2026-07-06,7,KIWIRAIL,1903
2026-07-06,8,KORDIA LIMITED,1465
2026-07-06,9,RURAL CONNECTIVITY GROUP LIMITED,1250
2026-07-06,10,"The Crown acting by and through the Chief Executive of the Ministry of Business, Innovation, and Employment",1084
2026-07-06,11,NZ DEFENCE FORCE HEADQUARTERS,814
2026-07-06,12,ENTAIN NEW ZEALAND LIMITED,657
2026-07-06,13,SPACE OPERATIONS NEW ZEALAND LIMITED,655
2026-07-06,14,LIGHTWIRE LIMITED,615
2026-07-06,15,AIRWAYS CORPORATION OF NEW ZEALAND LIMITED,607
2026-07-06,16,POWERCO LIMITED,600
2026-07-06,17,NZME RADIO LIMITED,593
2026-07-06,18,EVERY PERSON,576
2026-07-06,19,ISO LIMITED,552
2026-07-06,20,NEP BROADCAST SERVICES NEW ZEALAND LIMITED,549
2026-07-06,21,KIWIRAIL LTD,533
2026-07-06,22,MEDIAWORKS RADIO LIMITED,490
2026-07-06,23,Fire and Emergency New Zealand,474
2026-07-06,24,DEPARTMENT OF CONSERVATION,465
2026-07-06,25,TAIT SYSTEMS NZ LIMITED,433
2026-07-08,1,SPARK NEW ZEALAND TRADING LIMITED,11288
2026-07-08,2,ONE NEW ZEALAND GROUP LIMITED,11089
2026-07-08,3,TWO DEGREES NETWORKS LIMITED,8761
2026-07-08,4,CHORUS NEW ZEALAND LIMITED,3111
2026-07-08,5,EONFIBRE LIMITED,2078
2026-07-08,6,VITAL LIMITED,1974
2026-07-08,7,KIWIRAIL,1903
2026-07-08,8,KORDIA LIMITED,1465
2026-07-08,9,RURAL CONNECTIVITY GROUP LIMITED,1250
2026-07-08,10,"The Crown acting by and through the Chief Executive of the Ministry of Business, Innovation, and Employment",1084
2026-07-08,11,NZ DEFENCE FORCE HEADQUARTERS,814
2026-07-08,12,ENTAIN NEW ZEALAND LIMITED,657
2026-07-08,13,SPACE OPERATIONS NEW ZEALAND LIMITED,655
2026-07-08,14,LIGHTWIRE LIMITED,615
2026-07-08,15,AIRWAYS CORPORATION OF NEW ZEALAND LIMITED,607
2026-07-08,16,POWERCO LIMITED,600
2026-07-08,17,NZME RADIO LIMITED,593
2026-07-08,18,EVERY PERSON,576
2026-07-08,19,ISO LIMITED,552
2026-07-08,20,NEP BROADCAST SERVICES NEW ZEALAND LIMITED,549
2026-07-08,21,KIWIRAIL LTD,533
2026-07-08,22,MEDIAWORKS RADIO LIMITED,490
2026-07-08,23,Fire and Emergency New Zealand,474
2026-07-08,24,DEPARTMENT OF CONSERVATION,465
2026-07-08,25,TAIT SYSTEMS NZ LIMITED,433
2026-07-10,1,SPARK NEW ZEALAND TRADING LIMITED,11276
2026-07-10,2,ONE NEW ZEALAND GROUP LIMITED,11089
2026-07-10,3,TWO DEGREES NETWORKS LIMITED,8761
2026-07-10,4,CHORUS NEW ZEALAND LIMITED,3111
2026-07-10,5,EONFIBRE LIMITED,2078
2026-07-10,6,VITAL LIMITED,1974
2026-07-10,7,KIWIRAIL,1903
2026-07-10,8,KORDIA LIMITED,1465
2026-07-10,9,RURAL CONNECTIVITY GROUP LIMITED,1250
2026-07-10,10,"The Crown acting by and through the Chief Executive of the Ministry of Business, Innovation, and Employment",1084
2026-07-10,11,NZ DEFENCE FORCE HEADQUARTERS,814
2026-07-10,12,ENTAIN NEW ZEALAND LIMITED,657
2026-07-10,13,SPACE OPERATIONS NEW ZEALAND LIMITED,655
2026-07-10,14,LIGHTWIRE LIMITED,615
2026-07-10,15,AIRWAYS CORPORATION OF NEW ZEALAND LIMITED,607
2026-07-10,16,POWERCO LIMITED,600
2026-07-10,17,NZME RADIO LIMITED,593
2026-07-10,18,EVERY PERSON,576
2026-07-10,19,ISO LIMITED,552
2026-07-10,20,NEP BROADCAST SERVICES NEW ZEALAND LIMITED,549
2026-07-10,21,KIWIRAIL LTD,533
2026-07-10,22,MEDIAWORKS RADIO LIMITED,490
2026-07-10,23,Fire and Emergency New Zealand,474
2026-07-10,24,DEPARTMENT OF CONSERVATION,465
2026-07-10,25,TAIT SYSTEMS NZ LIMITED,433
2026-07-14,1,SPARK NEW ZEALAND TRADING LIMITED,11289
2026-07-14,2,ONE NEW ZEALAND GROUP LIMITED,11123
2026-07-14,3,TWO DEGREES NETWORKS LIMITED,8774
2026-07-14,4,CHORUS NEW ZEALAND LIMITED,3111
2026-07-14,5,EONFIBRE LIMITED,2084
2026-07-14,6,VITAL LIMITED,1974
2026-07-14,7,KIWIRAIL,1903
2026-07-14,8,KORDIA LIMITED,1465
2026-07-14,9,RURAL CONNECTIVITY GROUP LIMITED,1250
2026-07-14,10,"The Crown acting by and through the Chief Executive of the Ministry of Business, Innovation, and Employment",1084
2026-07-14,11,NZ DEFENCE FORCE HEADQUARTERS,814
2026-07-14,12,ENTAIN NEW ZEALAND LIMITED,657
2026-07-14,13,SPACE OPERATIONS NEW ZEALAND LIMITED,655
2026-07-14,14,LIGHTWIRE LIMITED,615
2026-07-14,15,AIRWAYS CORPORATION OF NEW ZEALAND LIMITED,607
2026-07-14,16,POWERCO LIMITED,600
2026-07-14,17,NZME RADIO LIMITED,593
2026-07-14,18,EVERY PERSON,576
2026-07-14,19,ISO LIMITED,552
2026-07-14,20,NEP BROADCAST SERVICES NEW ZEALAND LIMITED,549
2026-07-14,21,KIWIRAIL LTD,533
2026-07-14,22,MEDIAWORKS RADIO LIMITED,490
2026-07-14,23,Fire and Emergency New Zealand,474
2026-07-14,24,DEPARTMENT OF CONSERVATION,465
2026-07-14,25,TAIT SYSTEMS NZ LIMITED,433
2026-07-20,1,SPARK NEW ZEALAND TRADING LIMITED,11287
2026-07-20,2,ONE NEW ZEALAND GROUP LIMITED,11123
2026-07-20,3,TWO DEGREES NETWORKS LIMITED,8774
2026-07-20,4,CHORUS NEW ZEALAND LIMITED,3111
2026-07-20,5,EONFIBRE LIMITED,2084
2026-07-20,6,VITAL LIMITED,1974
2026-07-20,7,KIWIRAIL,1903
2026-07-20,8,KORDIA LIMITED,1465
2026-07-20,9,RURAL CONNECTIVITY GROUP LIMITED,1250
2026-07-20,10,"The Crown acting by and through the Chief Executive of the Ministry of Business, Innovation, and Employment",1084
2026-07-20,11,NZ DEFENCE FORCE HEADQUARTERS,814
2026-07-20,12,ENTAIN NEW ZEALAND LIMITED,657
2026-07-20,13,SPACE OPERATIONS NEW ZEALAND LIMITED,655
2026-07-20,14,LIGHTWIRE LIMITED,615
2026-07-20,15,AIRWAYS CORPORATION OF NEW ZEALAND LIMITED,607
2026-07-20,16,POWERCO LIMITED,600
2026-07-20,17,NZME RADIO LIMITED,593
2026-07-20,18,EVERY PERSON,576
2026-07-20,19,ISO LIMITED,552
2026-07-20,20,NEP BROADCAST SERVICES NEW ZEALAND LIMITED,549
2026-07-20,21,KIWIRAIL LTD,533
2026-07-20,22,MEDIAWORKS RADIO LIMITED,490
2026-07-20,23,Fire and Emergency New Zealand,474
2026-07-20,24,DEPARTMENT OF CONSERVATION,465
2026-07-20,25,TAIT SYSTEMS NZ LIMITED,433
2026-07-22,1,SPARK NEW ZEALAND TRADING LIMITED,11305
2026-07-22,2,ONE NEW ZEALAND GROUP LIMITED,11123
2026-07-22,3,TWO DEGREES NETWORKS LIMITED,8808
2026-07-22,4,CHORUS NEW ZEALAND LIMITED,3111
2026-07-22,5,EONFIBRE LIMITED,2084
2026-07-22,6,VITAL LIMITED,1974
2026-07-22,7,KIWIRAIL,1903
2026-07-22,8,KORDIA LIMITED,1465
2026-07-22,9,RURAL CONNECTIVITY GROUP LIMITED,1250
2026-07-22,10,"The Crown acting by and through the Chief Executive of the Ministry of Business, Innovation, and Employment",1084
2026-07-22,11,NZ DEFENCE FORCE HEADQUARTERS,814
2026-07-22,12,ENTAIN NEW ZEALAND LIMITED,657
2026-07-22,13,SPACE OPERATIONS NEW ZEALAND LIMITED,655
2026-07-22,14,LIGHTWIRE LIMITED,615
2026-07-22,15,AIRWAYS CORPORATION OF NEW ZEALAND LIMITED,607
2026-07-22,16,POWERCO LIMITED,600
2026-07-22,17,NZME RADIO LIMITED,593
2026-07-22,18,EVERY PERSON,576
2026-07-22,19,ISO LIMITED,552
2026-07-22,20,NEP BROADCAST SERVICES NEW ZEALAND LIMITED,549
2026-07-22,21,KIWIRAIL LTD,533
2026-07-22,22,MEDIAWORKS RADIO LIMITED,490
2026-07-22,23,Fire and Emergency New Zealand,474
2026-07-22,24,DEPARTMENT OF CONSERVATION,465
2026-07-22,25,TAIT SYSTEMS NZ LIMITED,433
2026-07-24,1,SPARK NEW ZEALAND TRADING LIMITED,11300
2026-07-24,2,ONE NEW ZEALAND GROUP LIMITED,11123
2026-07-24,3,TWO DEGREES NETWORKS LIMITED,8816
2026-07-24,4,CHORUS NEW ZEALAND LIMITED,3111
2026-07-24,5,EONFIBRE LIMITED,2084
2026-07-24,6,VITAL LIMITED,1974
2026-07-24,7,KIWIRAIL,1903
2026-07-24,8,KORDIA LIMITED,1465
2026-07-24,9,RURAL CONNECTIVITY GROUP LIMITED,1250
2026-07-24,10,"The Crown acting by and through the Chief Executive of the Ministry of Business, Innovation, and Employment",1084
2026-07-24,11,NZ DEFENCE FORCE HEADQUARTERS,814
2026-07-24,12,ENTAIN NEW ZEALAND LIMITED,657
2026-07-24,13,SPACE OPERATIONS NEW ZEALAND LIMITED,655
2026-07-24,14,LIGHTWIRE LIMITED,615
2026-07-24,15,AIRWAYS CORPORATION OF NEW ZEALAND LIMITED,607
2026-07-24,16,POWERCO LIMITED,600
2026-07-24,17,NZME RADIO LIMITED,593
2026-07-24,18,EVERY PERSON,576
2026-07-24,19,ISO LIMITED,552
2026-07-24,20,NEP BROADCAST SERVICES NEW ZEALAND LIMITED,549
2026-07-24,21,KIWIRAIL LTD,533
2026-07-24,22,MEDIAWORKS RADIO LIMITED,490
2026-07-24,23,Fire and Emergency New Zealand,474
2026-07-24,24,DEPARTMENT OF CONSERVATION,465
2026-07-24,25,TAIT SYSTEMS NZ LIMITED,433
2026-07-28,1,SPARK NEW ZEALAND TRADING LIMITED,11300
2026-07-28,2,ONE NEW ZEALAND GROUP LIMITED,11123
2026-07-28,3,TWO DEGREES NETWORKS LIMITED,8816
2026-07-28,4,CHORUS NEW ZEALAND LIMITED,3111
2026-07-28,5,EONFIBRE LIMITED,2084
2026-07-28,6,VITAL LIMITED,1978
2026-07-28,7,KIWIRAIL,1903
2026-07-28,8,KORDIA LIMITED,1465
2026-07-28,9,RURAL CONNECTIVITY GROUP LIMITED,1250
2026-07-28,10,"The Crown acting by and through the Chief Executive of the Ministry of Business, Innovation, and Employment",1084
2026-07-28,11,NZ DEFENCE FORCE HEADQUARTERS,814
2026-07-28,12,ENTAIN NEW ZEALAND LIMITED,657
2026-07-28,13,SPACE OPERATIONS NEW ZEALAND LIMITED,655
2026-07-28,14,LIGHTWIRE LIMITED,615
2026-07-28,15,AIRWAYS CORPORATION OF NEW ZEALAND LIMITED,607
2026-07-28,16,POWERCO LIMITED,600
2026-07-28,17,NZME RADIO LIMITED,593
2026-07-28,18,EVERY PERSON,576
2026-07-28,19,ISO LIMITED,552
2026-07-28,20,NEP BROADCAST SERVICES NEW ZEALAND LIMITED,549
2026-07-28,21,KIWIRAIL LTD,533
2026-07-28,22,MEDIAWORKS RADIO LIMITED,490
2026-07-28,23,Fire and Emergency New Zealand,474
2026-07-28,24,DEPARTMENT OF CONSERVATION,465
2026-07-28,25,TAIT SYSTEMS NZ LIMITED,433
2026-07-29,1,ONE NEW ZEALAND GROUP LIMITED,11123
2026-07-29,2,SPARK NEW ZEALAND TRADING LIMITED,10432
2026-07-29,3,TWO DEGREES NETWORKS LIMITED,8816
2026-07-29,4,CHORUS NEW ZEALAND LIMITED,3111
2026-07-29,5,EONFIBRE LIMITED,2084
2026-07-29,6,VITAL LIMITED,1978
2026-07-29,7,KIWIRAIL,1903
2026-07-29,8,KORDIA LIMITED,1465
2026-07-29,9,RURAL CONNECTIVITY GROUP LIMITED,1250
2026-07-29,10,"The Crown acting by and through the Chief Executive of the Ministry of Business, Innovation, and Employment",1084
2026-07-29,11,NZ DEFENCE FORCE HEADQUARTERS,814
2026-07-29,12,ENTAIN NEW ZEALAND LIMITED,657
2026-07-29,13,SPACE OPERATIONS NEW ZEALAND LIMITED,655
2026-07-29,14,LIGHTWIRE LIMITED,615
2026-07-29,15,AIRWAYS CORPORATION OF NEW ZEALAND LIMITED,607
2026-07-29,16,POWERCO LIMITED,600
2026-07-29,17,NZME RADIO LIMITED,593
2026-07-29,18,EVERY PERSON,576
2026-07-29,19,ISO LIMITED,552
2026-07-29,20,NEP BROADCAST SERVICES NEW ZEALAND LIMITED,549
2026-07-29,21,KIWIRAIL LTD,533
2026-07-29,22,MEDIAWORKS RADIO LIMITED,490
2026-07-29,23,Fire and Emergency New Zealand,474
2026-07-29,24,DEPARTMENT OF CONSERVATION,465
2026-07-29,25,TAIT SYSTEMS NZ LIMITED,433
2026-07-30,1,ONE NEW ZEALAND GROUP LIMITED,11132
2026-07-30,2,SPARK NEW ZEALAND TRADING LIMITED,10439
2026-07-30,3,TWO DEGREES NETWORKS LIMITED,8816
2026-07-30,4,CHORUS NEW ZEALAND LIMITED,3107
2026-07-30,5,EONFIBRE LIMITED,2084
2026-07-30,6,VITAL LIMITED,1978
2026-07-30,7,KIWIRAIL,1903
2026-07-30,8,KORDIA LIMITED,1465
2026-07-30,9,RURAL CONNECTIVITY GROUP LIMITED,1250
2026-07-30,10,"The Crown acting by and through the Chief Executive of the Ministry of Business, Innovation, and Employment",1081
2026-07-30,11,NZ DEFENCE FORCE HEADQUARTERS,814
2026-07-30,12,ENTAIN NEW ZEALAND LIMITED,657
2026-07-30,13,SPACE OPERATIONS NEW ZEALAND LIMITED,655
2026-07-30,14,LIGHTWIRE LIMITED,615
2026-07-30,15,AIRWAYS CORPORATION OF NEW ZEALAND LIMITED,607
2026-07-30,16,POWERCO LIMITED,600
2026-07-30,17,NZME RADIO LIMITED,593
2026-07-30,18,EVERY PERSON,576
2026-07-30,19,ISO LIMITED,552
2026-07-30,20,NEP BROADCAST SERVICES NEW ZEALAND LIMITED,549
2026-07-30,21,KIWIRAIL LTD,533
2026-07-30,22,MEDIAWORKS RADIO LIMITED,490
2026-07-30,23,Fire and Emergency New Zealand,474
2026-07-30,24,DEPARTMENT OF CONSERVATION,465
2026-07-30,25,TAIT SYSTEMS NZ LIMITED,433
2026-07-31,1,ONE NEW ZEALAND GROUP LIMITED,11132
2026-07-31,2,SPARK NEW ZEALAND TRADING LIMITED,10439
2026-07-31,3,TWO DEGREES NETWORKS LIMITED,8790
2026-07-31,4,CHORUS NEW ZEALAND LIMITED,3107
2026-07-31,5,EONFIBRE LIMITED,2084
2026-07-31,6,VITAL LIMITED,1978
2026-07-31,7,KIWIRAIL,1903
2026-07-31,8,KORDIA LIMITED,1465
2026-07-31,9,RURAL CONNECTIVITY GROUP LIMITED,1250
2026-07-31,10,"The Crown acting by and through the Chief Executive of the Ministry of Business, Innovation, and Employment",1081
2026-07-31,11,NZ DEFENCE FORCE HEADQUARTERS,814
2026-07-31,12,ENTAIN NEW ZEALAND LIMITED,657
2026-07-31,13,SPACE OPERATIONS NEW ZEALAND LIMITED,655
2026-07-31,14,LIGHTWIRE LIMITED,615
2026-07-31,15,AIRWAYS CORPORATION OF NEW ZEALAND LIMITED,607
2026-07-31,16,POWERCO LIMITED,600
2026-07-31,17,NZME RADIO LIMITED,593
2026-07-31,18,EVERY PERSON,576
2026-07-31,19,ISO LIMITED,552
2026-07-31,20,NEP BROADCAST SERVICES NEW ZEALAND LIMITED,549
2026-07-31,21,KIWIRAIL LTD,533
2026-07-31,22,MEDIAWORKS RADIO LIMITED,490
2026-07-31,23,Fire and Emergency New Zealand,474
2026-07-31,24,DEPARTMENT OF CONSERVATION,465
2026-07-31,25,TAIT SYSTEMS NZ LIMITED,433
2026-08-02,1,ONE NEW ZEALAND GROUP LIMITED,11132
2026-08-02,2,SPARK NEW ZEALAND TRADING LIMITED,10439
2026-08-02,3,TWO DEGREES NETWORKS LIMITED,8798
2026-08-02,4,CHORUS NEW ZEALAND LIMITED,3107
2026-08-02,5,EONFIBRE LIMITED,2084
2026-08-02,6,VITAL LIMITED,1978
2026-08-02,7,KIWIRAIL,1903
2026-08-02,8,KORDIA LIMITED,1465
2026-08-02,9,RURAL CONNECTIVITY GROUP LIMITED,1254
2026-08-02,10,"The Crown acting by and through the Chief Executive of the Ministry of Business, Innovation, and Employment",1081
2026-08-02,11,NZ DEFENCE FORCE HEADQUARTERS,814
2026-08-02,12,ENTAIN NEW ZEALAND LIMITED,657
2026-08-02,13,SPACE OPERATIONS NEW ZEALAND LIMITED,655
2026-08-02,14,LIGHTWIRE LIMITED,615
2026-08-02,15,AIRWAYS CORPORATION OF NEW ZEALAND LIMITED,607
2026-08-02,16,POWERCO LIMITED,600
2026-08-02,17,NZME RADIO LIMITED,593
2026-08-02,18,EVERY PERSON,576
2026-08-02,19,ISO LIMITED,552
2026-08-02,20,NEP BROADCAST SERVICES NEW ZEALAND LIMITED,549
2026-08-02,21,KIWIRAIL LTD,533
2026-08-02,22,MEDIAWORKS RADIO LIMITED,490
2026-08-02,23,Fire and Emergency New Zealand,474
2026-08-02,24,DEPARTMENT OF CONSERVATION,465
2026-08-02,25,TAIT SYSTEMS NZ LIMITED,433
2026-08-03,1,ONE NEW ZEALAND GROUP LIMITED,11132
2026-08-03,2,SPARK NEW ZEALAND TRADING LIMITED,10439
2026-08-03,3,TWO DEGREES NETWORKS LIMITED,8798
2026-08-03,4,CHORUS NEW ZEALAND LIMITED,3107
2026-08-03,5,EONFIBRE LIMITED,2084
2026-08-03,6,VITAL LIMITED,1978
2026-08-03,7,KIWIRAIL,1903
2026-08-03,8,KORDIA LIMITED,1465
2026-08-03,9,RURAL CONNECTIVITY GROUP LIMITED,1254
2026-08-03,10,"The Crown acting by and through the Chief Executive of the Ministry of Business, Innovation, and Employment",1081
2026-08-03,11,NZ DEFENCE FORCE HEADQUARTERS,814
2026-08-03,12,SPACE OPERATIONS NEW ZEALAND LIMITED,685
2026-08-03,13,ENTAIN NEW ZEALAND LIMITED,657
2026-08-03,14,LIGHTWIRE LIMITED,615
2026-08-03,15,AIRWAYS CORPORATION OF NEW ZEALAND LIMITED,607
2026-08-03,16,POWERCO LIMITED,600
2026-08-03,17,NZME RADIO LIMITED,593
2026-08-03,18,EVERY PERSON,576
2026-08-03,19,ISO LIMITED,552
2026-08-03,20,NEP BROADCAST SERVICES NEW ZEALAND LIMITED,549
2026-08-03,21,KIWIRAIL LTD,533
2026-08-03,22,MEDIAWORKS RADIO LIMITED,490
2026-08-03,23,Fire and Emergency New Zealand,474
2026-08-03,24,DEPARTMENT OF CONSERVATION,465
2026-08-03,25,TAIT SYSTEMS NZ LIMITED,433
2026-08-05,1,ONE NEW ZEALAND GROUP LIMITED,11132
2026-08-05,2,SPARK NEW ZEALAND TRADING LIMITED,10443
2026-08-05,3,TWO DEGREES NETWORKS LIMITED,8798
2026-08-05,4,CHORUS NEW ZEALAND LIMITED,3107
2026-08-05,5,EONFIBRE LIMITED,2084
2026-08-05,6,VITAL LIMITED,1978
2026-08-05,7,KIWIRAIL,1903
2026-08-05,8,KORDIA LIMITED,1465
2026-08-05,9,RURAL CONNECTIVITY GROUP LIMITED,1254
2026-08-05,10,"The Crown acting by and through the Chief Executive of the Ministry of Business, Innovation, and Employment",1081
2026-08-05,11,NZ DEFENCE FORCE HEADQUARTERS,814
2026-08-05,12,SPACE OPERATIONS NEW ZEALAND LIMITED,685
2026-08-05,13,ENTAIN NEW ZEALAND LIMITED,657
2026-08-05,14,LIGHTWIRE LIMITED,615
2026-08-05,15,AIRWAYS CORPORATION OF NEW ZEALAND LIMITED,607
2026-08-05,16,POWERCO LIMITED,600
2026-08-05,17,NZME RADIO LIMITED,593
2026-08-05,18,EVERY PERSON,576
2026-08-05,19,ISO LIMITED,552
2026-08-05,20,NEP BROADCAST SERVICES NEW ZEALAND LIMITED,549
2026-08-05,21,KIWIRAIL LTD,533
2026-08-05,22,MEDIAWORKS RADIO LIMITED,490
2026-08-05,23,Fire and Emergency New Zealand,474
2026-08-05,24,DEPARTMENT OF CONSERVATION,465
2026-08-05,25,TAIT SYSTEMS NZ LIMITED,433
2026-08-07,1,ONE NEW ZEALAND GROUP LIMITED,11132
2026-08-07,2,SPARK NEW ZEALAND TRADING LIMITED,10443
2026-08-07,3,TWO DEGREES NETWORKS LIMITED,8798
2026-08-07,4,CHORUS NEW ZEALAND LIMITED,3107
2026-08-07,5,EONFIBRE LIMITED,2052
2026-08-07,6,VITAL LIMITED,1978
2026-08-07,7,KIWIRAIL,1903
2026-08-07,8,KORDIA LIMITED,1465
2026-08-07,9,RURAL CONNECTIVITY GROUP LIMITED,1254
2026-08-07,10,"The Crown acting by and through the Chief Executive of the Ministry of Business, Innovation, and Employment",1081
2026-08-07,11,NZ DEFENCE FORCE HEADQUARTERS,814
2026-08-07,12,SPACE OPERATIONS NEW ZEALAND LIMITED,685
2026-08-07,13,ENTAIN NEW ZEALAND LIMITED,657
2026-08-07,14,LIGHTWIRE LIMITED,615
2026-08-07,15,AIRWAYS CORPORATION OF NEW ZEALAND LIMITED,607
2026-08-07,16,POWERCO LIMITED,600
2026-08-07,17,NZME RADIO LIMITED,593
2026-08-07,18,EVERY PERSON,576
2026-08-07,19,ISO LIMITED,552
2026-08-07,20,NEP BROADCAST SERVICES NEW ZEALAND LIMITED,549
2026-08-07,21,KIWIRAIL LTD,533
2026-08-07,22,MEDIAWORKS RADIO LIMITED,490
2026-08-07,23,Fire and Emergency New Zealand,474
2026-08-07,24,DEPARTMENT OF CONSERVATION,465
2026-08-07,25,TAIT SYSTEMS NZ LIMITED,433
2026-08-10,1,ONE NEW ZEALAND GROUP LIMITED,11132
2026-08-10,2,SPARK NEW ZEALAND TRADING LIMITED,10443
2026-08-10,3,TWO DEGREES NETWORKS LIMITED,8794
2026-08-10,4,CHORUS NEW ZEALAND LIMITED,3107
2026-08-10,5,EONFIBRE LIMITED,2052
2026-08-10,6,VITAL LIMITED,1978
2026-08-10,7,KIWIRAIL,1903
2026-08-10,8,KORDIA LIMITED,1467
2026-08-10,9,RURAL CONNECTIVITY GROUP LIMITED,1254
2026-08-10,10,"The Crown acting by and through the Chief Executive of the Ministry of Business, Innovation, and Employment",1081
2026-08-10,11,NZ DEFENCE FORCE HEADQUARTERS,814
2026-08-10,12,SPACE OPERATIONS NEW ZEALAND LIMITED,685
2026-08-10,13,ENTAIN NEW ZEALAND LIMITED,657
2026-08-10,14,LIGHTWIRE LIMITED,615
2026-08-10,15,AIRWAYS CORPORATION OF NEW ZEALAND LIMITED,607
2026-08-10,16,POWERCO LIMITED,600
2026-08-10,17,NZME RADIO LIMITED,593
2026-08-10,18,EVERY PERSON,576
2026-08-10,19,ISO LIMITED,552
2026-08-10,20,NEP BROADCAST SERVICES NEW ZEALAND LIMITED,549
2026-08-10,21,KIWIRAIL LTD,533
2026-08-10,22,MEDIAWORKS RADIO LIMITED,490
2026-08-10,23,Fire and Emergency New Zealand,474
2026-08-10,24,DEPARTMENT OF CONSERVATION,465
2026-08-10,25,TAIT SYSTEMS NZ LIMITED,433
2026-08-11,1,ONE NEW ZEALAND GROUP LIMITED,11132
2026-08-11,2,SPARK NEW ZEALAND TRADING LIMITED,10443
2026-08-11,3,TWO DEGREES NETWORKS LIMITED,8796
2026-08-11,4,CHORUS NEW ZEALAND LIMITED,3107
2026-08-11,5,EONFIBRE LIMITED,2052
2026-08-11,6,VITAL LIMITED,1978
2026-08-11,7,KIWIRAIL,1905
2026-08-11,8,KORDIA LIMITED,1467
2026-08-11,9,RURAL CONNECTIVITY GROUP LIMITED,1254
2026-08-11,10,"The Crown acting by and through the Chief Executive of the Ministry of Business, Innovation, and Employment",1081
2026-08-11,11,NZ DEFENCE FORCE HEADQUARTERS,814
2026-08-11,12,SPACE OPERATIONS NEW ZEALAND LIMITED,685
2026-08-11,13,ENTAIN NEW ZEALAND LIMITED,657
2026-08-11,14,LIGHTWIRE LIMITED,615
2026-08-11,15,AIRWAYS CORPORATION OF NEW ZEALAND LIMITED,607
2026-08-11,16,POWERCO LIMITED,600
2026-08-11,17,NZME RADIO LIMITED,593
2026-08-11,18,EVERY PERSON,576
2026-08-11,19,ISO LIMITED,552
2026-08-11,20,NEP BROADCAST SERVICES NEW ZEALAND LIMITED,549
2026-08-11,21,KIWIRAIL LTD,533
2026-08-11,22,MEDIAWORKS RADIO LIMITED,490
2026-08-11,23,Fire and Emergency New Zealand,477
2026-08-11,24,DEPARTMENT OF CONSERVATION,465
2026-08-11,25,TAIT SYSTEMS NZ LIMITED,433
2026-08-13,1,ONE NEW ZEALAND GROUP LIMITED,11132
2026-08-13,2,SPARK NEW ZEALAND TRADING LIMITED,10443
2026-08-13,3,TWO DEGREES NETWORKS LIMITED,8796
2026-08-13,4,CHORUS NEW ZEALAND LIMITED,3107
2026-08-13,5,EONFIBRE LIMITED,2052
2026-08-13,6,VITAL LIMITED,1978
2026-08-13,7,KIWIRAIL,1905
2026-08-13,8,KORDIA LIMITED,1467
2026-08-13,9,RURAL CONNECTIVITY GROUP LIMITED,1254
2026-08-13,10,"The Crown acting by and through the Chief Executive of the Ministry of Business, Innovation, and Employment",1081
2026-08-13,11,NZ DEFENCE FORCE HEADQUARTERS,814
2026-08-13,12,SPACE OPERATIONS NEW ZEALAND LIMITED,685
2026-08-13,13,ENTAIN NEW ZEALAND LIMITED,657
2026-08-13,14,AIRWAYS CORPORATION OF NEW ZEALAND LIMITED,608
2026-08-13,15,LIGHTWIRE LIMITED,605
2026-08-13,16,POWERCO LIMITED,600
2026-08-13,17,NZME RADIO LIMITED,593
2026-08-13,18,EVERY PERSON,576
2026-08-13,19,ISO LIMITED,552
2026-08-13,20,NEP BROADCAST SERVICES NEW ZEALAND LIMITED,549
2026-08-13,21,KIWIRAIL LTD,533
2026-08-13,22,MEDIAWORKS RADIO LIMITED,490
2026-08-13,23,Fire and Emergency New Zealand,477
2026-08-13,24,DEPARTMENT OF CONSERVATION,465
2026-08-13,25,TAIT SYSTEMS NZ LIMITED,433
2026-08-14,1,ONE NEW ZEALAND GROUP LIMITED,11132
2026-08-14,2,SPARK NEW ZEALAND TRADING LIMITED,10443
2026-08-14,3,TWO DEGREES NETWORKS LIMITED,8796
2026-08-14,4,CHORUS NEW ZEALAND LIMITED,3107
2026-08-14,5,EONFIBRE LIMITED,2052
2026-08-14,6,VITAL LIMITED,1978
2026-08-14,7,KIWIRAIL,1907
2026-08-14,8,KORDIA LIMITED,1467
2026-08-14,9,RURAL CONNECTIVITY GROUP LIMITED,1254
2026-08-14,10,"The Crown acting by and through the Chief Executive of the Ministry of Business, Innovation, and Employment",1081
2026-08-14,11,NZ DEFENCE FORCE HEADQUARTERS,814
2026-08-14,12,SPACE OPERATIONS NEW ZEALAND LIMITED,685
2026-08-14,13,ENTAIN NEW ZEALAND LIMITED,657
2026-08-14,14,AIRWAYS CORPORATION OF NEW ZEALAND LIMITED,608
2026-08-14,15,LIGHTWIRE LIMITED,605
2026-08-14,16,POWERCO LIMITED,600
2026-08-14,17,NZME RADIO LIMITED,593
2026-08-14,18,EVERY PERSON,576
2026-08-14,19,ISO LIMITED,552
2026-08-14,20,NEP BROADCAST SERVICES NEW ZEALAND LIMITED,549
2026-08-14,21,KIWIRAIL LTD,533
2026-08-14,22,MEDIAWORKS RADIO LIMITED,490
2026-08-14,23,Fire and Emergency New Zealand,477
2026-08-14,24,DEPARTMENT OF CONSERVATION,465
2026-08-14,25,TAIT SYSTEMS NZ LIMITED,433
2026-08-17,1,ONE NEW ZEALAND GROUP LIMITED,11183
2026-08-17,2,SPARK NEW ZEALAND TRADING LIMITED,10511
2026-08-17,3,TWO DEGREES NETWORKS LIMITED,8806
2026-08-17,4,CHORUS NEW ZEALAND LIMITED,3107
2026-08-17,5,EONFIBRE LIMITED,2052
2026-08-17,6,VITAL LIMITED,1978
2026-08-17,7,KIWIRAIL,1907
2026-08-17,8,KORDIA LIMITED,1467
2026-08-17,9,RURAL CONNECTIVITY GROUP LIMITED,1254
2026-08-17,10,"The Crown acting by and through the Chief Executive of the Ministry of Business, Innovation, and Employment",1079
2026-08-17,11,NZ DEFENCE FORCE HEADQUARTERS,814
2026-08-17,12,SPACE OPERATIONS NEW ZEALAND LIMITED,685
2026-08-17,13,POWERCO LIMITED,672
2026-08-17,14,ENTAIN NEW ZEALAND LIMITED,657
2026-08-17,15,AIRWAYS CORPORATION OF NEW ZEALAND LIMITED,612
2026-08-17,16,LIGHTWIRE LIMITED,605
2026-08-17,17,NZME RADIO LIMITED,593
2026-08-17,18,EVERY PERSON,576
2026-08-17,19,ISO LIMITED,552
2026-08-17,20,NEP BROADCAST SERVICES NEW ZEALAND LIMITED,549
2026-08-17,21,KIWIRAIL LTD,533
2026-08-17,22,MEDIAWORKS RADIO LIMITED,490
2026-08-17,23,Fire and Emergency New Zealand,477
2026-08-17,24,DEPARTMENT OF CONSERVATION,465
2026-08-17,25,TAIT SYSTEMS NZ LIMITED,433
2026-08-17,26,ASHLEY COMMUNICATIONS LIMITED,421
2026-08-17,27,ORION NEW ZEALAND LTD,344
2026-08-17,28,Downer New Zealand Limited,334
2026-08-17,29,St John,329
2026-08-17,30,INMARSAT NEW ZEALAND LIMITED,302
2026-08-17,31,National Emergency Management Agency,302
2026-08-17,32,MOBICOMM LIMITED,278
2026-08-17,33,CSE NEW ZEALAND LIMITED,275
2026-08-17,34,T L PARKER LIMITED,273
2026-08-17,35,WATERCARE SERVICES LTD,273
2026-08-17,36,MARITIME NEW ZEALAND,232
2026-08-17,37,INSPIRE NET LIMITED,229
2026-08-17,38,RADIO NEW ZEALAND LIMITED,212
2026-08-17,39,AMURI NET LIMITED,211
2026-08-17,40,WIRELESS RENTALS LIMITED,210
2026-08-17,41,"STARLINK NEW ZEALAND, UNLIMITED LIABILITY COMPANY",180
2026-08-17,42,GISBORNE.NET.N.Z. LIMITED,176
2026-08-17,43,MOUNT CAMPBELL CONNECT LIMITED,176
2026-08-17,44,WEL NETWORKS LIMITED,176
2026-08-17,45,ENHANCED SOLUTIONS LIMITED,172
2026-08-17,46,"KT1 Co Limited, KT2 Co Limited, NZSF Timber Investments (No 4) Limited",170
2026-08-17,47,Unifone New Zealand Limited,168
2026-08-17,48,ULTIMATE MOBILE LIMITED,161
2026-08-17,49,Spotlight NZ,154
2026-08-17,50,MARLBOROUGH LINES LIMITED,153
2026-08-17,51,ROYAL NEW ZEALAND COASTGUARD INCORPORATED,153
2026-08-17,52,DEPARTMENT OF CORRECTIONS,143
2026-08-17,53,AMAZON KUIPER NEW ZEALAND LIMITED,141
2026-08-17,54,COLVINS LIMITED,129
2026-08-17,55,MARLBOROUGH DISTRICT COUNCIL,126
2026-08-17,56,AIR NEW ZEALAND LIMITED,125
2026-08-17,57,NEW ZEALAND ASSOCIATION OF RADIO TRANSMITTERS INC,123
2026-08-17,58,TŪ ĀTEA NETWORK SERVICES LIMITED,122
2026-08-17,59,PRIMOWIRELESS LIMITED,118
2026-08-17,60,DOVE COMMUNICATIONS (2023) LIMITED,114
2026-08-17,61,SURF LIFE SAVING NEW ZEALAND INCORPORATED,113
2026-08-17,62,RADIO SYSTEMS LIMITED,110
2026-08-17,63,SIGNALS NZ 2025 LIMITED,110
2026-08-17,64,RHEMA MEDIA INCORPORATED,109
2026-08-17,65,TOP ENERGY,109
2026-08-17,66,COGENT LIMITED,107
2026-08-17,67,SUMMIT RADIO SOLUTIONS LIMITED,106
2026-08-17,68,GENESIS ENERGY LIMITED,103
2026-08-17,69,POWERNET LIMITED,102
2026-08-17,70,TELEVISION NEW ZEALAND LIMITED,102
2026-08-17,71,TAIT INTERNATIONAL LIMITED,100
2026-08-17,72,WIZWIRELESS LIMITED,99
2026-08-17,73,AURORA ENERGY LIMITED,94
2026-08-17,74,NELSPECS LIMITED,93
2026-08-17,75,CANTERBURY COMMUNICATIONS LIMITED,91
2026-08-17,76,OCEANA GOLD (NEW ZEALAND) LIMITED,90
2026-08-17,77,SKY NETWORK TELEVISION LIMITED,89
2026-08-17,78,MINISTRY OF JUSTICE - COURT SECURITY,87
2026-08-17,79,WELLINGTON WATER LIMITED,87
2026-08-17,80,NZ RED CROSS INC SOCIETY (NATIONAL OFFICE),84
2026-08-17,81,TELETRONICS LIMITED,83
2026-08-17,82,Shane WILSON,82
2026-08-17,83,TAUMATA PLANTATIONS LIMITED,82
2026-08-17,84,UBER GROUP LIMITED,82
2026-08-17,85,FONTERRA CO-OPERATIVE GROUP LIMITED,81
2026-08-17,86,Harris Technology Limited,81
2026-08-17,87,NORTHPOWER LIMITED,81
2026-08-17,88,CAPITAL COMMUNICATIONS (AUCKLAND)  LTD,78
2026-08-17,89,HAMPTON DOWNS (NZ) LIMITED,78
2026-08-17,90,NEW ZEALAND POLICE,78
2026-08-17,91,OMV NEW ZEALAND LIMITED,78
2026-08-17,92,William A BLACK,78
2026-08-17,93,CHRISTCHURCH CITY COUNCIL,76
2026-08-17,94,CITY COMMS LIMITED,76
2026-08-17,95,MERIDIAN ENERGY LIMITED,76
2026-08-17,96,4HF FACILITIES LIMITED,75
2026-08-17,97,ALCOM COMMUNICATION SERVICES LIMITED,75
2026-08-17,98,BRIAN FM LIMITED,75
2026-08-17,99,PORT OF TAURANGA LIMITED,75
2026-08-17,100,LYTTELTON PORT COMPANY LIMITED,74
2026-08-18,1,ONE NEW ZEALAND GROUP LIMITED,11183
2026-08-18,2,SPARK NEW ZEALAND TRADING LIMITED,10511
2026-08-18,3,TWO DEGREES NETWORKS LIMITED,8806
2026-08-18,4,CHORUS NEW ZEALAND LIMITED,3107
2026-08-18,5,EONFIBRE LIMITED,2052
2026-08-18,6,VITAL LIMITED,1978
2026-08-18,7,KIWIRAIL,1907
2026-08-18,8,KORDIA LIMITED,1467
2026-08-18,9,RURAL CONNECTIVITY GROUP LIMITED,1254
2026-08-18,10,"The Crown acting by and through the Chief Executive of the Ministry of Business, Innovation, and Employment",1079
2026-08-18,11,NZ DEFENCE FORCE HEADQUARTERS,814
2026-08-18,12,SPACE OPERATIONS NEW ZEALAND LIMITED,685
2026-08-18,13,POWERCO LIMITED,672
2026-08-18,14,ENTAIN NEW ZEALAND LIMITED,657
2026-08-18,15,AIRWAYS CORPORATION OF NEW ZEALAND LIMITED,612
2026-08-18,16,LIGHTWIRE LIMITED,605
2026-08-18,17,NZME RADIO LIMITED,593
2026-08-18,18,EVERY PERSON,576
2026-08-18,19,ISO LIMITED,552
2026-08-18,20,NEP BROADCAST SERVICES NEW ZEALAND LIMITED,549
2026-08-18,21,KIWIRAIL LTD,533
2026-08-18,22,MEDIAWORKS RADIO LIMITED,490
2026-08-18,23,Fire and Emergency New Zealand,477
2026-08-18,24,DEPARTMENT OF CONSERVATION,465
2026-08-18,25,TAIT SYSTEMS NZ LIMITED,433
2026-08-18,26,ASHLEY COMMUNICATIONS LIMITED,421
2026-08-18,27,ORION NEW ZEALAND LTD,344
2026-08-18,28,Downer New Zealand Limited,334
2026-08-18,29,St John,329
2026-08-18,30,INMARSAT NEW ZEALAND LIMITED,302
2026-08-18,31,National Emergency Management Agency,302
2026-08-18,32,MOBICOMM LIMITED,278
2026-08-18,33,CSE NEW ZEALAND LIMITED,275
2026-08-18,34,T L PARKER LIMITED,273
2026-08-18,35,WATERCARE SERVICES LTD,273
2026-08-18,36,MARITIME NEW ZEALAND,232
2026-08-18,37,INSPIRE NET LIMITED,229
2026-08-18,38,RADIO NEW ZEALAND LIMITED,212
2026-08-18,39,AMURI NET LIMITED,211
2026-08-18,40,WIRELESS RENTALS LIMITED,210
2026-08-18,41,"STARLINK NEW ZEALAND, UNLIMITED LIABILITY COMPANY",180
2026-08-18,42,GISBORNE.NET.N.Z. LIMITED,176
2026-08-18,43,MOUNT CAMPBELL CONNECT LIMITED,176
2026-08-18,44,WEL NETWORKS LIMITED,176
2026-08-18,45,ENHANCED SOLUTIONS LIMITED,172
2026-08-18,46,"KT1 Co Limited, KT2 Co Limited, NZSF Timber Investments (No 4) Limited",170
2026-08-18,47,Unifone New Zealand Limited,168
2026-08-18,48,ULTIMATE MOBILE LIMITED,161
2026-08-18,49,Spotlight NZ,154
2026-08-18,50,MARLBOROUGH LINES LIMITED,153
2026-08-18,51,ROYAL NEW ZEALAND COASTGUARD INCORPORATED,153
2026-08-18,52,DEPARTMENT OF CORRECTIONS,143
2026-08-18,53,AMAZON KUIPER NEW ZEALAND LIMITED,141
2026-08-18,54,COLVINS LIMITED,129
2026-08-18,55,MARLBOROUGH DISTRICT COUNCIL,126
2026-08-18,56,AIR NEW ZEALAND LIMITED,125
2026-08-18,57,NEW ZEALAND ASSOCIATION OF RADIO TRANSMITTERS INC,123
2026-08-18,58,TŪ ĀTEA NETWORK SERVICES LIMITED,122
2026-08-18,59,PRIMOWIRELESS LIMITED,118
2026-08-18,60,DOVE COMMUNICATIONS (2023) LIMITED,114
2026-08-18,61,SURF LIFE SAVING NEW ZEALAND INCORPORATED,113
2026-08-18,62,RADIO SYSTEMS LIMITED,110
2026-08-18,63,SIGNALS NZ 2025 LIMITED,110
2026-08-18,64,RHEMA MEDIA INCORPORATED,109
2026-08-18,65,TOP ENERGY,109
2026-08-18,66,COGENT LIMITED,107
2026-08-18,67,SUMMIT RADIO SOLUTIONS LIMITED,107
2026-08-18,68,GENESIS ENERGY LIMITED,103
2026-08-18,69,POWERNET LIMITED,102
2026-08-18,70,TELEVISION NEW ZEALAND LIMITED,102
2026-08-18,71,TAIT INTERNATIONAL LIMITED,100
2026-08-18,72,WIZWIRELESS LIMITED,99
2026-08-18,73,AURORA ENERGY LIMITED,94
2026-08-18,74,NELSPECS LIMITED,93
2026-08-18,75,CANTERBURY COMMUNICATIONS LIMITED,91
2026-08-18,76,OCEANA GOLD (NEW ZEALAND) LIMITED,90
2026-08-18,77,SKY NETWORK TELEVISION LIMITED,89
2026-08-18,78,MINISTRY OF JUSTICE - COURT SECURITY,87
2026-08-18,79,WELLINGTON WATER LIMITED,87
2026-08-18,80,NZ RED CROSS INC SOCIETY (NATIONAL OFFICE),84
2026-08-18,81,TELETRONICS LIMITED,83
2026-08-18,82,Shane WILSON,82
2026-08-18,83,TAUMATA PLANTATIONS LIMITED,82
2026-08-18,84,UBER GROUP LIMITED,82
2026-08-18,85,FONTERRA CO-OPERATIVE GROUP LIMITED,81
2026-08-18,86,Harris Technology Limited,81
2026-08-18,87,NORTHPOWER LIMITED,81
2026-08-18,88,CAPITAL COMMUNICATIONS (AUCKLAND)  LTD,78
2026-08-18,89,HAMPTON DOWNS (NZ) LIMITED,78
2026-08-18,90,NEW ZEALAND POLICE,78
2026-08-18,91,OMV NEW ZEALAND LIMITED,78
2026-08-18,92,William A BLACK,78
2026-08-18,93,CHRISTCHURCH CITY COUNCIL,76
2026-08-18,94,CITY COMMS LIMITED,76
2026-08-18,95,MERIDIAN ENERGY LIMITED,76
2026-08-18,96,4HF FACILITIES LIMITED,75
2026-08-18,97,ALCOM COMMUNICATION SERVICES LIMITED,75
2026-08-18,98,BRIAN FM LIMITED,75
2026-08-18,99,PORT OF TAURANGA LIMITED,75
2026-08-18,100,LYTTELTON PORT COMPANY LIMITED,74
2026-08-19,1,ONE NEW ZEALAND GROUP LIMITED,11183
2026-08-19,2,SPARK NEW ZEALAND TRADING LIMITED,10511
2026-08-19,3,TWO DEGREES NETWORKS LIMITED,8806
2026-08-19,4,CHORUS NEW ZEALAND LIMITED,3107
2026-08-19,5,EONFIBRE LIMITED,2052
2026-08-19,6,VITAL LIMITED,1978
2026-08-19,7,KIWIRAIL,1907
2026-08-19,8,KORDIA LIMITED,1467
2026-08-19,9,RURAL CONNECTIVITY GROUP LIMITED,1254
2026-08-19,10,"The Crown acting by and through the Chief Executive of the Ministry of Business, Innovation, and Employment",1079
2026-08-19,11,NZ DEFENCE FORCE HEADQUARTERS,814
2026-08-19,12,SPACE OPERATIONS NEW ZEALAND LIMITED,685
2026-08-19,13,POWERCO LIMITED,672
2026-08-19,14,ENTAIN NEW ZEALAND LIMITED,657
2026-08-19,15,AIRWAYS CORPORATION OF NEW ZEALAND LIMITED,612
2026-08-19,16,LIGHTWIRE LIMITED,605
2026-08-19,17,NZME RADIO LIMITED,593
2026-08-19,18,EVERY PERSON,576
2026-08-19,19,ISO LIMITED,552
2026-08-19,20,NEP BROADCAST SERVICES NEW ZEALAND LIMITED,549
2026-08-19,21,KIWIRAIL LTD,533
2026-08-19,22,MEDIAWORKS RADIO LIMITED,490
2026-08-19,23,Fire and Emergency New Zealand,477
2026-08-19,24,DEPARTMENT OF CONSERVATION,465
2026-08-19,25,TAIT SYSTEMS NZ LIMITED,433
2026-08-19,26,ASHLEY COMMUNICATIONS LIMITED,421
2026-08-19,27,ORION NEW ZEALAND LTD,344
2026-08-19,28,Downer New Zealand Limited,334
2026-08-19,29,St John,329
2026-08-19,30,INMARSAT NEW ZEALAND LIMITED,302
2026-08-19,31,National Emergency Management Agency,302
2026-08-19,32,MOBICOMM LIMITED,278
2026-08-19,33,CSE NEW ZEALAND LIMITED,275
2026-08-19,34,T L PARKER LIMITED,273
2026-08-19,35,WATERCARE SERVICES LTD,273
2026-08-19,36,MARITIME NEW ZEALAND,232
2026-08-19,37,INSPIRE NET LIMITED,229
2026-08-19,38,RADIO NEW ZEALAND LIMITED,212
2026-08-19,39,AMURI NET LIMITED,211
2026-08-19,40,WIRELESS RENTALS LIMITED,210
2026-08-19,41,"STARLINK NEW ZEALAND, UNLIMITED LIABILITY COMPANY",180
2026-08-19,42,GISBORNE.NET.N.Z. LIMITED,176
2026-08-19,43,MOUNT CAMPBELL CONNECT LIMITED,176
2026-08-19,44,WEL NETWORKS LIMITED,176
2026-08-19,45,ENHANCED SOLUTIONS LIMITED,172
2026-08-19,46,"KT1 Co Limited, KT2 Co Limited, NZSF Timber Investments (No 4) Limited",170
2026-08-19,47,Unifone New Zealand Limited,168
2026-08-19,48,ULTIMATE MOBILE LIMITED,161
2026-08-19,49,Spotlight NZ,154
2026-08-19,50,MARLBOROUGH LINES LIMITED,153
2026-08-19,51,ROYAL NEW ZEALAND COASTGUARD INCORPORATED,153
2026-08-19,52,DEPARTMENT OF CORRECTIONS,143
2026-08-19,53,AMAZON KUIPER NEW ZEALAND LIMITED,141
2026-08-19,54,COLVINS LIMITED,129
2026-08-19,55,MARLBOROUGH DISTRICT COUNCIL,126
2026-08-19,56,AIR NEW ZEALAND LIMITED,125
2026-08-19,57,NEW ZEALAND ASSOCIATION OF RADIO TRANSMITTERS INC,123
2026-08-19,58,TŪ ĀTEA NETWORK SERVICES LIMITED,122
2026-08-19,59,PRIMOWIRELESS LIMITED,118
2026-08-19,60,DOVE COMMUNICATIONS (2023) LIMITED,114
2026-08-19,61,SURF LIFE SAVING NEW ZEALAND INCORPORATED,113
2026-08-19,62,RADIO SYSTEMS LIMITED,110
2026-08-19,63,SIGNALS NZ 2025 LIMITED,110
2026-08-19,64,RHEMA MEDIA INCORPORATED,109
2026-08-19,65,TOP ENERGY,109
2026-08-19,66,COGENT LIMITED,107
2026-08-19,67,SUMMIT RADIO SOLUTIONS LIMITED,107
2026-08-19,68,GENESIS ENERGY LIMITED,103
2026-08-19,69,POWERNET LIMITED,102
2026-08-19,70,TELEVISION NEW ZEALAND LIMITED,102
2026-08-19,71,TAIT INTERNATIONAL LIMITED,100
2026-08-19,72,WIZWIRELESS LIMITED,99
2026-08-19,73,AURORA ENERGY LIMITED,94
2026-08-19,74,NELSPECS LIMITED,93
2026-08-19,75,CANTERBURY COMMUNICATIONS LIMITED,91
2026-08-19,76,OCEANA GOLD (NEW ZEALAND) LIMITED,90
2026-08-19,77,SKY NETWORK TELEVISION LIMITED,89
2026-08-19,78,MINISTRY OF JUSTICE - COURT SECURITY,87
2026-08-19,79,WELLINGTON WATER LIMITED,87
2026-08-19,80,NZ RED CROSS INC SOCIETY (NATIONAL OFFICE),84
2026-08-19,81,TELETRONICS LIMITED,83
2026-08-19,82,Shane WILSON,82
2026-08-19,83,TAUMATA PLANTATIONS LIMITED,82
2026-08-19,84,UBER GROUP LIMITED,82
2026-08-19,85,FONTERRA CO-OPERATIVE GROUP LIMITED,81
2026-08-19,86,Harris Technology Limited,81
2026-08-19,87,NORTHPOWER LIMITED,81
2026-08-19,88,CAPITAL COMMUNICATIONS (AUCKLAND)  LTD,78
2026-08-19,89,HAMPTON DOWNS (NZ) LIMITED,78
2026-08-19,90,NEW ZEALAND POLICE,78
2026-08-19,91,OMV NEW ZEALAND LIMITED,78
2026-08-19,92,William A BLACK,78
2026-08-19,93,CHRISTCHURCH CITY COUNCIL,76
2026-08-19,94,CITY COMMS LIMITED,76
2026-08-19,95,MERIDIAN ENERGY LIMITED,76
2026-08-19,96,4HF FACILITIES LIMITED,75
2026-08-19,97,ALCOM COMMUNICATION SERVICES LIMITED,75
2026-08-19,98,BRIAN FM LIMITED,75
2026-08-19,99,PORT OF TAURANGA LIMITED,75
2026-08-19,100,LYTTELTON PORT COMPANY LIMITED,74
