observed_at,total_licences,unique_holders,distinct_licences
2025-07-18T00:16:00+00:00,82345,3343,
2025-07-18T00:57:22+00:00,82347,3343,
2025-07-18T01:42:03+00:00,82344,3342,
2025-07-18T03:26:17+00:00,82345,3341,
2025-07-18T04:34:48+00:00,82345,3341,
2025-07-18T05:21:44+00:00,82345,3341,
2025-07-18T08:53:37+00:00,82345,3341,
2025-07-18T09:19:53+00:00,82345,3341,
2025-07-18T10:16:12+00:00,82345,3341,
2025-07-18T11:13:20+00:00,82345,3341,
2025-07-18T12:28:41+00:00,82345,3341,
2025-07-18T13:33:41+00:00,82345,3341,
2025-07-18T14:16:11+00:00,82345,3341,
2025-07-18T15:15:18+00:00,82345,3341,
2025-07-18T16:19:21+00:00,82345,3341,
2025-07-18T17:17:05+00:00,82345,3341,
2025-07-18T18:20:18+00:00,82345,3341,
2025-07-18T19:12:58+00:00,82345,3341,
2025-07-18T20:16:42+00:00,82345,3341,
2025-07-18T21:14:14+00:00,82345,3341,
2025-07-18T22:15:34+00:00,82345,3341,
2025-07-18T23:14:40+00:00,82345,3341,
2025-07-19T01:05:49+00:00,82345,3341,
2025-07-19T03:19:11+00:00,82345,3341,
2025-07-19T04:26:21+00:00,82345,3341,
2025-07-19T05:17:41+00:00,82345,3341,
2025-07-19T06:20:00+00:00,82345,3341,
2025-07-19T07:13:58+00:00,82345,3341,
2025-07-19T08:18:00+00:00,82345,3341,
2025-07-19T09:14:28+00:00,82345,3341,
2025-07-19T10:14:42+00:00,82345,3341,
2025-07-19T11:12:09+00:00,82345,3341,
2025-07-19T12:25:22+00:00,82345,3341,
2025-07-19T13:25:53+00:00,82345,3341,
2025-07-19T14:13:30+00:00,82345,3341,
2025-07-19T15:14:39+00:00,82345,3341,
2025-07-19T16:17:00+00:00,82345,3341,
2025-07-19T17:13:56+00:00,82345,3341,
2025-07-19T18:19:41+00:00,82345,3341,
2025-07-19T19:11:32+00:00,82345,3341,
2025-07-19T20:15:25+00:00,82345,3341,
2025-07-19T21:13:55+00:00,82345,3341,
2025-07-19T22:14:05+00:00,82345,3341,
2025-07-19T23:15:49+00:00,82345,3341,
2025-07-20T01:14:53+00:00,82345,3341,
2025-07-20T03:42:15+00:00,82345,3341,
2025-07-20T04:38:36+00:00,82345,3341,
2025-07-20T05:20:56+00:00,82345,3341,
2025-07-20T06:19:54+00:00,82345,3341,
2025-07-20T07:13:31+00:00,82345,3341,
2025-07-20T08:17:53+00:00,82345,3341,
2025-07-20T09:14:34+00:00,82345,3341,
2025-07-20T10:14:47+00:00,82345,3341,
2025-07-20T11:12:31+00:00,82345,3341,
2025-07-20T12:26:05+00:00,82345,3341,
2025-07-20T13:27:45+00:00,82345,3341,
2025-07-20T14:12:51+00:00,82345,3341,
2025-07-20T15:13:48+00:00,82345,3341,
2025-07-20T16:16:12+00:00,82345,3341,
2025-07-20T17:12:20+00:00,82345,3341,
2025-07-20T18:18:42+00:00,82345,3341,
2025-07-20T19:11:02+00:00,82345,3341,
2025-07-20T20:16:11+00:00,82345,3341,
2025-07-20T21:13:22+00:00,82347,3341,
2025-07-20T22:13:45+00:00,82347,3341,
2025-07-20T23:15:33+00:00,82347,3341,
2025-07-21T01:11:58+00:00,82347,3341,
2025-07-21T03:40:43+00:00,82352,3341,
2025-07-21T04:38:23+00:00,82356,3341,
2025-07-21T05:23:11+00:00,82356,3341,
2025-07-21T06:22:55+00:00,82355,3340,
2025-07-21T07:23:11+00:00,82355,3340,
2025-07-21T08:22:33+00:00,82355,3340,
2025-07-21T09:23:29+00:00,82355,3340,
2025-07-21T10:16:51+00:00,82355,3340,
2025-07-21T11:13:57+00:00,82355,3340,
2025-07-21T12:29:50+00:00,82355,3340,
2025-07-21T13:35:40+00:00,82355,3340,
2025-07-21T14:17:33+00:00,82355,3340,
2025-07-21T15:15:45+00:00,82355,3340,
2025-07-21T16:19:32+00:00,82355,3340,
2025-07-21T17:16:27+00:00,82355,3340,
2025-07-21T18:22:53+00:00,82353,3340,
2025-07-21T19:14:54+00:00,82353,3340,
2025-07-21T20:17:33+00:00,82353,3340,
2025-07-21T21:14:14+00:00,82353,3340,
2025-07-21T22:16:18+00:00,82353,3340,
2025-07-21T23:14:54+00:00,82353,3340,
2025-07-22T01:10:04+00:00,82353,3340,
2025-07-22T03:27:15+00:00,82394,3340,
2025-07-22T04:34:45+00:00,82392,3340,
2025-07-22T05:21:21+00:00,82392,3340,
2025-07-22T06:22:06+00:00,82392,3340,
2025-07-22T07:20:49+00:00,82392,3340,
2025-07-22T08:20:53+00:00,82392,3340,
2025-07-22T09:21:44+00:00,82392,3340,
2025-07-22T10:17:13+00:00,82392,3340,
2025-07-22T11:13:41+00:00,82392,3340,
2025-07-22T12:29:58+00:00,82392,3340,
2025-07-22T13:34:55+00:00,82392,3340,
2025-07-22T14:18:24+00:00,82392,3340,
2025-07-22T15:16:25+00:00,82392,3340,
2025-07-22T16:18:49+00:00,82392,3340,
2025-07-22T17:17:13+00:00,82392,3340,
2025-07-22T18:22:30+00:00,82392,3340,
2025-07-22T19:15:33+00:00,82392,3340,
2025-07-22T20:17:54+00:00,82392,3340,
2025-07-22T21:15:47+00:00,82392,3340,
2025-07-22T22:14:27+00:00,82392,3340,
2025-07-22T23:14:43+00:00,82392,3340,
2025-07-23T01:11:03+00:00,82390,3339,
2025-07-23T03:29:12+00:00,82390,3339,
2025-07-23T04:37:11+00:00,82393,3340,
2025-07-23T05:23:55+00:00,82393,3340,
2025-07-23T06:23:46+00:00,82393,3340,
2025-07-23T07:19:42+00:00,82393,3340,
2025-07-23T08:21:42+00:00,82393,3340,
2025-07-23T09:24:07+00:00,82393,3340,
2025-07-23T10:16:11+00:00,82393,3340,
2025-07-23T11:14:57+00:00,82393,3340,
2025-07-23T12:29:25+00:00,82393,3340,
2025-07-23T13:35:12+00:00,82409,3341,
2025-07-23T14:21:49+00:00,82409,3341,
2025-07-23T15:16:46+00:00,82409,3341,
2025-07-23T16:19:58+00:00,82409,3341,
2025-07-23T17:18:31+00:00,82409,3341,
2025-07-23T18:22:16+00:00,82409,3341,
2025-07-23T19:15:27+00:00,82409,3341,
2025-07-23T20:17:07+00:00,82409,3341,
2025-07-23T21:16:50+00:00,82409,3341,
2025-07-23T22:16:29+00:00,82409,3341,
2025-07-23T23:16:50+00:00,82409,3341,
2025-07-24T01:08:27+00:00,82409,3341,
2025-07-24T03:27:22+00:00,82426,3341,
2025-07-24T04:36:46+00:00,82426,3341,
2025-07-24T05:21:22+00:00,82426,3341,
2025-07-24T06:22:39+00:00,82435,3341,
2025-07-24T07:19:06+00:00,82435,3341,
2025-07-24T08:20:51+00:00,82435,3341,
2025-07-24T09:20:36+00:00,82435,3341,
2025-07-24T10:16:50+00:00,82435,3341,
2025-07-24T11:14:17+00:00,82447,3341,
2025-07-24T12:30:38+00:00,82447,3341,
2025-07-24T13:34:45+00:00,82447,3341,
2025-07-24T14:17:03+00:00,82447,3341,
2025-07-24T15:16:22+00:00,82447,3341,
2025-07-24T16:17:23+00:00,82447,3341,
2025-07-24T17:15:41+00:00,82447,3341,
2025-07-24T18:22:27+00:00,82447,3341,
2025-07-24T19:15:59+00:00,82440,3342,
2025-07-24T20:16:08+00:00,82440,3342,
2025-07-24T21:14:34+00:00,82448,3342,
2025-07-24T22:15:10+00:00,82448,3342,
2025-07-24T23:16:53+00:00,82460,3342,
2025-07-25T01:09:14+00:00,82481,3342,
2025-07-25T03:26:14+00:00,82477,3342,
2025-07-25T04:35:35+00:00,82477,3342,
2025-07-25T05:23:22+00:00,82477,3342,
2025-07-25T06:23:18+00:00,82476,3341,
2025-07-25T07:19:50+00:00,82476,3341,
2025-07-25T08:19:48+00:00,82476,3341,
2025-07-25T09:18:49+00:00,82476,3341,
2025-07-25T10:16:52+00:00,82476,3341,
2025-07-25T11:14:41+00:00,82476,3341,
2025-07-25T12:28:53+00:00,82476,3341,
2025-07-25T13:33:57+00:00,82476,3341,
2025-07-25T14:14:45+00:00,82476,3341,
2025-07-25T15:15:42+00:00,82476,3341,
2025-07-25T16:18:45+00:00,82476,3341,
2025-07-25T17:16:10+00:00,82476,3341,
2025-07-25T18:22:25+00:00,82476,3341,
2025-07-25T19:14:34+00:00,82491,3341,
2025-07-25T20:16:35+00:00,82491,3341,
2025-07-25T21:15:11+00:00,82491,3341,
2025-07-25T22:15:29+00:00,82491,3341,
2025-07-25T23:14:58+00:00,82491,3341,
2025-07-26T01:06:26+00:00,82491,3341,
2025-07-26T03:24:04+00:00,82491,3341,
2025-07-26T04:32:47+00:00,82491,3341,
2025-07-26T05:19:40+00:00,82491,3341,
2025-07-26T06:21:31+00:00,82491,3341,
2025-07-26T07:15:28+00:00,82491,3341,
2025-07-26T08:19:18+00:00,82491,3341,
2025-07-26T09:14:55+00:00,82491,3341,
2025-07-26T10:15:09+00:00,82491,3341,
2025-07-26T11:12:42+00:00,82491,3341,
2025-07-26T12:25:36+00:00,82491,3341,
2025-07-26T13:27:48+00:00,82491,3341,
2025-07-26T14:14:26+00:00,82491,3341,
2025-07-26T15:13:58+00:00,82491,3341,
2025-07-26T16:16:20+00:00,82491,3341,
2025-07-26T17:13:57+00:00,82491,3341,
2025-07-26T18:20:54+00:00,82490,3340,
2025-07-26T19:12:13+00:00,82490,3340,
2025-07-26T20:16:13+00:00,82490,3340,
2025-07-26T21:13:39+00:00,82490,3340,
2025-07-26T22:14:47+00:00,82490,3340,
2025-07-26T23:15:24+00:00,82490,3340,
2025-07-27T01:15:04+00:00,82490,3340,
2025-07-27T03:43:59+00:00,82490,3340,
2025-07-27T04:38:57+00:00,82490,3340,
2025-07-27T05:21:20+00:00,82490,3340,
2025-07-27T06:21:31+00:00,82490,3340,
2025-07-27T07:15:20+00:00,82490,3340,
2025-07-27T08:19:41+00:00,82490,3340,
2025-07-27T09:15:58+00:00,82490,3340,
2025-07-27T10:15:52+00:00,82490,3340,
2025-07-27T11:13:22+00:00,82490,3340,
2025-07-27T12:26:33+00:00,82490,3340,
2025-07-27T13:28:21+00:00,82490,3340,
2025-07-27T14:14:23+00:00,82490,3340,
2025-07-27T15:15:02+00:00,82490,3340,
2025-07-27T16:17:50+00:00,82490,3340,
2025-07-27T17:12:27+00:00,82490,3340,
2025-07-27T18:19:00+00:00,82490,3340,
2025-07-27T19:12:42+00:00,82490,3340,
2025-07-27T20:16:42+00:00,82490,3340,
2025-07-27T21:14:33+00:00,82490,3340,
2025-07-27T22:14:06+00:00,82490,3340,
2025-07-27T23:15:52+00:00,82490,3340,
2025-07-28T01:15:44+00:00,82490,3340,
2025-07-28T03:42:24+00:00,82490,3340,
2025-07-28T04:41:02+00:00,82490,3340,
2025-07-28T05:25:17+00:00,82490,3340,
2025-07-28T06:24:53+00:00,82490,3340,
2025-07-28T07:22:39+00:00,82490,3340,
2025-07-28T08:24:21+00:00,82490,3340,
2025-07-28T09:22:57+00:00,82490,3340,
2025-07-28T10:17:14+00:00,82489,3339,
2025-07-28T11:14:11+00:00,82489,3339,
2025-07-28T12:30:36+00:00,82489,3339,
2025-07-28T13:37:01+00:00,82489,3339,
2025-07-28T14:18:23+00:00,82489,3339,
2025-07-28T15:17:52+00:00,82489,3339,
2025-07-28T16:19:27+00:00,82489,3339,
2025-07-28T17:18:36+00:00,82489,3339,
2025-07-28T18:22:28+00:00,82489,3339,
2025-07-28T19:15:38+00:00,82489,3339,
2025-07-28T20:17:08+00:00,82489,3339,
2025-07-28T21:14:52+00:00,82489,3339,
2025-07-28T22:15:40+00:00,82477,3339,
2025-07-29T01:16:27+00:00,82477,3339,
2025-07-29T03:45:33+00:00,82478,3339,
2025-07-29T04:42:30+00:00,82478,3339,
2025-07-29T05:24:09+00:00,82478,3339,
2025-07-29T06:25:27+00:00,82478,3339,
2025-07-29T07:20:31+00:00,82484,3339,
2025-07-29T08:21:35+00:00,82484,3339,
2025-07-29T09:21:37+00:00,82484,3339,
2025-07-29T10:17:16+00:00,82484,3339,
2025-07-29T11:14:42+00:00,82484,3339,
2025-07-29T12:31:30+00:00,82484,3339,
2025-07-29T13:37:23+00:00,82484,3339,
2025-07-29T14:20:13+00:00,82484,3339,
2025-07-29T15:19:07+00:00,82484,3339,
2025-07-29T16:18:55+00:00,82484,3339,
2025-07-29T17:18:30+00:00,82484,3339,
2025-07-29T18:21:46+00:00,82484,3339,
2025-07-29T19:17:51+00:00,82484,3339,
2025-07-29T20:17:18+00:00,82484,3339,
2025-07-29T21:14:48+00:00,82484,3339,
2025-07-29T22:15:37+00:00,82484,3339,
2025-07-29T23:14:58+00:00,82484,3339,
2025-07-30T01:10:01+00:00,82496,3337,
2025-07-30T03:30:24+00:00,82496,3337,
2025-07-30T04:38:01+00:00,82496,3337,
2025-07-30T05:25:03+00:00,82496,3337,
2025-07-30T06:24:02+00:00,82500,3336,
2025-07-30T07:21:34+00:00,82500,3336,
2025-07-30T08:20:41+00:00,82500,3336,
2025-07-30T09:22:15+00:00,82500,3336,
2025-07-30T10:20:13+00:00,82500,3336,
2025-07-30T11:14:02+00:00,82534,3337,
2025-07-30T12:30:45+00:00,82534,3337,
2025-07-30T13:37:05+00:00,82534,3337,
2025-07-30T14:17:31+00:00,82534,3337,
2025-07-30T15:16:06+00:00,82534,3337,
2025-07-30T16:18:56+00:00,82534,3337,
2025-07-30T17:16:26+00:00,82534,3337,
2025-07-30T18:21:03+00:00,82534,3337,
2025-07-30T19:15:29+00:00,82534,3337,
2025-07-30T20:15:56+00:00,82534,3337,
2025-07-30T21:15:01+00:00,82534,3337,
2025-07-30T22:15:30+00:00,82534,3337,
2025-07-30T23:15:12+00:00,82514,3337,
2025-07-31T01:09:21+00:00,82510,3337,
2025-07-31T03:29:24+00:00,82510,3337,
2025-07-31T04:36:56+00:00,82517,3337,
2025-07-31T05:23:51+00:00,82517,3337,
2025-07-31T06:22:20+00:00,82517,3337,
2025-07-31T07:20:00+00:00,82517,3337,
2025-07-31T08:21:02+00:00,82517,3337,
2025-07-31T09:21:07+00:00,82517,3337,
2025-07-31T10:16:54+00:00,82517,3337,
2025-07-31T11:14:41+00:00,82517,3337,
2025-07-31T12:28:30+00:00,82517,3337,
2025-07-31T13:35:48+00:00,82517,3337,
2025-07-31T14:18:31+00:00,82517,3337,
2025-07-31T15:16:58+00:00,82517,3337,
2025-07-31T16:19:03+00:00,82517,3337,
2025-07-31T17:17:26+00:00,82517,3337,
2025-07-31T18:21:34+00:00,82517,3337,
2025-07-31T19:15:43+00:00,82519,3338,
2025-07-31T20:16:25+00:00,82519,3338,
2025-07-31T21:14:21+00:00,82519,3338,
2025-07-31T22:14:55+00:00,82519,3338,
2025-07-31T23:14:58+00:00,82519,3338,
2025-08-01T01:17:11+00:00,82505,3338,
2025-08-01T03:52:12+00:00,82492,3337,
2025-08-01T04:49:26+00:00,82492,3337,
2025-08-01T05:28:15+00:00,82492,3337,
2025-08-01T06:24:12+00:00,82492,3337,
2025-08-01T07:21:47+00:00,82492,3337,
2025-08-01T08:20:53+00:00,82492,3337,
2025-08-01T09:20:56+00:00,82492,3337,
2025-08-01T10:17:34+00:00,82492,3337,
2025-08-01T11:13:37+00:00,82510,3338,
2025-08-01T12:28:59+00:00,82510,3338,
2025-08-01T13:34:46+00:00,82510,3338,
2025-08-01T14:18:03+00:00,82510,3338,
2025-08-01T15:16:21+00:00,82510,3338,
2025-08-01T16:18:54+00:00,82510,3338,
2025-08-01T17:17:20+00:00,82510,3338,
2025-08-01T18:20:42+00:00,82510,3338,
2025-08-01T19:14:41+00:00,82510,3338,
2025-08-01T20:16:27+00:00,82510,3338,
2025-08-01T21:14:03+00:00,82510,3338,
2025-08-01T22:14:42+00:00,82510,3338,
2025-08-01T23:15:40+00:00,82510,3338,
2025-08-02T01:06:39+00:00,82510,3338,
2025-08-02T03:22:57+00:00,82510,3338,
2025-08-02T04:30:44+00:00,82510,3338,
2025-08-02T05:19:53+00:00,82510,3338,
2025-08-02T06:19:43+00:00,82510,3338,
2025-08-02T07:14:26+00:00,82510,3338,
2025-08-02T08:18:03+00:00,82510,3338,
2025-08-02T09:17:37+00:00,82510,3338,
2025-08-02T10:15:22+00:00,82510,3338,
2025-08-02T11:12:50+00:00,82510,3338,
2025-08-02T12:26:08+00:00,82510,3338,
2025-08-02T13:27:14+00:00,82510,3338,
2025-08-02T14:14:21+00:00,82510,3338,
2025-08-02T15:13:58+00:00,82510,3338,
2025-08-02T16:16:18+00:00,82510,3338,
2025-08-02T17:12:45+00:00,82510,3338,
2025-08-02T18:19:30+00:00,82510,3338,
2025-08-02T19:11:40+00:00,82510,3338,
2025-08-02T20:15:06+00:00,82510,3338,
2025-08-02T21:14:10+00:00,82510,3338,
2025-08-02T22:14:13+00:00,82510,3338,
2025-08-02T23:14:55+00:00,82510,3338,
2025-08-03T01:15:59+00:00,82510,3338,
2025-08-03T03:46:16+00:00,82510,3338,
2025-08-03T04:43:06+00:00,82510,3338,
2025-08-03T05:22:20+00:00,82510,3338,
2025-08-03T06:20:08+00:00,82510,3338,
2025-08-03T07:14:24+00:00,82510,3338,
2025-08-03T08:18:02+00:00,82510,3338,
2025-08-03T09:14:54+00:00,82510,3338,
2025-08-03T10:14:34+00:00,82510,3338,
2025-08-03T11:13:38+00:00,82510,3338,
2025-08-03T12:26:36+00:00,82510,3338,
2025-08-03T13:30:09+00:00,82510,3338,
2025-08-03T14:13:38+00:00,82510,3338,
2025-08-03T15:14:22+00:00,82510,3338,
2025-08-03T16:17:02+00:00,82510,3338,
2025-08-03T17:13:31+00:00,82510,3338,
2025-08-03T18:19:45+00:00,82510,3338,
2025-08-03T19:12:29+00:00,82510,3338,
2025-08-03T20:15:54+00:00,82510,3338,
2025-08-03T21:14:05+00:00,82510,3338,
2025-08-03T22:15:08+00:00,82510,3338,
2025-08-03T23:14:28+00:00,82510,3338,
2025-08-04T01:15:10+00:00,82510,3338,
2025-08-04T03:51:54+00:00,82510,3339,
2025-08-04T04:53:36+00:00,82510,3339,
2025-08-04T05:33:53+00:00,82513,3340,
2025-08-04T06:28:41+00:00,82513,3340,
2025-08-04T07:25:02+00:00,82513,3340,
2025-08-04T08:21:53+00:00,82513,3340,
2025-08-04T09:25:47+00:00,82513,3340,
2025-08-04T10:18:45+00:00,82513,3340,
2025-08-04T11:14:26+00:00,82513,3340,
2025-08-04T12:30:47+00:00,82513,3340,
2025-08-04T13:38:53+00:00,82513,3340,
2025-08-04T14:19:30+00:00,82513,3340,
2025-08-04T15:17:13+00:00,82513,3340,
2025-08-04T16:20:31+00:00,82513,3340,
2025-08-04T17:20:22+00:00,82513,3340,
2025-08-04T18:21:42+00:00,82513,3340,
2025-08-04T19:16:21+00:00,82513,3340,
2025-08-04T20:17:22+00:00,82513,3340,
2025-08-04T21:15:38+00:00,82511,3340,
2025-08-04T22:15:38+00:00,82513,3340,
2025-08-04T23:15:21+00:00,82544,3340,
2025-08-05T01:11:09+00:00,82548,3340,
2025-08-05T03:43:19+00:00,82548,3340,
2025-08-05T04:42:51+00:00,82548,3340,
2025-08-05T05:24:55+00:00,82548,3340,
2025-08-05T06:24:14+00:00,82548,3340,
2025-08-05T07:21:35+00:00,82548,3340,
2025-08-05T08:21:41+00:00,82548,3340,
2025-08-05T09:22:12+00:00,82548,3340,
2025-08-05T10:17:01+00:00,82548,3340,
2025-08-05T11:14:21+00:00,82548,3340,
2025-08-05T12:31:11+00:00,82548,3340,
2025-08-05T13:38:16+00:00,82548,3340,
2025-08-05T14:20:07+00:00,82548,3340,
2025-08-05T15:18:27+00:00,82548,3340,
2025-08-05T16:16:06+00:00,82548,3340,
2025-08-05T17:14:45+00:00,82548,3340,
2025-08-05T18:23:11+00:00,82548,3340,
2025-08-05T19:18:25+00:00,82548,3340,
2025-08-05T20:16:11+00:00,82548,3340,
2025-08-05T21:15:09+00:00,82548,3340,
2025-08-05T22:16:27+00:00,82548,3340,
2025-08-05T23:14:52+00:00,82548,3340,
2025-08-06T01:09:45+00:00,82548,3340,
2025-08-06T03:40:28+00:00,82547,3340,
2025-08-06T04:39:49+00:00,82547,3340,
2025-08-06T05:26:12+00:00,82547,3340,
2025-08-06T06:24:19+00:00,82547,3340,
2025-08-06T07:21:46+00:00,82547,3340,
2025-08-06T08:21:33+00:00,82547,3340,
2025-08-06T09:23:18+00:00,82547,3340,
2025-08-06T10:17:02+00:00,82547,3340,
2025-08-06T11:14:18+00:00,82547,3340,
2025-08-06T12:30:26+00:00,82547,3340,
2025-08-06T13:39:28+00:00,82547,3340,
2025-08-06T14:19:02+00:00,82547,3340,
2025-08-06T15:17:57+00:00,82547,3340,
2025-08-06T16:19:28+00:00,82547,3340,
2025-08-06T17:18:47+00:00,82547,3340,
2025-08-06T18:21:45+00:00,82547,3340,
2025-08-06T19:16:02+00:00,82547,3340,
2025-08-06T20:16:39+00:00,82547,3340,
2025-08-06T21:13:35+00:00,82547,3340,
2025-08-06T22:15:31+00:00,82547,3340,
2025-08-06T23:14:58+00:00,82547,3340,
2025-08-07T01:10:06+00:00,82548,3340,
2025-08-07T03:40:28+00:00,82568,3340,
2025-08-07T04:39:51+00:00,82567,3340,
2025-08-07T05:24:46+00:00,82566,3340,
2025-08-07T06:24:32+00:00,82566,3340,
2025-08-07T07:21:33+00:00,82566,3340,
2025-08-07T08:20:56+00:00,82566,3340,
2025-08-07T09:21:17+00:00,82566,3340,
2025-08-07T10:16:45+00:00,82566,3340,
2025-08-07T11:14:46+00:00,82566,3340,
2025-08-07T12:31:00+00:00,82566,3340,
2025-08-07T13:37:08+00:00,82566,3340,
2025-08-07T14:19:39+00:00,82566,3340,
2025-08-07T15:17:11+00:00,82566,3340,
2025-08-07T16:19:21+00:00,82592,3340,
2025-08-07T17:17:36+00:00,82592,3340,
2025-08-07T18:22:36+00:00,82592,3340,
2025-08-07T19:17:23+00:00,82592,3340,
2025-08-07T20:16:42+00:00,82592,3340,
2025-08-07T21:13:54+00:00,82593,3340,
2025-08-07T22:14:58+00:00,82593,3340,
2025-08-07T23:15:03+00:00,82591,3340,
2025-08-08T01:10:18+00:00,82591,3340,
2025-08-08T03:31:05+00:00,82592,3341,
2025-08-08T04:39:50+00:00,82584,3341,
2025-08-08T05:24:54+00:00,82584,3341,
2025-08-08T06:23:29+00:00,82584,3341,
2025-08-08T07:21:30+00:00,82584,3341,
2025-08-08T08:20:56+00:00,82584,3341,
2025-08-08T09:21:52+00:00,82584,3341,
2025-08-08T10:16:20+00:00,82584,3341,
2025-08-08T11:13:29+00:00,82584,3341,
2025-08-08T12:30:13+00:00,82584,3341,
2025-08-08T13:35:28+00:00,82584,3341,
2025-08-08T14:17:53+00:00,82584,3341,
2025-08-08T15:16:36+00:00,82584,3341,
2025-08-08T16:17:23+00:00,82584,3341,
2025-08-08T17:13:04+00:00,82584,3341,
2025-08-08T18:19:19+00:00,82584,3341,
2025-08-08T19:12:46+00:00,82584,3341,
2025-08-08T20:16:46+00:00,82584,3341,
2025-08-08T21:14:14+00:00,82584,3341,
2025-08-08T22:15:10+00:00,82584,3341,
2025-08-08T23:14:31+00:00,82584,3341,
2025-08-09T01:04:04+00:00,82584,3341,
2025-08-09T03:16:33+00:00,82584,3341,
2025-08-09T04:24:50+00:00,82584,3341,
2025-08-09T05:15:15+00:00,82584,3341,
2025-08-09T06:20:27+00:00,82584,3341,
2025-08-09T07:14:09+00:00,82584,3341,
2025-08-09T08:18:18+00:00,82584,3341,
2025-08-09T09:14:30+00:00,82582,3340,
2025-08-09T10:15:03+00:00,82582,3340,
2025-08-09T11:12:19+00:00,82582,3340,
2025-08-09T12:25:21+00:00,82582,3340,
2025-08-09T13:25:42+00:00,82582,3340,
2025-08-09T14:13:23+00:00,82582,3340,
2025-08-09T15:13:36+00:00,82582,3340,
2025-08-09T16:16:36+00:00,82582,3340,
2025-08-09T17:12:02+00:00,82582,3340,
2025-08-09T18:19:13+00:00,82582,3340,
2025-08-09T19:10:48+00:00,82582,3340,
2025-08-09T20:15:29+00:00,82582,3340,
2025-08-09T21:13:16+00:00,82582,3340,
2025-08-09T22:13:43+00:00,82582,3340,
2025-08-09T23:14:17+00:00,82582,3340,
2025-08-10T01:13:47+00:00,82582,3340,
2025-08-10T03:39:59+00:00,82582,3340,
2025-08-10T04:35:48+00:00,82582,3340,
2025-08-10T05:19:51+00:00,82582,3340,
2025-08-10T06:20:34+00:00,82582,3340,
2025-08-10T07:13:23+00:00,82582,3340,
2025-08-10T08:18:15+00:00,82582,3340,
2025-08-10T09:14:44+00:00,82582,3340,
2025-08-10T10:15:05+00:00,82582,3340,
2025-08-10T11:12:33+00:00,82582,3340,
2025-08-10T12:26:12+00:00,82582,3340,
2025-08-10T13:26:36+00:00,82582,3340,
2025-08-10T14:13:20+00:00,82582,3340,
2025-08-10T15:14:28+00:00,82582,3340,
2025-08-10T16:17:25+00:00,82582,3340,
2025-08-10T17:12:42+00:00,82582,3340,
2025-08-10T18:18:02+00:00,82582,3340,
2025-08-10T19:11:13+00:00,82582,3340,
2025-08-10T20:15:42+00:00,82582,3340,
2025-08-10T21:13:04+00:00,82580,3339,
2025-08-10T22:13:54+00:00,82582,3339,
2025-08-10T23:14:20+00:00,82582,3339,
2025-08-11T01:11:09+00:00,82582,3339,
2025-08-11T03:29:47+00:00,82583,3338,
2025-08-11T04:38:27+00:00,82583,3338,
2025-08-11T05:23:52+00:00,82583,3338,
2025-08-11T06:24:03+00:00,82583,3338,
2025-08-11T07:20:56+00:00,82583,3338,
2025-08-11T08:21:46+00:00,82583,3338,
2025-08-11T09:20:52+00:00,82583,3338,
2025-08-11T10:16:49+00:00,82583,3338,
2025-08-11T11:14:12+00:00,82583,3338,
2025-08-11T12:29:39+00:00,82583,3338,
2025-08-11T13:35:12+00:00,82583,3338,
2025-08-11T14:17:31+00:00,82583,3338,
2025-08-11T15:16:32+00:00,82583,3338,
2025-08-11T16:18:13+00:00,82583,3338,
2025-08-11T17:15:34+00:00,82583,3338,
2025-08-11T18:21:17+00:00,82583,3338,
2025-08-11T19:15:21+00:00,82583,3338,
2025-08-11T20:16:26+00:00,82583,3338,
2025-08-11T21:14:33+00:00,82583,3338,
2025-08-11T22:14:31+00:00,82598,3338,
2025-08-11T23:13:48+00:00,82598,3338,
2025-08-12T01:03:56+00:00,82596,3338,
2025-08-12T03:13:39+00:00,82596,3338,
2025-08-12T04:22:55+00:00,82596,3338,
2025-08-12T05:15:10+00:00,82596,3338,
2025-08-12T06:22:01+00:00,82596,3338,
2025-08-12T07:15:46+00:00,82598,3338,
2025-08-12T08:19:41+00:00,82598,3338,
2025-08-12T09:17:19+00:00,82598,3338,
2025-08-12T10:16:18+00:00,82598,3338,
2025-08-12T11:13:03+00:00,82598,3338,
2025-08-12T12:27:39+00:00,82598,3338,
2025-08-12T13:30:58+00:00,82598,3338,
2025-08-12T14:15:12+00:00,82598,3338,
2025-08-12T15:16:27+00:00,82598,3338,
2025-08-12T16:18:42+00:00,82598,3338,
2025-08-12T17:14:32+00:00,82598,3338,
2025-08-12T18:21:15+00:00,82598,3338,
2025-08-12T19:12:34+00:00,82598,3338,
2025-08-12T20:16:56+00:00,82598,3338,
2025-08-12T21:13:52+00:00,82598,3338,
2025-08-12T22:13:38+00:00,82598,3338,
2025-08-12T23:13:56+00:00,82595,3337,
2025-08-13T01:04:55+00:00,82595,3337,
2025-08-13T03:16:19+00:00,82595,3337,
2025-08-13T04:25:48+00:00,82595,3337,
2025-08-13T05:16:25+00:00,82595,3337,
2025-08-13T06:21:53+00:00,82595,3337,
2025-08-13T07:16:39+00:00,82595,3337,
2025-08-13T08:20:41+00:00,82595,3337,
2025-08-13T09:17:17+00:00,82595,3337,
2025-08-13T10:15:57+00:00,82595,3337,
2025-08-13T11:14:12+00:00,82595,3337,
2025-08-13T12:28:50+00:00,82595,3337,
2025-08-13T13:31:45+00:00,82595,3337,
2025-08-13T14:15:31+00:00,82595,3337,
2025-08-13T15:12:44+00:00,82595,3337,
2025-08-13T16:14:47+00:00,82595,3337,
2025-08-13T17:12:18+00:00,82595,3337,
2025-08-13T18:19:38+00:00,82575,3337,
2025-08-13T19:12:47+00:00,82575,3337,
2025-08-13T20:15:37+00:00,82575,3337,
2025-08-13T21:13:33+00:00,82579,3337,
2025-08-13T22:15:04+00:00,82579,3337,
2025-08-13T23:15:17+00:00,82579,3337,
2025-08-14T01:05:43+00:00,82579,3337,
2025-08-14T03:16:31+00:00,82579,3338,
2025-08-14T04:25:08+00:00,82579,3338,
2025-08-14T05:16:07+00:00,82579,3338,
2025-08-14T06:22:41+00:00,82579,3338,
2025-08-14T07:16:53+00:00,82579,3338,
2025-08-14T08:20:13+00:00,82579,3338,
2025-08-14T09:17:51+00:00,82573,3338,
2025-08-14T10:16:53+00:00,82573,3338,
2025-08-14T11:13:24+00:00,82573,3338,
2025-08-14T12:29:27+00:00,82573,3338,
2025-08-14T13:32:05+00:00,82573,3338,
2025-08-14T14:15:21+00:00,82573,3338,
2025-08-14T15:15:10+00:00,82573,3338,
2025-08-14T16:18:48+00:00,82573,3338,
2025-08-14T17:13:49+00:00,82573,3338,
2025-08-14T18:20:50+00:00,82573,3338,
2025-08-14T19:12:55+00:00,82573,3338,
2025-08-14T20:17:14+00:00,82573,3338,
2025-08-14T21:13:39+00:00,82573,3338,
2025-08-14T22:13:56+00:00,82573,3338,
2025-08-14T23:14:14+00:00,82588,3338,
2025-08-15T01:05:38+00:00,82588,3338,
2025-08-15T03:17:57+00:00,82593,3337,
2025-08-15T04:25:45+00:00,82593,3337,
2025-08-15T05:16:40+00:00,82593,3337,
2025-08-15T06:22:28+00:00,82592,3336,
2025-08-15T07:15:24+00:00,82592,3336,
2025-08-15T08:19:19+00:00,82592,3336,
2025-08-15T09:15:35+00:00,82592,3336,
2025-08-15T10:15:26+00:00,82592,3336,
2025-08-15T11:12:38+00:00,82592,3336,
2025-08-15T12:27:01+00:00,82592,3336,
2025-08-15T13:27:21+00:00,82592,3336,
2025-08-15T14:14:25+00:00,82592,3336,
2025-08-15T15:15:22+00:00,82592,3336,
2025-08-15T16:17:29+00:00,82592,3336,
2025-08-15T17:12:45+00:00,82592,3336,
2025-08-15T18:20:46+00:00,82592,3336,
2025-08-15T19:11:32+00:00,82598,3336,
2025-08-15T20:15:44+00:00,82598,3336,
2025-08-15T21:12:23+00:00,82598,3336,
2025-08-15T22:13:51+00:00,82598,3336,
2025-08-15T23:14:01+00:00,82598,3336,
2025-08-16T01:02:27+00:00,82598,3336,
2025-08-16T03:11:17+00:00,82598,3336,
2025-08-16T04:19:18+00:00,82598,3336,
2025-08-16T05:14:17+00:00,82598,3336,
2025-08-16T06:19:21+00:00,82598,3336,
2025-08-16T07:13:08+00:00,82598,3336,
2025-08-16T08:17:15+00:00,82598,3336,
2025-08-16T09:14:47+00:00,82598,3336,
2025-08-16T10:14:34+00:00,82598,3336,
2025-08-16T11:11:16+00:00,82598,3336,
2025-08-16T12:24:37+00:00,82598,3336,
2025-08-16T13:23:56+00:00,82598,3336,
2025-08-16T14:12:43+00:00,82598,3336,
2025-08-16T15:13:04+00:00,82598,3336,
2025-08-16T16:15:22+00:00,82598,3336,
2025-08-16T17:11:37+00:00,82598,3336,
2025-08-16T18:18:18+00:00,82598,3336,
2025-08-16T19:11:03+00:00,82598,3336,
2025-08-16T20:14:27+00:00,82598,3336,
2025-08-16T21:12:58+00:00,82598,3336,
2025-08-16T22:13:55+00:00,82598,3336,
2025-08-16T23:13:11+00:00,82598,3336,
2025-08-17T01:09:54+00:00,82598,3336,
2025-08-17T03:22:03+00:00,82598,3336,
2025-08-17T04:28:34+00:00,82598,3336,
2025-08-17T05:14:59+00:00,82598,3336,
2025-08-17T06:19:49+00:00,82598,3336,
2025-08-17T07:13:31+00:00,82598,3336,
2025-08-17T08:17:58+00:00,82598,3336,
2025-08-17T09:14:20+00:00,82598,3336,
2025-08-17T10:14:59+00:00,82598,3336,
2025-08-17T11:11:24+00:00,82598,3336,
2025-08-17T12:25:13+00:00,82598,3336,
2025-08-17T13:24:06+00:00,82598,3336,
2025-08-17T14:12:26+00:00,82598,3336,
2025-08-17T15:13:20+00:00,82598,3336,
2025-08-17T16:16:11+00:00,82598,3336,
2025-08-17T17:12:53+00:00,82598,3336,
2025-08-17T18:18:23+00:00,82598,3336,
2025-08-17T19:11:03+00:00,82598,3336,
2025-08-17T20:15:35+00:00,82600,3336,
2025-08-17T21:12:43+00:00,82600,3336,
2025-08-17T22:13:49+00:00,82600,3336,
2025-08-17T23:14:09+00:00,82600,3336,
2025-08-18T01:09:39+00:00,82592,3336,
2025-08-18T03:26:19+00:00,82596,3336,
2025-08-18T04:34:17+00:00,82596,3336,
2025-08-18T05:19:43+00:00,82598,3336,
2025-08-18T06:23:00+00:00,82598,3336,
2025-08-18T07:18:52+00:00,82598,3336,
2025-08-18T08:21:59+00:00,82598,3336,
2025-08-18T09:19:58+00:00,82598,3336,
2025-08-18T10:16:48+00:00,82598,3336,
2025-08-18T11:13:46+00:00,82598,3336,
2025-08-18T12:29:33+00:00,82598,3336,
2025-08-18T13:33:17+00:00,82598,3336,
2025-08-18T14:16:32+00:00,82598,3336,
2025-08-18T15:15:34+00:00,82598,3336,
2025-08-18T16:18:25+00:00,82598,3336,
2025-08-18T17:15:39+00:00,82598,3336,
2025-08-18T18:20:47+00:00,82598,3336,
2025-08-18T19:13:39+00:00,82598,3336,
2025-08-18T20:15:34+00:00,82598,3336,
2025-08-18T21:12:17+00:00,82598,3336,
2025-08-18T22:13:12+00:00,82602,3336,
2025-08-18T23:13:04+00:00,82602,3336,
2025-08-19T01:02:49+00:00,82602,3336,
2025-08-19T03:07:21+00:00,82602,3336,
2025-08-19T04:18:01+00:00,82602,3336,
2025-08-19T05:14:30+00:00,82602,3336,
2025-08-19T06:21:14+00:00,82602,3336,
2025-08-19T07:14:10+00:00,82602,3336,
2025-08-19T08:19:52+00:00,82602,3336,
2025-08-19T09:15:05+00:00,82602,3336,
2025-08-19T10:15:32+00:00,82602,3336,
2025-08-19T11:12:41+00:00,82602,3336,
2025-08-19T12:27:05+00:00,82602,3336,
2025-08-19T13:26:02+00:00,82602,3336,
2025-08-19T14:15:16+00:00,82602,3336,
2025-08-19T15:15:13+00:00,82602,3336,
2025-08-19T16:17:58+00:00,82602,3336,
2025-08-19T17:13:03+00:00,82602,3336,
2025-08-19T18:18:58+00:00,82602,3336,
2025-08-19T19:11:30+00:00,82602,3336,
2025-08-19T20:16:00+00:00,82604,3336,
2025-08-19T21:13:38+00:00,82604,3336,
2025-08-19T22:13:51+00:00,82622,3335,
2025-08-19T23:13:26+00:00,82622,3335,
2025-08-20T01:00:38+00:00,82622,3335,
2025-08-20T02:41:26+00:00,82615,3334,
2025-08-20T03:38:04+00:00,82615,3334,
2025-08-20T04:17:11+00:00,82615,3334,
2025-08-20T05:14:28+00:00,82615,3334,
2025-08-20T06:21:20+00:00,82615,3334,
2025-08-20T07:14:24+00:00,82615,3334,
2025-08-20T08:18:20+00:00,82615,3334,
2025-08-20T09:15:28+00:00,82615,3334,
2025-08-20T10:14:59+00:00,82615,3334,
2025-08-20T11:13:03+00:00,82615,3334,
2025-08-20T12:26:51+00:00,82615,3334,
2025-08-20T13:27:24+00:00,82615,3334,
2025-08-20T14:15:30+00:00,82615,3334,
2025-08-20T15:15:10+00:00,82615,3334,
2025-08-20T16:17:30+00:00,82615,3334,
2025-08-20T17:12:41+00:00,82615,3334,
2025-08-20T18:20:06+00:00,82615,3334,
2025-08-20T19:11:35+00:00,82615,3334,
2025-08-20T20:15:31+00:00,82615,3334,
2025-08-20T21:13:02+00:00,82615,3334,
2025-08-20T22:11:57+00:00,82612,3333,
2025-08-20T23:13:32+00:00,82612,3333,
2025-08-21T01:00:12+00:00,82612,3333,
2025-08-21T02:40:16+00:00,82612,3333,
2025-08-21T03:38:32+00:00,82615,3333,
2025-08-21T04:17:07+00:00,82628,3334,
2025-08-21T05:15:45+00:00,82628,3334,
2025-08-21T06:30:10+00:00,82628,3334,
2025-08-21T07:18:30+00:00,82628,3334,
2025-08-21T08:19:49+00:00,82628,3334,
2025-08-21T09:15:05+00:00,82628,3334,
2025-08-21T10:14:46+00:00,82628,3334,
2025-08-21T11:12:55+00:00,82628,3334,
2025-08-21T12:26:52+00:00,82628,3334,
2025-08-21T13:25:55+00:00,82628,3334,
2025-08-21T14:14:26+00:00,82628,3334,
2025-08-21T15:15:20+00:00,82696,3334,
2025-08-21T16:26:13+00:00,82696,3334,
2025-08-21T17:12:48+00:00,82696,3334,
2025-08-21T18:20:01+00:00,82696,3334,
2025-08-21T19:11:53+00:00,82696,3334,
2025-08-21T20:15:14+00:00,82696,3334,
2025-08-21T21:12:55+00:00,82696,3334,
2025-08-21T22:14:03+00:00,82702,3334,
2025-08-21T23:13:24+00:00,82702,3334,
2025-08-22T01:01:16+00:00,82702,3334,
2025-08-22T02:41:31+00:00,82700,3333,
2025-08-22T03:38:07+00:00,82696,3330,
2025-08-22T04:17:02+00:00,82697,3330,
2025-08-22T05:15:18+00:00,82697,3330,
2025-08-22T06:20:47+00:00,82697,3330,
2025-08-22T07:13:24+00:00,82697,3330,
2025-08-22T08:18:52+00:00,82697,3330,
2025-08-22T09:15:06+00:00,82697,3330,
2025-08-22T10:14:58+00:00,82697,3330,
2025-08-22T11:11:44+00:00,82701,3330,
2025-08-22T12:25:41+00:00,82701,3330,
2025-08-22T13:24:41+00:00,82701,3330,
2025-08-22T14:14:11+00:00,82701,3330,
2025-08-22T15:14:13+00:00,82701,3330,
2025-08-22T16:16:16+00:00,82701,3330,
2025-08-22T17:12:38+00:00,82701,3330,
2025-08-22T18:19:43+00:00,82701,3330,
2025-08-22T19:12:30+00:00,82701,3330,
2025-08-22T20:15:41+00:00,82701,3330,
2025-08-22T21:12:43+00:00,82701,3330,
2025-08-22T22:13:13+00:00,82701,3330,
2025-08-22T23:13:13+00:00,82701,3330,
2025-08-23T00:59:29+00:00,82701,3330,
2025-08-23T02:25:59+00:00,82701,3330,
2025-08-23T03:32:16+00:00,82701,3330,
2025-08-23T04:16:04+00:00,82701,3330,
2025-08-23T05:13:47+00:00,82701,3330,
2025-08-23T06:18:30+00:00,82701,3330,
2025-08-23T07:12:35+00:00,82701,3330,
2025-08-23T08:16:30+00:00,82701,3330,
2025-08-23T09:13:19+00:00,82701,3330,
2025-08-23T10:13:40+00:00,82701,3330,
2025-08-23T11:10:30+00:00,82701,3330,
2025-08-23T12:23:16+00:00,82701,3330,
2025-08-23T13:21:03+00:00,82701,3330,
2025-08-23T14:12:07+00:00,82701,3330,
2025-08-23T15:12:47+00:00,82701,3330,
2025-08-23T16:15:07+00:00,82701,3330,
2025-08-23T17:10:49+00:00,82701,3330,
2025-08-23T18:17:35+00:00,82701,3330,
2025-08-23T19:10:40+00:00,82701,3330,
2025-08-23T20:13:48+00:00,82701,3330,
2025-08-23T21:12:09+00:00,82701,3330,
2025-08-23T22:12:15+00:00,82701,3330,
2025-08-23T23:12:55+00:00,82701,3330,
2025-08-24T01:07:30+00:00,82701,3330,
2025-08-24T03:15:25+00:00,82701,3330,
2025-08-24T04:20:43+00:00,82701,3330,
2025-08-24T05:13:59+00:00,82701,3330,
2025-08-24T06:19:26+00:00,82701,3330,
2025-08-24T07:13:13+00:00,82701,3330,
2025-08-24T08:16:17+00:00,82701,3330,
2025-08-24T09:13:02+00:00,82701,3330,
2025-08-24T10:13:32+00:00,82701,3330,
2025-08-24T11:11:50+00:00,82701,3330,
2025-08-24T12:23:52+00:00,82701,3330,
2025-08-24T13:21:43+00:00,82701,3330,
2025-08-24T14:12:08+00:00,82701,3330,
2025-08-24T15:13:17+00:00,82701,3330,
2025-08-24T16:15:19+00:00,82701,3330,
2025-08-24T17:11:32+00:00,82701,3330,
2025-08-24T18:17:17+00:00,82701,3330,
2025-08-24T19:11:20+00:00,82701,3330,
2025-08-24T20:14:19+00:00,82701,3330,
2025-08-24T21:12:00+00:00,82700,3329,
2025-08-24T22:12:42+00:00,82700,3329,
2025-08-24T23:13:06+00:00,82700,3329,
2025-08-25T01:04:01+00:00,82680,3329,
2025-08-25T03:11:21+00:00,82678,3328,
2025-08-25T04:21:40+00:00,82678,3328,
2025-08-25T06:21:59+00:00,82678,3328,
2025-08-25T07:15:58+00:00,82678,3328,
2025-08-25T08:20:33+00:00,82678,3328,
2025-08-25T09:16:36+00:00,82678,3328,
2025-08-25T10:17:02+00:00,82678,3328,
2025-08-25T11:13:40+00:00,82678,3328,
2025-08-25T12:26:58+00:00,82678,3328,
2025-08-25T13:27:28+00:00,82678,3328,
2025-08-25T14:15:11+00:00,82678,3328,
2025-08-25T15:14:51+00:00,82678,3328,
2025-08-25T16:17:23+00:00,82678,3328,
2025-08-25T17:11:00+00:00,82678,3328,
2025-08-25T18:20:08+00:00,82677,3328,
2025-08-25T19:11:23+00:00,82677,3328,
2025-08-25T20:15:34+00:00,82677,3328,
2025-08-25T21:13:08+00:00,82677,3328,
2025-08-25T22:14:34+00:00,82678,3329,
2025-08-25T23:14:10+00:00,82690,3330,
2025-08-26T01:02:20+00:00,82689,3330,
2025-08-26T03:06:01+00:00,82689,3330,
2025-08-26T04:17:23+00:00,82689,3330,
2025-08-26T05:14:56+00:00,82689,3330,
2025-08-26T06:20:59+00:00,82689,3330,
2025-08-26T07:14:27+00:00,82689,3330,
2025-08-26T08:19:50+00:00,82689,3330,
2025-08-26T09:15:34+00:00,82689,3330,
2025-08-26T10:15:16+00:00,82689,3330,
2025-08-26T11:14:12+00:00,82689,3330,
2025-08-26T12:28:27+00:00,82689,3330,
2025-08-26T13:29:13+00:00,82689,3330,
2025-08-26T14:14:33+00:00,82689,3330,
2025-08-26T15:14:28+00:00,82689,3330,
2025-08-26T16:16:30+00:00,82689,3330,
2025-08-26T17:12:37+00:00,82689,3330,
2025-08-26T18:18:54+00:00,82689,3330,
2025-08-26T19:11:48+00:00,82689,3330,
2025-08-26T20:15:16+00:00,82689,3330,
2025-08-26T21:12:37+00:00,82689,3330,
2025-08-26T22:13:50+00:00,82693,3330,
2025-08-26T23:12:33+00:00,82693,3330,
2025-08-27T01:00:07+00:00,82683,3330,
2025-08-27T02:27:12+00:00,82683,3330,
2025-08-27T03:33:06+00:00,82683,3330,
2025-08-27T04:16:17+00:00,82683,3330,
2025-08-27T05:13:44+00:00,82683,3330,
2025-08-27T06:20:31+00:00,82683,3330,
2025-08-27T07:14:06+00:00,82683,3330,
2025-08-27T08:18:50+00:00,82683,3330,
2025-08-27T09:15:43+00:00,82683,3330,
2025-08-27T10:14:57+00:00,82683,3330,
2025-08-27T11:12:14+00:00,82683,3330,
2025-08-27T12:27:03+00:00,82683,3330,
2025-08-27T13:24:20+00:00,82683,3330,
2025-08-27T14:13:35+00:00,82683,3330,
2025-08-27T15:14:43+00:00,82683,3330,
2025-08-27T16:16:56+00:00,82683,3330,
2025-08-27T17:12:07+00:00,82683,3330,
2025-08-27T18:18:38+00:00,82683,3330,
2025-08-27T19:12:12+00:00,82683,3330,
2025-08-27T20:15:14+00:00,82683,3330,
2025-08-27T21:13:29+00:00,82683,3330,
2025-08-27T22:12:49+00:00,82683,3330,
2025-08-27T23:12:43+00:00,82683,3330,
2025-08-28T00:59:04+00:00,82683,3330,
2025-08-28T02:26:02+00:00,82681,3330,
2025-08-28T03:32:19+00:00,82681,3330,
2025-08-28T04:16:12+00:00,82685,3330,
2025-08-28T05:14:34+00:00,82686,3330,
2025-08-28T06:20:48+00:00,82686,3330,
2025-08-28T07:13:57+00:00,82686,3330,
2025-08-28T08:19:00+00:00,82686,3330,
2025-08-28T09:15:04+00:00,82686,3330,
2025-08-28T10:14:42+00:00,82686,3330,
2025-08-28T11:12:03+00:00,82686,3330,
2025-08-28T12:26:23+00:00,82686,3330,
2025-08-28T13:24:58+00:00,82686,3330,
2025-08-28T14:14:01+00:00,82686,3330,
2025-08-28T15:14:28+00:00,82686,3330,
2025-08-28T16:17:28+00:00,82686,3330,
2025-08-28T17:12:39+00:00,82686,3330,
2025-08-28T18:20:09+00:00,82686,3330,
2025-08-28T19:12:04+00:00,82686,3330,
2025-08-28T20:15:33+00:00,82686,3330,
2025-08-28T21:13:32+00:00,82684,3330,
2025-08-28T22:13:08+00:00,82707,3330,
2025-08-28T23:13:38+00:00,82707,3330,
2025-08-29T01:00:26+00:00,82707,3330,
2025-08-29T02:27:14+00:00,82706,3330,
2025-08-29T03:32:21+00:00,82706,3330,
2025-08-29T04:16:52+00:00,82706,3330,
2025-08-29T05:14:34+00:00,82706,3330,
2025-08-29T06:20:50+00:00,82706,3330,
2025-08-29T07:14:12+00:00,82706,3330,
2025-08-29T08:17:44+00:00,82706,3330,
2025-08-29T09:15:49+00:00,82706,3330,
2025-08-29T10:14:34+00:00,82706,3330,
2025-08-29T11:11:38+00:00,82706,3330,
2025-08-29T12:25:29+00:00,82706,3330,
2025-08-29T13:23:43+00:00,82706,3330,
2025-08-29T14:13:13+00:00,82706,3330,
2025-08-29T15:12:53+00:00,82706,3330,
2025-08-29T16:16:06+00:00,82706,3330,
2025-08-29T17:12:31+00:00,82706,3330,
2025-08-29T18:18:34+00:00,82706,3330,
2025-08-29T19:11:22+00:00,82706,3330,
2025-08-29T20:14:32+00:00,82706,3330,
2025-08-29T21:13:02+00:00,82706,3330,
2025-08-29T22:12:44+00:00,82706,3330,
2025-08-29T23:12:47+00:00,82706,3330,
2025-08-30T00:56:33+00:00,82706,3330,
2025-08-30T02:18:36+00:00,82706,3330,
2025-08-30T03:25:37+00:00,82706,3330,
2025-08-30T04:16:23+00:00,82706,3330,
2025-08-30T05:12:48+00:00,82706,3330,
2025-08-30T06:17:34+00:00,82706,3330,
2025-08-30T07:11:53+00:00,82706,3330,
2025-08-30T08:15:53+00:00,82706,3330,
2025-08-30T09:13:29+00:00,82706,3330,
2025-08-30T10:13:11+00:00,82706,3330,
2025-08-30T11:10:12+00:00,82706,3330,
2025-08-30T12:22:45+00:00,82706,3330,
2025-08-30T13:19:00+00:00,82706,3330,
2025-08-30T14:11:08+00:00,82706,3330,
2025-08-30T15:12:24+00:00,82706,3330,
2025-08-30T16:15:38+00:00,82706,3330,
2025-08-30T17:11:27+00:00,82706,3330,
2025-08-30T18:16:25+00:00,82704,3330,
2025-08-30T19:10:25+00:00,82704,3330,
2025-08-30T20:13:51+00:00,82704,3330,
2025-08-30T21:11:03+00:00,82704,3330,
2025-08-30T22:12:16+00:00,82704,3330,
2025-08-30T23:12:36+00:00,82704,3330,
2025-08-31T01:03:56+00:00,82704,3330,
2025-08-31T03:03:02+00:00,82704,3330,
2025-08-31T04:16:26+00:00,82704,3330,
2025-08-31T05:13:06+00:00,82704,3330,
2025-08-31T06:17:53+00:00,82704,3330,
2025-08-31T07:12:14+00:00,82704,3330,
2025-08-31T08:16:08+00:00,82704,3330,
2025-08-31T09:12:32+00:00,82704,3330,
2025-08-31T10:12:37+00:00,82704,3330,
2025-08-31T11:10:15+00:00,82704,3330,
2025-08-31T12:23:08+00:00,82704,3330,
2025-08-31T13:20:32+00:00,82704,3330,
2025-08-31T14:11:29+00:00,82704,3330,
2025-08-31T15:12:48+00:00,82704,3330,
2025-08-31T16:14:36+00:00,82704,3330,
2025-08-31T17:11:13+00:00,82704,3330,
2025-08-31T18:16:58+00:00,82694,3330,
2025-08-31T19:10:24+00:00,82694,3330,
2025-08-31T20:14:01+00:00,82694,3330,
2025-08-31T21:11:27+00:00,82694,3330,
2025-08-31T22:12:35+00:00,82696,3330,
2025-08-31T23:12:48+00:00,82696,3330,
2025-09-01T01:10:50+00:00,82696,3330,
2025-09-01T03:17:42+00:00,82698,3330,
2025-09-01T04:25:02+00:00,82714,3330,
2025-09-01T05:14:48+00:00,82714,3330,
2025-09-01T06:22:54+00:00,82714,3330,
2025-09-01T07:16:35+00:00,82714,3330,
2025-09-01T08:19:45+00:00,82714,3330,
2025-09-01T09:17:36+00:00,82714,3330,
2025-09-01T10:15:52+00:00,82714,3330,
2025-09-01T11:12:16+00:00,82714,3330,
2025-09-01T12:26:41+00:00,82714,3330,
2025-09-01T13:25:10+00:00,82714,3330,
2025-09-01T14:13:38+00:00,82714,3330,
2025-09-01T15:13:34+00:00,82714,3330,
2025-09-01T16:16:06+00:00,82714,3330,
2025-09-01T17:12:10+00:00,82714,3330,
2025-09-01T18:18:13+00:00,82714,3330,
2025-09-01T19:11:16+00:00,82714,3330,
2025-09-01T20:14:23+00:00,82713,3329,
2025-09-01T21:12:11+00:00,82713,3329,
2025-09-01T22:12:28+00:00,82713,3329,
2025-09-01T23:13:28+00:00,82713,3329,
2025-09-02T01:00:22+00:00,82725,3329,
2025-09-02T02:38:25+00:00,82733,3329,
2025-09-02T03:36:24+00:00,82733,3329,
2025-09-02T04:16:28+00:00,82733,3329,
2025-09-02T05:14:54+00:00,82733,3329,
2025-09-02T06:21:09+00:00,82733,3329,
2025-09-02T07:14:40+00:00,82733,3329,
2025-09-02T08:18:58+00:00,82733,3329,
2025-09-02T09:15:48+00:00,82733,3329,
2025-09-02T10:14:53+00:00,82733,3329,
2025-09-02T11:13:01+00:00,82735,3329,
2025-09-02T12:26:49+00:00,82735,3329,
2025-09-02T13:26:33+00:00,82735,3329,
2025-09-02T14:14:26+00:00,82735,3329,
2025-09-02T15:14:41+00:00,82735,3329,
2025-09-02T16:17:48+00:00,82735,3329,
2025-09-02T17:12:18+00:00,82735,3329,
2025-09-02T18:16:45+00:00,82735,3329,
2025-09-02T19:10:34+00:00,82735,3329,
2025-09-02T20:14:51+00:00,82735,3329,
2025-09-02T21:11:22+00:00,82735,3329,
2025-09-02T22:11:52+00:00,82735,3329,
2025-09-02T23:12:00+00:00,82735,3329,
2025-09-03T00:56:47+00:00,82725,3329,
2025-09-03T02:17:02+00:00,82725,3329,
2025-09-03T03:23:36+00:00,82725,3329,
2025-09-03T04:16:18+00:00,82725,3329,
2025-09-03T05:14:43+00:00,82717,3329,
2025-09-03T06:19:34+00:00,82715,3329,
2025-09-03T07:13:45+00:00,82713,3329,
2025-09-03T08:17:25+00:00,82713,3329,
2025-09-03T09:14:20+00:00,82713,3329,
2025-09-03T10:14:39+00:00,82713,3329,
2025-09-03T11:11:54+00:00,82713,3329,
2025-09-03T12:26:06+00:00,82713,3329,
2025-09-03T13:23:28+00:00,82713,3329,
2025-09-03T14:14:10+00:00,82713,3329,
2025-09-03T15:15:06+00:00,82713,3329,
2025-09-03T16:16:18+00:00,82713,3329,
2025-09-03T17:11:44+00:00,82713,3329,
2025-09-03T18:18:49+00:00,82713,3329,
2025-09-03T19:11:20+00:00,82713,3329,
2025-09-03T20:14:56+00:00,82713,3329,
2025-09-03T21:12:25+00:00,82713,3329,
2025-09-03T22:12:18+00:00,82713,3329,
2025-09-03T23:12:39+00:00,82754,3329,
2025-09-04T00:56:51+00:00,82754,3329,
2025-09-04T02:18:26+00:00,82733,3329,
2025-09-04T03:24:36+00:00,82731,3329,
2025-09-04T04:16:37+00:00,82731,3329,
2025-09-04T05:14:21+00:00,82731,3329,
2025-09-04T06:19:36+00:00,82731,3329,
2025-09-04T07:13:20+00:00,82731,3329,
2025-09-04T08:18:10+00:00,82731,3329,
2025-09-04T09:14:58+00:00,82731,3329,
2025-09-04T10:14:46+00:00,82731,3329,
2025-09-04T11:11:44+00:00,82724,3328,
2025-09-04T12:26:41+00:00,82724,3328,
2025-09-04T13:23:48+00:00,82724,3328,
2025-09-04T14:13:33+00:00,82724,3328,
2025-09-04T15:13:58+00:00,82724,3328,
2025-09-04T16:16:26+00:00,82724,3328,
2025-09-04T17:12:05+00:00,82724,3328,
2025-09-04T18:18:08+00:00,82724,3328,
2025-09-04T19:10:39+00:00,82724,3328,
2025-09-04T20:14:43+00:00,82724,3328,
2025-09-04T21:12:40+00:00,82724,3328,
2025-09-04T22:13:21+00:00,82724,3328,
2025-09-04T23:12:59+00:00,82724,3328,
2025-09-05T00:59:06+00:00,82726,3329,
2025-09-05T02:22:16+00:00,82726,3329,
2025-09-05T03:28:32+00:00,82726,3329,
2025-09-05T04:16:50+00:00,82726,3329,
2025-09-05T05:14:38+00:00,82724,3329,
2025-09-05T06:20:03+00:00,82724,3329,
2025-09-05T07:14:11+00:00,82724,3329,
2025-09-05T08:17:53+00:00,82724,3329,
2025-09-05T09:14:31+00:00,82724,3329,
2025-09-05T10:14:17+00:00,82724,3329,
2025-09-05T11:11:33+00:00,82724,3329,
2025-09-05T12:24:52+00:00,82724,3329,
2025-09-05T13:22:21+00:00,82724,3329,
2025-09-05T14:13:00+00:00,82724,3329,
2025-09-05T15:14:41+00:00,82724,3329,
2025-09-05T16:16:08+00:00,82724,3329,
2025-09-05T17:12:03+00:00,82724,3329,
2025-09-05T18:17:24+00:00,82724,3329,
2025-09-05T19:11:06+00:00,82724,3329,
2025-09-05T20:15:39+00:00,82724,3329,
2025-09-05T21:11:27+00:00,82724,3329,
2025-09-05T22:12:24+00:00,82724,3329,
2025-09-05T23:12:48+00:00,82724,3329,
2025-09-06T00:56:33+00:00,82724,3329,
2025-09-06T02:17:25+00:00,82724,3329,
2025-09-06T03:22:56+00:00,82724,3329,
2025-09-06T04:15:09+00:00,82724,3329,
2025-09-06T05:12:19+00:00,82724,3329,
2025-09-06T06:17:30+00:00,82724,3329,
2025-09-06T07:12:12+00:00,82724,3329,
2025-09-06T08:15:04+00:00,82724,3329,
2025-09-06T09:12:32+00:00,82724,3329,
2025-09-06T10:12:38+00:00,82724,3329,
2025-09-06T11:09:39+00:00,82724,3329,
2025-09-06T12:22:18+00:00,82724,3329,
2025-09-06T13:17:32+00:00,82724,3329,
2025-09-06T14:11:15+00:00,82724,3329,
2025-09-06T15:11:59+00:00,82724,3329,
2025-09-06T16:14:40+00:00,82724,3329,
2025-09-06T17:10:17+00:00,82724,3329,
2025-09-06T18:16:06+00:00,82724,3329,
2025-09-06T19:09:49+00:00,82724,3329,
2025-09-06T20:13:01+00:00,82724,3329,
2025-09-06T21:11:19+00:00,82724,3329,
2025-09-06T22:12:10+00:00,82724,3329,
2025-09-06T23:11:34+00:00,82724,3329,
2025-09-07T01:02:34+00:00,82724,3329,
2025-09-07T02:59:12+00:00,82724,3329,
2025-09-07T03:34:07+00:00,82724,3329,
2025-09-07T04:15:44+00:00,82724,3329,
2025-09-07T05:12:37+00:00,82724,3329,
2025-09-07T06:17:40+00:00,82724,3329,
2025-09-07T07:12:42+00:00,82724,3329,
2025-09-07T08:15:09+00:00,82724,3329,
2025-09-07T09:12:33+00:00,82724,3329,
2025-09-07T10:12:31+00:00,82724,3329,
2025-09-07T11:10:00+00:00,82724,3329,
2025-09-07T12:22:57+00:00,82724,3329,
2025-09-07T13:17:23+00:00,82724,3329,
2025-09-07T14:11:24+00:00,82724,3329,
2025-09-07T15:12:54+00:00,82724,3329,
2025-09-07T16:14:18+00:00,82724,3329,
2025-09-07T17:10:51+00:00,82724,3329,
2025-09-07T18:16:02+00:00,82724,3329,
2025-09-07T19:09:59+00:00,82724,3329,
2025-09-07T20:13:08+00:00,82724,3329,
2025-09-07T21:11:25+00:00,82724,3329,
2025-09-07T22:13:14+00:00,82724,3329,
2025-09-07T23:12:28+00:00,82721,3328,
2025-09-08T01:01:38+00:00,82725,3328,
2025-09-08T02:40:44+00:00,82725,3328,
2025-09-08T03:36:19+00:00,82725,3328,
2025-09-08T04:16:45+00:00,82725,3328,
2025-09-08T05:15:06+00:00,82725,3328,
2025-09-08T06:21:03+00:00,82725,3328,
2025-09-08T07:14:30+00:00,82725,3328,
2025-09-08T08:19:38+00:00,82726,3328,
2025-09-08T09:17:07+00:00,82728,3328,
2025-09-08T10:14:42+00:00,82728,3328,
2025-09-08T11:11:34+00:00,82728,3328,
2025-09-08T12:28:12+00:00,82728,3328,
2025-09-08T13:26:05+00:00,82728,3328,
2025-09-08T14:14:55+00:00,82728,3328,
2025-09-08T15:13:34+00:00,82728,3328,
2025-09-08T16:15:35+00:00,82728,3328,
2025-09-08T17:12:11+00:00,82730,3328,
2025-09-08T18:19:20+00:00,82730,3328,
2025-09-08T19:12:08+00:00,82734,3328,
2025-09-08T20:15:56+00:00,82737,3328,
2025-09-08T21:12:15+00:00,82740,3328,
2025-09-08T22:13:14+00:00,82740,3327,
2025-09-08T23:14:33+00:00,82743,3327,
2025-09-09T00:58:58+00:00,82743,3327,
2025-09-09T02:25:12+00:00,82739,3327,
2025-09-09T03:30:47+00:00,82739,3327,
2025-09-09T04:16:25+00:00,82739,3327,
2025-09-09T05:13:51+00:00,82739,3327,
2025-09-09T06:20:40+00:00,82739,3327,
2025-09-09T07:13:54+00:00,82739,3327,
2025-09-09T08:20:01+00:00,82739,3327,
2025-09-09T09:15:07+00:00,82739,3327,
2025-09-09T10:15:13+00:00,82739,3327,
2025-09-09T11:13:54+00:00,82739,3327,
2025-09-09T12:27:35+00:00,82739,3327,
2025-09-09T13:27:45+00:00,82739,3327,
2025-09-09T14:12:25+00:00,82739,3327,
2025-09-09T15:14:50+00:00,82739,3327,
2025-09-09T16:16:31+00:00,82739,3327,
2025-09-09T17:12:38+00:00,82739,3327,
2025-09-09T18:16:25+00:00,82737,3327,
2025-09-09T19:11:16+00:00,82737,3327,
2025-09-09T20:15:02+00:00,82736,3326,
2025-09-09T21:11:37+00:00,82740,3326,
2025-09-09T22:11:42+00:00,82740,3326,
2025-09-09T23:12:40+00:00,82740,3326,
2025-09-10T00:57:55+00:00,82740,3326,
2025-09-10T02:19:21+00:00,82736,3325,
2025-09-10T03:23:24+00:00,82736,3325,
2025-09-10T04:16:11+00:00,82736,3325,
2025-09-10T05:14:35+00:00,82736,3325,
2025-09-10T06:20:29+00:00,82736,3325,
2025-09-10T08:18:31+00:00,82736,3325,
2025-09-10T09:15:21+00:00,82736,3325,
2025-09-10T10:14:18+00:00,82736,3325,
2025-09-10T11:11:22+00:00,82736,3325,
2025-09-10T12:25:42+00:00,82736,3325,
2025-09-10T13:22:35+00:00,82736,3325,
2025-09-10T14:13:57+00:00,82736,3325,
2025-09-10T15:13:59+00:00,82736,3325,
2025-09-10T16:16:25+00:00,82736,3325,
2025-09-10T17:11:56+00:00,82736,3325,
2025-09-10T18:18:40+00:00,82736,3325,
2025-09-10T19:11:00+00:00,82736,3325,
2025-09-10T20:15:06+00:00,82736,3325,
2025-09-10T21:12:15+00:00,82736,3325,
2025-09-10T22:12:39+00:00,82736,3325,
2025-09-10T23:12:45+00:00,82736,3325,
2025-09-11T00:59:25+00:00,82740,3325,
2025-09-11T02:23:32+00:00,82740,3325,
2025-09-11T03:29:36+00:00,82740,3325,
2025-09-11T04:16:35+00:00,82740,3325,
2025-09-11T05:14:23+00:00,82740,3325,
2025-09-11T06:21:00+00:00,82740,3325,
2025-09-11T07:13:46+00:00,82740,3325,
2025-09-11T08:18:39+00:00,82740,3325,
2025-09-11T09:14:48+00:00,82740,3325,
2025-09-11T10:14:17+00:00,82740,3325,
2025-09-11T11:11:24+00:00,82740,3325,
2025-09-11T12:24:23+00:00,82740,3325,
2025-09-11T13:20:58+00:00,82740,3325,
2025-09-11T14:14:24+00:00,82740,3325,
2025-09-11T15:13:59+00:00,82740,3325,
2025-09-11T16:17:23+00:00,82740,3325,
2025-09-11T17:11:47+00:00,82740,3325,
2025-09-11T18:16:25+00:00,82740,3325,
2025-09-11T19:10:07+00:00,82740,3325,
2025-09-11T20:15:33+00:00,82740,3325,
2025-09-11T21:11:24+00:00,82740,3325,
2025-09-11T22:14:01+00:00,82740,3325,
2025-09-11T23:13:01+00:00,82740,3325,
2025-09-12T00:57:05+00:00,82740,3325,
2025-09-12T02:16:56+00:00,82736,3325,
2025-09-12T03:23:36+00:00,82737,3325,
2025-09-12T04:15:44+00:00,82737,3325,
2025-09-12T05:13:32+00:00,82737,3325,
2025-09-12T06:20:33+00:00,82737,3325,
2025-09-12T07:13:53+00:00,82737,3325,
2025-09-12T08:18:04+00:00,82737,3325,
2025-09-12T09:14:22+00:00,82737,3325,
2025-09-12T10:15:17+00:00,82737,3325,
2025-09-12T11:11:23+00:00,82737,3325,
2025-09-12T12:25:25+00:00,82737,3325,
2025-09-12T13:22:15+00:00,82737,3325,
2025-09-12T14:13:16+00:00,82737,3325,
2025-09-12T15:13:36+00:00,82737,3325,
2025-09-12T16:14:06+00:00,82737,3325,
2025-09-12T17:11:50+00:00,82737,3325,
2025-09-12T18:16:49+00:00,82737,3325,
2025-09-12T19:11:20+00:00,82737,3325,
2025-09-12T20:15:24+00:00,82737,3325,
2025-09-12T21:12:10+00:00,82737,3325,
2025-09-12T22:12:25+00:00,82737,3325,
2025-09-12T23:12:53+00:00,82737,3325,
2025-09-13T00:54:17+00:00,82737,3325,
2025-09-13T02:11:24+00:00,82737,3325,
2025-09-13T03:17:52+00:00,82737,3325,
2025-09-13T04:16:02+00:00,82737,3325,
2025-09-13T05:12:14+00:00,82737,3325,
2025-09-13T06:18:06+00:00,82737,3325,
2025-09-13T07:12:06+00:00,82737,3325,
2025-09-13T08:15:45+00:00,82737,3325,
2025-09-13T09:12:29+00:00,82737,3325,
2025-09-13T10:13:05+00:00,82737,3325,
2025-09-13T11:09:59+00:00,82737,3325,
2025-09-13T12:22:44+00:00,82737,3325,
2025-09-13T13:16:44+00:00,82737,3325,
2025-09-13T14:10:37+00:00,82737,3325,
2025-09-13T15:11:38+00:00,82737,3325,
2025-09-13T16:13:55+00:00,82737,3325,
2025-09-13T17:09:59+00:00,82737,3325,
2025-09-13T18:16:27+00:00,82737,3325,
2025-09-13T19:09:28+00:00,82737,3325,
2025-09-13T20:12:58+00:00,82737,3325,
2025-09-13T21:11:18+00:00,82737,3325,
2025-09-13T22:11:12+00:00,82737,3325,
2025-09-13T23:11:44+00:00,82737,3325,
2025-09-14T01:02:04+00:00,82737,3325,
2025-09-14T02:58:38+00:00,82737,3325,
2025-09-14T03:32:55+00:00,82737,3325,
2025-09-14T04:15:22+00:00,82737,3325,
2025-09-14T05:13:12+00:00,82737,3325,
2025-09-14T06:17:45+00:00,82737,3325,
2025-09-14T07:12:12+00:00,82737,3325,
2025-09-14T08:16:06+00:00,82737,3325,
2025-09-14T09:12:26+00:00,82737,3325,
2025-09-14T10:12:18+00:00,82737,3325,
2025-09-14T11:09:36+00:00,82737,3325,
2025-09-14T12:22:06+00:00,82737,3325,
2025-09-14T13:16:04+00:00,82737,3325,
2025-09-14T14:11:15+00:00,82737,3325,
2025-09-14T15:11:37+00:00,82737,3325,
2025-09-14T16:13:33+00:00,82737,3325,
2025-09-14T17:10:50+00:00,82737,3325,
2025-09-14T18:15:57+00:00,82737,3325,
2025-09-14T19:09:45+00:00,82737,3325,
2025-09-14T20:13:13+00:00,82737,3325,
2025-09-14T21:10:58+00:00,82737,3325,
2025-09-14T22:12:21+00:00,82741,3325,
2025-09-14T23:12:38+00:00,82741,3325,
2025-09-15T01:02:15+00:00,82735,3326,
2025-09-15T03:03:47+00:00,82735,3325,
2025-09-15T04:16:47+00:00,82737,3325,
2025-09-15T05:14:44+00:00,82737,3325,
2025-09-15T06:21:47+00:00,82737,3325,
2025-09-15T07:15:57+00:00,82737,3325,
2025-09-15T08:19:05+00:00,82737,3325,
2025-09-15T09:16:18+00:00,82737,3325,
2025-09-15T10:14:54+00:00,82737,3325,
2025-09-15T11:12:04+00:00,82737,3325,
2025-09-15T12:26:32+00:00,82737,3325,
2025-09-15T13:23:45+00:00,82737,3325,
2025-09-15T14:14:49+00:00,82737,3325,
2025-09-15T15:15:27+00:00,82737,3325,
2025-09-15T16:17:29+00:00,82737,3325,
2025-09-15T17:12:12+00:00,82737,3325,
2025-09-15T18:19:24+00:00,82737,3325,
2025-09-15T19:10:55+00:00,82737,3325,
2025-09-15T20:14:49+00:00,82737,3325,
2025-09-15T21:12:03+00:00,82738,3325,
2025-09-15T22:12:44+00:00,82738,3325,
2025-09-15T23:12:03+00:00,82736,3324,
2025-09-16T00:57:26+00:00,82736,3324,
2025-09-16T02:19:19+00:00,82736,3324,
2025-09-16T03:26:14+00:00,82736,3324,
2025-09-16T04:15:41+00:00,82736,3324,
2025-09-16T05:14:06+00:00,82802,3324,
2025-09-16T06:20:04+00:00,82802,3323,
2025-09-16T07:14:57+00:00,82802,3323,
2025-09-16T08:18:39+00:00,82802,3323,
2025-09-16T09:15:19+00:00,82802,3323,
2025-09-16T10:14:57+00:00,82802,3323,
2025-09-16T11:11:39+00:00,82802,3323,
2025-09-16T12:26:12+00:00,82802,3323,
2025-09-16T13:24:28+00:00,82802,3323,
2025-09-16T14:15:03+00:00,82802,3323,
2025-09-16T15:14:44+00:00,82802,3323,
2025-09-16T16:17:20+00:00,82802,3323,
2025-09-16T17:12:15+00:00,82802,3323,
2025-09-16T18:19:40+00:00,82802,3323,
2025-09-16T19:12:05+00:00,82802,3323,
2025-09-16T20:15:20+00:00,82802,3323,
2025-09-16T21:11:58+00:00,82802,3323,
2025-09-16T22:12:26+00:00,82802,3323,
2025-09-16T23:11:15+00:00,82804,3321,
2025-09-17T00:58:03+00:00,82805,3324,
2025-09-17T02:18:45+00:00,82747,3324,
2025-09-17T03:23:55+00:00,82745,3324,
2025-09-17T04:16:19+00:00,82745,3324,
2025-09-17T05:13:54+00:00,82745,3324,
2025-09-17T06:20:29+00:00,82745,3324,
2025-09-17T07:13:27+00:00,82745,3324,
2025-09-17T08:17:55+00:00,82745,3324,
2025-09-17T09:14:50+00:00,82745,3324,
2025-09-17T10:15:27+00:00,82745,3324,
2025-09-17T11:11:39+00:00,82745,3324,
2025-09-17T12:25:58+00:00,82745,3324,
2025-09-17T13:23:23+00:00,82745,3324,
2025-09-17T14:13:49+00:00,82745,3324,
2025-09-17T15:15:17+00:00,82745,3324,
2025-09-17T16:17:13+00:00,82745,3324,
2025-09-17T17:11:58+00:00,82745,3324,
2025-09-17T18:18:52+00:00,82745,3324,
2025-09-17T19:12:02+00:00,82745,3324,
2025-09-17T20:15:14+00:00,82745,3324,
2025-09-17T21:11:33+00:00,82745,3324,
2025-09-17T22:12:45+00:00,82737,3323,
2025-09-17T23:12:19+00:00,82737,3323,
2025-09-18T00:57:04+00:00,82737,3323,
2025-09-18T02:18:51+00:00,82737,3323,
2025-09-18T03:26:58+00:00,82737,3323,
2025-09-18T04:15:45+00:00,82737,3323,
2025-09-18T05:13:35+00:00,82737,3323,
2025-09-18T06:20:17+00:00,82737,3323,
2025-09-18T07:13:14+00:00,82737,3323,
2025-09-18T08:17:35+00:00,82737,3323,
2025-09-18T09:14:38+00:00,82737,3323,
2025-09-18T10:15:21+00:00,82737,3323,
2025-09-18T11:12:14+00:00,82737,3323,
2025-09-18T12:25:35+00:00,82737,3323,
2025-09-18T13:24:21+00:00,82737,3323,
2025-09-18T14:14:17+00:00,82737,3323,
2025-09-18T15:14:04+00:00,82737,3323,
2025-09-18T16:16:06+00:00,82737,3323,
2025-09-18T17:11:49+00:00,82737,3323,
2025-09-18T18:19:49+00:00,82737,3323,
2025-09-18T19:11:18+00:00,82737,3323,
2025-09-18T20:15:12+00:00,82737,3323,
2025-09-18T21:12:53+00:00,82737,3323,
2025-09-18T22:11:41+00:00,82737,3323,
2025-09-18T23:12:48+00:00,82737,3323,
2025-09-19T00:59:36+00:00,82737,3323,
2025-09-19T02:24:42+00:00,82737,3324,
2025-09-19T03:30:23+00:00,82718,3324,
2025-09-19T04:15:52+00:00,82718,3324,
2025-09-19T05:13:58+00:00,82718,3324,
2025-09-19T06:20:59+00:00,82718,3324,
2025-09-19T07:13:24+00:00,82718,3324,
2025-09-19T08:18:47+00:00,82718,3324,
2025-09-19T09:14:54+00:00,82718,3324,
2025-09-19T10:15:42+00:00,82718,3324,
2025-09-19T11:11:47+00:00,82718,3324,
2025-09-19T12:26:16+00:00,82718,3324,
2025-09-19T13:23:43+00:00,82718,3324,
2025-09-19T14:13:37+00:00,82718,3324,
2025-09-19T15:13:29+00:00,82718,3324,
2025-09-19T16:16:17+00:00,82718,3324,
2025-09-19T17:12:15+00:00,82718,3324,
2025-09-19T18:18:41+00:00,82718,3324,
2025-09-19T19:11:18+00:00,82718,3324,
2025-09-19T20:15:09+00:00,82718,3324,
2025-09-19T21:12:05+00:00,82718,3324,
2025-09-19T22:12:59+00:00,82718,3324,
2025-09-19T23:13:12+00:00,82718,3324,
2025-09-20T00:56:23+00:00,82718,3324,
2025-09-20T02:15:58+00:00,82718,3324,
2025-09-20T03:23:23+00:00,82718,3324,
2025-09-20T04:16:27+00:00,82718,3324,
2025-09-20T05:13:42+00:00,82718,3324,
2025-09-20T06:18:25+00:00,82718,3324,
2025-09-20T07:12:21+00:00,82718,3324,
2025-09-20T08:16:58+00:00,82718,3324,
2025-09-20T09:13:03+00:00,82718,3324,
2025-09-20T10:12:52+00:00,82718,3324,
2025-09-20T11:10:56+00:00,82718,3324,
2025-09-20T12:23:16+00:00,82718,3324,
2025-09-20T13:19:08+00:00,82718,3324,
2025-09-20T14:12:12+00:00,82718,3324,
2025-09-20T15:12:26+00:00,82718,3324,
2025-09-20T16:14:50+00:00,82718,3324,
2025-09-20T17:10:36+00:00,82718,3324,
2025-09-20T18:17:12+00:00,82718,3324,
2025-09-20T19:09:33+00:00,82718,3324,
2025-09-20T20:13:10+00:00,82718,3324,
2025-09-20T21:11:30+00:00,82718,3324,
2025-09-20T22:11:43+00:00,82718,3324,
2025-09-20T23:11:51+00:00,82718,3324,
2025-09-21T01:03:59+00:00,82718,3324,
2025-09-21T03:04:10+00:00,82718,3324,
2025-09-21T04:16:21+00:00,82718,3324,
2025-09-21T05:12:55+00:00,82718,3324,
2025-09-21T06:18:42+00:00,82718,3324,
2025-09-21T07:12:19+00:00,82718,3324,
2025-09-21T08:15:13+00:00,82718,3324,
2025-09-21T09:12:21+00:00,82718,3324,
2025-09-21T10:12:45+00:00,82718,3324,
2025-09-21T11:10:44+00:00,82718,3324,
2025-09-21T12:23:37+00:00,82718,3324,
2025-09-21T13:18:54+00:00,82718,3324,
2025-09-21T14:11:44+00:00,82718,3324,
2025-09-21T15:12:25+00:00,82718,3324,
2025-09-21T16:14:38+00:00,82718,3324,
2025-09-21T17:11:20+00:00,82718,3324,
2025-09-21T18:16:46+00:00,82718,3324,
2025-09-21T19:10:25+00:00,82718,3324,
2025-09-21T20:13:49+00:00,82718,3324,
2025-09-21T21:11:34+00:00,82718,3324,
2025-09-21T22:12:20+00:00,82720,3324,
2025-09-21T23:12:19+00:00,82720,3324,
2025-09-22T01:03:49+00:00,82719,3324,
2025-09-22T03:03:37+00:00,82712,3324,
2025-09-22T04:16:50+00:00,82716,3325,
2025-09-22T05:14:16+00:00,82716,3325,
2025-09-22T06:21:28+00:00,82716,3325,
2025-09-22T07:15:07+00:00,82716,3325,
2025-09-22T08:19:21+00:00,82716,3325,
2025-09-22T09:16:59+00:00,82716,3325,
2025-09-22T10:16:28+00:00,82716,3325,
2025-09-22T11:12:08+00:00,82716,3325,
2025-09-22T12:26:59+00:00,82717,3326,
2025-09-22T13:24:56+00:00,82717,3326,
2025-09-22T14:15:38+00:00,82717,3326,
2025-09-22T15:16:16+00:00,82717,3326,
2025-09-22T16:17:00+00:00,82717,3326,
2025-09-22T17:12:26+00:00,82717,3326,
2025-09-22T18:19:32+00:00,82717,3326,
2025-09-22T19:11:28+00:00,82717,3326,
2025-09-22T20:15:05+00:00,82717,3325,
2025-09-22T21:12:03+00:00,82717,3325,
2025-09-22T22:13:02+00:00,82717,3325,
2025-09-22T23:13:14+00:00,82715,3324,
2025-09-23T00:57:49+00:00,82715,3324,
2025-09-23T02:20:21+00:00,82717,3324,
2025-09-23T03:27:26+00:00,82719,3325,
2025-09-23T04:15:51+00:00,82719,3325,
2025-09-23T05:14:10+00:00,82719,3325,
2025-09-23T06:20:48+00:00,82719,3325,
2025-09-23T07:13:52+00:00,82719,3325,
2025-09-23T08:18:30+00:00,82719,3325,
2025-09-23T09:15:31+00:00,82719,3325,
2025-09-23T10:14:37+00:00,82719,3325,
2025-09-23T11:11:48+00:00,82719,3325,
2025-09-23T12:25:41+00:00,82719,3325,
2025-09-23T13:25:07+00:00,82719,3325,
2025-09-23T14:14:21+00:00,82719,3325,
2025-09-23T15:13:59+00:00,82719,3325,
2025-09-23T16:17:12+00:00,82719,3325,
2025-09-23T17:10:53+00:00,82719,3325,
2025-09-23T18:19:43+00:00,82718,3325,
2025-09-23T19:11:49+00:00,82718,3325,
2025-09-23T20:14:40+00:00,82718,3325,
2025-09-23T21:12:17+00:00,82718,3325,
2025-09-23T22:12:40+00:00,82718,3325,
2025-09-23T23:12:41+00:00,82718,3325,
2025-09-24T00:59:20+00:00,82718,3325,
2025-09-24T02:22:06+00:00,82716,3324,
2025-09-24T03:28:21+00:00,82716,3324,
2025-09-24T04:16:33+00:00,82716,3324,
2025-09-24T05:13:56+00:00,82716,3324,
2025-09-24T06:20:23+00:00,82716,3324,
2025-09-24T07:14:27+00:00,82716,3324,
2025-09-24T08:19:26+00:00,82716,3324,
2025-09-24T09:15:44+00:00,82716,3324,
2025-09-24T10:15:01+00:00,82716,3324,
2025-09-24T11:11:41+00:00,82716,3324,
2025-09-24T12:27:06+00:00,82716,3324,
2025-09-24T13:25:05+00:00,82716,3324,
2025-09-24T14:13:17+00:00,82716,3324,
2025-09-24T15:14:15+00:00,82716,3324,
2025-09-24T16:17:19+00:00,82716,3324,
2025-09-24T17:12:23+00:00,82716,3324,
2025-09-24T18:18:51+00:00,82716,3324,
2025-09-24T19:13:09+00:00,82716,3324,
2025-09-24T20:15:24+00:00,82716,3324,
2025-09-24T21:12:25+00:00,82732,3324,
2025-09-24T22:13:29+00:00,82732,3324,
2025-09-24T23:12:47+00:00,82726,3324,
2025-09-25T00:58:41+00:00,82726,3323,
2025-09-25T02:23:41+00:00,82725,3322,
2025-09-25T03:31:31+00:00,82725,3322,
2025-09-25T04:17:19+00:00,82725,3322,
2025-09-25T05:14:28+00:00,82725,3322,
2025-09-25T06:20:40+00:00,82725,3322,
2025-09-25T07:15:50+00:00,82725,3322,
2025-09-25T08:18:09+00:00,82725,3322,
2025-09-25T09:14:57+00:00,82725,3322,
2025-09-25T10:15:01+00:00,82725,3322,
2025-09-25T11:12:30+00:00,82725,3322,
2025-09-25T12:27:10+00:00,82725,3322,
2025-09-25T13:25:30+00:00,82725,3322,
2025-09-25T14:14:54+00:00,82725,3322,
2025-09-25T15:14:35+00:00,82725,3322,
2025-09-25T16:16:51+00:00,82725,3322,
2025-09-25T17:12:03+00:00,82725,3322,
2025-09-25T18:20:13+00:00,82725,3322,
2025-09-25T19:11:50+00:00,82725,3322,
2025-09-25T20:16:24+00:00,82725,3322,
2025-09-25T21:12:52+00:00,82725,3322,
2025-09-25T22:11:02+00:00,82726,3323,
2025-09-25T23:13:25+00:00,82726,3323,
2025-09-26T00:57:55+00:00,82716,3321,
2025-09-26T02:22:20+00:00,82718,3321,
2025-09-26T03:28:45+00:00,82718,3321,
2025-09-26T04:16:19+00:00,82718,3321,
2025-09-26T05:14:48+00:00,82718,3321,
2025-09-26T06:19:54+00:00,82718,3321,
2025-09-26T07:13:40+00:00,82718,3321,
2025-09-26T08:19:02+00:00,82718,3321,
2025-09-26T09:15:11+00:00,82718,3321,
2025-09-26T10:14:41+00:00,82718,3321,
2025-09-26T11:11:36+00:00,82718,3321,
2025-09-26T12:26:28+00:00,82718,3321,
2025-09-26T13:23:17+00:00,82718,3321,
2025-09-26T14:12:55+00:00,82718,3321,
2025-09-26T15:14:51+00:00,82718,3321,
2025-09-26T16:17:20+00:00,82718,3321,
2025-09-26T17:12:16+00:00,82718,3321,
2025-09-26T18:17:11+00:00,82718,3321,
2025-09-26T19:11:53+00:00,82718,3321,
2025-09-26T20:14:47+00:00,82718,3321,
2025-09-26T21:12:45+00:00,82718,3321,
2025-09-26T22:12:21+00:00,82718,3321,
2025-09-26T23:12:51+00:00,82718,3321,
2025-09-27T00:56:54+00:00,82718,3321,
2025-09-27T02:15:59+00:00,82718,3321,
2025-09-27T03:23:28+00:00,82718,3321,
2025-09-27T04:15:50+00:00,82718,3321,
2025-09-27T05:12:56+00:00,82718,3321,
2025-09-27T06:17:42+00:00,82718,3321,
2025-09-27T07:11:54+00:00,82718,3321,
2025-09-27T08:15:29+00:00,82718,3321,
2025-09-27T09:13:07+00:00,82718,3321,
2025-09-27T10:13:13+00:00,82718,3321,
2025-09-27T11:11:09+00:00,82721,3322,
2025-09-27T12:22:41+00:00,82721,3322,
2025-09-27T13:17:48+00:00,82721,3322,
2025-09-27T14:11:20+00:00,82721,3322,
2025-09-27T15:12:57+00:00,82721,3322,
2025-09-27T16:14:24+00:00,82721,3322,
2025-09-27T17:11:19+00:00,82721,3322,
2025-09-27T18:16:46+00:00,82721,3322,
2025-09-27T19:10:18+00:00,82721,3322,
2025-09-27T20:13:39+00:00,82721,3322,
2025-09-27T21:11:49+00:00,82721,3322,
2025-09-27T22:11:32+00:00,82721,3322,
2025-09-27T23:12:37+00:00,82721,3322,
2025-09-28T01:05:05+00:00,82721,3322,
2025-09-28T03:04:31+00:00,82721,3322,
2025-09-28T04:15:44+00:00,82721,3322,
2025-09-28T05:12:55+00:00,82721,3322,
2025-09-28T06:18:29+00:00,82721,3322,
2025-09-28T07:12:41+00:00,82721,3322,
2025-09-28T08:15:40+00:00,82721,3322,
2025-09-28T09:12:28+00:00,82721,3322,
2025-09-28T10:13:22+00:00,82721,3322,
2025-09-28T11:10:26+00:00,82721,3322,
2025-09-28T12:22:48+00:00,82721,3322,
2025-09-28T13:19:17+00:00,82721,3322,
2025-09-28T14:10:26+00:00,82721,3322,
2025-09-28T15:11:59+00:00,82721,3322,
2025-09-28T17:11:12+00:00,82721,3322,
2025-09-28T18:16:47+00:00,82721,3322,
2025-09-28T19:10:08+00:00,82721,3322,
2025-09-28T20:14:08+00:00,82721,3322,
2025-09-28T21:12:02+00:00,82721,3322,
2025-09-28T22:12:22+00:00,82721,3322,
2025-09-28T23:12:53+00:00,82721,3322,
2025-09-29T01:00:52+00:00,82720,3321,
2025-09-29T02:27:39+00:00,82718,3321,
2025-09-29T03:34:27+00:00,82718,3321,
2025-09-29T04:16:56+00:00,82718,3321,
2025-09-29T05:14:32+00:00,82718,3321,
2025-09-29T06:22:53+00:00,82718,3321,
2025-09-29T07:15:51+00:00,82718,3321,
2025-09-29T08:20:09+00:00,82718,3321,
2025-09-29T09:16:51+00:00,82718,3321,
2025-09-29T10:16:02+00:00,82718,3321,
2025-09-29T11:12:11+00:00,82728,3321,
2025-09-29T12:27:33+00:00,82728,3321,
2025-09-29T13:27:11+00:00,82728,3321,
2025-09-29T14:15:10+00:00,82728,3321,
2025-09-29T15:14:24+00:00,82728,3321,
2025-09-29T16:15:16+00:00,82728,3321,
2025-09-29T17:13:10+00:00,82728,3321,
2025-09-29T18:20:16+00:00,82728,3321,
2025-09-29T19:11:49+00:00,82728,3321,
2025-09-29T20:15:45+00:00,82728,3321,
2025-09-29T21:11:47+00:00,82728,3321,
2025-09-29T22:12:49+00:00,82729,3321,
2025-09-29T23:13:14+00:00,82729,3321,
2025-09-30T00:59:53+00:00,82741,3322,
2025-09-30T02:22:26+00:00,82891,3322,
2025-09-30T03:28:13+00:00,82889,3320,
2025-09-30T04:16:41+00:00,82889,3320,
2025-09-30T05:15:10+00:00,82889,3320,
2025-09-30T06:20:49+00:00,82889,3320,
2025-09-30T07:14:03+00:00,82889,3320,
2025-09-30T08:19:59+00:00,82889,3320,
2025-09-30T09:15:08+00:00,82889,3320,
2025-09-30T10:14:36+00:00,82889,3320,
2025-09-30T11:12:16+00:00,82889,3320,
2025-09-30T12:27:17+00:00,82889,3320,
2025-09-30T13:26:11+00:00,82889,3320,
2025-09-30T14:15:13+00:00,82889,3320,
2025-09-30T15:12:31+00:00,82889,3320,
2025-09-30T16:18:12+00:00,82889,3320,
2025-09-30T17:13:10+00:00,82887,3320,
2025-09-30T18:18:46+00:00,82887,3320,
2025-09-30T19:11:36+00:00,82887,3320,
2025-09-30T20:15:05+00:00,82887,3320,
2025-09-30T21:12:33+00:00,82887,3320,
2025-09-30T22:12:55+00:00,82887,3320,
2025-09-30T23:12:47+00:00,82891,3320,
2025-10-01T01:05:28+00:00,82891,3320,
2025-10-01T03:08:08+00:00,82890,3319,
2025-10-01T04:16:16+00:00,82890,3319,
2025-10-01T05:14:44+00:00,82890,3319,
2025-10-01T06:20:21+00:00,82890,3319,
2025-10-01T07:15:14+00:00,82890,3319,
2025-10-01T08:18:52+00:00,82890,3319,
2025-10-01T09:15:27+00:00,82890,3319,
2025-10-01T10:14:47+00:00,82890,3319,
2025-10-01T11:12:23+00:00,82892,3319,
2025-10-01T12:27:34+00:00,82892,3319,
2025-10-01T13:25:51+00:00,82892,3319,
2025-10-01T14:14:10+00:00,82892,3319,
2025-10-01T15:13:35+00:00,82892,3319,
2025-10-01T16:17:12+00:00,82892,3319,
2025-10-01T17:12:49+00:00,82892,3319,
2025-10-01T18:19:02+00:00,82896,3319,
2025-10-01T19:11:44+00:00,82896,3319,
2025-10-01T20:16:31+00:00,82894,3317,
2025-10-01T21:12:34+00:00,82894,3317,
2025-10-01T22:12:44+00:00,82894,3317,
2025-10-01T23:12:31+00:00,82897,3317,
2025-10-02T00:57:43+00:00,82894,3315,
2025-10-02T02:18:59+00:00,82893,3316,
2025-10-02T03:26:37+00:00,82893,3316,
2025-10-02T04:15:55+00:00,82895,3316,
2025-10-02T05:13:30+00:00,82895,3316,
2025-10-02T06:19:59+00:00,82895,3316,
2025-10-02T07:14:00+00:00,82895,3316,
2025-10-02T08:18:20+00:00,82896,3317,
2025-10-02T09:14:13+00:00,82896,3317,
2025-10-02T10:14:14+00:00,82896,3317,
2025-10-02T11:11:10+00:00,82896,3317,
2025-10-02T12:25:12+00:00,82896,3317,
2025-10-02T13:23:34+00:00,82896,3317,
2025-10-02T14:13:29+00:00,82896,3317,
2025-10-02T15:13:50+00:00,82896,3317,
2025-10-02T16:16:25+00:00,82896,3317,
2025-10-02T17:10:56+00:00,82896,3317,
2025-10-02T18:19:27+00:00,82896,3317,
2025-10-02T19:11:36+00:00,82898,3317,
2025-10-02T20:14:37+00:00,82898,3317,
2025-10-02T21:13:09+00:00,82897,3316,
2025-10-02T22:13:12+00:00,82897,3316,
2025-10-02T23:12:20+00:00,82901,3316,
2025-10-03T00:57:16+00:00,82900,3315,
2025-10-03T02:19:07+00:00,82925,3314,
2025-10-03T03:25:32+00:00,82925,3314,
2025-10-03T04:16:10+00:00,82925,3314,
2025-10-03T05:13:52+00:00,82929,3314,
2025-10-03T06:19:31+00:00,82929,3314,
2025-10-03T07:13:49+00:00,82929,3314,
2025-10-03T08:17:24+00:00,82929,3314,
2025-10-03T09:14:31+00:00,82929,3314,
2025-10-03T10:15:09+00:00,82929,3314,
2025-10-03T11:11:38+00:00,82929,3314,
2025-10-03T12:25:19+00:00,82929,3314,
2025-10-03T13:21:54+00:00,82929,3314,
2025-10-03T14:13:31+00:00,82929,3314,
2025-10-03T15:13:38+00:00,82929,3314,
2025-10-03T16:16:44+00:00,82929,3314,
2025-10-03T17:11:40+00:00,82929,3314,
2025-10-03T18:18:35+00:00,82929,3314,
2025-10-03T19:11:33+00:00,82929,3314,
2025-10-03T20:14:47+00:00,82929,3314,
2025-10-03T21:12:11+00:00,82929,3314,
2025-10-03T22:12:21+00:00,82929,3314,
2025-10-03T23:12:09+00:00,82929,3314,
2025-10-04T00:55:11+00:00,82929,3314,
2025-10-04T02:13:43+00:00,82929,3314,
2025-10-04T03:21:09+00:00,82929,3314,
2025-10-04T04:16:59+00:00,82929,3314,
2025-10-04T05:12:50+00:00,82929,3314,
2025-10-04T06:17:52+00:00,82929,3314,
2025-10-04T07:12:02+00:00,82929,3314,
2025-10-04T08:15:48+00:00,82929,3314,
2025-10-04T09:12:22+00:00,82929,3314,
2025-10-04T10:13:02+00:00,82929,3314,
2025-10-04T11:10:32+00:00,82929,3314,
2025-10-04T12:22:47+00:00,82929,3314,
2025-10-04T13:18:14+00:00,82929,3314,
2025-10-04T14:11:36+00:00,82929,3314,
2025-10-04T15:12:12+00:00,82929,3314,
2025-10-04T16:14:31+00:00,82929,3314,
2025-10-04T17:11:34+00:00,82929,3314,
2025-10-04T18:16:34+00:00,82929,3314,
2025-10-04T19:09:58+00:00,82929,3314,
2025-10-04T20:13:07+00:00,82929,3314,
2025-10-04T21:11:34+00:00,82929,3314,
2025-10-04T22:12:41+00:00,82929,3314,
2025-10-04T23:12:34+00:00,82929,3314,
2025-10-05T01:03:36+00:00,82929,3314,
2025-10-05T03:03:36+00:00,82929,3314,
2025-10-05T04:15:21+00:00,82929,3314,
2025-10-05T05:12:12+00:00,82929,3314,
2025-10-05T06:17:39+00:00,82929,3314,
2025-10-05T07:12:49+00:00,82929,3314,
2025-10-05T08:15:32+00:00,82929,3314,
2025-10-05T09:12:05+00:00,82929,3314,
2025-10-05T10:12:52+00:00,82929,3314,
2025-10-05T11:10:36+00:00,82929,3314,
2025-10-05T12:22:52+00:00,82929,3314,
2025-10-05T13:18:01+00:00,82929,3314,
2025-10-05T14:11:51+00:00,82929,3314,
2025-10-05T15:12:40+00:00,82929,3314,
2025-10-05T16:14:44+00:00,82929,3314,
2025-10-05T17:10:50+00:00,82929,3314,
2025-10-05T18:16:36+00:00,82929,3314,
2025-10-05T19:10:00+00:00,82929,3314,
2025-10-05T20:14:03+00:00,82929,3314,
2025-10-05T21:11:21+00:00,82929,3314,
2025-10-05T22:12:00+00:00,82929,3314,
2025-10-05T23:12:03+00:00,82929,3314,
2025-10-06T00:59:45+00:00,82929,3314,
2025-10-06T02:24:55+00:00,82931,3315,
2025-10-06T03:31:31+00:00,82931,3315,
2025-10-06T04:16:19+00:00,82931,3315,
2025-10-06T05:15:00+00:00,82931,3315,
2025-10-06T06:21:34+00:00,82931,3315,
2025-10-06T07:14:43+00:00,82933,3315,
2025-10-06T08:19:28+00:00,82933,3315,
2025-10-06T09:17:37+00:00,82933,3315,
2025-10-06T10:15:51+00:00,82933,3315,
2025-10-06T11:12:29+00:00,82933,3315,
2025-10-06T12:27:28+00:00,82933,3315,
2025-10-06T13:25:59+00:00,82933,3315,
2025-10-06T14:17:10+00:00,82933,3315,
2025-10-06T15:13:59+00:00,82933,3315,
2025-10-06T16:16:30+00:00,82933,3315,
2025-10-06T17:14:17+00:00,82933,3315,
2025-10-06T18:20:04+00:00,82933,3315,
2025-10-06T19:12:26+00:00,82933,3315,
2025-10-06T20:15:09+00:00,82905,3315,
2025-10-06T21:13:18+00:00,82901,3314,
2025-10-06T22:12:41+00:00,82901,3314,
2025-10-06T23:13:25+00:00,82901,3314,
2025-10-07T00:58:50+00:00,82904,3314,
2025-10-07T02:22:08+00:00,82904,3314,
2025-10-07T03:27:22+00:00,82903,3313,
2025-10-07T04:16:29+00:00,82903,3313,
2025-10-07T05:13:46+00:00,82903,3313,
2025-10-07T06:20:15+00:00,82903,3313,
2025-10-07T07:14:46+00:00,82903,3313,
2025-10-07T08:19:18+00:00,82903,3313,
2025-10-07T09:15:08+00:00,82903,3313,
2025-10-07T10:14:29+00:00,82903,3313,
2025-10-07T11:12:44+00:00,82903,3313,
2025-10-07T12:27:21+00:00,82903,3313,
2025-10-07T13:26:13+00:00,82903,3313,
2025-10-07T14:14:36+00:00,82903,3313,
2025-10-07T15:15:06+00:00,82903,3313,
2025-10-07T16:17:01+00:00,82903,3313,
2025-10-07T17:13:40+00:00,82903,3313,
2025-10-07T18:19:36+00:00,82903,3313,
2025-10-07T19:11:22+00:00,82903,3313,
2025-10-07T20:14:32+00:00,82903,3313,
2025-10-07T21:12:18+00:00,82902,3312,
2025-10-07T22:13:11+00:00,82904,3312,
2025-10-07T23:12:56+00:00,82904,3312,
2025-10-08T00:57:58+00:00,82904,3312,
2025-10-08T02:20:05+00:00,82903,3311,
2025-10-08T03:26:39+00:00,82903,3311,
2025-10-08T04:16:28+00:00,82903,3311,
2025-10-08T05:15:13+00:00,82903,3311,
2025-10-08T06:20:32+00:00,82903,3311,
2025-10-08T07:14:08+00:00,82903,3311,
2025-10-08T08:19:21+00:00,82903,3311,
2025-10-08T09:16:01+00:00,82903,3311,
2025-10-08T10:14:50+00:00,82903,3311,
2025-10-08T11:11:41+00:00,82903,3311,
2025-10-08T12:28:07+00:00,82903,3311,
2025-10-08T13:25:55+00:00,82903,3311,
2025-10-08T14:14:20+00:00,82903,3311,
2025-10-08T15:14:54+00:00,82903,3311,
2025-10-08T16:16:53+00:00,82903,3311,
2025-10-08T17:12:42+00:00,82903,3311,
2025-10-08T18:20:08+00:00,82903,3311,
2025-10-08T19:11:18+00:00,82903,3311,
2025-10-08T20:15:27+00:00,82903,3311,
2025-10-08T21:12:44+00:00,82903,3311,
2025-10-08T22:13:04+00:00,82903,3311,
2025-10-08T23:12:33+00:00,82903,3311,
2025-10-09T00:58:52+00:00,82901,3311,
2025-10-09T02:23:36+00:00,82901,3311,
2025-10-09T03:30:23+00:00,82901,3311,
2025-10-09T04:16:39+00:00,82909,3311,
2025-10-09T05:14:25+00:00,82909,3311,
2025-10-09T06:21:09+00:00,82912,3312,
2025-10-09T07:14:25+00:00,82912,3312,
2025-10-09T08:18:34+00:00,82912,3312,
2025-10-09T09:14:51+00:00,82909,3312,
2025-10-09T10:16:13+00:00,82909,3312,
2025-10-09T11:12:25+00:00,82908,3312,
2025-10-09T12:26:40+00:00,82908,3312,
2025-10-09T13:26:47+00:00,82908,3312,
2025-10-09T14:14:32+00:00,82908,3312,
2025-10-09T15:29:35+00:00,82908,3312,
2025-10-09T16:19:15+00:00,82908,3312,
2025-10-09T17:13:03+00:00,82908,3312,
2025-10-09T18:19:27+00:00,82908,3312,
2025-10-09T19:12:21+00:00,82908,3312,
2025-10-09T20:15:08+00:00,82908,3312,
2025-10-09T21:12:43+00:00,82894,3312,
2025-10-09T22:12:35+00:00,82878,3312,
2025-10-09T23:12:45+00:00,82878,3312,
2025-10-10T00:58:37+00:00,82881,3312,
2025-10-10T02:23:40+00:00,82881,3312,
2025-10-10T03:30:08+00:00,82881,3312,
2025-10-10T04:16:19+00:00,82881,3312,
2025-10-10T05:14:06+00:00,82881,3312,
2025-10-10T06:20:19+00:00,82881,3312,
2025-10-10T07:14:28+00:00,82881,3312,
2025-10-10T08:18:48+00:00,82881,3312,
2025-10-10T09:15:27+00:00,82881,3312,
2025-10-10T10:16:09+00:00,82881,3312,
2025-10-10T11:11:58+00:00,82881,3312,
2025-10-10T12:27:33+00:00,82881,3312,
2025-10-10T13:24:12+00:00,82881,3312,
2025-10-10T14:14:31+00:00,82881,3312,
2025-10-10T15:14:12+00:00,82881,3312,
2025-10-10T16:16:35+00:00,82881,3312,
2025-10-10T17:12:54+00:00,82881,3312,
2025-10-10T18:19:28+00:00,82881,3312,
2025-10-10T19:11:58+00:00,82881,3312,
2025-10-10T20:14:56+00:00,82881,3312,
2025-10-10T21:12:28+00:00,82881,3312,
2025-10-10T22:12:09+00:00,82881,3312,
2025-10-10T23:12:07+00:00,82881,3312,
2025-10-11T00:55:40+00:00,82881,3312,
2025-10-11T02:15:48+00:00,82881,3312,
2025-10-11T03:23:39+00:00,82881,3312,
2025-10-11T04:15:14+00:00,82881,3312,
2025-10-11T05:12:44+00:00,82881,3312,
2025-10-11T06:17:35+00:00,82881,3312,
2025-10-11T07:12:16+00:00,82881,3312,
2025-10-11T08:16:05+00:00,82881,3312,
2025-10-11T09:12:13+00:00,82881,3312,
2025-10-11T10:12:48+00:00,82881,3312,
2025-10-11T11:11:38+00:00,82881,3312,
2025-10-11T12:22:36+00:00,82881,3312,
2025-10-11T13:18:01+00:00,82881,3312,
2025-10-11T14:10:48+00:00,82881,3312,
2025-10-11T15:11:34+00:00,82881,3312,
2025-10-11T16:14:29+00:00,82881,3312,
2025-10-11T17:11:37+00:00,82881,3312,
2025-10-11T18:16:13+00:00,82881,3312,
2025-10-11T19:10:49+00:00,82881,3312,
2025-10-11T20:13:28+00:00,82881,3312,
2025-10-11T21:10:55+00:00,82881,3312,
2025-10-11T22:12:11+00:00,82881,3312,
2025-10-11T23:12:31+00:00,82881,3312,
2025-10-12T01:01:49+00:00,82881,3312,
2025-10-12T02:27:56+00:00,82881,3312,
2025-10-12T03:31:27+00:00,82881,3312,
2025-10-12T04:15:32+00:00,82881,3312,
2025-10-12T05:13:19+00:00,82881,3312,
2025-10-12T06:18:08+00:00,82881,3312,
2025-10-12T07:12:33+00:00,82881,3312,
2025-10-12T08:16:04+00:00,82881,3312,
2025-10-12T09:12:37+00:00,82881,3312,
2025-10-12T10:12:23+00:00,82881,3312,
2025-10-12T11:10:55+00:00,82881,3312,
2025-10-12T12:23:12+00:00,82881,3312,
2025-10-12T13:18:29+00:00,82881,3312,
2025-10-12T14:11:58+00:00,82881,3312,
2025-10-12T15:12:14+00:00,82881,3312,
2025-10-12T16:14:30+00:00,82881,3312,
2025-10-12T17:11:12+00:00,82881,3312,
2025-10-12T18:17:15+00:00,82881,3312,
2025-10-12T19:10:56+00:00,82881,3312,
2025-10-12T20:14:19+00:00,82881,3312,
2025-10-12T21:11:19+00:00,82881,3312,
2025-10-12T22:12:36+00:00,82881,3312,
2025-10-12T23:12:06+00:00,82881,3312,
2025-10-13T01:02:54+00:00,82883,3312,
2025-10-13T03:05:37+00:00,82883,3312,
2025-10-13T04:17:13+00:00,82883,3312,
2025-10-13T05:15:19+00:00,82883,3312,
2025-10-13T06:22:34+00:00,82883,3312,
2025-10-13T07:15:09+00:00,82883,3312,
2025-10-13T08:20:41+00:00,82883,3312,
2025-10-13T09:17:26+00:00,82883,3312,
2025-10-13T10:18:04+00:00,82883,3312,
2025-10-13T11:13:02+00:00,82883,3312,
2025-10-13T12:27:15+00:00,82883,3312,
2025-10-13T13:27:03+00:00,82883,3312,
2025-10-13T14:15:31+00:00,82883,3312,
2025-10-13T15:15:11+00:00,82883,3312,
2025-10-13T16:16:52+00:00,82883,3312,
2025-10-13T17:13:00+00:00,82881,3312,
2025-10-13T18:18:53+00:00,82879,3312,
2025-10-13T19:11:01+00:00,82879,3312,
2025-10-13T20:15:35+00:00,82879,3312,
2025-10-13T21:12:20+00:00,82879,3312,
2025-10-13T22:13:01+00:00,82879,3312,
2025-10-13T23:12:19+00:00,82868,3310,
2025-10-14T00:58:54+00:00,82877,3311,
2025-10-14T02:23:13+00:00,82879,3312,
2025-10-14T03:31:35+00:00,82879,3312,
2025-10-14T04:16:57+00:00,82879,3312,
2025-10-14T05:14:34+00:00,82879,3312,
2025-10-14T06:21:22+00:00,82879,3312,
2025-10-14T07:15:20+00:00,82879,3312,
2025-10-14T08:18:42+00:00,82879,3312,
2025-10-14T09:15:38+00:00,82879,3312,
2025-10-14T10:14:59+00:00,82879,3312,
2025-10-14T11:11:46+00:00,82879,3312,
2025-10-14T12:28:11+00:00,82879,3312,
2025-10-14T13:26:41+00:00,82879,3312,
2025-10-14T14:14:43+00:00,82879,3312,
2025-10-14T15:15:58+00:00,82879,3312,
2025-10-14T16:17:26+00:00,82879,3312,
2025-10-14T17:13:10+00:00,82879,3312,
2025-10-14T18:20:27+00:00,82879,3312,
2025-10-14T19:12:16+00:00,82881,3312,
2025-10-14T20:15:09+00:00,83131,3312,
2025-10-14T21:13:07+00:00,83130,3311,
2025-10-14T22:14:16+00:00,83130,3310,
2025-10-14T23:13:06+00:00,83129,3310,
2025-10-15T01:00:29+00:00,83129,3310,
2025-10-15T02:27:38+00:00,83129,3310,
2025-10-15T03:34:24+00:00,83129,3310,
2025-10-15T04:16:45+00:00,83132,3310,
2025-10-15T05:14:28+00:00,83133,3311,
2025-10-15T06:20:43+00:00,83133,3311,
2025-10-15T07:15:19+00:00,83133,3311,
2025-10-15T08:19:31+00:00,83133,3311,
2025-10-15T09:15:50+00:00,83133,3311,
2025-10-15T10:15:51+00:00,83133,3311,
2025-10-15T11:12:37+00:00,83133,3311,
2025-10-15T12:28:57+00:00,83133,3311,
2025-10-15T13:28:23+00:00,83133,3311,
2025-10-15T14:14:57+00:00,83133,3311,
2025-10-15T15:14:41+00:00,83133,3311,
2025-10-15T16:14:48+00:00,83133,3311,
2025-10-15T17:13:14+00:00,83133,3311,
2025-10-15T18:20:07+00:00,83130,3309,
2025-10-15T19:11:46+00:00,83130,3309,
2025-10-15T20:16:07+00:00,83130,3309,
2025-10-15T21:12:20+00:00,83130,3309,
2025-10-15T22:11:46+00:00,83134,3309,
2025-10-15T23:12:30+00:00,83133,3308,
2025-10-16T00:59:43+00:00,83133,3308,
2025-10-16T02:26:50+00:00,83133,3308,
2025-10-16T03:34:05+00:00,83133,3308,
2025-10-16T04:16:30+00:00,83133,3308,
2025-10-16T05:14:05+00:00,83225,3308,
2025-10-16T06:20:46+00:00,83225,3308,
2025-10-16T07:15:11+00:00,83225,3308,
2025-10-16T08:19:45+00:00,83225,3308,
2025-10-16T09:15:41+00:00,83225,3308,
2025-10-16T10:16:44+00:00,83225,3308,
2025-10-16T11:13:14+00:00,83225,3308,
2025-10-16T12:27:25+00:00,83225,3308,
2025-10-16T13:27:39+00:00,83225,3308,
2025-10-16T14:14:36+00:00,83225,3308,
2025-10-16T15:15:20+00:00,83225,3308,
2025-10-16T16:17:54+00:00,83225,3308,
2025-10-16T17:13:21+00:00,83225,3308,
2025-10-16T18:20:09+00:00,83225,3308,
2025-10-16T19:10:07+00:00,83225,3308,
2025-10-16T20:15:37+00:00,83225,3308,
2025-10-16T21:12:45+00:00,83223,3308,
2025-10-16T22:10:54+00:00,83223,3308,
2025-10-16T23:13:13+00:00,83223,3308,
2025-10-17T00:59:45+00:00,83226,3308,
2025-10-17T02:25:15+00:00,83293,3308,
2025-10-17T03:31:38+00:00,83295,3308,
2025-10-17T04:17:01+00:00,83295,3308,
2025-10-17T05:14:45+00:00,83295,3308,
2025-10-17T06:20:09+00:00,83295,3308,
2025-10-17T07:14:37+00:00,83295,3308,
2025-10-17T08:19:32+00:00,83295,3308,
2025-10-17T09:15:41+00:00,83295,3308,
2025-10-17T10:15:16+00:00,83296,3309,
2025-10-17T11:11:56+00:00,83296,3309,
2025-10-17T12:26:53+00:00,83296,3309,
2025-10-17T13:24:36+00:00,83296,3309,
2025-10-17T14:14:17+00:00,83296,3309,
2025-10-17T15:14:27+00:00,83296,3309,
2025-10-17T16:16:34+00:00,83296,3309,
2025-10-17T17:12:05+00:00,83296,3309,
2025-10-17T18:17:40+00:00,83296,3309,
2025-10-17T19:11:55+00:00,83296,3309,
2025-10-17T20:15:38+00:00,83296,3309,
2025-10-17T21:13:29+00:00,83296,3309,
2025-10-17T22:12:52+00:00,83296,3309,
2025-10-17T23:13:04+00:00,83296,3309,
2025-10-18T00:57:26+00:00,83296,3309,
2025-10-18T02:16:46+00:00,83296,3309,
2025-10-18T03:24:08+00:00,83296,3309,
2025-10-18T04:15:30+00:00,83296,3309,
2025-10-18T05:12:50+00:00,83296,3309,
2025-10-18T06:18:52+00:00,83296,3309,
2025-10-18T07:13:08+00:00,83296,3309,
2025-10-18T08:16:36+00:00,83296,3309,
2025-10-18T09:13:15+00:00,83296,3309,
2025-10-18T10:13:40+00:00,83296,3309,
2025-10-18T11:10:48+00:00,83296,3309,
2025-10-18T12:23:18+00:00,83296,3309,
2025-10-18T13:19:05+00:00,83296,3309,
2025-10-18T14:11:28+00:00,83296,3309,
2025-10-18T15:12:09+00:00,83296,3309,
2025-10-18T16:14:49+00:00,83296,3309,
2025-10-18T17:10:59+00:00,83296,3309,
2025-10-18T18:16:58+00:00,83296,3309,
2025-10-18T19:10:32+00:00,83296,3309,
2025-10-18T20:13:59+00:00,83296,3309,
2025-10-18T21:11:34+00:00,83296,3309,
2025-10-18T22:12:14+00:00,83296,3309,
2025-10-18T23:12:14+00:00,83296,3309,
2025-10-19T01:06:23+00:00,83296,3309,
2025-10-19T03:11:40+00:00,83296,3309,
2025-10-19T04:17:15+00:00,83296,3309,
2025-10-19T05:14:22+00:00,83296,3309,
2025-10-19T06:19:37+00:00,83296,3309,
2025-10-19T07:11:56+00:00,83296,3309,
2025-10-19T08:16:32+00:00,83296,3309,
2025-10-19T09:13:10+00:00,83296,3309,
2025-10-19T10:12:58+00:00,83296,3309,
2025-10-19T11:10:54+00:00,83296,3309,
2025-10-19T12:23:22+00:00,83296,3309,
2025-10-19T13:19:58+00:00,83296,3309,
2025-10-19T14:11:10+00:00,83296,3309,
2025-10-19T15:11:59+00:00,83296,3309,
2025-10-19T16:15:10+00:00,83296,3309,
2025-10-19T17:12:16+00:00,83296,3309,
2025-10-19T18:18:08+00:00,83296,3309,
2025-10-19T19:10:52+00:00,83296,3309,
2025-10-19T20:14:24+00:00,83296,3309,
2025-10-19T21:11:40+00:00,83296,3309,
2025-10-19T22:12:24+00:00,83304,3309,
2025-10-19T23:12:54+00:00,83304,3309,
2025-10-20T01:04:06+00:00,83304,3309,
2025-10-20T03:10:50+00:00,83427,3309,
2025-10-20T04:20:04+00:00,83427,3309,
2025-10-20T05:14:53+00:00,83427,3309,
2025-10-20T06:22:19+00:00,83427,3309,
2025-10-20T07:15:06+00:00,83427,3309,
2025-10-20T08:19:25+00:00,83427,3309,
2025-10-20T09:17:44+00:00,83427,3309,
2025-10-20T10:16:00+00:00,83427,3309,
2025-10-20T11:13:00+00:00,83427,3309,
2025-10-20T12:27:39+00:00,83427,3309,
2025-10-20T13:26:34+00:00,83427,3309,
2025-10-20T14:13:24+00:00,83427,3309,
2025-10-20T15:14:37+00:00,83427,3309,
2025-10-20T16:16:52+00:00,83427,3309,
2025-10-20T17:12:54+00:00,83427,3309,
2025-10-20T18:20:59+00:00,83429,3310,
2025-10-20T19:12:39+00:00,83429,3310,
2025-10-20T20:16:45+00:00,83450,3310,
2025-10-20T21:12:52+00:00,83444,3310,
2025-10-20T22:13:04+00:00,83442,3310,
2025-10-20T23:13:37+00:00,83442,3310,
2025-10-21T01:01:01+00:00,83442,3310,
2025-10-21T02:39:57+00:00,83442,3310,
2025-10-21T03:35:52+00:00,83514,3310,
2025-10-21T04:16:30+00:00,83514,3310,
2025-10-21T05:14:38+00:00,83514,3310,
2025-10-21T06:21:31+00:00,83514,3310,
2025-10-21T07:15:27+00:00,83514,3310,
2025-10-21T08:19:38+00:00,83514,3310,
2025-10-21T09:15:50+00:00,83514,3310,
2025-10-21T10:15:40+00:00,83514,3310,
2025-10-21T11:12:58+00:00,83514,3310,
2025-10-21T12:27:53+00:00,83514,3310,
2025-10-21T13:30:24+00:00,83514,3310,
2025-10-21T14:13:35+00:00,83514,3310,
2025-10-21T15:14:58+00:00,83514,3310,
2025-10-21T16:18:05+00:00,83514,3310,
2025-10-21T17:13:32+00:00,83514,3310,
2025-10-21T18:19:05+00:00,83514,3310,
2025-10-21T19:13:10+00:00,83516,3310,
2025-10-21T20:16:43+00:00,83516,3310,
2025-10-21T21:13:08+00:00,83524,3310,
2025-10-21T22:12:54+00:00,83524,3310,
2025-10-21T23:13:26+00:00,83524,3310,
2025-10-22T01:02:06+00:00,83522,3310,
2025-10-22T03:07:05+00:00,83522,3310,
2025-10-22T04:17:22+00:00,83522,3310,
2025-10-22T05:14:17+00:00,83522,3310,
2025-10-22T06:21:25+00:00,83522,3310,
2025-10-22T07:14:58+00:00,83522,3310,
2025-10-22T08:20:37+00:00,83522,3310,
2025-10-22T09:17:28+00:00,83522,3310,
2025-10-22T10:15:43+00:00,83524,3310,
2025-10-22T11:13:13+00:00,83524,3310,
2025-10-22T12:28:01+00:00,83524,3310,
2025-10-22T13:30:39+00:00,83524,3310,
2025-10-22T14:15:44+00:00,83524,3310,
2025-10-22T15:14:29+00:00,83524,3310,
2025-10-22T16:17:51+00:00,83524,3310,
2025-10-22T17:13:50+00:00,83524,3310,
2025-10-22T18:21:16+00:00,83524,3310,
2025-10-22T19:11:42+00:00,83521,3308,
2025-10-22T20:16:53+00:00,83535,3308,
2025-10-22T21:10:50+00:00,83531,3306,
2025-10-22T22:11:54+00:00,83531,3306,
2025-10-22T23:12:08+00:00,83534,3307,
2025-10-23T01:00:31+00:00,83534,3307,
2025-10-23T02:27:43+00:00,83534,3307,
2025-10-23T03:34:01+00:00,83534,3307,
2025-10-23T04:17:09+00:00,83534,3307,
2025-10-23T05:14:44+00:00,83534,3307,
2025-10-23T06:20:47+00:00,83534,3307,
2025-10-23T07:15:06+00:00,83534,3307,
2025-10-23T08:19:56+00:00,83534,3307,
2025-10-23T09:16:42+00:00,83534,3307,
2025-10-23T10:16:34+00:00,83546,3307,
2025-10-23T11:12:41+00:00,83546,3307,
2025-10-23T12:28:18+00:00,83546,3307,
2025-10-23T13:28:13+00:00,83546,3307,
2025-10-23T14:14:38+00:00,83546,3307,
2025-10-23T15:14:57+00:00,83546,3307,
2025-10-23T16:17:13+00:00,83546,3307,
2025-10-23T17:13:17+00:00,83546,3307,
2025-10-23T18:20:06+00:00,83546,3307,
2025-10-23T19:11:54+00:00,83546,3307,
2025-10-23T20:15:05+00:00,83547,3308,
2025-10-23T21:13:04+00:00,83547,3308,
2025-10-23T22:13:21+00:00,83547,3308,
2025-10-23T23:12:53+00:00,83547,3308,
2025-10-24T00:57:46+00:00,83547,3308,
2025-10-24T02:21:24+00:00,83761,3308,
2025-10-24T03:30:42+00:00,83761,3308,
2025-10-24T04:16:47+00:00,83761,3308,
2025-10-24T05:14:32+00:00,83761,3308,
2025-10-24T06:20:09+00:00,83761,3308,
2025-10-24T07:14:21+00:00,83761,3308,
2025-10-24T08:19:02+00:00,83761,3308,
2025-10-24T09:16:02+00:00,83761,3308,
2025-10-24T10:15:43+00:00,83761,3308,
2025-10-24T11:13:00+00:00,83761,3308,
2025-10-24T12:28:54+00:00,83761,3308,
2025-10-24T13:27:22+00:00,83761,3308,
2025-10-24T14:15:49+00:00,83761,3308,
2025-10-24T15:15:02+00:00,83761,3308,
2025-10-24T16:16:46+00:00,83761,3308,
2025-10-24T17:13:11+00:00,83761,3308,
2025-10-24T18:20:14+00:00,83761,3308,
2025-10-24T19:11:45+00:00,83761,3308,
2025-10-24T20:15:18+00:00,83761,3308,
2025-10-24T21:13:33+00:00,83761,3308,
2025-10-24T22:13:23+00:00,83761,3308,
2025-10-24T23:12:59+00:00,83761,3308,
2025-10-25T00:58:59+00:00,83761,3308,
2025-10-25T02:25:03+00:00,83761,3308,
2025-10-25T03:32:18+00:00,83761,3308,
2025-10-25T04:16:16+00:00,83761,3308,
2025-10-25T05:14:24+00:00,83761,3308,
2025-10-25T06:18:28+00:00,83761,3308,
2025-10-25T07:13:08+00:00,83761,3308,
2025-10-25T08:15:44+00:00,83761,3308,
2025-10-25T09:13:35+00:00,83761,3308,
2025-10-25T10:13:12+00:00,83761,3308,
2025-10-25T11:10:57+00:00,83761,3308,
2025-10-25T12:23:16+00:00,83761,3308,
2025-10-25T13:20:23+00:00,83761,3308,
2025-10-25T14:11:36+00:00,83761,3308,
2025-10-25T15:12:26+00:00,83761,3308,
2025-10-25T16:14:59+00:00,83761,3308,
2025-10-25T17:11:19+00:00,83761,3308,
2025-10-25T18:17:27+00:00,83761,3308,
2025-10-25T19:11:03+00:00,83761,3308,
2025-10-25T20:14:41+00:00,83761,3308,
2025-10-25T21:12:30+00:00,83761,3308,
2025-10-25T22:12:26+00:00,83761,3308,
2025-10-25T23:12:38+00:00,83761,3308,
2025-10-26T01:04:14+00:00,83761,3308,
2025-10-26T03:06:14+00:00,83761,3308,
2025-10-26T04:15:50+00:00,83761,3308,
2025-10-26T05:13:29+00:00,83761,3308,
2025-10-26T06:18:39+00:00,83761,3308,
2025-10-26T07:13:12+00:00,83761,3308,
2025-10-26T08:16:55+00:00,83761,3308,
2025-10-26T09:12:44+00:00,83761,3308,
2025-10-26T10:14:10+00:00,83761,3308,
2025-10-26T11:11:08+00:00,83761,3308,
2025-10-26T12:24:03+00:00,83761,3308,
2025-10-26T13:20:23+00:00,83761,3308,
2025-10-26T14:11:42+00:00,83761,3308,
2025-10-26T15:12:57+00:00,83761,3308,
2025-10-26T16:15:10+00:00,83761,3308,
2025-10-26T17:12:05+00:00,83761,3308,
2025-10-26T18:18:35+00:00,83761,3308,
2025-10-26T19:10:49+00:00,83761,3308,
2025-10-26T20:14:53+00:00,83761,3308,
2025-10-26T21:12:35+00:00,83761,3308,
2025-10-26T22:12:46+00:00,83761,3308,
2025-10-26T23:12:50+00:00,83761,3308,
2025-10-27T01:06:05+00:00,83761,3308,
2025-10-27T03:15:40+00:00,83761,3308,
2025-10-27T04:24:43+00:00,83761,3308,
2025-10-27T05:15:16+00:00,83761,3308,
2025-10-27T06:23:36+00:00,83761,3308,
2025-10-27T07:15:42+00:00,83761,3308,
2025-10-27T08:19:58+00:00,83761,3308,
2025-10-27T09:17:59+00:00,83761,3308,
2025-10-27T10:17:07+00:00,83761,3308,
2025-10-27T11:13:22+00:00,83761,3308,
2025-10-27T12:27:38+00:00,83761,3308,
2025-10-27T13:28:26+00:00,83761,3308,
2025-10-27T14:14:58+00:00,83761,3308,
2025-10-27T15:15:22+00:00,83761,3308,
2025-10-27T16:18:16+00:00,83761,3308,
2025-10-27T17:13:01+00:00,83761,3308,
2025-10-27T18:20:32+00:00,83761,3308,
2025-10-27T19:11:46+00:00,83761,3308,
2025-10-27T20:13:13+00:00,83761,3308,
2025-10-27T21:12:51+00:00,83758,3307,
2025-10-27T22:13:47+00:00,83747,3304,
2025-10-27T23:13:09+00:00,83747,3304,
2025-10-28T00:59:31+00:00,83747,3304,
2025-10-28T02:28:48+00:00,83747,3304,
2025-10-28T03:39:33+00:00,83747,3304,
2025-10-28T04:16:57+00:00,83792,3304,
2025-10-28T05:15:12+00:00,83995,3304,
2025-10-28T06:22:12+00:00,83995,3304,
2025-10-28T07:14:28+00:00,83995,3304,
2025-10-28T08:20:05+00:00,83995,3304,
2025-10-28T09:15:27+00:00,83995,3304,
2025-10-28T10:16:00+00:00,83999,3304,
2025-10-28T11:13:03+00:00,83999,3304,
2025-10-28T12:27:12+00:00,83999,3304,
2025-10-28T13:26:51+00:00,83999,3304,
2025-10-28T14:14:47+00:00,83999,3304,
2025-10-28T15:15:45+00:00,83999,3304,
2025-10-28T16:18:18+00:00,83999,3304,
2025-10-28T17:13:56+00:00,83999,3304,
2025-10-28T18:21:14+00:00,83999,3304,
2025-10-28T19:12:15+00:00,83999,3304,
2025-10-28T20:16:33+00:00,84017,3304,
2025-10-28T21:13:19+00:00,84021,3304,
2025-10-28T22:13:29+00:00,84019,3303,
2025-10-28T23:13:40+00:00,84021,3303,
2025-10-29T01:03:56+00:00,84018,3299,
2025-10-29T03:11:42+00:00,84018,3298,
2025-10-29T04:21:26+00:00,84018,3298,
2025-10-29T05:15:37+00:00,84018,3298,
2025-10-29T06:22:42+00:00,84018,3298,
2025-10-29T07:15:24+00:00,84018,3298,
2025-10-29T08:20:36+00:00,84018,3298,
2025-10-29T09:15:18+00:00,84018,3298,
2025-10-29T10:15:55+00:00,84018,3298,
2025-10-29T11:13:11+00:00,84018,3298,
2025-10-29T12:29:32+00:00,84018,3298,
2025-10-29T13:29:34+00:00,84018,3298,
2025-10-29T14:15:03+00:00,84018,3298,
2025-10-29T15:16:11+00:00,84018,3298,
2025-10-29T22:18:59+00:00,84018,3298,
2025-10-29T23:13:52+00:00,84018,3298,
2025-10-30T01:03:35+00:00,84014,3297,
2025-10-30T03:07:28+00:00,84014,3297,
2025-10-30T04:17:07+00:00,84014,3297,
2025-10-30T05:14:31+00:00,84014,3297,
2025-10-30T06:20:53+00:00,84014,3297,
2025-10-30T07:14:19+00:00,84008,3297,
2025-10-30T08:19:14+00:00,83986,3297,
2025-10-30T09:15:48+00:00,83986,3297,
2025-10-30T10:15:27+00:00,83986,3297,
2025-10-30T11:13:01+00:00,83986,3297,
2025-10-30T12:28:08+00:00,83986,3297,
2025-10-30T13:27:54+00:00,83986,3297,
2025-10-30T14:14:37+00:00,83986,3297,
2025-10-30T15:16:06+00:00,83986,3297,
2025-10-30T16:18:18+00:00,83986,3297,
2025-10-30T17:13:34+00:00,83986,3297,
2025-10-30T18:19:41+00:00,83986,3297,
2025-10-30T19:11:38+00:00,83984,3296,
2025-10-30T20:15:25+00:00,83984,3296,
2025-10-30T21:13:13+00:00,83984,3296,
2025-10-30T22:13:30+00:00,83984,3296,
2025-10-30T23:13:06+00:00,83986,3297,
2025-10-31T01:01:24+00:00,83996,3297,
2025-10-31T02:43:56+00:00,83996,3297,
2025-10-31T03:41:30+00:00,83996,3297,
2025-10-31T04:18:13+00:00,83996,3297,
2025-10-31T05:15:48+00:00,83992,3297,
2025-10-31T06:21:41+00:00,83992,3297,
2025-10-31T07:13:47+00:00,83992,3297,
2025-10-31T08:19:21+00:00,83988,3297,
2025-10-31T09:16:15+00:00,83984,3297,
2025-10-31T10:15:02+00:00,83984,3297,
2025-10-31T11:12:40+00:00,83984,3297,
2025-10-31T12:28:07+00:00,83984,3297,
2025-10-31T13:27:30+00:00,83984,3297,
2025-10-31T14:14:57+00:00,83984,3297,
2025-10-31T15:13:47+00:00,83984,3297,
2025-10-31T16:17:13+00:00,83984,3297,
2025-10-31T17:13:34+00:00,83971,3296,
2025-10-31T18:20:38+00:00,83968,3297,
2025-10-31T19:11:43+00:00,83968,3297,
2025-10-31T20:16:35+00:00,83968,3297,
2025-10-31T21:12:42+00:00,83968,3297,
2025-10-31T22:13:50+00:00,83968,3297,
2025-10-31T23:13:27+00:00,83968,3297,
2025-11-01T01:04:26+00:00,83968,3297,
2025-11-01T03:07:37+00:00,83968,3297,
2025-11-01T04:15:39+00:00,83968,3297,
2025-11-01T05:13:42+00:00,83968,3297,
2025-11-01T06:18:48+00:00,83968,3297,
2025-11-01T07:13:24+00:00,83968,3297,
2025-11-01T08:17:19+00:00,83968,3297,
2025-11-01T09:14:07+00:00,83968,3297,
2025-11-01T10:13:43+00:00,83968,3297,
2025-11-01T11:10:57+00:00,83968,3297,
2025-11-01T12:23:35+00:00,83968,3297,
2025-11-01T13:20:01+00:00,83968,3297,
2025-11-01T14:12:01+00:00,83968,3297,
2025-11-01T15:12:25+00:00,83968,3297,
2025-11-01T16:15:03+00:00,83968,3297,
2025-11-01T17:10:58+00:00,83966,3297,
2025-11-01T18:17:53+00:00,83960,3297,
2025-11-01T19:10:49+00:00,83960,3297,
2025-11-01T20:14:28+00:00,83960,3297,
2025-11-01T21:11:10+00:00,83960,3297,
2025-11-01T22:12:21+00:00,83960,3297,
2025-11-01T23:12:46+00:00,83960,3297,
2025-11-02T01:05:31+00:00,83960,3297,
2025-11-02T03:11:34+00:00,83960,3297,
2025-11-02T04:17:26+00:00,83960,3297,
2025-11-02T05:13:49+00:00,83960,3297,
2025-11-02T06:19:53+00:00,83960,3297,
2025-11-02T07:13:41+00:00,83960,3297,
2025-11-02T08:16:06+00:00,83960,3297,
2025-11-02T09:13:53+00:00,83960,3297,
2025-11-02T10:13:34+00:00,83960,3297,
2025-11-02T11:10:57+00:00,83960,3297,
2025-11-02T12:23:23+00:00,83960,3297,
2025-11-02T13:19:41+00:00,83960,3297,
2025-11-02T14:12:01+00:00,83960,3297,
2025-11-02T15:12:24+00:00,83960,3297,
2025-11-02T16:15:09+00:00,83960,3297,
2025-11-02T17:11:45+00:00,83931,3295,
2025-11-02T18:17:14+00:00,83931,3295,
2025-11-02T19:10:48+00:00,83921,3295,
2025-11-02T20:14:07+00:00,83921,3295,
2025-11-02T21:11:55+00:00,83966,3295,
2025-11-02T22:12:50+00:00,83966,3294,
2025-11-02T23:12:46+00:00,83965,3294,
2025-11-03T01:05:23+00:00,83949,3294,
2025-11-03T03:13:37+00:00,83949,3294,
2025-11-03T04:23:28+00:00,83950,3294,
2025-11-03T05:15:36+00:00,83950,3294,
2025-11-03T06:22:43+00:00,83950,3294,
2025-11-03T07:15:25+00:00,83950,3294,
2025-11-03T08:20:50+00:00,83950,3294,
2025-11-03T09:17:48+00:00,83950,3294,
2025-11-03T10:17:18+00:00,83950,3294,
2025-11-03T11:12:42+00:00,83950,3294,
2025-11-03T12:29:24+00:00,83950,3294,
2025-11-03T13:27:49+00:00,83950,3294,
2025-11-03T14:15:07+00:00,83950,3294,
2025-11-03T15:15:38+00:00,83950,3294,
2025-11-03T16:17:01+00:00,83950,3294,
2025-11-03T17:13:30+00:00,83950,3294,
2025-11-03T18:19:59+00:00,83950,3294,
2025-11-03T19:11:42+00:00,83950,3294,
2025-11-03T20:16:30+00:00,83950,3294,
2025-11-03T21:14:28+00:00,83948,3293,
2025-11-03T22:14:27+00:00,83948,3293,
2025-11-03T23:13:36+00:00,83948,3293,
2025-11-04T01:02:52+00:00,83949,3293,
2025-11-04T03:06:13+00:00,83949,3293,
2025-11-04T04:17:03+00:00,83949,3293,
2025-11-04T05:15:03+00:00,83949,3293,
2025-11-04T06:22:31+00:00,83949,3293,
2025-11-04T07:15:05+00:00,83951,3293,
2025-11-04T08:19:38+00:00,83951,3293,
2025-11-04T09:16:30+00:00,83951,3293,
2025-11-04T10:17:25+00:00,83951,3293,
2025-11-04T11:13:32+00:00,83951,3293,
2025-11-04T12:30:22+00:00,83951,3293,
2025-11-04T13:30:39+00:00,83951,3293,
2025-11-04T14:14:43+00:00,83951,3293,
2025-11-04T15:16:24+00:00,83951,3293,
2025-11-04T16:18:07+00:00,83951,3293,
2025-11-04T17:12:50+00:00,83951,3293,
2025-11-04T18:20:13+00:00,83943,3293,
2025-11-04T19:11:47+00:00,83943,3293,
2025-11-04T20:16:19+00:00,83943,3293,
2025-11-04T21:13:25+00:00,83943,3293,
2025-11-04T22:13:21+00:00,83943,3293,
2025-11-04T23:13:15+00:00,83943,3293,
2025-11-05T01:03:44+00:00,83943,3293,
2025-11-05T03:08:00+00:00,83952,3293,
2025-11-05T04:18:15+00:00,83952,3293,
2025-11-05T05:15:45+00:00,83952,3293,
2025-11-05T06:21:38+00:00,83952,3293,
2025-11-05T07:15:25+00:00,83952,3293,
2025-11-05T08:20:08+00:00,83952,3293,
2025-11-05T09:16:49+00:00,83952,3293,
2025-11-05T10:16:30+00:00,83952,3293,
2025-11-05T11:13:34+00:00,83952,3293,
2025-11-05T12:28:05+00:00,83952,3293,
2025-11-05T13:39:29+00:00,83952,3293,
2025-11-05T14:15:27+00:00,83952,3293,
2025-11-05T15:16:00+00:00,83952,3293,
2025-11-05T16:18:28+00:00,83952,3293,
2025-11-05T17:14:28+00:00,83952,3293,
2025-11-05T18:20:49+00:00,83952,3293,
2025-11-05T19:13:55+00:00,83952,3293,
2025-11-05T20:16:49+00:00,83952,3293,
2025-11-05T21:13:30+00:00,83952,3293,
2025-11-05T22:13:57+00:00,83952,3293,
2025-11-05T23:13:40+00:00,83952,3293,
2025-11-06T01:02:23+00:00,83953,3293,
2025-11-06T03:10:02+00:00,83957,3293,
2025-11-06T04:21:22+00:00,83957,3293,
2025-11-06T05:16:00+00:00,83957,3293,
2025-11-06T06:22:27+00:00,83957,3293,
2025-11-06T07:15:21+00:00,83957,3293,
2025-11-06T08:19:23+00:00,83957,3293,
2025-11-06T09:16:42+00:00,83957,3293,
2025-11-06T10:17:33+00:00,83957,3293,
2025-11-06T11:13:50+00:00,83957,3293,
2025-11-06T12:27:49+00:00,83957,3293,
2025-11-06T13:28:35+00:00,83957,3293,
2025-11-06T14:15:09+00:00,83957,3293,
2025-11-06T15:16:27+00:00,83957,3293,
2025-11-06T16:18:41+00:00,83957,3293,
2025-11-06T17:14:53+00:00,83957,3293,
2025-11-06T18:20:55+00:00,83957,3293,
2025-11-06T19:12:34+00:00,83954,3291,
2025-11-06T20:15:31+00:00,83953,3290,
2025-11-06T21:13:14+00:00,84028,3290,
2025-11-06T22:14:17+00:00,84028,3290,
2025-11-06T23:13:33+00:00,84028,3290,
2025-11-07T01:02:25+00:00,84026,3289,
2025-11-07T03:06:54+00:00,84036,3289,
2025-11-07T04:18:13+00:00,84041,3289,
2025-11-07T05:14:22+00:00,84041,3289,
2025-11-07T06:22:08+00:00,84045,3289,
2025-11-07T07:14:51+00:00,84045,3289,
2025-11-07T08:19:35+00:00,84045,3289,
2025-11-07T09:16:01+00:00,84045,3289,
2025-11-07T10:17:13+00:00,84045,3289,
2025-11-07T11:13:00+00:00,84045,3289,
2025-11-07T12:26:44+00:00,84045,3289,
2025-11-07T13:25:26+00:00,84045,3289,
2025-11-07T14:14:30+00:00,84045,3289,
2025-11-07T15:15:13+00:00,84045,3289,
2025-11-07T16:15:30+00:00,84045,3289,
2025-11-07T17:13:42+00:00,84045,3289,
2025-11-07T18:20:24+00:00,84045,3289,
2025-11-07T19:11:58+00:00,84045,3289,
2025-11-07T20:15:18+00:00,84045,3289,
2025-11-07T21:10:34+00:00,84045,3289,
2025-11-07T22:13:43+00:00,84045,3289,
2025-11-07T23:12:52+00:00,84045,3289,
2025-11-08T00:58:53+00:00,84045,3289,
2025-11-08T02:24:29+00:00,84045,3289,
2025-11-08T03:32:56+00:00,84045,3289,
2025-11-08T04:16:12+00:00,84045,3289,
2025-11-08T05:13:34+00:00,84045,3289,
2025-11-08T06:19:25+00:00,84045,3289,
2025-11-08T07:12:39+00:00,84045,3289,
2025-11-08T08:16:47+00:00,84045,3289,
2025-11-08T09:13:23+00:00,84045,3289,
2025-11-08T10:13:30+00:00,84045,3289,
2025-11-08T11:11:00+00:00,84045,3289,
2025-11-08T12:23:39+00:00,84045,3289,
2025-11-08T13:20:00+00:00,84045,3289,
2025-11-08T14:12:27+00:00,84045,3289,
2025-11-08T15:12:35+00:00,84045,3289,
2025-11-08T16:15:32+00:00,84045,3289,
2025-11-08T17:11:10+00:00,84045,3289,
2025-11-08T18:18:10+00:00,84045,3289,
2025-11-08T19:11:23+00:00,84045,3289,
2025-11-08T20:13:56+00:00,84045,3289,
2025-11-08T21:11:44+00:00,84045,3289,
2025-11-08T22:12:24+00:00,84045,3289,
2025-11-08T23:12:25+00:00,84045,3289,
2025-11-09T01:05:24+00:00,84045,3289,
2025-11-09T03:09:20+00:00,84045,3289,
2025-11-09T04:16:20+00:00,84045,3289,
2025-11-09T05:13:50+00:00,84045,3289,
2025-11-09T06:19:22+00:00,84046,3289,
2025-11-09T07:12:43+00:00,84046,3289,
2025-11-09T08:16:02+00:00,84046,3289,
2025-11-09T09:13:36+00:00,84046,3289,
2025-11-09T10:13:54+00:00,84046,3289,
2025-11-09T11:11:06+00:00,84046,3289,
2025-11-09T12:23:40+00:00,84046,3289,
2025-11-09T13:20:05+00:00,84046,3289,
2025-11-09T14:12:29+00:00,84046,3289,
2025-11-09T15:13:16+00:00,84046,3289,
2025-11-09T16:15:00+00:00,84046,3289,
2025-11-09T17:11:14+00:00,84046,3289,
2025-11-09T18:17:52+00:00,84046,3289,
2025-11-09T19:10:45+00:00,84046,3289,
2025-11-09T20:14:24+00:00,84046,3289,
2025-11-09T21:12:03+00:00,84046,3289,
2025-11-09T22:12:39+00:00,84046,3289,
2025-11-09T23:12:34+00:00,84054,3289,
2025-11-10T01:05:21+00:00,84069,3288,
2025-11-10T03:15:15+00:00,84051,3288,
2025-11-10T04:23:01+00:00,84051,3288,
2025-11-10T05:16:35+00:00,84051,3288,
2025-11-10T06:22:55+00:00,84057,3288,
2025-11-10T07:15:08+00:00,84057,3288,
2025-11-10T08:20:52+00:00,84057,3288,
2025-11-10T09:18:38+00:00,84057,3288,
2025-11-10T10:16:56+00:00,84057,3288,
2025-11-10T11:12:58+00:00,84057,3288,
2025-11-10T12:28:59+00:00,84057,3288,
2025-11-10T13:28:43+00:00,84057,3288,
2025-11-10T14:15:17+00:00,84057,3288,
2025-11-10T15:16:52+00:00,84057,3288,
2025-11-10T16:19:07+00:00,84057,3288,
2025-11-10T17:14:24+00:00,84053,3288,
2025-11-10T18:21:22+00:00,84053,3288,
2025-11-10T19:12:41+00:00,84053,3288,
2025-11-10T20:17:02+00:00,84053,3288,
2025-11-10T21:13:38+00:00,84053,3288,
2025-11-10T22:14:52+00:00,84055,3288,
2025-11-10T23:14:07+00:00,84055,3288,
2025-11-11T01:03:10+00:00,84055,3288,
2025-11-11T03:10:25+00:00,84055,3288,
2025-11-11T04:19:29+00:00,84055,3288,
2025-11-11T05:15:44+00:00,84055,3288,
2025-11-11T06:22:01+00:00,84055,3288,
2025-11-11T07:15:08+00:00,84055,3288,
2025-11-11T08:19:57+00:00,84055,3288,
2025-11-11T09:16:38+00:00,84055,3288,
2025-11-11T10:16:27+00:00,84055,3288,
2025-11-11T11:13:10+00:00,84055,3288,
2025-11-11T12:28:05+00:00,84055,3288,
2025-11-11T13:28:27+00:00,84055,3288,
2025-11-11T14:14:57+00:00,84055,3288,
2025-11-11T15:15:27+00:00,84055,3288,
2025-11-11T16:18:09+00:00,84055,3288,
2025-11-11T17:13:16+00:00,84055,3288,
2025-11-11T18:19:33+00:00,84055,3288,
2025-11-11T19:11:54+00:00,84055,3288,
2025-11-11T20:15:42+00:00,84055,3288,
2025-11-11T21:13:26+00:00,84053,3288,
2025-11-11T22:14:27+00:00,84053,3288,
2025-11-11T23:13:04+00:00,84110,3288,
2025-11-12T01:02:47+00:00,84110,3288,
2025-11-12T03:08:13+00:00,84112,3288,
2025-11-12T04:19:09+00:00,84112,3288,
2025-11-12T05:16:09+00:00,84112,3288,
2025-11-12T06:22:16+00:00,84112,3288,
2025-11-12T07:15:01+00:00,84112,3288,
2025-11-12T08:20:23+00:00,84112,3288,
2025-11-12T09:17:37+00:00,84112,3288,
2025-11-12T10:17:11+00:00,84112,3288,
2025-11-12T11:13:13+00:00,84112,3288,
2025-11-12T12:28:29+00:00,84112,3288,
2025-11-12T13:29:36+00:00,84112,3288,
2025-11-12T14:16:47+00:00,84112,3288,
2025-11-12T15:16:32+00:00,84112,3288,
2025-11-12T16:20:11+00:00,84112,3288,
2025-11-12T17:15:49+00:00,84112,3288,
2025-11-12T18:20:37+00:00,84112,3288,
2025-11-12T19:11:57+00:00,84112,3288,
2025-11-12T20:17:04+00:00,84112,3288,
2025-11-12T21:13:36+00:00,84112,3287,
2025-11-12T22:14:42+00:00,84112,3287,
2025-11-12T23:14:13+00:00,84112,3287,
2025-11-13T01:02:58+00:00,84096,3286,
2025-11-13T03:11:04+00:00,84101,3287,
2025-11-13T04:20:18+00:00,84101,3287,
2025-11-13T05:15:31+00:00,84101,3287,
2025-11-13T06:21:50+00:00,84101,3287,
2025-11-13T07:14:42+00:00,84101,3287,
2025-11-13T08:19:19+00:00,84101,3287,
2025-11-13T09:17:11+00:00,84101,3287,
2025-11-13T10:16:31+00:00,84101,3287,
2025-11-13T11:13:47+00:00,84101,3287,
2025-11-13T13:29:44+00:00,84101,3287,
2025-11-13T14:15:13+00:00,84101,3287,
2025-11-13T15:16:39+00:00,84101,3287,
2025-11-13T16:18:12+00:00,84101,3287,
2025-11-13T17:15:59+00:00,84101,3287,
2025-11-13T18:20:11+00:00,84101,3287,
2025-11-13T19:11:41+00:00,84101,3287,
2025-11-13T20:16:54+00:00,84101,3287,
2025-11-13T21:14:15+00:00,84112,3287,
2025-11-13T22:14:39+00:00,84112,3287,
2025-11-13T23:14:21+00:00,84112,3287,
2025-11-14T01:03:14+00:00,84112,3287,
2025-11-14T03:09:10+00:00,84092,3277,
2025-11-14T04:19:05+00:00,84092,3277,
2025-11-14T05:15:03+00:00,84092,3277,
2025-11-14T06:22:17+00:00,84092,3277,
2025-11-14T07:14:43+00:00,84092,3277,
2025-11-14T08:20:02+00:00,84092,3277,
2025-11-14T09:16:39+00:00,84092,3277,
2025-11-14T10:17:15+00:00,84092,3277,
2025-11-14T11:13:06+00:00,84092,3277,
2025-11-14T12:29:13+00:00,84092,3277,
2025-11-14T13:26:56+00:00,84092,3277,
2025-11-14T14:14:33+00:00,84092,3277,
2025-11-14T15:13:56+00:00,84092,3277,
2025-11-14T16:18:52+00:00,84092,3277,
2025-11-14T17:14:07+00:00,84085,3277,
2025-11-14T18:21:14+00:00,84085,3277,
2025-11-14T19:12:33+00:00,84085,3277,
2025-11-14T20:16:19+00:00,84085,3277,
2025-11-14T21:14:11+00:00,84085,3277,
2025-11-14T22:13:52+00:00,84085,3277,
2025-11-14T23:13:54+00:00,84085,3277,
2025-11-15T01:01:36+00:00,84085,3277,
2025-11-15T02:40:04+00:00,84085,3277,
2025-11-15T03:37:30+00:00,84085,3277,
2025-11-15T04:16:20+00:00,84085,3277,
2025-11-15T05:14:56+00:00,84085,3277,
2025-11-15T06:20:22+00:00,84085,3277,
2025-11-15T07:13:08+00:00,84085,3277,
2025-11-15T08:17:27+00:00,84085,3277,
2025-11-15T09:14:14+00:00,84085,3277,
2025-11-15T10:13:42+00:00,84085,3277,
2025-11-15T11:11:22+00:00,84085,3277,
2025-11-15T12:24:27+00:00,84085,3277,
2025-11-15T13:21:13+00:00,84085,3277,
2025-11-15T14:12:46+00:00,84085,3277,
2025-11-15T15:13:24+00:00,84085,3277,
2025-11-15T16:15:02+00:00,84085,3277,
2025-11-15T17:11:05+00:00,84085,3277,
2025-11-15T18:17:49+00:00,84085,3277,
2025-11-15T19:11:04+00:00,84085,3277,
2025-11-15T20:14:39+00:00,84085,3277,
2025-11-15T21:11:39+00:00,84085,3277,
2025-11-15T22:11:28+00:00,84085,3277,
2025-11-15T23:12:59+00:00,84085,3277,
2025-11-16T01:07:09+00:00,84085,3277,
2025-11-16T03:14:08+00:00,84085,3277,
2025-11-16T04:21:45+00:00,84085,3277,
2025-11-16T05:14:49+00:00,84085,3277,
2025-11-16T06:20:20+00:00,84085,3277,
2025-11-16T07:13:30+00:00,84085,3277,
2025-11-16T08:17:31+00:00,84085,3277,
2025-11-16T09:14:10+00:00,84085,3277,
2025-11-16T10:14:32+00:00,84085,3277,
2025-11-16T11:11:30+00:00,84085,3277,
2025-11-16T12:24:35+00:00,84087,3277,
2025-11-16T13:21:18+00:00,84087,3277,
2025-11-16T14:12:42+00:00,84087,3277,
2025-11-16T15:13:30+00:00,84087,3277,
2025-11-16T16:15:18+00:00,84087,3277,
2025-11-16T17:12:14+00:00,84087,3277,
2025-11-16T18:18:17+00:00,84082,3275,
2025-11-16T19:11:16+00:00,84082,3275,
2025-11-16T20:15:27+00:00,84082,3275,
2025-11-16T21:12:42+00:00,84082,3275,
2025-11-16T22:14:01+00:00,84090,3275,
2025-11-16T23:13:37+00:00,84088,3275,
2025-11-17T01:04:12+00:00,84090,3275,
2025-11-17T03:12:14+00:00,84092,3275,
2025-11-17T04:21:58+00:00,84092,3275,
2025-11-17T05:15:10+00:00,84092,3275,
2025-11-17T06:22:23+00:00,84092,3275,
2025-11-17T07:15:37+00:00,84092,3275,
2025-11-17T08:21:36+00:00,84092,3275,
2025-11-17T09:19:37+00:00,84092,3275,
2025-11-17T10:17:50+00:00,84092,3275,
2025-11-17T11:13:43+00:00,84092,3275,
2025-11-17T12:28:32+00:00,84092,3275,
2025-11-17T13:28:51+00:00,84092,3275,
2025-11-17T14:15:19+00:00,84092,3275,
2025-11-17T15:17:06+00:00,84092,3275,
2025-11-17T16:20:00+00:00,84092,3275,
2025-11-17T17:14:46+00:00,84092,3275,
2025-11-17T18:19:52+00:00,84113,3275,
2025-11-17T19:12:02+00:00,84113,3275,
2025-11-17T20:27:30+00:00,84113,3275,
2025-11-17T21:14:07+00:00,84113,3275,
2025-11-17T22:14:06+00:00,84103,3274,
2025-11-17T23:13:55+00:00,84105,3274,
2025-11-18T01:02:53+00:00,84107,3274,
2025-11-18T03:09:06+00:00,84129,3274,
2025-11-18T04:18:52+00:00,84129,3274,
2025-11-18T05:15:00+00:00,84129,3274,
2025-11-18T06:21:33+00:00,84129,3274,
2025-11-18T07:14:51+00:00,84129,3274,
2025-11-18T08:20:07+00:00,84129,3274,
2025-11-18T09:17:12+00:00,84129,3274,
2025-11-18T10:17:40+00:00,84129,3274,
2025-11-18T11:13:58+00:00,84129,3274,
2025-11-18T12:29:03+00:00,84129,3274,
2025-11-18T13:29:22+00:00,84129,3274,
2025-11-18T14:14:56+00:00,84129,3274,
2025-11-18T15:16:46+00:00,84129,3274,
2025-11-18T16:19:59+00:00,84129,3274,
2025-11-18T17:14:49+00:00,84129,3274,
2025-11-18T18:21:54+00:00,84127,3273,
2025-11-18T19:12:52+00:00,84127,3273,
2025-11-18T20:17:00+00:00,84127,3273,
2025-11-18T22:15:09+00:00,84127,3273,
2025-11-18T23:13:50+00:00,84127,3273,
2025-11-19T01:02:44+00:00,84127,3273,
2025-11-19T03:07:27+00:00,84126,3272,
2025-11-19T04:19:01+00:00,84126,3272,
2025-11-19T05:16:00+00:00,84126,3272,
2025-11-19T06:22:00+00:00,84126,3272,
2025-11-19T07:15:25+00:00,84126,3272,
2025-11-19T08:20:17+00:00,84126,3272,
2025-11-19T09:16:51+00:00,84126,3272,
2025-11-19T10:16:50+00:00,84126,3272,
2025-11-19T11:13:24+00:00,84126,3272,
2025-11-19T12:28:50+00:00,84126,3272,
2025-11-19T13:28:56+00:00,84126,3272,
2025-11-19T14:15:18+00:00,84126,3272,
2025-11-19T15:15:33+00:00,84126,3272,
2025-11-19T16:19:34+00:00,84126,3272,
2025-11-19T17:15:24+00:00,84126,3272,
2025-11-19T18:20:33+00:00,84125,3271,
2025-11-19T19:12:29+00:00,84125,3271,
2025-11-19T20:15:29+00:00,84124,3270,
2025-11-19T21:12:23+00:00,84124,3271,
2025-11-19T22:15:19+00:00,84124,3271,
2025-11-19T23:14:28+00:00,84124,3271,
2025-11-20T01:01:43+00:00,84128,3271,
2025-11-20T02:44:14+00:00,84142,3271,
2025-11-20T03:41:30+00:00,84142,3271,
2025-11-20T04:17:51+00:00,84142,3271,
2025-11-20T05:15:51+00:00,84142,3271,
2025-11-20T06:21:11+00:00,84143,3272,
2025-11-20T07:14:45+00:00,84143,3272,
2025-11-20T08:20:35+00:00,84143,3272,
2025-11-20T09:16:28+00:00,84143,3272,
2025-11-20T10:16:34+00:00,84143,3272,
2025-11-20T11:14:21+00:00,84143,3272,
2025-11-20T12:28:29+00:00,84143,3272,
2025-11-20T13:27:43+00:00,84143,3272,
2025-11-20T14:14:21+00:00,84143,3272,
2025-11-20T15:15:44+00:00,84143,3272,
2025-11-20T16:18:34+00:00,84143,3272,
2025-11-20T17:12:05+00:00,84143,3272,
2025-11-20T18:21:16+00:00,84145,3272,
2025-11-20T19:11:54+00:00,84145,3272,
2025-11-20T20:17:09+00:00,84145,3272,
2025-11-20T21:13:43+00:00,84145,3272,
2025-11-20T22:14:31+00:00,84145,3271,
2025-11-20T23:14:03+00:00,84145,3271,
2025-11-21T01:02:33+00:00,84137,3271,
2025-11-21T03:06:30+00:00,84139,3271,
2025-11-21T04:17:48+00:00,84139,3271,
2025-11-21T05:15:36+00:00,84139,3271,
2025-11-21T06:22:22+00:00,84139,3271,
2025-11-21T07:15:29+00:00,84139,3271,
2025-11-21T08:20:39+00:00,84139,3271,
2025-11-21T09:16:02+00:00,84139,3271,
2025-11-21T10:15:34+00:00,84139,3271,
2025-11-21T11:13:00+00:00,84139,3271,
2025-11-21T12:27:09+00:00,84139,3271,
2025-11-21T13:25:22+00:00,84139,3271,
2025-11-21T14:15:10+00:00,84139,3271,
2025-11-21T15:14:11+00:00,84139,3271,
2025-11-21T16:18:22+00:00,84139,3271,
2025-11-21T17:13:13+00:00,84139,3271,
2025-11-21T18:20:18+00:00,84139,3271,
2025-11-21T19:12:51+00:00,84139,3271,
2025-11-21T20:16:15+00:00,84139,3271,
2025-11-21T21:13:15+00:00,84142,3272,
2025-11-21T22:14:27+00:00,84142,3272,
2025-11-21T23:13:34+00:00,84142,3272,
2025-11-22T01:00:27+00:00,84142,3272,
2025-11-22T02:26:59+00:00,84142,3272,
2025-11-22T03:35:58+00:00,84142,3272,
2025-11-22T04:17:01+00:00,84142,3272,
2025-11-22T05:14:09+00:00,84142,3272,
2025-11-22T06:19:26+00:00,84142,3272,
2025-11-22T07:14:08+00:00,84142,3272,
2025-11-22T08:17:57+00:00,84142,3272,
2025-11-22T09:13:54+00:00,84142,3272,
2025-11-22T10:14:37+00:00,84142,3272,
2025-11-22T11:11:09+00:00,84142,3272,
2025-11-22T12:23:45+00:00,84142,3272,
2025-11-22T13:20:14+00:00,84142,3272,
2025-11-22T14:12:34+00:00,84142,3272,
2025-11-22T15:13:34+00:00,84142,3272,
2025-11-22T16:16:15+00:00,84142,3272,
2025-11-22T17:12:39+00:00,84142,3272,
2025-11-22T18:19:23+00:00,84142,3272,
2025-11-22T19:11:18+00:00,84142,3272,
2025-11-22T20:15:02+00:00,84142,3272,
2025-11-22T21:12:24+00:00,84134,3272,
2025-11-22T22:13:44+00:00,84134,3272,
2025-11-22T23:14:09+00:00,84134,3272,
2025-11-23T01:10:59+00:00,84134,3272,
2025-11-23T03:22:53+00:00,84134,3272,
2025-11-23T04:29:34+00:00,84134,3272,
2025-11-23T05:14:00+00:00,84134,3272,
2025-11-23T06:20:10+00:00,84134,3272,
2025-11-23T07:14:29+00:00,84134,3272,
2025-11-23T08:18:12+00:00,84134,3272,
2025-11-23T09:14:08+00:00,84134,3272,
2025-11-23T10:14:27+00:00,84134,3272,
2025-11-23T11:11:59+00:00,84134,3272,
2025-11-23T12:23:41+00:00,84134,3272,
2025-11-23T13:19:55+00:00,84134,3272,
2025-11-23T14:12:49+00:00,84134,3272,
2025-11-23T15:13:31+00:00,84134,3272,
2025-11-23T16:16:12+00:00,84134,3272,
2025-11-23T17:12:22+00:00,84134,3272,
2025-11-23T18:19:12+00:00,84133,3271,
2025-11-23T19:11:19+00:00,84127,3270,
2025-11-23T20:15:45+00:00,84115,3268,
2025-11-23T21:12:49+00:00,84094,3264,
2025-11-23T22:13:44+00:00,84094,3264,
2025-11-23T23:13:30+00:00,84060,3264,
2025-11-24T01:07:40+00:00,84065,3263,
2025-11-24T03:19:45+00:00,84043,3263,
2025-11-24T04:29:48+00:00,84043,3263,
2025-11-24T05:16:55+00:00,84043,3263,
2025-11-24T06:23:06+00:00,84043,3263,
2025-11-24T07:16:04+00:00,84043,3263,
2025-11-24T08:21:56+00:00,84043,3263,
2025-11-24T09:18:46+00:00,84043,3263,
2025-11-24T10:17:48+00:00,84043,3263,
2025-11-24T11:13:55+00:00,84043,3263,
2025-11-24T12:28:30+00:00,84043,3263,
2025-11-24T13:30:48+00:00,84043,3263,
2025-11-24T14:15:49+00:00,84043,3263,
2025-11-24T15:17:25+00:00,84043,3263,
2025-11-24T16:16:44+00:00,84043,3263,
2025-11-24T17:14:50+00:00,84043,3263,
2025-11-24T18:22:24+00:00,84043,3263,
2025-11-24T19:10:58+00:00,84043,3263,
2025-11-24T20:17:24+00:00,84054,3263,
2025-11-24T21:15:24+00:00,84058,3263,
2025-11-24T22:13:28+00:00,84058,3263,
2025-11-24T23:13:57+00:00,84056,3262,
2025-11-25T01:02:18+00:00,84058,3262,
2025-11-25T03:11:18+00:00,84058,3262,
2025-11-25T04:21:19+00:00,84058,3262,
2025-11-25T05:15:25+00:00,84058,3262,
2025-11-25T06:23:21+00:00,84058,3262,
2025-11-25T07:16:07+00:00,84058,3262,
2025-11-25T08:20:53+00:00,84058,3262,
2025-11-25T09:18:03+00:00,84058,3262,
2025-11-25T10:17:57+00:00,84058,3262,
2025-11-25T11:13:54+00:00,84058,3262,
2025-11-25T12:29:12+00:00,84058,3262,
2025-11-25T13:30:33+00:00,84058,3262,
2025-11-25T14:15:32+00:00,84058,3262,
2025-11-25T15:16:50+00:00,84058,3262,
2025-11-25T16:19:53+00:00,84058,3262,
2025-11-25T17:15:45+00:00,84058,3262,
2025-11-25T18:22:01+00:00,84058,3262,
2025-11-25T19:12:58+00:00,84058,3262,
2025-11-25T20:16:44+00:00,84058,3262,
2025-11-25T21:13:47+00:00,84060,3262,
2025-11-25T22:14:26+00:00,84060,3262,
2025-11-25T23:13:50+00:00,84060,3262,
2025-11-26T01:03:41+00:00,84060,3261,
2025-11-26T03:10:52+00:00,84060,3261,
2025-11-26T04:20:51+00:00,84060,3261,
2025-11-26T05:15:02+00:00,84060,3261,
2025-11-26T06:22:44+00:00,84060,3261,
2025-11-26T07:15:19+00:00,84060,3261,
2025-11-26T08:20:20+00:00,84060,3261,
2025-11-26T09:17:50+00:00,84060,3261,
2025-11-26T10:16:55+00:00,84060,3261,
2025-11-26T11:14:16+00:00,84060,3261,
2025-11-26T12:29:37+00:00,84060,3261,
2025-11-26T13:32:07+00:00,84060,3261,
2025-11-26T14:15:33+00:00,84060,3261,
2025-11-26T15:14:41+00:00,84060,3261,
2025-11-26T16:18:14+00:00,84060,3261,
2025-11-26T17:14:00+00:00,84060,3261,
2025-11-26T18:18:35+00:00,84060,3261,
2025-11-26T19:12:01+00:00,84058,3260,
2025-11-26T20:16:24+00:00,84058,3260,
2025-11-26T21:13:24+00:00,84058,3260,
2025-11-26T22:14:59+00:00,84055,3259,
2025-11-26T23:14:24+00:00,84052,3258,
2025-11-27T01:02:29+00:00,84047,3257,
2025-11-27T03:08:00+00:00,84047,3257,
2025-11-27T04:19:26+00:00,84054,3259,
2025-11-27T05:15:42+00:00,84054,3259,
2025-11-27T06:23:44+00:00,84054,3259,
2025-11-27T07:16:39+00:00,84054,3259,
2025-11-27T08:21:06+00:00,84054,3259,
2025-11-27T09:16:36+00:00,84054,3259,
2025-11-27T10:16:14+00:00,84064,3259,
2025-11-27T11:13:34+00:00,84064,3259,
2025-11-27T12:28:58+00:00,84064,3259,
2025-11-27T13:29:05+00:00,84064,3259,
2025-11-27T14:15:09+00:00,84064,3259,
2025-11-27T15:15:15+00:00,84064,3259,
2025-11-27T16:18:04+00:00,84064,3259,
2025-11-27T17:12:30+00:00,84064,3259,
2025-11-27T18:19:43+00:00,84064,3259,
2025-11-27T19:12:14+00:00,84064,3259,
2025-11-27T20:14:18+00:00,84064,3259,
2025-11-27T21:13:54+00:00,84052,3253,
2025-11-27T22:14:09+00:00,84048,3251,
2025-11-27T23:13:56+00:00,84048,3251,
2025-11-28T01:01:05+00:00,84049,3250,
2025-11-28T02:43:55+00:00,84045,3250,
2025-11-28T03:42:48+00:00,84045,3250,
2025-11-28T04:18:44+00:00,84045,3250,
2025-11-28T05:15:43+00:00,84045,3250,
2025-11-28T06:23:03+00:00,84045,3250,
2025-11-28T07:15:50+00:00,84045,3250,
2025-11-28T08:20:59+00:00,84045,3250,
2025-11-28T09:16:17+00:00,84045,3250,
2025-11-28T10:16:43+00:00,84045,3250,
2025-11-28T11:13:29+00:00,84045,3250,
2025-11-28T12:27:59+00:00,84045,3250,
2025-11-28T13:28:00+00:00,84045,3250,
2025-11-28T14:15:17+00:00,84045,3250,
2025-11-28T15:14:50+00:00,84045,3250,
2025-11-28T16:17:56+00:00,84045,3250,
2025-11-28T17:13:08+00:00,84045,3250,
2025-11-28T18:20:23+00:00,84045,3250,
2025-11-28T19:11:35+00:00,84045,3250,
2025-11-28T20:16:01+00:00,84045,3250,
2025-11-28T21:13:03+00:00,84045,3250,
2025-11-28T22:13:45+00:00,84045,3250,
2025-11-28T23:13:44+00:00,84045,3250,
2025-11-29T01:01:57+00:00,84045,3250,
2025-11-29T02:43:45+00:00,84045,3250,
2025-11-29T03:42:50+00:00,84045,3250,
2025-11-29T04:17:38+00:00,84045,3250,
2025-11-29T05:14:51+00:00,84045,3250,
2025-11-29T06:20:55+00:00,84045,3250,
2025-11-29T07:14:12+00:00,84045,3250,
2025-11-29T08:18:39+00:00,84045,3250,
2025-11-29T09:14:08+00:00,84045,3250,
2025-11-29T10:15:08+00:00,84045,3250,
2025-11-29T11:11:44+00:00,84045,3250,
2025-11-29T12:25:42+00:00,84045,3250,
2025-11-29T13:22:43+00:00,84045,3250,
2025-11-29T14:13:33+00:00,84045,3250,
2025-11-29T15:13:26+00:00,84045,3250,
2025-11-29T16:16:23+00:00,84045,3250,
2025-11-29T17:12:39+00:00,84045,3250,
2025-11-29T18:19:00+00:00,84045,3250,
2025-11-29T19:11:03+00:00,84045,3250,
2025-11-29T20:15:06+00:00,84045,3250,
2025-11-29T21:12:44+00:00,84045,3250,
2025-11-29T22:14:11+00:00,84045,3250,
2025-11-29T23:13:46+00:00,84045,3250,
2025-11-30T01:11:07+00:00,84045,3250,
2025-11-30T03:22:06+00:00,84045,3250,
2025-11-30T04:30:30+00:00,84045,3250,
2025-11-30T05:14:34+00:00,84045,3250,
2025-11-30T06:21:46+00:00,84045,3250,
2025-11-30T07:13:33+00:00,84045,3250,
2025-11-30T08:17:53+00:00,84045,3250,
2025-11-30T09:14:09+00:00,84045,3250,
2025-11-30T10:14:22+00:00,84045,3250,
2025-11-30T11:12:01+00:00,84045,3250,
2025-11-30T12:25:19+00:00,84045,3250,
2025-11-30T13:23:03+00:00,84045,3250,
2025-11-30T14:13:06+00:00,84045,3250,
2025-11-30T15:14:08+00:00,84045,3250,
2025-11-30T16:16:53+00:00,84045,3250,
2025-11-30T17:13:18+00:00,84035,3248,
2025-11-30T18:19:58+00:00,84035,3248,
2025-11-30T19:11:40+00:00,84035,3248,
2025-11-30T20:16:09+00:00,84035,3248,
2025-11-30T21:13:01+00:00,84037,3248,
2025-11-30T22:14:02+00:00,84031,3248,
2025-11-30T23:13:57+00:00,84031,3248,
2025-12-01T01:15:51+00:00,84031,3248,
2025-12-01T03:46:03+00:00,84027,3248,
2025-12-01T04:44:25+00:00,84027,3248,
2025-12-01T05:24:14+00:00,84027,3248,
2025-12-01T06:23:55+00:00,84027,3248,
2025-12-01T07:18:43+00:00,84027,3248,
2025-12-01T08:22:47+00:00,84027,3248,
2025-12-01T09:21:51+00:00,84027,3248,
2025-12-01T10:18:32+00:00,84029,3248,
2025-12-01T11:14:35+00:00,84029,3248,
2025-12-01T12:30:15+00:00,84029,3248,
2025-12-01T13:32:13+00:00,84029,3248,
2025-12-01T14:16:29+00:00,84029,3248,
2025-12-01T15:16:08+00:00,84029,3248,
2025-12-01T16:20:43+00:00,84029,3248,
2025-12-01T17:17:05+00:00,84029,3248,
2025-12-01T18:23:36+00:00,84028,3247,
2025-12-01T19:17:48+00:00,84028,3247,
2025-12-01T20:15:34+00:00,84029,3247,
2025-12-01T21:13:32+00:00,84031,3247,
2025-12-01T22:13:42+00:00,84031,3247,
2025-12-01T23:15:12+00:00,84031,3247,
2025-12-02T01:04:13+00:00,84031,3247,
2025-12-02T03:14:34+00:00,84031,3247,
2025-12-02T04:25:41+00:00,84031,3247,
2025-12-02T05:15:47+00:00,84031,3247,
2025-12-02T06:23:23+00:00,84031,3247,
2025-12-02T07:18:31+00:00,84031,3247,
2025-12-02T08:21:33+00:00,84031,3247,
2025-12-02T10:17:06+00:00,84031,3247,
2025-12-02T11:15:28+00:00,84031,3247,
2025-12-02T12:30:51+00:00,84031,3247,
2025-12-02T13:33:35+00:00,84031,3247,
2025-12-02T14:16:52+00:00,84031,3247,
2025-12-02T15:17:19+00:00,84031,3247,
2025-12-02T16:20:17+00:00,84031,3247,
2025-12-02T17:18:18+00:00,84031,3247,
2025-12-02T18:22:45+00:00,84031,3247,
2025-12-02T19:16:00+00:00,84031,3247,
2025-12-02T20:17:24+00:00,84031,3247,
2025-12-02T21:15:35+00:00,84033,3247,
2025-12-02T22:13:37+00:00,84033,3247,
2025-12-02T23:14:42+00:00,84033,3247,
2025-12-03T01:04:52+00:00,84033,3247,
2025-12-03T03:13:17+00:00,84035,3247,
2025-12-03T04:23:32+00:00,84018,3246,
2025-12-03T05:15:43+00:00,84018,3246,
2025-12-03T06:22:58+00:00,84018,3246,
2025-12-03T07:17:39+00:00,84018,3246,
2025-12-03T08:20:57+00:00,84018,3246,
2025-12-03T09:19:45+00:00,84018,3246,
2025-12-03T10:17:58+00:00,84018,3246,
2025-12-03T11:14:18+00:00,84018,3246,
2025-12-03T12:29:55+00:00,84018,3246,
2025-12-03T13:33:04+00:00,84018,3246,
2025-12-03T14:16:57+00:00,84018,3246,
2025-12-03T15:17:09+00:00,84018,3246,
2025-12-03T16:21:12+00:00,84018,3246,
2025-12-03T17:18:44+00:00,84018,3246,
2025-12-03T18:23:13+00:00,84018,3246,
2025-12-03T19:14:01+00:00,84019,3246,
2025-12-03T20:17:30+00:00,84018,3246,
2025-12-03T21:15:01+00:00,84018,3246,
2025-12-03T22:15:36+00:00,84022,3246,
2025-12-03T23:13:03+00:00,84063,3246,
2025-12-04T01:04:48+00:00,84063,3246,
2025-12-04T03:15:20+00:00,84063,3246,
2025-12-04T04:25:38+00:00,84063,3246,
2025-12-04T05:16:02+00:00,84063,3246,
2025-12-04T06:22:43+00:00,84063,3246,
2025-12-04T07:16:47+00:00,84063,3246,
2025-12-04T08:21:54+00:00,84063,3246,
2025-12-04T09:19:23+00:00,84063,3246,
2025-12-04T10:18:50+00:00,84063,3246,
2025-12-04T11:15:25+00:00,84063,3246,
2025-12-04T12:30:21+00:00,84063,3246,
2025-12-04T13:32:53+00:00,84063,3246,
2025-12-04T14:16:50+00:00,84063,3246,
2025-12-04T15:17:43+00:00,84063,3246,
2025-12-04T16:20:28+00:00,84063,3246,
2025-12-04T17:18:09+00:00,84063,3246,
2025-12-04T18:24:03+00:00,84063,3246,
2025-12-04T19:15:18+00:00,84063,3246,
2025-12-04T20:17:03+00:00,84063,3246,
2025-12-04T21:14:49+00:00,84081,3246,
2025-12-04T22:13:44+00:00,84081,3246,
2025-12-04T23:14:46+00:00,84081,3246,
2025-12-05T01:05:26+00:00,84077,3246,
2025-12-05T03:14:52+00:00,84077,3246,
2025-12-05T04:25:00+00:00,84077,3246,
2025-12-05T05:15:40+00:00,84077,3246,
2025-12-05T06:23:16+00:00,84077,3246,
2025-12-05T07:17:32+00:00,84077,3246,
2025-12-05T08:21:28+00:00,84077,3246,
2025-12-05T09:17:12+00:00,84077,3246,
2025-12-05T10:16:21+00:00,84077,3246,
2025-12-05T11:14:44+00:00,84077,3246,
2025-12-05T12:29:20+00:00,84077,3246,
2025-12-05T13:29:37+00:00,84077,3246,
2025-12-05T14:15:57+00:00,84077,3246,
2025-12-05T15:16:33+00:00,84077,3246,
2025-12-05T16:18:46+00:00,84077,3246,
2025-12-05T17:14:30+00:00,84077,3246,
2025-12-05T18:19:03+00:00,84077,3246,
2025-12-05T19:12:31+00:00,84077,3246,
2025-12-05T20:16:25+00:00,84077,3246,
2025-12-05T21:13:35+00:00,84077,3246,
2025-12-05T22:14:25+00:00,84077,3246,
2025-12-05T23:15:03+00:00,84077,3246,
2025-12-06T01:01:32+00:00,84077,3246,
2025-12-06T02:42:35+00:00,84077,3246,
2025-12-06T03:41:04+00:00,84077,3246,
2025-12-06T04:17:03+00:00,84077,3246,
2025-12-06T05:14:09+00:00,84077,3246,
2025-12-06T06:20:39+00:00,84077,3246,
2025-12-06T07:13:33+00:00,84077,3246,
2025-12-06T08:17:56+00:00,84077,3246,
2025-12-06T09:14:39+00:00,84077,3246,
2025-12-06T10:14:59+00:00,84077,3246,
2025-12-06T11:12:07+00:00,84077,3246,
2025-12-06T12:25:58+00:00,84077,3246,
2025-12-06T13:22:55+00:00,84077,3246,
2025-12-06T14:13:26+00:00,84077,3246,
2025-12-06T15:14:02+00:00,84077,3246,
2025-12-06T16:16:26+00:00,84077,3246,
2025-12-06T17:12:14+00:00,84075,3246,
2025-12-06T18:19:23+00:00,84075,3246,
2025-12-06T19:11:16+00:00,84075,3246,
2025-12-06T20:15:32+00:00,84081,3246,
2025-12-06T21:12:43+00:00,84081,3246,
2025-12-06T22:13:30+00:00,84081,3246,
2025-12-06T23:13:56+00:00,84081,3246,
2025-12-07T01:11:08+00:00,84081,3246,
2025-12-07T03:23:18+00:00,84081,3246,
2025-12-07T04:29:35+00:00,84081,3246,
2025-12-07T05:14:25+00:00,84081,3246,
2025-12-07T06:20:22+00:00,84081,3246,
2025-12-07T07:14:41+00:00,84081,3246,
2025-12-07T08:18:08+00:00,84081,3246,
2025-12-07T09:14:48+00:00,84081,3246,
2025-12-07T10:14:17+00:00,84081,3246,
2025-12-07T11:12:24+00:00,84081,3246,
2025-12-07T12:25:17+00:00,84081,3246,
2025-12-07T13:21:59+00:00,84081,3246,
2025-12-07T14:13:17+00:00,84081,3246,
2025-12-07T15:13:51+00:00,84081,3246,
2025-12-07T16:16:29+00:00,84081,3246,
2025-12-07T17:11:55+00:00,84080,3246,
2025-12-07T18:19:03+00:00,84080,3246,
2025-12-07T19:11:32+00:00,84077,3244,
2025-12-07T20:15:34+00:00,84073,3243,
2025-12-07T21:12:24+00:00,84073,3243,
2025-12-07T22:13:35+00:00,84073,3243,
2025-12-07T23:14:08+00:00,84073,3243,
2025-12-08T01:05:09+00:00,84073,3243,
2025-12-08T03:17:35+00:00,84099,3243,
2025-12-08T04:29:49+00:00,84097,3243,
2025-12-08T05:17:36+00:00,84097,3243,
2025-12-08T06:24:49+00:00,84097,3243,
2025-12-08T07:20:06+00:00,84097,3243,
2025-12-08T08:23:31+00:00,84097,3243,
2025-12-08T09:22:19+00:00,84097,3243,
2025-12-08T10:18:05+00:00,84097,3243,
2025-12-08T11:15:02+00:00,84097,3243,
2025-12-08T12:30:13+00:00,84097,3243,
2025-12-08T13:31:54+00:00,84097,3243,
2025-12-08T14:16:35+00:00,84097,3243,
2025-12-08T15:16:40+00:00,84097,3243,
2025-12-08T16:20:25+00:00,84097,3243,
2025-12-08T17:16:01+00:00,84097,3243,
2025-12-08T18:22:30+00:00,84097,3243,
2025-12-08T19:13:39+00:00,84097,3243,
2025-12-08T20:17:25+00:00,84097,3243,
2025-12-08T21:13:56+00:00,84097,3243,
2025-12-08T22:14:39+00:00,84097,3243,
2025-12-08T23:14:34+00:00,84097,3243,
2025-12-09T01:04:29+00:00,84097,3243,
2025-12-09T03:14:41+00:00,84095,3243,
2025-12-09T04:23:54+00:00,84095,3243,
2025-12-09T05:15:54+00:00,84095,3243,
2025-12-09T06:23:30+00:00,84095,3243,
2025-12-09T07:17:34+00:00,84095,3243,
2025-12-09T08:21:54+00:00,84095,3243,
2025-12-09T09:18:41+00:00,84095,3243,
2025-12-09T10:18:06+00:00,84095,3243,
2025-12-09T11:14:39+00:00,84095,3243,
2025-12-09T12:30:40+00:00,84095,3243,
2025-12-09T13:32:39+00:00,84095,3243,
2025-12-09T14:16:44+00:00,84095,3243,
2025-12-09T15:17:49+00:00,84095,3243,
2025-12-09T16:20:52+00:00,84095,3243,
2025-12-09T17:17:01+00:00,84095,3243,
2025-12-09T18:19:21+00:00,84093,3243,
2025-12-09T19:12:19+00:00,84093,3243,
2025-12-09T20:16:07+00:00,84093,3243,
2025-12-09T21:13:15+00:00,84093,3243,
2025-12-09T22:16:18+00:00,84093,3243,
2025-12-09T23:14:50+00:00,84091,3242,
2025-12-10T01:06:06+00:00,84090,3241,
2025-12-10T03:18:44+00:00,84090,3241,
2025-12-10T04:29:15+00:00,84090,3241,
2025-12-10T05:17:54+00:00,84090,3241,
2025-12-10T06:23:40+00:00,84090,3241,
2025-12-10T07:18:12+00:00,84090,3241,
2025-12-10T08:21:02+00:00,84090,3241,
2025-12-10T09:19:10+00:00,84090,3241,
2025-12-10T10:17:45+00:00,84090,3241,
2025-12-10T11:14:34+00:00,84090,3241,
2025-12-10T12:29:34+00:00,84090,3241,
2025-12-10T13:34:31+00:00,84090,3241,
2025-12-10T14:17:49+00:00,84090,3241,
2025-12-10T15:18:37+00:00,84090,3241,
2025-12-10T16:21:19+00:00,84090,3241,
2025-12-10T17:17:38+00:00,84090,3241,
2025-12-10T18:22:47+00:00,84086,3241,
2025-12-10T19:14:35+00:00,84086,3241,
2025-12-10T20:17:16+00:00,84086,3241,
2025-12-10T21:16:06+00:00,84086,3241,
2025-12-10T22:15:57+00:00,84086,3241,
2025-12-10T23:13:13+00:00,84090,3242,
2025-12-11T01:07:14+00:00,84096,3242,
2025-12-11T03:20:37+00:00,84096,3242,
2025-12-11T04:31:20+00:00,84096,3242,
2025-12-11T05:18:27+00:00,84096,3242,
2025-12-11T06:24:18+00:00,84096,3242,
2025-12-11T07:21:09+00:00,84096,3242,
2025-12-11T08:22:20+00:00,84096,3242,
2025-12-11T09:20:31+00:00,84096,3242,
2025-12-11T10:17:38+00:00,84096,3242,
2025-12-11T11:14:52+00:00,84096,3242,
2025-12-11T12:30:54+00:00,84096,3242,
2025-12-11T13:35:46+00:00,84096,3242,
2025-12-11T14:18:21+00:00,84096,3242,
2025-12-11T15:18:07+00:00,84096,3242,
2025-12-11T16:21:18+00:00,84096,3242,
2025-12-11T17:21:43+00:00,84096,3242,
2025-12-11T18:21:22+00:00,84096,3242,
2025-12-11T19:16:34+00:00,84096,3242,
2025-12-11T20:17:43+00:00,84096,3242,
2025-12-11T21:16:40+00:00,84130,3242,
2025-12-11T22:15:20+00:00,84128,3241,
2025-12-11T23:15:03+00:00,84128,3241,
2025-12-12T01:07:19+00:00,84125,3238,
2025-12-12T03:20:03+00:00,84102,3236,
2025-12-12T04:30:36+00:00,84102,3236,
2025-12-12T05:17:00+00:00,84102,3236,
2025-12-12T06:23:57+00:00,84102,3236,
2025-12-12T07:19:00+00:00,84102,3236,
2025-12-12T08:21:24+00:00,84102,3236,
2025-12-12T09:20:32+00:00,84102,3236,
2025-12-12T10:16:41+00:00,84102,3236,
2025-12-12T11:14:47+00:00,84102,3236,
2025-12-12T12:29:25+00:00,84102,3236,
2025-12-12T13:31:02+00:00,84102,3236,
2025-12-12T14:15:20+00:00,84102,3236,
2025-12-12T15:16:54+00:00,84102,3236,
2025-12-12T16:17:45+00:00,84102,3236,
2025-12-12T17:14:46+00:00,84102,3236,
2025-12-12T18:22:28+00:00,84102,3236,
2025-12-12T19:14:06+00:00,84102,3236,
2025-12-12T20:16:31+00:00,84102,3236,
2025-12-12T21:14:02+00:00,84102,3236,
2025-12-12T22:15:09+00:00,84102,3236,
2025-12-12T23:14:51+00:00,84102,3236,
2025-12-13T01:02:24+00:00,84102,3236,
2025-12-13T03:11:30+00:00,84102,3236,
2025-12-13T04:21:09+00:00,84102,3236,
2025-12-13T05:16:18+00:00,84102,3236,
2025-12-13T06:21:39+00:00,84102,3236,
2025-12-13T08:18:23+00:00,84102,3236,
2025-12-13T09:15:10+00:00,84102,3236,
2025-12-13T10:14:32+00:00,84102,3236,
2025-12-13T11:12:36+00:00,84102,3236,
2025-12-13T12:26:01+00:00,84102,3236,
2025-12-13T13:23:58+00:00,84102,3236,
2025-12-13T14:14:07+00:00,84102,3236,
2025-12-13T15:14:26+00:00,84102,3236,
2025-12-13T16:17:18+00:00,84102,3236,
2025-12-13T17:12:46+00:00,84102,3236,
2025-12-13T18:19:23+00:00,84102,3236,
2025-12-13T19:11:18+00:00,84102,3236,
2025-12-13T20:16:14+00:00,84102,3236,
2025-12-13T21:12:30+00:00,84102,3236,
2025-12-13T22:14:00+00:00,84102,3236,
2025-12-13T23:13:50+00:00,84102,3236,
2025-12-14T01:11:12+00:00,84102,3236,
2025-12-14T03:24:13+00:00,84102,3236,
2025-12-14T04:32:03+00:00,84102,3236,
2025-12-14T05:15:34+00:00,84102,3236,
2025-12-14T06:21:41+00:00,84102,3236,
2025-12-14T07:14:37+00:00,84102,3236,
2025-12-14T08:19:17+00:00,84102,3236,
2025-12-14T09:15:01+00:00,84102,3236,
2025-12-14T10:14:47+00:00,84102,3236,
2025-12-14T11:12:46+00:00,84102,3236,
2025-12-14T12:26:09+00:00,84102,3236,
2025-12-14T13:23:51+00:00,84102,3236,
2025-12-14T14:13:56+00:00,84102,3236,
2025-12-14T15:14:11+00:00,84102,3236,
2025-12-14T16:16:59+00:00,84102,3236,
2025-12-14T17:12:49+00:00,84102,3236,
2025-12-14T18:20:23+00:00,84102,3236,
2025-12-14T19:11:32+00:00,84102,3236,
2025-12-14T20:16:09+00:00,84102,3236,
2025-12-14T21:14:22+00:00,84102,3236,
2025-12-14T22:13:45+00:00,84101,3234,
2025-12-14T23:14:03+00:00,84101,3234,
2025-12-15T01:08:57+00:00,84156,3233,
2025-12-15T03:25:44+00:00,84138,3232,
2025-12-15T04:36:01+00:00,84138,3232,
2025-12-15T05:20:56+00:00,84138,3232,
2025-12-15T07:21:04+00:00,84138,3232,
2025-12-15T08:23:20+00:00,84138,3232,
2025-12-15T09:25:54+00:00,84138,3232,
2025-12-15T10:19:44+00:00,84139,3232,
2025-12-15T11:14:50+00:00,84139,3232,
2025-12-15T12:32:45+00:00,84139,3232,
2025-12-15T13:37:46+00:00,84139,3232,
2025-12-15T14:19:53+00:00,84139,3232,
2025-12-15T15:19:29+00:00,84139,3232,
2025-12-15T16:22:05+00:00,84139,3232,
2025-12-15T17:20:53+00:00,84139,3232,
2025-12-15T18:23:06+00:00,84139,3232,
2025-12-15T19:16:15+00:00,84139,3232,
2025-12-15T20:17:28+00:00,84139,3232,
2025-12-15T21:14:54+00:00,84139,3231,
2025-12-15T22:15:16+00:00,84139,3231,
2025-12-15T23:16:03+00:00,84145,3230,
2025-12-16T01:07:36+00:00,84145,3230,
2025-12-16T03:20:30+00:00,84145,3230,
2025-12-16T04:31:08+00:00,84145,3230,
2025-12-16T05:18:21+00:00,84145,3230,
2025-12-16T06:24:05+00:00,84145,3230,
2025-12-16T07:19:15+00:00,84145,3230,
2025-12-16T08:22:43+00:00,84145,3230,
2025-12-16T09:21:17+00:00,84145,3230,
2025-12-16T10:17:58+00:00,84145,3230,
2025-12-16T11:14:33+00:00,84145,3230,
2025-12-16T12:31:09+00:00,84145,3230,
2025-12-16T13:34:54+00:00,84145,3230,
2025-12-16T14:18:59+00:00,84145,3230,
2025-12-16T15:18:40+00:00,84145,3230,
2025-12-16T16:20:57+00:00,84145,3230,
2025-12-16T17:20:05+00:00,84145,3230,
2025-12-16T18:22:31+00:00,84145,3230,
2025-12-16T19:16:16+00:00,84143,3229,
2025-12-16T20:17:44+00:00,84143,3229,
2025-12-16T21:16:20+00:00,84143,3229,
2025-12-16T22:15:49+00:00,84143,3229,
2025-12-16T23:15:53+00:00,84143,3229,
2025-12-17T01:03:16+00:00,84136,3228,
2025-12-17T03:15:56+00:00,84186,3228,
2025-12-17T04:29:07+00:00,84186,3228,
2025-12-17T05:18:37+00:00,84186,3228,
2025-12-17T06:23:51+00:00,84186,3228,
2025-12-17T07:19:10+00:00,84186,3228,
2025-12-17T08:22:30+00:00,84186,3228,
2025-12-17T09:23:04+00:00,84186,3228,
2025-12-17T10:18:27+00:00,84186,3228,
2025-12-17T11:14:59+00:00,84186,3228,
2025-12-17T12:30:18+00:00,84186,3228,
2025-12-17T13:30:54+00:00,84186,3228,
2025-12-17T14:16:16+00:00,84186,3228,
2025-12-17T15:17:47+00:00,84186,3228,
2025-12-17T16:19:44+00:00,84186,3228,
2025-12-17T17:20:02+00:00,84186,3228,
2025-12-17T18:23:24+00:00,84186,3228,
2025-12-17T19:16:30+00:00,84186,3228,
2025-12-17T20:17:28+00:00,84186,3228,
2025-12-17T21:15:19+00:00,84190,3228,
2025-12-17T22:14:53+00:00,84190,3228,
2025-12-17T23:15:32+00:00,84192,3228,
2025-12-18T01:03:33+00:00,84192,3228,
2025-12-18T03:16:25+00:00,84222,3228,
2025-12-18T04:29:31+00:00,84222,3228,
2025-12-18T05:18:06+00:00,84222,3228,
2025-12-18T06:23:45+00:00,84222,3228,
2025-12-18T07:18:21+00:00,84222,3228,
2025-12-18T08:21:39+00:00,84222,3228,
2025-12-18T09:20:53+00:00,84222,3228,
2025-12-18T10:17:03+00:00,84222,3228,
2025-12-18T11:15:27+00:00,84222,3228,
2025-12-18T12:30:01+00:00,84222,3228,
2025-12-18T13:33:23+00:00,84222,3228,
2025-12-18T14:17:59+00:00,84254,3228,
2025-12-18T15:17:42+00:00,84254,3228,
2025-12-18T16:21:06+00:00,84254,3228,
2025-12-18T17:19:24+00:00,84254,3228,
2025-12-18T18:22:39+00:00,84254,3228,
2025-12-18T19:15:15+00:00,84254,3228,
2025-12-18T20:16:52+00:00,84254,3228,
2025-12-18T21:14:29+00:00,84254,3228,
2025-12-18T22:15:04+00:00,84248,3225,
2025-12-18T23:15:01+00:00,84250,3225,
2025-12-19T01:06:51+00:00,84250,3225,
2025-12-19T03:19:23+00:00,84250,3225,
2025-12-19T04:30:04+00:00,84250,3225,
2025-12-19T05:17:47+00:00,84250,3225,
2025-12-19T06:22:32+00:00,84250,3225,
2025-12-19T07:18:00+00:00,84250,3225,
2025-12-19T08:21:41+00:00,84250,3225,
2025-12-19T09:19:09+00:00,84250,3225,
2025-12-19T10:16:35+00:00,84250,3225,
2025-12-19T11:14:18+00:00,84250,3225,
2025-12-19T12:29:02+00:00,84250,3225,
2025-12-19T13:29:55+00:00,84250,3225,
2025-12-19T14:16:36+00:00,84250,3225,
2025-12-19T15:16:42+00:00,84250,3225,
2025-12-19T16:19:00+00:00,84250,3225,
2025-12-19T17:14:53+00:00,84250,3225,
2025-12-19T18:21:26+00:00,84250,3225,
2025-12-19T19:12:59+00:00,84250,3225,
2025-12-19T20:16:42+00:00,84250,3225,
2025-12-19T21:14:36+00:00,84250,3225,
2025-12-19T22:15:15+00:00,84250,3225,
2025-12-19T23:15:23+00:00,84250,3225,
2025-12-20T01:03:01+00:00,84250,3225,
2025-12-20T03:11:27+00:00,84250,3225,
2025-12-20T04:20:51+00:00,84250,3225,
2025-12-20T05:15:16+00:00,84250,3225,
2025-12-20T06:21:57+00:00,84250,3225,
2025-12-20T07:13:41+00:00,84250,3225,
2025-12-20T08:18:24+00:00,84250,3225,
2025-12-20T09:15:34+00:00,84250,3225,
2025-12-20T10:14:54+00:00,84250,3225,
2025-12-20T11:12:15+00:00,84250,3225,
2025-12-20T12:25:44+00:00,84250,3225,
2025-12-20T13:24:12+00:00,84250,3225,
2025-12-20T14:13:40+00:00,84250,3225,
2025-12-20T15:14:17+00:00,84250,3225,
2025-12-20T16:16:56+00:00,84250,3225,
2025-12-20T17:12:34+00:00,84250,3225,
2025-12-20T18:19:09+00:00,84250,3225,
2025-12-20T19:11:20+00:00,84250,3225,
2025-12-20T20:15:00+00:00,84250,3225,
2025-12-20T21:12:54+00:00,84250,3225,
2025-12-20T22:14:18+00:00,84250,3225,
2025-12-20T23:14:02+00:00,84250,3225,
2025-12-21T01:11:29+00:00,84250,3225,
2025-12-21T03:25:05+00:00,84250,3225,
2025-12-21T04:33:01+00:00,84250,3225,
2025-12-21T05:16:43+00:00,84250,3225,
2025-12-21T06:21:37+00:00,84250,3225,
2025-12-21T07:15:05+00:00,84250,3225,
2025-12-21T08:19:29+00:00,84250,3225,
2025-12-21T09:15:56+00:00,84250,3225,
2025-12-21T10:14:58+00:00,84250,3225,
2025-12-21T11:12:29+00:00,84250,3225,
2025-12-21T12:26:23+00:00,84250,3225,
2025-12-21T13:24:45+00:00,84250,3225,
2025-12-21T14:13:48+00:00,84250,3225,
2025-12-21T15:13:55+00:00,84250,3225,
2025-12-21T16:16:50+00:00,84250,3225,
2025-12-21T17:13:01+00:00,84250,3225,
2025-12-21T18:20:43+00:00,84250,3225,
2025-12-21T19:11:32+00:00,84250,3225,
2025-12-21T20:16:13+00:00,84250,3225,
2025-12-21T21:13:48+00:00,84252,3225,
2025-12-21T22:14:52+00:00,84252,3225,
2025-12-21T23:14:15+00:00,84252,3225,
2025-12-22T01:09:34+00:00,84252,3224,
2025-12-22T03:27:52+00:00,84336,3224,
2025-12-22T04:35:18+00:00,84336,3224,
2025-12-22T05:20:18+00:00,84336,3224,
2025-12-22T06:25:44+00:00,84336,3224,
2025-12-22T07:20:08+00:00,84336,3224,
2025-12-22T08:22:31+00:00,84336,3224,
2025-12-22T09:23:02+00:00,84336,3224,
2025-12-22T10:16:39+00:00,84336,3224,
2025-12-22T11:14:13+00:00,84336,3224,
2025-12-22T12:29:50+00:00,84336,3224,
2025-12-22T13:31:03+00:00,84336,3224,
2025-12-22T14:16:24+00:00,84336,3224,
2025-12-22T15:16:27+00:00,84336,3224,
2025-12-22T16:18:44+00:00,84336,3224,
2025-12-22T17:14:23+00:00,84336,3224,
2025-12-22T18:21:59+00:00,84336,3224,
2025-12-22T19:14:23+00:00,84336,3224,
2025-12-22T20:16:48+00:00,84336,3224,
2025-12-22T21:14:03+00:00,84344,3225,
2025-12-22T23:14:48+00:00,84346,3225,
2025-12-23T01:06:48+00:00,84354,3226,
2025-12-23T03:22:00+00:00,84354,3226,
2025-12-23T04:33:15+00:00,84354,3226,
2025-12-23T05:19:32+00:00,84354,3226,
2025-12-23T06:24:04+00:00,84354,3226,
2025-12-23T07:20:25+00:00,84354,3226,
2025-12-23T08:22:04+00:00,84355,3226,
2025-12-23T09:20:11+00:00,84355,3226,
2025-12-23T10:18:51+00:00,84355,3226,
2025-12-23T11:14:24+00:00,84355,3226,
2025-12-23T12:30:01+00:00,84355,3226,
2025-12-23T13:32:42+00:00,84355,3226,
2025-12-23T14:15:45+00:00,84355,3226,
2025-12-23T15:16:19+00:00,84355,3226,
2025-12-23T16:19:12+00:00,84355,3226,
2025-12-23T17:16:07+00:00,84355,3226,
2025-12-23T18:22:02+00:00,84355,3226,
2025-12-23T19:15:03+00:00,84355,3226,
2025-12-23T20:16:14+00:00,84355,3226,
2025-12-23T21:15:11+00:00,84355,3226,
2025-12-23T22:15:11+00:00,84356,3226,
2025-12-23T23:14:10+00:00,84356,3226,
2025-12-24T01:06:07+00:00,84364,3227,
2025-12-24T03:19:40+00:00,84364,3227,
2025-12-24T04:32:02+00:00,84364,3227,
2025-12-24T05:19:45+00:00,84364,3227,
2025-12-24T06:24:41+00:00,84364,3227,
2025-12-24T07:19:32+00:00,84364,3227,
2025-12-24T08:21:13+00:00,84364,3227,
2025-12-24T09:20:08+00:00,84364,3227,
2025-12-24T10:16:27+00:00,84395,3227,
2025-12-24T11:14:51+00:00,84395,3227,
2025-12-24T12:29:30+00:00,84395,3227,
2025-12-24T13:28:46+00:00,84395,3227,
2025-12-24T14:15:06+00:00,84395,3227,
2025-12-24T15:16:30+00:00,84395,3227,
2025-12-24T16:19:32+00:00,84395,3227,
2025-12-24T17:13:56+00:00,84395,3227,
2025-12-24T18:22:11+00:00,84395,3227,
2025-12-24T19:13:00+00:00,84395,3227,
2025-12-24T20:16:15+00:00,84395,3227,
2025-12-24T21:14:34+00:00,84395,3227,
2025-12-24T22:15:37+00:00,84395,3227,
2025-12-24T23:14:53+00:00,84395,3227,
2025-12-25T01:06:31+00:00,84395,3227,
2025-12-25T03:22:56+00:00,84395,3227,
2025-12-25T04:33:15+00:00,84395,3227,
2025-12-25T05:19:46+00:00,84395,3227,
2025-12-25T06:24:13+00:00,84395,3227,
2025-12-25T07:18:28+00:00,84395,3227,
2025-12-25T08:21:05+00:00,84395,3227,
2025-12-25T09:18:27+00:00,84395,3227,
2025-12-25T10:16:33+00:00,84395,3227,
2025-12-25T11:14:43+00:00,84395,3227,
2025-12-25T12:28:50+00:00,84395,3227,
2025-12-25T13:28:38+00:00,84395,3227,
2025-12-25T14:15:26+00:00,84395,3227,
2025-12-25T15:15:34+00:00,84395,3227,
2025-12-25T16:18:38+00:00,84395,3227,
2025-12-25T17:14:10+00:00,84395,3227,
2025-12-25T18:22:09+00:00,84395,3227,
2025-12-25T19:12:20+00:00,84395,3227,
2025-12-25T20:16:13+00:00,84395,3227,
2025-12-25T21:14:41+00:00,84395,3227,
2025-12-25T22:15:02+00:00,84395,3227,
2025-12-25T23:15:21+00:00,84395,3227,
2025-12-26T01:06:41+00:00,84395,3227,
2025-12-26T03:20:31+00:00,84395,3227,
2025-12-26T04:31:10+00:00,84395,3227,
2025-12-26T05:17:35+00:00,84395,3227,
2025-12-26T06:23:19+00:00,84395,3227,
2025-12-26T07:17:51+00:00,84395,3227,
2025-12-26T08:20:47+00:00,84395,3227,
2025-12-26T09:17:20+00:00,84395,3227,
2025-12-26T10:17:11+00:00,84395,3227,
2025-12-26T11:14:25+00:00,84395,3227,
2025-12-26T12:29:11+00:00,84395,3227,
2025-12-26T13:29:32+00:00,84395,3227,
2025-12-26T14:15:55+00:00,84395,3227,
2025-12-26T15:16:15+00:00,84395,3227,
2025-12-26T16:17:24+00:00,84395,3227,
2025-12-26T17:13:59+00:00,84395,3227,
2025-12-26T18:21:21+00:00,84395,3227,
2025-12-26T19:12:56+00:00,84395,3227,
2025-12-26T20:15:50+00:00,84395,3227,
2025-12-26T21:13:51+00:00,84395,3227,
2025-12-26T22:15:15+00:00,84395,3227,
2025-12-26T23:14:23+00:00,84395,3227,
2025-12-27T01:04:51+00:00,84395,3227,
2025-12-27T03:18:31+00:00,84395,3227,
2025-12-27T04:27:53+00:00,84395,3227,
2025-12-27T05:16:11+00:00,84395,3227,
2025-12-27T06:21:54+00:00,84395,3227,
2025-12-27T07:14:45+00:00,84395,3227,
2025-12-27T08:19:06+00:00,84395,3227,
2025-12-27T09:15:47+00:00,84395,3227,
2025-12-27T10:15:20+00:00,84395,3227,
2025-12-27T11:12:52+00:00,84395,3227,
2025-12-27T12:26:55+00:00,84395,3227,
2025-12-27T13:25:18+00:00,84395,3227,
2025-12-27T14:14:09+00:00,84395,3227,
2025-12-27T15:14:32+00:00,84395,3227,
2025-12-27T16:18:07+00:00,84395,3227,
2025-12-27T17:13:07+00:00,84395,3227,
2025-12-27T18:20:33+00:00,84395,3227,
2025-12-27T19:11:19+00:00,84395,3227,
2025-12-27T20:16:04+00:00,84395,3227,
2025-12-27T21:12:47+00:00,84395,3227,
2025-12-27T22:14:13+00:00,84395,3227,
2025-12-27T23:14:23+00:00,84395,3227,
2025-12-28T01:14:40+00:00,84395,3227,
2025-12-28T03:42:48+00:00,84395,3227,
2025-12-28T04:39:59+00:00,84395,3227,
2025-12-28T05:19:32+00:00,84395,3227,
2025-12-28T06:21:54+00:00,84395,3227,
2025-12-28T07:16:11+00:00,84395,3227,
2025-12-28T08:19:41+00:00,84395,3227,
2025-12-28T09:15:40+00:00,84395,3227,
2025-12-28T10:15:20+00:00,84395,3227,
2025-12-28T11:13:43+00:00,84395,3227,
2025-12-28T12:27:52+00:00,84395,3227,
2025-12-28T13:26:27+00:00,84395,3227,
2025-12-28T14:14:43+00:00,84395,3227,
2025-12-28T15:14:15+00:00,84395,3227,
2025-12-28T16:17:56+00:00,84395,3227,
2025-12-28T17:13:13+00:00,84395,3227,
2025-12-28T18:21:01+00:00,84395,3227,
2025-12-28T19:11:37+00:00,84395,3227,
2025-12-28T20:16:58+00:00,84395,3227,
2025-12-28T21:13:59+00:00,84395,3227,
2025-12-28T22:14:36+00:00,84395,3227,
2025-12-28T23:14:29+00:00,84395,3227,
2025-12-29T01:12:47+00:00,84395,3227,
2025-12-29T03:43:58+00:00,84395,3227,
2025-12-29T04:44:12+00:00,84395,3227,
2025-12-29T05:24:26+00:00,84395,3227,
2025-12-29T06:25:37+00:00,84395,3227,
2025-12-29T07:21:23+00:00,84395,3227,
2025-12-29T08:23:14+00:00,84395,3227,
2025-12-29T09:24:09+00:00,84395,3227,
2025-12-29T10:18:06+00:00,84395,3227,
2025-12-29T11:15:17+00:00,84395,3227,
2025-12-29T12:30:48+00:00,84395,3227,
2025-12-29T13:34:26+00:00,84395,3227,
2025-12-29T14:16:13+00:00,84395,3227,
2025-12-29T15:17:09+00:00,84395,3227,
2025-12-29T16:19:10+00:00,84395,3227,
2025-12-29T17:14:18+00:00,84395,3227,
2025-12-29T18:22:51+00:00,84395,3227,
2025-12-29T19:12:22+00:00,84395,3227,
2025-12-29T20:18:04+00:00,84395,3227,
2025-12-29T21:14:36+00:00,84395,3227,
2025-12-29T22:14:49+00:00,84395,3227,
2025-12-29T23:14:29+00:00,84395,3227,
2025-12-30T01:07:10+00:00,84395,3227,
2025-12-30T03:23:44+00:00,84395,3227,
2025-12-30T04:34:27+00:00,84395,3227,
2025-12-30T05:20:06+00:00,84395,3227,
2025-12-30T06:23:38+00:00,84395,3227,
2025-12-30T07:18:47+00:00,84395,3227,
2025-12-30T08:22:07+00:00,84395,3227,
2025-12-30T09:20:18+00:00,84395,3227,
2025-12-30T10:17:09+00:00,84395,3227,
2025-12-30T11:15:29+00:00,84395,3227,
2025-12-30T12:30:16+00:00,84395,3227,
2025-12-30T13:33:43+00:00,84395,3227,
2025-12-30T14:16:24+00:00,84395,3227,
2025-12-30T15:16:54+00:00,84395,3227,
2025-12-30T16:19:45+00:00,84395,3227,
2025-12-30T17:16:45+00:00,84395,3227,
2025-12-30T18:22:36+00:00,84395,3227,
2025-12-30T19:14:18+00:00,84395,3227,
2025-12-30T20:17:04+00:00,84395,3227,
2025-12-30T21:15:31+00:00,84395,3227,
2025-12-30T22:15:50+00:00,84395,3227,
2025-12-30T23:14:23+00:00,84401,3227,
2025-12-31T01:08:20+00:00,84401,3227,
2025-12-31T03:22:26+00:00,84401,3227,
2025-12-31T04:34:10+00:00,84401,3227,
2025-12-31T05:25:28+00:00,84401,3227,
2025-12-31T06:24:23+00:00,84401,3227,
2025-12-31T07:20:02+00:00,84401,3227,
2025-12-31T08:21:37+00:00,84401,3227,
2025-12-31T09:20:07+00:00,84401,3227,
2025-12-31T10:16:28+00:00,84401,3227,
2025-12-31T11:14:46+00:00,84401,3227,
2025-12-31T12:29:40+00:00,84401,3227,
2025-12-31T13:29:18+00:00,84401,3227,
2025-12-31T14:16:09+00:00,84401,3227,
2025-12-31T15:15:33+00:00,84401,3227,
2025-12-31T16:19:25+00:00,84401,3227,
2025-12-31T17:14:16+00:00,84389,3227,
2025-12-31T18:21:49+00:00,84389,3227,
2025-12-31T19:12:27+00:00,84389,3227,
2025-12-31T20:16:51+00:00,84389,3227,
2025-12-31T21:13:51+00:00,84389,3227,
2025-12-31T22:15:27+00:00,84389,3227,
2025-12-31T23:15:12+00:00,84389,3227,
2026-01-01T01:15:01+00:00,84389,3227,
2026-01-01T03:45:55+00:00,84389,3227,
2026-01-01T04:42:52+00:00,84389,3227,
2026-01-01T05:22:38+00:00,84389,3227,
2026-01-01T06:23:38+00:00,84389,3227,
2026-01-01T07:19:10+00:00,84389,3227,
2026-01-01T08:21:52+00:00,84389,3227,
2026-01-01T09:20:12+00:00,84389,3227,
2026-01-01T10:16:57+00:00,84389,3227,
2026-01-01T11:14:01+00:00,84389,3227,
2026-01-01T12:29:39+00:00,84389,3227,
2026-01-01T13:30:11+00:00,84389,3227,
2026-01-01T14:15:22+00:00,84389,3227,
2026-01-01T15:15:57+00:00,84389,3227,
2026-01-01T16:19:12+00:00,84389,3227,
2026-01-01T17:15:31+00:00,84386,3227,
2026-01-01T18:22:17+00:00,84386,3227,
2026-01-01T19:13:23+00:00,84386,3227,
2026-01-01T20:17:49+00:00,84386,3227,
2026-01-01T21:14:34+00:00,84386,3227,
2026-01-01T22:15:25+00:00,84386,3227,
2026-01-01T23:15:41+00:00,84386,3227,
2026-01-02T01:08:58+00:00,84386,3227,
2026-01-02T03:26:04+00:00,84386,3227,
2026-01-02T04:35:28+00:00,84386,3227,
2026-01-02T05:21:09+00:00,84386,3227,
2026-01-02T06:23:48+00:00,84386,3227,
2026-01-02T07:19:52+00:00,84386,3227,
2026-01-02T08:21:15+00:00,84386,3227,
2026-01-02T09:19:15+00:00,84386,3227,
2026-01-02T10:16:05+00:00,84386,3227,
2026-01-02T11:14:50+00:00,84386,3227,
2026-01-02T12:29:10+00:00,84386,3227,
2026-01-02T13:29:28+00:00,84386,3227,
2026-01-02T14:16:07+00:00,84386,3227,
2026-01-02T15:16:46+00:00,84386,3227,
2026-01-02T16:18:07+00:00,84386,3227,
2026-01-02T17:13:45+00:00,84386,3227,
2026-01-02T18:21:34+00:00,84386,3227,
2026-01-02T19:10:37+00:00,84386,3227,
2026-01-02T20:16:31+00:00,84386,3227,
2026-01-02T21:12:23+00:00,84386,3227,
2026-01-02T22:14:44+00:00,84386,3227,
2026-01-02T23:14:50+00:00,84386,3227,
2026-01-03T01:04:20+00:00,84386,3227,
2026-01-03T03:18:45+00:00,84386,3227,
2026-01-03T04:27:48+00:00,84386,3227,
2026-01-03T05:17:04+00:00,84386,3227,
2026-01-03T06:22:16+00:00,84386,3227,
2026-01-03T07:14:45+00:00,84386,3227,
2026-01-03T08:19:29+00:00,84386,3227,
2026-01-03T09:15:24+00:00,84386,3227,
2026-01-03T10:15:39+00:00,84386,3227,
2026-01-03T11:12:48+00:00,84386,3227,
2026-01-03T12:26:50+00:00,84386,3227,
2026-01-03T13:26:35+00:00,84386,3227,
2026-01-03T14:14:22+00:00,84386,3227,
2026-01-03T15:14:21+00:00,84386,3227,
2026-01-03T16:17:39+00:00,84386,3227,
2026-01-03T17:12:55+00:00,84386,3227,
2026-01-03T18:20:37+00:00,84386,3227,
2026-01-03T19:12:07+00:00,84386,3227,
2026-01-03T20:16:02+00:00,84386,3227,
2026-01-03T21:13:44+00:00,84386,3227,
2026-01-03T22:14:19+00:00,84386,3227,
2026-01-03T23:14:13+00:00,84386,3227,
2026-01-04T01:15:21+00:00,84386,3227,
2026-01-04T03:45:51+00:00,84386,3227,
2026-01-04T04:44:16+00:00,84386,3227,
2026-01-04T05:21:58+00:00,84386,3227,
2026-01-04T06:22:40+00:00,84386,3227,
2026-01-04T07:17:24+00:00,84386,3227,
2026-01-04T08:19:40+00:00,84386,3227,
2026-01-04T09:14:50+00:00,84386,3227,
2026-01-04T10:15:17+00:00,84386,3227,
2026-01-04T11:13:16+00:00,84384,3227,
2026-01-04T12:27:24+00:00,84384,3227,
2026-01-04T13:26:31+00:00,84384,3227,
2026-01-04T14:13:51+00:00,84384,3227,
2026-01-04T15:14:15+00:00,84384,3227,
2026-01-04T16:17:27+00:00,84384,3227,
2026-01-04T17:13:17+00:00,84384,3227,
2026-01-04T18:20:52+00:00,84384,3227,
2026-01-04T19:11:53+00:00,84384,3227,
2026-01-04T20:16:22+00:00,84370,3226,
2026-01-04T21:13:50+00:00,84370,3226,
2026-01-04T22:14:59+00:00,84369,3225,
2026-01-04T23:14:31+00:00,84369,3225,
2026-01-05T01:14:20+00:00,84369,3225,
2026-01-05T03:50:49+00:00,84369,3225,
2026-01-05T04:52:21+00:00,84369,3225,
2026-01-05T05:32:32+00:00,84369,3225,
2026-01-05T06:29:15+00:00,84369,3225,
2026-01-05T07:24:14+00:00,84369,3225,
2026-01-05T08:23:42+00:00,84369,3225,
2026-01-05T09:25:54+00:00,84369,3225,
2026-01-05T10:19:47+00:00,84369,3225,
2026-01-05T11:15:24+00:00,84369,3225,
2026-01-05T12:32:27+00:00,84369,3225,
2026-01-05T13:37:54+00:00,84369,3225,
2026-01-05T14:19:12+00:00,84369,3225,
2026-01-05T15:18:06+00:00,84369,3225,
2026-01-05T16:21:34+00:00,84369,3225,
2026-01-05T17:18:27+00:00,84353,3225,
2026-01-05T18:23:32+00:00,84353,3225,
2026-01-05T19:17:42+00:00,84353,3225,
2026-01-05T20:18:28+00:00,84353,3225,
2026-01-05T21:15:20+00:00,84353,3225,
2026-01-05T22:15:49+00:00,84353,3225,
2026-01-05T23:15:33+00:00,84353,3225,
2026-01-06T01:08:13+00:00,84355,3226,
2026-01-06T03:25:22+00:00,84357,3226,
2026-01-06T04:35:40+00:00,84357,3226,
2026-01-06T05:21:18+00:00,84357,3226,
2026-01-06T06:24:29+00:00,84359,3226,
2026-01-06T07:22:17+00:00,84359,3226,
2026-01-06T08:22:06+00:00,84359,3226,
2026-01-06T09:21:55+00:00,84359,3226,
2026-01-06T10:17:21+00:00,84361,3226,
2026-01-06T11:14:40+00:00,84361,3226,
2026-01-06T12:31:11+00:00,84361,3226,
2026-01-06T13:34:11+00:00,84361,3226,
2026-01-06T14:17:24+00:00,84361,3226,
2026-01-06T15:17:00+00:00,84361,3226,
2026-01-06T16:20:13+00:00,84361,3226,
2026-01-06T17:19:56+00:00,84361,3226,
2026-01-06T18:22:21+00:00,84361,3226,
2026-01-06T19:13:14+00:00,84361,3226,
2026-01-06T20:18:35+00:00,84361,3226,
2026-01-06T21:15:59+00:00,84361,3226,
2026-01-06T22:16:13+00:00,84354,3224,
2026-01-06T23:15:28+00:00,84354,3224,
2026-01-07T01:08:50+00:00,84354,3224,
2026-01-07T03:24:49+00:00,84354,3224,
2026-01-07T04:35:50+00:00,84364,3224,
2026-01-07T05:21:08+00:00,84364,3224,
2026-01-07T06:24:50+00:00,84364,3224,
2026-01-07T07:21:14+00:00,84364,3224,
2026-01-07T08:22:15+00:00,84364,3224,
2026-01-07T09:23:18+00:00,84364,3224,
2026-01-07T10:18:16+00:00,84364,3224,
2026-01-07T11:15:31+00:00,84364,3224,
2026-01-07T12:32:10+00:00,84364,3224,
2026-01-07T13:36:18+00:00,84364,3224,
2026-01-07T14:19:23+00:00,84364,3224,
2026-01-07T15:18:28+00:00,84364,3224,
2026-01-07T16:22:31+00:00,84364,3224,
2026-01-07T17:21:36+00:00,84364,3224,
2026-01-07T18:23:31+00:00,84364,3224,
2026-01-07T19:17:44+00:00,84364,3224,
2026-01-07T20:18:11+00:00,84364,3224,
2026-01-07T21:15:27+00:00,84364,3224,
2026-01-07T22:15:38+00:00,84364,3224,
2026-01-07T23:16:28+00:00,84364,3224,
2026-01-08T01:08:54+00:00,84364,3224,
2026-01-08T03:25:23+00:00,84379,3224,
2026-01-08T04:34:54+00:00,84385,3224,
2026-01-08T05:20:59+00:00,84385,3224,
2026-01-08T06:24:40+00:00,84385,3224,
2026-01-08T07:20:28+00:00,84385,3224,
2026-01-08T08:22:20+00:00,84385,3224,
2026-01-08T09:22:39+00:00,84385,3224,
2026-01-08T10:18:51+00:00,84385,3224,
2026-01-08T11:16:38+00:00,84385,3224,
2026-01-08T12:31:53+00:00,84385,3224,
2026-01-08T13:36:49+00:00,84385,3224,
2026-01-08T14:19:41+00:00,84385,3224,
2026-01-08T15:19:49+00:00,84385,3224,
2026-01-08T16:21:20+00:00,84385,3224,
2026-01-08T17:22:36+00:00,84385,3224,
2026-01-08T18:20:27+00:00,84385,3224,
2026-01-08T19:15:26+00:00,84385,3224,
2026-01-08T20:18:21+00:00,84385,3224,
2026-01-08T21:15:57+00:00,84385,3224,
2026-01-08T22:15:55+00:00,84379,3224,
2026-01-08T23:14:41+00:00,84379,3224,
2026-01-09T01:09:06+00:00,84379,3224,
2026-01-09T03:26:07+00:00,84379,3224,
2026-01-09T04:35:01+00:00,84379,3224,
2026-01-09T05:20:50+00:00,84379,3224,
2026-01-09T06:24:34+00:00,84379,3224,
2026-01-09T07:21:39+00:00,84379,3224,
2026-01-09T08:22:14+00:00,84379,3224,
2026-01-09T09:22:48+00:00,84379,3224,
2026-01-09T10:17:47+00:00,84379,3224,
2026-01-09T11:15:02+00:00,84379,3224,
2026-01-09T12:31:03+00:00,84379,3224,
2026-01-09T13:34:19+00:00,84379,3224,
2026-01-09T14:18:42+00:00,84379,3224,
2026-01-09T15:17:29+00:00,84379,3224,
2026-01-09T16:19:37+00:00,84379,3224,
2026-01-09T17:19:16+00:00,84379,3224,
2026-01-09T18:22:41+00:00,84379,3224,
2026-01-09T19:16:25+00:00,84380,3224,
2026-01-09T20:18:27+00:00,84380,3224,
2026-01-09T21:15:55+00:00,84380,3224,
2026-01-09T22:15:25+00:00,84380,3224,
2026-01-09T23:15:37+00:00,84380,3224,
2026-01-10T01:06:36+00:00,84380,3224,
2026-01-10T03:19:59+00:00,84380,3224,
2026-01-10T04:31:07+00:00,84380,3224,
2026-01-10T05:17:06+00:00,84380,3224,
2026-01-10T06:21:54+00:00,84380,3224,
2026-01-10T07:15:09+00:00,84380,3224,
2026-01-10T08:19:19+00:00,84380,3224,
2026-01-10T09:15:53+00:00,84380,3224,
2026-01-10T10:16:00+00:00,84380,3224,
2026-01-10T11:13:08+00:00,84380,3224,
2026-01-10T12:27:10+00:00,84380,3224,
2026-01-10T13:26:24+00:00,84380,3224,
2026-01-10T14:14:46+00:00,84380,3224,
2026-01-10T15:14:45+00:00,84380,3224,
2026-01-10T16:17:34+00:00,84380,3224,
2026-01-10T17:13:13+00:00,84380,3224,
2026-01-10T18:21:09+00:00,84380,3224,
2026-01-10T19:11:49+00:00,84380,3224,
2026-01-10T20:15:54+00:00,84380,3224,
2026-01-10T21:13:37+00:00,84380,3224,
2026-01-10T22:14:39+00:00,84380,3224,
2026-01-10T23:14:49+00:00,84380,3224,
2026-01-11T01:15:01+00:00,84380,3224,
2026-01-11T03:45:11+00:00,84380,3224,
2026-01-11T04:42:55+00:00,84380,3224,
2026-01-11T05:21:36+00:00,84380,3224,
2026-01-11T06:22:36+00:00,84380,3224,
2026-01-11T07:17:14+00:00,84380,3224,
2026-01-11T08:19:20+00:00,84380,3224,
2026-01-11T09:16:22+00:00,84380,3224,
2026-01-11T10:15:32+00:00,84380,3224,
2026-01-11T11:12:41+00:00,84380,3224,
2026-01-11T12:28:02+00:00,84380,3224,
2026-01-11T13:27:10+00:00,84380,3224,
2026-01-11T14:14:14+00:00,84380,3224,
2026-01-11T15:15:08+00:00,84380,3224,
2026-01-11T16:17:03+00:00,84380,3224,
2026-01-11T17:13:45+00:00,84379,3223,
2026-01-11T18:21:24+00:00,84379,3223,
2026-01-11T19:12:13+00:00,84379,3223,
2026-01-11T20:17:05+00:00,84379,3223,
2026-01-11T21:13:53+00:00,84379,3223,
2026-01-11T22:14:56+00:00,84390,3223,
2026-01-11T23:14:46+00:00,84395,3223,
2026-01-12T01:11:53+00:00,84380,3217,
2026-01-12T03:44:16+00:00,84380,3218,
2026-01-12T04:45:12+00:00,84380,3218,
2026-01-12T05:25:16+00:00,84380,3218,
2026-01-12T06:27:59+00:00,84380,3218,
2026-01-12T07:22:55+00:00,84380,3218,
2026-01-12T08:23:59+00:00,84380,3218,
2026-01-12T09:27:13+00:00,84380,3218,
2026-01-12T10:19:55+00:00,84380,3218,
2026-01-12T11:15:35+00:00,84380,3218,
2026-01-12T12:32:35+00:00,84380,3218,
2026-01-12T13:38:38+00:00,84380,3218,
2026-01-12T14:20:48+00:00,84380,3218,
2026-01-12T15:20:19+00:00,84380,3218,
2026-01-12T16:20:55+00:00,84380,3218,
2026-01-12T17:19:21+00:00,84380,3218,
2026-01-12T18:23:43+00:00,84380,3218,
2026-01-12T19:17:58+00:00,84380,3218,
2026-01-12T20:19:00+00:00,84380,3218,
2026-01-12T21:15:17+00:00,84378,3218,
2026-01-12T22:14:48+00:00,84378,3218,
2026-01-12T23:13:09+00:00,84378,3218,
2026-01-13T01:05:14+00:00,84378,3218,
2026-01-13T03:23:53+00:00,84378,3218,
2026-01-13T04:34:51+00:00,84378,3218,
2026-01-13T05:21:37+00:00,84378,3218,
2026-01-13T06:24:35+00:00,84378,3218,
2026-01-13T07:21:36+00:00,84378,3218,
2026-01-13T08:22:05+00:00,84378,3218,
2026-01-13T09:22:30+00:00,84378,3218,
2026-01-13T10:17:46+00:00,84378,3218,
2026-01-13T11:16:00+00:00,84378,3218,
2026-01-13T12:32:23+00:00,84378,3218,
2026-01-13T13:37:34+00:00,84378,3218,
2026-01-13T14:19:53+00:00,84378,3218,
2026-01-13T15:18:23+00:00,84378,3218,
2026-01-13T16:23:08+00:00,84378,3218,
2026-01-13T17:22:49+00:00,84378,3218,
2026-01-13T18:24:04+00:00,84378,3218,
2026-01-13T19:16:26+00:00,84378,3218,
2026-01-13T20:18:37+00:00,84378,3218,
2026-01-13T21:15:23+00:00,84378,3218,
2026-01-13T22:16:19+00:00,84378,3218,
2026-01-13T23:16:05+00:00,84378,3218,
2026-01-14T01:11:20+00:00,84378,3218,
2026-01-14T03:42:41+00:00,84389,3218,
2026-01-14T04:42:18+00:00,84389,3218,
2026-01-14T05:19:42+00:00,84389,3218,
2026-01-14T06:24:58+00:00,84389,3218,
2026-01-14T07:21:39+00:00,84389,3218,
2026-01-14T08:22:07+00:00,84389,3218,
2026-01-14T09:23:23+00:00,84389,3218,
2026-01-14T10:19:14+00:00,84389,3218,
2026-01-14T11:16:16+00:00,84389,3218,
2026-01-14T12:31:54+00:00,84389,3218,
2026-01-14T13:37:04+00:00,84389,3218,
2026-01-14T14:20:42+00:00,84389,3218,
2026-01-14T15:20:32+00:00,84389,3218,
2026-01-14T16:22:42+00:00,84389,3218,
2026-01-14T17:23:42+00:00,84389,3218,
2026-01-14T18:24:26+00:00,84389,3218,
2026-01-14T19:16:25+00:00,84389,3218,
2026-01-14T20:15:42+00:00,84389,3218,
2026-01-14T21:16:08+00:00,84389,3217,
2026-01-14T22:16:40+00:00,84389,3217,
2026-01-14T23:13:59+00:00,84389,3217,
2026-01-15T01:07:13+00:00,84389,3217,
2026-01-15T03:26:10+00:00,84392,3218,
2026-01-15T04:35:51+00:00,84396,3218,
2026-01-15T05:21:35+00:00,84396,3218,
2026-01-15T06:24:19+00:00,84396,3218,
2026-01-15T07:21:28+00:00,84396,3218,
2026-01-15T08:22:33+00:00,84396,3218,
2026-01-15T09:22:46+00:00,84396,3218,
2026-01-15T10:18:11+00:00,84396,3218,
2026-01-15T11:15:31+00:00,84396,3218,
2026-01-15T12:31:17+00:00,84396,3218,
2026-01-15T13:36:26+00:00,84396,3218,
2026-01-15T14:19:42+00:00,84396,3218,
2026-01-15T15:19:36+00:00,84396,3218,
2026-01-15T16:27:32+00:00,84396,3218,
2026-01-15T17:28:03+00:00,84396,3218,
2026-01-15T18:28:10+00:00,84396,3218,
2026-01-15T19:20:25+00:00,84396,3218,
2026-01-15T20:18:54+00:00,84396,3218,
2026-01-15T21:16:04+00:00,84396,3219,
2026-01-15T22:17:03+00:00,84396,3218,
2026-01-15T23:15:39+00:00,84396,3219,
2026-01-16T01:09:07+00:00,84398,3219,
2026-01-16T03:25:12+00:00,84398,3219,
2026-01-16T04:34:55+00:00,84398,3219,
2026-01-16T05:21:16+00:00,84398,3219,
2026-01-16T06:24:58+00:00,84398,3219,
2026-01-16T07:20:54+00:00,84398,3219,
2026-01-16T08:21:29+00:00,84398,3219,
2026-01-16T09:21:08+00:00,84398,3219,
2026-01-16T10:17:27+00:00,84398,3219,
2026-01-16T11:15:15+00:00,84398,3219,
2026-01-16T12:30:14+00:00,84398,3219,
2026-01-16T13:34:55+00:00,84398,3219,
2026-01-16T14:18:58+00:00,84398,3219,
2026-01-16T15:18:16+00:00,84398,3219,
2026-01-16T16:20:40+00:00,84398,3219,
2026-01-16T17:20:11+00:00,84398,3219,
2026-01-16T18:23:02+00:00,84398,3219,
2026-01-16T19:16:47+00:00,84398,3219,
2026-01-16T20:16:38+00:00,84398,3219,
2026-01-16T21:15:30+00:00,84398,3219,
2026-01-16T22:15:25+00:00,84398,3219,
2026-01-16T23:15:52+00:00,84398,3219,
2026-01-17T01:06:28+00:00,84398,3219,
2026-01-17T03:18:59+00:00,84398,3219,
2026-01-17T04:28:34+00:00,84398,3219,
2026-01-17T05:15:57+00:00,84398,3219,
2026-01-17T06:21:41+00:00,84398,3219,
2026-01-17T07:15:29+00:00,84398,3219,
2026-01-17T08:19:17+00:00,84398,3219,
2026-01-17T09:15:09+00:00,84398,3219,
2026-01-17T10:15:26+00:00,84398,3219,
2026-01-17T11:12:55+00:00,84398,3219,
2026-01-17T12:27:19+00:00,84398,3219,
2026-01-17T13:25:55+00:00,84398,3219,
2026-01-17T14:14:00+00:00,84398,3219,
2026-01-17T15:14:14+00:00,84398,3219,
2026-01-17T16:16:32+00:00,84398,3219,
2026-01-17T17:13:37+00:00,84398,3219,
2026-01-17T18:20:02+00:00,84398,3219,
2026-01-17T19:11:10+00:00,84398,3219,
2026-01-17T20:15:27+00:00,84398,3219,
2026-01-17T21:13:17+00:00,84398,3219,
2026-01-17T22:14:32+00:00,84398,3219,
2026-01-17T23:14:14+00:00,84398,3219,
2026-01-18T01:14:18+00:00,84398,3219,
2026-01-18T03:41:04+00:00,84398,3219,
2026-01-18T04:37:58+00:00,84398,3219,
2026-01-18T05:19:04+00:00,84398,3219,
2026-01-18T06:22:27+00:00,84398,3219,
2026-01-18T07:16:14+00:00,84398,3219,
2026-01-18T08:19:59+00:00,84398,3219,
2026-01-18T09:15:33+00:00,84398,3219,
2026-01-18T10:15:17+00:00,84398,3219,
2026-01-18T11:12:16+00:00,84398,3219,
2026-01-18T12:27:37+00:00,84398,3219,
2026-01-18T13:26:07+00:00,84398,3219,
2026-01-18T14:14:23+00:00,84398,3219,
2026-01-18T15:14:30+00:00,84398,3219,
2026-01-18T16:17:17+00:00,84398,3219,
2026-01-18T17:12:36+00:00,84398,3219,
2026-01-18T18:20:11+00:00,84398,3219,
2026-01-18T19:11:51+00:00,84398,3219,
2026-01-18T20:16:32+00:00,84398,3219,
2026-01-18T21:13:39+00:00,84398,3219,
2026-01-18T22:14:47+00:00,84398,3219,
2026-01-18T23:15:09+00:00,84397,3218,
2026-01-19T01:13:36+00:00,84397,3218,
2026-01-19T03:45:00+00:00,84397,3218,
2026-01-19T04:46:46+00:00,84397,3218,
2026-01-19T05:27:54+00:00,84397,3218,
2026-01-19T06:29:38+00:00,84397,3218,
2026-01-19T07:25:02+00:00,84397,3218,
2026-01-19T08:24:41+00:00,84397,3218,
2026-01-19T09:28:49+00:00,84397,3218,
2026-01-19T10:22:31+00:00,84397,3218,
2026-01-19T11:18:17+00:00,84397,3218,
2026-01-19T12:34:04+00:00,84397,3218,
2026-01-19T13:41:11+00:00,84397,3218,
2026-01-19T14:21:42+00:00,84397,3218,
2026-01-19T15:20:32+00:00,84397,3218,
2026-01-19T16:21:25+00:00,84397,3218,
2026-01-19T17:19:43+00:00,84397,3218,
2026-01-19T18:22:49+00:00,84397,3218,
2026-01-19T19:16:08+00:00,84397,3218,
2026-01-19T20:18:01+00:00,84398,3217,
2026-01-19T21:14:33+00:00,84398,3217,
2026-01-19T22:16:37+00:00,84398,3217,
2026-01-19T23:15:23+00:00,84398,3217,
2026-01-20T01:08:08+00:00,84396,3216,
2026-01-20T03:29:08+00:00,84410,3216,
2026-01-20T04:40:24+00:00,84410,3216,
2026-01-20T05:25:13+00:00,84410,3216,
2026-01-20T06:27:02+00:00,84410,3216,
2026-01-20T07:23:19+00:00,84410,3216,
2026-01-20T08:23:17+00:00,84410,3216,
2026-01-20T09:28:36+00:00,84410,3216,
2026-01-20T10:21:21+00:00,84410,3216,
2026-01-20T11:19:08+00:00,84410,3216,
2026-01-20T12:34:18+00:00,84410,3216,
2026-01-20T13:42:38+00:00,84410,3216,
2026-01-20T14:25:06+00:00,84410,3216,
2026-01-20T15:24:47+00:00,84410,3216,
2026-01-20T16:27:06+00:00,84410,3216,
2026-01-20T17:24:28+00:00,84410,3216,
2026-01-20T18:26:47+00:00,84410,3216,
2026-01-20T20:07:29+00:00,84410,3216,
2026-01-20T21:16:01+00:00,84407,3215,
2026-01-20T22:17:40+00:00,84407,3215,
2026-01-20T23:16:31+00:00,84415,3215,
2026-01-21T01:10:48+00:00,84411,3215,
2026-01-21T03:28:43+00:00,84409,3215,
2026-01-21T04:39:40+00:00,84409,3215,
2026-01-21T05:24:52+00:00,84409,3214,
2026-01-21T06:27:03+00:00,84409,3214,
2026-01-21T07:23:26+00:00,84409,3214,
2026-01-21T08:23:28+00:00,84409,3214,
2026-01-21T09:27:31+00:00,84409,3214,
2026-01-21T10:20:41+00:00,84409,3214,
2026-01-21T11:19:14+00:00,84409,3214,
2026-01-21T12:34:30+00:00,84409,3214,
2026-01-21T13:40:52+00:00,84409,3214,
2026-01-21T14:23:57+00:00,84409,3214,
2026-01-21T15:25:13+00:00,84409,3214,
2026-01-21T16:31:44+00:00,84409,3214,
2026-01-21T17:49:31+00:00,84409,3214,
2026-01-21T18:34:48+00:00,84409,3214,
2026-01-21T19:21:54+00:00,84409,3214,
2026-01-21T20:23:33+00:00,84411,3214,
2026-01-21T21:23:24+00:00,84408,3212,
2026-01-21T22:18:57+00:00,84408,3212,
2026-01-22T01:10:12+00:00,84408,3212,
2026-01-22T03:43:28+00:00,84495,3212,
2026-01-22T04:43:26+00:00,84495,3212,
2026-01-22T05:23:44+00:00,84495,3212,
2026-01-22T06:25:32+00:00,84495,3212,
2026-01-22T07:22:33+00:00,84495,3212,
2026-01-22T08:22:46+00:00,84495,3212,
2026-01-22T09:27:29+00:00,84495,3212,
2026-01-22T10:21:35+00:00,84495,3212,
2026-01-22T11:19:01+00:00,84495,3212,
2026-01-22T12:33:50+00:00,84495,3212,
2026-01-22T13:42:27+00:00,84495,3212,
2026-01-22T14:24:39+00:00,84495,3212,
2026-01-22T15:23:55+00:00,84495,3212,
2026-01-22T16:26:19+00:00,84495,3212,
2026-01-22T17:24:29+00:00,84495,3212,
2026-01-22T18:22:40+00:00,84495,3212,
2026-01-22T19:20:49+00:00,84495,3212,
2026-01-22T20:19:55+00:00,84495,3212,
2026-01-22T21:17:42+00:00,84502,3212,
2026-01-22T22:17:09+00:00,84502,3212,
2026-01-22T23:16:14+00:00,84529,3214,
2026-01-23T01:10:50+00:00,84529,3214,
2026-01-23T03:28:51+00:00,84548,3214,
2026-01-23T04:37:50+00:00,84548,3214,
2026-01-23T05:24:03+00:00,84548,3214,
2026-01-23T06:25:00+00:00,84548,3214,
2026-01-23T07:21:16+00:00,84548,3214,
2026-01-23T08:22:19+00:00,84548,3214,
2026-01-23T09:24:43+00:00,84548,3214,
2026-01-23T10:19:00+00:00,84548,3214,
2026-01-23T11:16:13+00:00,84548,3214,
2026-01-23T12:32:58+00:00,84548,3214,
2026-01-23T13:38:26+00:00,84548,3214,
2026-01-23T14:19:27+00:00,84548,3214,
2026-01-23T15:19:34+00:00,84548,3214,
2026-01-23T16:21:44+00:00,84548,3214,
2026-01-23T17:22:11+00:00,84548,3214,
2026-01-23T18:24:19+00:00,84548,3214,
2026-01-23T19:20:27+00:00,84548,3214,
2026-01-23T20:18:49+00:00,84548,3214,
2026-01-23T21:15:38+00:00,84548,3214,
2026-01-23T22:13:42+00:00,84548,3214,
2026-01-23T23:16:26+00:00,84548,3214,
2026-01-24T01:07:16+00:00,84548,3214,
2026-01-24T03:23:05+00:00,84548,3214,
2026-01-24T04:31:47+00:00,84548,3214,
2026-01-24T05:18:03+00:00,84548,3214,
2026-01-24T06:22:54+00:00,84548,3214,
2026-01-24T07:16:13+00:00,84548,3214,
2026-01-24T08:19:39+00:00,84548,3214,
2026-01-24T09:15:57+00:00,84548,3214,
2026-01-24T10:15:50+00:00,84548,3214,
2026-01-24T11:13:21+00:00,84548,3214,
2026-01-24T12:27:53+00:00,84548,3214,
2026-01-24T13:27:48+00:00,84548,3214,
2026-01-24T14:14:39+00:00,84548,3214,
2026-01-24T15:15:28+00:00,84548,3214,
2026-01-24T16:17:26+00:00,84548,3214,
2026-01-24T17:13:05+00:00,84548,3214,
2026-01-24T18:21:21+00:00,84548,3214,
2026-01-24T19:12:47+00:00,84548,3214,
2026-01-24T20:15:35+00:00,84548,3214,
2026-01-24T21:13:37+00:00,84548,3214,
2026-01-24T22:15:00+00:00,84548,3214,
2026-01-24T23:14:28+00:00,84548,3214,
2026-01-25T01:16:08+00:00,84548,3214,
2026-01-25T03:49:15+00:00,84548,3214,
2026-01-25T04:47:38+00:00,84548,3214,
2026-01-25T05:24:42+00:00,84548,3214,
2026-01-25T06:22:41+00:00,84548,3214,
2026-01-25T07:18:10+00:00,84548,3214,
2026-01-25T08:20:10+00:00,84548,3214,
2026-01-25T09:16:29+00:00,84548,3214,
2026-01-25T10:16:04+00:00,84548,3214,
2026-01-25T11:13:14+00:00,84548,3214,
2026-01-25T12:29:11+00:00,84548,3214,
2026-01-25T13:29:15+00:00,84548,3214,
2026-01-25T14:14:27+00:00,84548,3214,
2026-01-25T15:14:44+00:00,84548,3214,
2026-01-25T16:18:42+00:00,84548,3214,
2026-01-25T17:12:54+00:00,84548,3214,
2026-01-25T18:21:41+00:00,84548,3214,
2026-01-25T19:13:42+00:00,84548,3214,
2026-01-25T20:17:38+00:00,84548,3214,
2026-01-25T21:14:20+00:00,84548,3214,
2026-01-25T22:14:47+00:00,84548,3214,
2026-01-25T23:15:37+00:00,84546,3214,
2026-01-26T01:15:17+00:00,84546,3214,
2026-01-26T03:52:08+00:00,84536,3214,
2026-01-26T04:51:57+00:00,84536,3214,
2026-01-26T05:29:40+00:00,84536,3214,
2026-01-26T06:28:01+00:00,84537,3215,
2026-01-26T07:23:32+00:00,84537,3215,
2026-01-26T08:23:49+00:00,84537,3215,
2026-01-26T09:29:06+00:00,84537,3215,
2026-01-26T10:20:30+00:00,84538,3215,
2026-01-26T11:17:17+00:00,84538,3215,
2026-01-26T12:32:52+00:00,84538,3215,
2026-01-26T13:40:12+00:00,84538,3215,
2026-01-26T14:23:14+00:00,84538,3215,
2026-01-26T15:22:57+00:00,84538,3215,
2026-01-26T16:25:48+00:00,84538,3215,
2026-01-26T17:25:22+00:00,84538,3215,
2026-01-26T18:26:08+00:00,84538,3215,
2026-01-26T19:20:04+00:00,84538,3215,
2026-01-26T20:19:13+00:00,84538,3215,
2026-01-26T21:17:51+00:00,84538,3215,
2026-01-26T22:16:51+00:00,84534,3215,
2026-01-26T23:17:01+00:00,84536,3215,
2026-01-27T01:13:42+00:00,84536,3215,
2026-01-27T03:42:44+00:00,84536,3215,
2026-01-27T04:42:11+00:00,84536,3215,
2026-01-27T05:22:48+00:00,84536,3215,
2026-01-27T06:26:12+00:00,84536,3215,
2026-01-27T07:23:35+00:00,84536,3215,
2026-01-27T08:24:11+00:00,84536,3215,
2026-01-27T09:27:22+00:00,84536,3215,
2026-01-27T10:21:38+00:00,84536,3215,
2026-01-27T11:19:28+00:00,84536,3215,
2026-01-27T12:34:17+00:00,84536,3215,
2026-01-27T13:42:16+00:00,84536,3215,
2026-01-27T14:24:33+00:00,84536,3215,
2026-01-27T15:25:18+00:00,84536,3215,
2026-01-27T16:22:42+00:00,84536,3215,
2026-01-27T17:24:15+00:00,84536,3215,
2026-01-27T18:29:33+00:00,84536,3215,
2026-01-27T19:22:42+00:00,84536,3215,
2026-01-27T20:16:49+00:00,84536,3215,
2026-01-27T21:13:31+00:00,84536,3215,
2026-01-27T22:17:30+00:00,84539,3215,
2026-01-27T23:16:26+00:00,84557,3216,
2026-01-28T01:09:40+00:00,84559,3217,
2026-01-28T03:31:18+00:00,84569,3217,
2026-01-28T04:40:12+00:00,84569,3217,
2026-01-28T05:24:17+00:00,84569,3217,
2026-01-28T06:27:25+00:00,84569,3217,
2026-01-28T07:21:24+00:00,84569,3217,
2026-01-28T08:23:10+00:00,84569,3217,
2026-01-28T09:29:10+00:00,84569,3217,
2026-01-28T10:22:30+00:00,84569,3217,
2026-01-28T11:19:06+00:00,84569,3217,
2026-01-28T12:34:07+00:00,84569,3217,
2026-01-28T13:43:35+00:00,84569,3217,
2026-01-28T14:24:12+00:00,84569,3217,
2026-01-28T15:26:21+00:00,84569,3217,
2026-01-28T16:28:37+00:00,84569,3217,
2026-01-28T17:27:52+00:00,84569,3217,
2026-01-28T18:28:57+00:00,84569,3217,
2026-01-28T19:22:17+00:00,84569,3217,
2026-01-28T20:22:48+00:00,84569,3217,
2026-01-28T21:24:09+00:00,84569,3217,
2026-01-28T22:20:37+00:00,84569,3217,
2026-01-28T23:20:57+00:00,84571,3217,
2026-01-29T01:19:52+00:00,84571,3217,
2026-01-29T04:03:40+00:00,84574,3217,
2026-01-29T05:38:56+00:00,84574,3217,
2026-01-29T06:38:29+00:00,84574,3217,
2026-01-29T07:37:10+00:00,84574,3217,
2026-01-29T08:31:33+00:00,84574,3217,
2026-01-29T09:36:27+00:00,84574,3217,
2026-01-29T10:30:08+00:00,84574,3217,
2026-01-29T11:26:08+00:00,84574,3217,
2026-01-29T12:39:39+00:00,84574,3217,
2026-01-29T13:55:53+00:00,84574,3217,
2026-01-29T14:35:18+00:00,84574,3217,
2026-01-29T15:29:36+00:00,84574,3217,
2026-01-29T16:35:50+00:00,84574,3217,
2026-01-29T17:34:06+00:00,84574,3217,
2026-01-29T18:35:22+00:00,84576,3217,
2026-01-29T19:25:57+00:00,84573,3217,
2026-01-29T20:22:40+00:00,84575,3217,
2026-01-29T21:21:02+00:00,84575,3217,
2026-01-29T22:21:47+00:00,84575,3217,
2026-01-29T23:21:14+00:00,84575,3217,
2026-01-30T01:19:25+00:00,84575,3217,
2026-01-30T04:03:45+00:00,84575,3217,
2026-01-30T05:42:13+00:00,84575,3217,
2026-01-30T06:39:26+00:00,84575,3217,
2026-01-30T07:37:04+00:00,84575,3217,
2026-01-30T08:30:31+00:00,84575,3217,
2026-01-30T09:32:23+00:00,84575,3217,
2026-01-30T10:27:27+00:00,84575,3217,
2026-01-30T11:23:41+00:00,84575,3217,
2026-01-30T12:37:39+00:00,84575,3217,
2026-01-30T13:51:26+00:00,84575,3217,
2026-01-30T14:31:11+00:00,84575,3217,
2026-01-30T15:27:34+00:00,84575,3217,
2026-01-30T16:30:24+00:00,84575,3217,
2026-01-30T17:29:29+00:00,84575,3217,
2026-01-30T18:33:15+00:00,84575,3217,
2026-01-30T19:27:33+00:00,84575,3217,
2026-01-30T20:21:16+00:00,84575,3217,
2026-01-30T21:22:29+00:00,84575,3217,
2026-01-30T22:19:02+00:00,84575,3217,
2026-01-30T23:19:58+00:00,84575,3217,
2026-01-31T01:16:23+00:00,84575,3217,
2026-01-31T04:00:29+00:00,84575,3217,
2026-01-31T05:03:50+00:00,84575,3217,
2026-01-31T06:30:56+00:00,84575,3217,
2026-01-31T07:24:44+00:00,84575,3217,
2026-01-31T08:22:00+00:00,84575,3217,
2026-01-31T09:22:20+00:00,84575,3217,
2026-01-31T10:17:52+00:00,84575,3217,
2026-01-31T11:15:43+00:00,84575,3217,
2026-01-31T12:31:47+00:00,84575,3217,
2026-01-31T13:37:37+00:00,84575,3217,
2026-01-31T14:18:55+00:00,84575,3217,
2026-01-31T15:16:57+00:00,84575,3217,
2026-01-31T16:20:01+00:00,84575,3217,
2026-01-31T17:20:01+00:00,84532,3217,
2026-01-31T18:22:54+00:00,84532,3217,
2026-01-31T19:17:36+00:00,84532,3217,
2026-01-31T20:18:05+00:00,84532,3217,
2026-01-31T21:16:22+00:00,84532,3217,
2026-01-31T22:16:48+00:00,84532,3217,
2026-01-31T23:16:07+00:00,84532,3217,
2026-02-01T01:43:21+00:00,84532,3217,
2026-02-01T04:24:24+00:00,84532,3217,
2026-02-01T05:57:10+00:00,84532,3217,
2026-02-01T06:41:08+00:00,84532,3217,
2026-02-01T07:34:03+00:00,84532,3217,
2026-02-01T08:24:22+00:00,84532,3217,
2026-02-01T09:24:29+00:00,84532,3217,
2026-02-01T10:19:43+00:00,84532,3217,
2026-02-01T11:17:33+00:00,84520,3217,
2026-02-01T12:33:36+00:00,84520,3217,
2026-02-01T13:39:01+00:00,84520,3217,
2026-02-01T14:20:46+00:00,84520,3217,
2026-02-01T15:19:09+00:00,84520,3217,
2026-02-01T16:22:00+00:00,84520,3217,
2026-02-01T17:19:32+00:00,84520,3217,
2026-02-01T18:25:46+00:00,84516,3216,
2026-02-01T19:20:19+00:00,84516,3216,
2026-02-01T20:18:58+00:00,84516,3216,
2026-02-01T21:17:45+00:00,84516,3216,
2026-02-01T22:17:41+00:00,84516,3216,
2026-02-01T23:19:05+00:00,84516,3216,
2026-02-02T01:23:45+00:00,84518,3216,
2026-02-02T04:17:16+00:00,84518,3216,
2026-02-02T05:59:52+00:00,84518,3216,
2026-02-02T07:04:58+00:00,84518,3216,
2026-02-02T08:36:03+00:00,84518,3216,
2026-02-02T09:40:34+00:00,84518,3216,
2026-02-02T10:38:05+00:00,84518,3216,
2026-02-02T11:32:18+00:00,84518,3216,
2026-02-02T12:40:53+00:00,84518,3216,
2026-02-02T13:58:43+00:00,84518,3216,
2026-02-02T14:40:05+00:00,84518,3216,
2026-02-02T15:33:48+00:00,84518,3216,
2026-02-02T16:30:20+00:00,84518,3216,
2026-02-02T17:33:36+00:00,84518,3216,
2026-02-02T18:34:06+00:00,84518,3216,
2026-02-02T23:22:34+00:00,84522,3216,
2026-02-03T01:24:09+00:00,84525,3216,
2026-02-03T04:10:30+00:00,84522,3215,
2026-02-03T05:46:05+00:00,84522,3215,
2026-02-03T06:41:32+00:00,84521,3215,
2026-02-03T07:38:27+00:00,84521,3215,
2026-02-03T08:29:36+00:00,84521,3215,
2026-02-03T09:34:37+00:00,84521,3215,
2026-02-03T10:33:46+00:00,84521,3215,
2026-02-03T11:30:34+00:00,84521,3215,
2026-02-03T12:41:36+00:00,84521,3215,
2026-02-03T14:00:29+00:00,84521,3215,
2026-02-03T14:45:31+00:00,84521,3215,
2026-02-03T15:42:31+00:00,84521,3215,
2026-02-03T16:44:08+00:00,84521,3215,
2026-02-03T17:47:50+00:00,84521,3215,
2026-02-03T18:46:03+00:00,84521,3215,
2026-02-03T19:42:20+00:00,84521,3215,
2026-02-03T20:28:53+00:00,84521,3215,
2026-02-03T21:28:31+00:00,84521,3215,
2026-02-03T22:24:26+00:00,84521,3215,
2026-02-03T23:23:04+00:00,84523,3215,
2026-02-04T01:19:44+00:00,84523,3215,
2026-02-04T04:07:06+00:00,84523,3215,
2026-02-04T05:44:15+00:00,84523,3215,
2026-02-04T06:42:14+00:00,84523,3215,
2026-02-04T07:41:14+00:00,84523,3215,
2026-02-04T08:33:40+00:00,84523,3215,
2026-02-04T11:29:23+00:00,84523,3215,
2026-02-04T12:42:26+00:00,84523,3215,
2026-02-04T13:59:19+00:00,84523,3215,
2026-02-04T14:41:29+00:00,84523,3215,
2026-02-04T15:37:03+00:00,84523,3215,
2026-02-04T16:38:35+00:00,84523,3215,
2026-02-04T17:41:06+00:00,84523,3215,
2026-02-04T18:39:57+00:00,84523,3215,
2026-02-04T19:35:14+00:00,84523,3215,
2026-02-04T20:26:54+00:00,84523,3215,
2026-02-04T21:27:55+00:00,84523,3215,
2026-02-04T22:20:19+00:00,84522,3214,
2026-02-04T23:21:11+00:00,84522,3214,
2026-02-05T01:20:11+00:00,84528,3214,
2026-02-05T04:09:00+00:00,84552,3215,
2026-02-05T05:52:07+00:00,84552,3215,
2026-02-05T06:50:46+00:00,84552,3215,
2026-02-05T07:46:17+00:00,84552,3215,
2026-02-05T08:35:17+00:00,84552,3215,
2026-02-05T09:37:58+00:00,84552,3215,
2026-02-05T10:34:55+00:00,84552,3215,
2026-02-05T11:31:25+00:00,84552,3215,
2026-02-05T12:43:50+00:00,84552,3215,
2026-02-05T14:02:51+00:00,84552,3215,
2026-02-05T15:36:24+00:00,84552,3215,
2026-02-05T16:39:12+00:00,84552,3215,
2026-02-05T17:43:31+00:00,84552,3215,
2026-02-05T18:39:49+00:00,84552,3215,
2026-02-05T19:35:14+00:00,84549,3215,
2026-02-05T20:26:39+00:00,84547,3215,
2026-02-05T21:23:37+00:00,84547,3215,
2026-02-05T22:20:51+00:00,84547,3215,
2026-02-05T23:19:47+00:00,84547,3215,
2026-02-06T01:19:41+00:00,84547,3215,
2026-02-06T04:09:06+00:00,84547,3215,
2026-02-06T05:49:01+00:00,84547,3215,
2026-02-06T06:44:35+00:00,84547,3215,
2026-02-06T07:42:22+00:00,84547,3215,
2026-02-06T08:35:01+00:00,84547,3215,
2026-02-06T09:37:08+00:00,84547,3215,
2026-02-06T10:33:48+00:00,84547,3215,
2026-02-06T11:28:54+00:00,84547,3215,
2026-02-06T12:42:30+00:00,84547,3215,
2026-02-06T13:58:48+00:00,84547,3215,
2026-02-06T14:39:23+00:00,84547,3215,
2026-02-06T15:34:24+00:00,84547,3215,
2026-02-06T16:37:03+00:00,84547,3215,
2026-02-06T17:37:22+00:00,84547,3215,
2026-02-06T18:38:48+00:00,84547,3215,
2026-02-06T19:34:50+00:00,84547,3215,
2026-02-06T20:26:31+00:00,84547,3215,
2026-02-06T21:24:56+00:00,84547,3215,
2026-02-06T22:16:35+00:00,84547,3215,
2026-02-06T23:20:44+00:00,84547,3215,
2026-02-07T01:19:07+00:00,84550,3216,
2026-02-07T04:04:06+00:00,84542,3216,
2026-02-07T05:37:45+00:00,84542,3216,
2026-02-07T06:34:40+00:00,84542,3216,
2026-02-07T07:28:39+00:00,84542,3216,
2026-02-07T08:23:06+00:00,84542,3216,
2026-02-07T09:25:36+00:00,84542,3216,
2026-02-07T10:19:48+00:00,84542,3216,
2026-02-07T11:17:57+00:00,84542,3216,
2026-02-07T12:31:59+00:00,84542,3216,
2026-02-07T13:39:47+00:00,84542,3216,
2026-02-07T14:21:10+00:00,84542,3216,
2026-02-07T15:20:13+00:00,84542,3216,
2026-02-07T16:22:09+00:00,84542,3216,
2026-02-07T17:21:50+00:00,84541,3216,
2026-02-07T18:25:27+00:00,84541,3216,
2026-02-07T19:19:52+00:00,84541,3216,
2026-02-07T20:19:38+00:00,84541,3216,
2026-02-07T21:19:49+00:00,84541,3216,
2026-02-07T22:19:47+00:00,84541,3216,
2026-02-07T23:22:53+00:00,84541,3216,
2026-02-08T01:56:04+00:00,84541,3216,
2026-02-08T04:29:55+00:00,84541,3216,
2026-02-08T05:58:44+00:00,84541,3216,
2026-02-08T06:45:02+00:00,84541,3216,
2026-02-08T07:35:18+00:00,84541,3216,
2026-02-08T08:25:42+00:00,84541,3216,
2026-02-08T09:24:47+00:00,84541,3216,
2026-02-08T10:20:08+00:00,84541,3216,
2026-02-08T11:19:32+00:00,84541,3216,
2026-02-08T12:33:47+00:00,84541,3216,
2026-02-08T13:40:39+00:00,84541,3216,
2026-02-08T14:22:45+00:00,84541,3216,
2026-02-08T15:21:11+00:00,84541,3216,
2026-02-08T16:22:22+00:00,84541,3216,
2026-02-08T17:21:23+00:00,84541,3216,
2026-02-08T18:26:53+00:00,84541,3216,
2026-02-08T19:21:04+00:00,84506,3216,
2026-02-08T20:19:50+00:00,84507,3216,
2026-02-08T21:20:28+00:00,84507,3215,
2026-02-08T22:20:06+00:00,84507,3215,
2026-02-08T23:25:02+00:00,84505,3215,
2026-02-09T01:25:50+00:00,84550,3215,
2026-02-09T04:21:29+00:00,84550,3215,
2026-02-09T06:04:54+00:00,84550,3215,
2026-02-09T07:53:28+00:00,84550,3215,
2026-02-09T08:43:18+00:00,84550,3215,
2026-02-09T09:56:24+00:00,84550,3215,
2026-02-09T10:51:39+00:00,84550,3215,
2026-02-09T11:42:10+00:00,84550,3215,
2026-02-09T12:51:14+00:00,84550,3215,
2026-02-09T14:11:07+00:00,84550,3215,
2026-02-09T15:48:24+00:00,84550,3215,
2026-02-09T17:45:29+00:00,84550,3215,
2026-02-09T18:48:24+00:00,84550,3215,
2026-02-09T20:00:39+00:00,84550,3215,
2026-02-09T20:39:40+00:00,84550,3215,
2026-02-09T21:34:19+00:00,84547,3214,
2026-02-09T22:30:08+00:00,84547,3214,
2026-02-09T23:32:17+00:00,84547,3214,
2026-02-10T01:48:22+00:00,84548,3215,
2026-02-10T04:28:16+00:00,84564,3215,
2026-02-10T06:09:28+00:00,84564,3215,
2026-02-10T07:56:14+00:00,84564,3215,
2026-02-10T08:43:38+00:00,84564,3215,
2026-02-10T09:55:32+00:00,84564,3215,
2026-02-10T10:47:35+00:00,84564,3215,
2026-02-10T11:44:59+00:00,84564,3215,
2026-02-10T12:56:27+00:00,84564,3215,
2026-02-10T14:20:40+00:00,84564,3215,
2026-02-10T16:00:59+00:00,84564,3215,
2026-02-10T17:05:19+00:00,84564,3215,
2026-02-10T18:57:15+00:00,84562,3214,
2026-02-10T19:59:04+00:00,84562,3214,
2026-02-10T20:39:05+00:00,84562,3214,
2026-02-10T21:37:55+00:00,84562,3214,
2026-02-10T22:34:26+00:00,84562,3214,
2026-02-10T23:33:54+00:00,84562,3214,
2026-02-11T01:32:13+00:00,84560,3214,
2026-02-11T04:25:42+00:00,84565,3215,
2026-02-11T06:05:51+00:00,84565,3215,
2026-02-11T07:51:24+00:00,84565,3215,
2026-02-11T08:40:54+00:00,84565,3215,
2026-02-11T09:45:28+00:00,84565,3215,
2026-02-11T10:42:48+00:00,84565,3215,
2026-02-11T11:40:08+00:00,84565,3215,
2026-02-11T12:51:44+00:00,84565,3215,
2026-02-11T14:13:26+00:00,84565,3215,
2026-02-11T15:55:21+00:00,84565,3215,
2026-02-11T16:58:51+00:00,84565,3215,
2026-02-11T17:55:47+00:00,84563,3215,
2026-02-11T18:54:59+00:00,84565,3215,
2026-02-11T19:53:16+00:00,84565,3215,
2026-02-11T20:32:27+00:00,84567,3215,
2026-02-11T21:28:27+00:00,84563,3215,
2026-02-11T22:23:23+00:00,84566,3215,
2026-02-11T23:26:20+00:00,84565,3215,
2026-02-12T01:25:52+00:00,84568,3215,
2026-02-12T04:18:29+00:00,84514,3215,
2026-02-12T06:01:17+00:00,84488,3215,
2026-02-12T07:06:13+00:00,84488,3215,
2026-02-12T08:38:56+00:00,84488,3215,
2026-02-12T09:41:45+00:00,84488,3215,
2026-02-12T10:38:42+00:00,84488,3215,
2026-02-12T11:37:00+00:00,84488,3215,
2026-02-12T12:46:12+00:00,84488,3215,
2026-02-12T14:07:25+00:00,84488,3215,
2026-02-12T15:44:45+00:00,84488,3215,
2026-02-12T16:51:03+00:00,84488,3215,
2026-02-12T17:53:52+00:00,84488,3215,
2026-02-12T18:53:57+00:00,84488,3215,
2026-02-12T19:47:27+00:00,84454,3215,
2026-02-12T20:27:22+00:00,84440,3215,
2026-02-12T21:27:50+00:00,84400,3215,
2026-02-12T22:25:29+00:00,84378,3215,
2026-02-12T23:23:14+00:00,84378,3215,
2026-02-13T01:27:50+00:00,84376,3215,
2026-02-13T04:14:26+00:00,84360,3215,
2026-02-13T05:55:29+00:00,84360,3215,
2026-02-13T06:51:35+00:00,84360,3215,
2026-02-13T07:45:43+00:00,84360,3215,
2026-02-13T08:35:48+00:00,84360,3215,
2026-02-13T09:37:42+00:00,84360,3215,
2026-02-13T10:34:16+00:00,84360,3215,
2026-02-13T11:26:48+00:00,84360,3215,
2026-02-13T12:40:56+00:00,84360,3215,
2026-02-13T13:58:08+00:00,84360,3215,
2026-02-13T14:40:09+00:00,84360,3215,
2026-02-13T15:36:50+00:00,84360,3215,
2026-02-13T16:37:17+00:00,84360,3215,
2026-02-13T17:36:10+00:00,84360,3215,
2026-02-13T18:37:16+00:00,84360,3215,
2026-02-13T19:38:24+00:00,84360,3215,
2026-02-13T20:30:07+00:00,84360,3215,
2026-02-13T21:29:19+00:00,84360,3215,
2026-02-13T22:26:31+00:00,84360,3215,
2026-02-13T23:24:58+00:00,84360,3215,
2026-02-14T01:20:25+00:00,84360,3215,
2026-02-14T04:04:42+00:00,84360,3215,
2026-02-14T05:40:27+00:00,84360,3215,
2026-02-14T06:36:22+00:00,84360,3215,
2026-02-14T07:30:29+00:00,84360,3215,
2026-02-14T08:24:43+00:00,84360,3215,
2026-02-14T09:25:00+00:00,84360,3215,
2026-02-14T10:20:12+00:00,84360,3215,
2026-02-14T11:18:32+00:00,84360,3215,
2026-02-14T12:32:35+00:00,84360,3215,
2026-02-14T13:40:43+00:00,84360,3215,
2026-02-14T14:21:17+00:00,84360,3215,
2026-02-14T15:19:27+00:00,84360,3215,
2026-02-14T16:21:30+00:00,84360,3215,
2026-02-14T17:21:23+00:00,84360,3215,
2026-02-14T18:25:05+00:00,84360,3215,
2026-02-14T19:19:41+00:00,84360,3215,
2026-02-14T20:19:12+00:00,84360,3215,
2026-02-14T21:18:20+00:00,84360,3215,
2026-02-14T22:16:42+00:00,84360,3215,
2026-02-14T23:18:03+00:00,84360,3215,
2026-02-15T01:27:43+00:00,84360,3215,
2026-02-15T04:15:35+00:00,84360,3215,
2026-02-15T05:52:41+00:00,84360,3215,
2026-02-15T06:42:36+00:00,84360,3215,
2026-02-15T07:34:29+00:00,84360,3215,
2026-02-15T09:25:59+00:00,84360,3215,
2026-02-15T10:19:58+00:00,84360,3215,
2026-02-15T11:17:54+00:00,84360,3215,
2026-02-15T12:33:11+00:00,84360,3215,
2026-02-15T13:40:44+00:00,84360,3215,
2026-02-15T14:22:06+00:00,84360,3215,
2026-02-15T15:19:42+00:00,84360,3215,
2026-02-15T16:21:10+00:00,84360,3215,
2026-02-15T17:20:36+00:00,84360,3215,
2026-02-15T18:26:17+00:00,84360,3215,
2026-02-15T19:20:24+00:00,84360,3215,
2026-02-15T20:18:51+00:00,84360,3215,
2026-02-15T21:18:57+00:00,84360,3215,
2026-02-15T22:18:41+00:00,84360,3215,
2026-02-15T23:20:03+00:00,84360,3215,
2026-02-16T01:24:27+00:00,84364,3215,
2026-02-16T04:18:19+00:00,84364,3215,
2026-02-16T06:03:24+00:00,84364,3215,
2026-02-16T07:49:22+00:00,84364,3215,
2026-02-16T08:13:32+00:00,84364,3215,
2026-02-16T09:18:38+00:00,84364,3215,
2026-02-16T10:19:32+00:00,84364,3215,
2026-02-16T11:16:56+00:00,84364,3215,
2026-02-16T12:11:03+00:00,84364,3215,
2026-02-16T13:29:33+00:00,84364,3215,
2026-02-16T14:19:02+00:00,84364,3215,
2026-02-16T15:15:32+00:00,84364,3215,
2026-02-16T16:14:33+00:00,84364,3215,
2026-02-16T17:16:20+00:00,84362,3215,
2026-02-16T18:12:24+00:00,84363,3215,
2026-02-16T19:14:59+00:00,84363,3215,
2026-02-16T20:06:57+00:00,84361,3215,
2026-02-16T21:07:25+00:00,84357,3215,
2026-02-16T22:07:00+00:00,84358,3216,
2026-02-16T23:08:11+00:00,84358,3216,
2026-02-17T00:17:17+00:00,84358,3216,
2026-02-17T01:34:52+00:00,84358,3216,
2026-02-17T03:00:27+00:00,84358,3216,
2026-02-17T03:55:42+00:00,84358,3216,
2026-02-17T04:37:20+00:00,84358,3216,
2026-02-17T05:29:09+00:00,84358,3216,
2026-02-17T06:20:56+00:00,84358,3216,
2026-02-17T07:22:04+00:00,84358,3216,
2026-02-17T08:13:59+00:00,84358,3216,
2026-02-17T09:17:50+00:00,84358,3216,
2026-02-17T10:17:43+00:00,84358,3216,
2026-02-17T11:16:58+00:00,84358,3216,
2026-02-17T12:11:53+00:00,84358,3216,
2026-02-17T13:30:04+00:00,84358,3216,
2026-02-17T14:19:58+00:00,84358,3216,
2026-02-17T15:18:06+00:00,84358,3216,
2026-02-17T16:19:02+00:00,84358,3216,
2026-02-17T17:23:07+00:00,84295,3216,
2026-02-17T18:19:05+00:00,84295,3216,
2026-02-17T19:21:00+00:00,84295,3216,
2026-02-17T20:11:09+00:00,84295,3216,
2026-02-17T21:11:29+00:00,84295,3216,
2026-02-17T22:07:34+00:00,84295,3216,
2026-02-17T23:08:04+00:00,84295,3216,
2026-02-18T00:16:58+00:00,84295,3216,
2026-02-18T01:34:35+00:00,84281,3216,
2026-02-18T03:01:07+00:00,84261,3216,
2026-02-18T03:56:07+00:00,84261,3216,
2026-02-18T04:38:42+00:00,84261,3216,
2026-02-18T05:30:43+00:00,84261,3216,
2026-02-18T06:23:06+00:00,84261,3216,
2026-02-18T07:23:37+00:00,84261,3216,
2026-02-18T08:13:18+00:00,84261,3216,
2026-02-18T09:16:54+00:00,84261,3216,
2026-02-18T10:16:55+00:00,84261,3216,
2026-02-18T11:16:31+00:00,84261,3216,
2026-02-18T12:11:00+00:00,84261,3216,
2026-02-18T13:30:05+00:00,84261,3216,
2026-02-18T14:19:04+00:00,84261,3216,
2026-02-18T15:18:33+00:00,84261,3216,
2026-02-18T16:20:16+00:00,84261,3216,
2026-02-18T17:24:49+00:00,84261,3216,
2026-02-18T18:15:13+00:00,84261,3216,
2026-02-18T19:21:00+00:00,84261,3216,
2026-02-18T20:12:37+00:00,84259,3216,
2026-02-18T21:12:41+00:00,84308,3216,
2026-02-18T22:09:24+00:00,84308,3216,
2026-02-18T23:08:35+00:00,84296,3216,
2026-02-19T00:17:53+00:00,84296,3216,
2026-02-19T01:34:52+00:00,84293,3215,
2026-02-19T03:00:13+00:00,84293,3215,
2026-02-19T03:55:42+00:00,84293,3215,
2026-02-19T04:37:22+00:00,84293,3215,
2026-02-19T05:29:31+00:00,84293,3215,
2026-02-19T06:23:04+00:00,84293,3215,
2026-02-19T07:23:41+00:00,84293,3215,
2026-02-19T08:13:19+00:00,84293,3215,
2026-02-19T09:16:48+00:00,84293,3215,
2026-02-19T10:16:33+00:00,84293,3215,
2026-02-19T11:17:31+00:00,84293,3215,
2026-02-19T12:12:46+00:00,84293,3215,
2026-02-19T13:31:19+00:00,84293,3215,
2026-02-19T14:21:15+00:00,84293,3215,
2026-02-19T15:16:56+00:00,84293,3215,
2026-02-19T16:17:57+00:00,84293,3215,
2026-02-19T17:20:36+00:00,84293,3215,
2026-02-19T18:17:37+00:00,84293,3215,
2026-02-19T19:18:15+00:00,84293,3215,
2026-02-19T20:08:24+00:00,84293,3215,
2026-02-19T21:09:38+00:00,84293,3215,
2026-02-19T22:07:48+00:00,84289,3216,
2026-02-19T23:09:07+00:00,84291,3215,
2026-02-20T00:15:12+00:00,84291,3215,
2026-02-20T01:34:14+00:00,84252,3215,
2026-02-20T02:58:47+00:00,84300,3214,
2026-02-20T03:52:18+00:00,84300,3214,
2026-02-20T04:34:56+00:00,84300,3214,
2026-02-20T05:25:31+00:00,84300,3214,
2026-02-20T06:19:05+00:00,84300,3214,
2026-02-20T07:20:57+00:00,84300,3214,
2026-02-20T08:12:16+00:00,84300,3214,
2026-02-20T09:14:14+00:00,84300,3214,
2026-02-20T10:13:05+00:00,84300,3214,
2026-02-20T11:12:29+00:00,84300,3214,
2026-02-20T12:10:27+00:00,84300,3214,
2026-02-20T13:27:23+00:00,84300,3214,
2026-02-20T14:16:08+00:00,84300,3214,
2026-02-20T15:14:58+00:00,84300,3214,
2026-02-20T16:11:37+00:00,84300,3214,
2026-02-20T17:14:45+00:00,84294,3214,
2026-02-20T18:12:37+00:00,84294,3214,
2026-02-20T19:16:20+00:00,84294,3214,
2026-02-20T20:06:41+00:00,84294,3214,
2026-02-20T21:06:08+00:00,84294,3214,
2026-02-20T22:05:28+00:00,84294,3214,
2026-02-20T23:08:06+00:00,84294,3214,
2026-02-21T00:15:14+00:00,84294,3214,
2026-02-21T01:34:43+00:00,84294,3214,
2026-02-21T02:53:56+00:00,84294,3214,
2026-02-21T03:45:38+00:00,84294,3214,
2026-02-21T04:32:13+00:00,84294,3214,
2026-02-21T05:19:52+00:00,84294,3214,
2026-02-21T06:12:34+00:00,84294,3214,
2026-02-21T07:13:20+00:00,84294,3214,
2026-02-21T08:06:49+00:00,84294,3214,
2026-02-21T09:08:53+00:00,84294,3214,
2026-02-21T10:05:50+00:00,84294,3214,
2026-02-21T11:05:49+00:00,84294,3214,
2026-02-21T12:06:43+00:00,84294,3214,
2026-02-21T13:18:26+00:00,84294,3214,
2026-02-21T14:07:28+00:00,84294,3214,
2026-02-21T15:07:03+00:00,84294,3214,
2026-02-21T16:06:14+00:00,84294,3214,
2026-02-21T17:07:59+00:00,84294,3214,
2026-02-21T18:06:34+00:00,84294,3214,
2026-02-21T19:08:48+00:00,84294,3214,
2026-02-21T20:04:25+00:00,84294,3214,
2026-02-21T21:05:14+00:00,84294,3214,
2026-02-21T22:04:16+00:00,84294,3214,
2026-02-21T23:05:40+00:00,84294,3214,
2026-02-22T00:15:33+00:00,84294,3214,
2026-02-22T01:34:18+00:00,84294,3214,
2026-02-22T03:01:34+00:00,84294,3214,
2026-02-22T03:55:20+00:00,84294,3214,
2026-02-22T04:36:20+00:00,84294,3214,
2026-02-22T05:24:55+00:00,84294,3214,
2026-02-22T06:15:32+00:00,84294,3214,
2026-02-22T07:16:46+00:00,84294,3214,
2026-02-22T08:06:41+00:00,84294,3214,
2026-02-22T09:08:37+00:00,84294,3214,
2026-02-22T10:05:22+00:00,84294,3214,
2026-02-22T11:06:01+00:00,84294,3214,
2026-02-22T12:06:47+00:00,84294,3214,
2026-02-22T13:18:37+00:00,84294,3214,
2026-02-22T14:08:15+00:00,84294,3214,
2026-02-22T15:06:39+00:00,84294,3214,
2026-02-22T16:07:03+00:00,84294,3214,
2026-02-22T17:07:37+00:00,84294,3214,
2026-02-22T18:07:46+00:00,84294,3214,
2026-02-22T19:08:41+00:00,84294,3214,
2026-02-22T20:06:07+00:00,84294,3214,
2026-02-22T21:07:25+00:00,84294,3214,
2026-02-22T22:04:54+00:00,84308,3215,
2026-02-22T23:06:13+00:00,84308,3215,
2026-02-23T00:16:41+00:00,84309,3215,
2026-02-23T01:34:53+00:00,84311,3215,
2026-02-23T03:01:38+00:00,84317,3215,
2026-02-23T03:58:49+00:00,84317,3215,
2026-02-23T04:44:58+00:00,84319,3215,
2026-02-23T05:32:05+00:00,84319,3215,
2026-02-23T06:23:52+00:00,84319,3215,
2026-02-23T07:25:23+00:00,84319,3215,
2026-02-23T08:14:27+00:00,84319,3215,
2026-02-23T09:19:28+00:00,84319,3215,
2026-02-23T10:19:27+00:00,84319,3215,
2026-02-23T11:17:18+00:00,84319,3215,
2026-02-23T12:12:09+00:00,84319,3215,
2026-02-23T13:30:18+00:00,84319,3215,
2026-02-23T14:20:21+00:00,84319,3215,
2026-02-23T15:17:39+00:00,84319,3215,
2026-02-23T16:18:48+00:00,84319,3215,
2026-02-23T17:24:31+00:00,84319,3215,
2026-02-23T18:21:16+00:00,84319,3215,
2026-02-23T19:26:20+00:00,84319,3215,
2026-02-23T20:13:36+00:00,84319,3215,
2026-02-23T21:16:52+00:00,84319,3215,
2026-02-23T22:15:47+00:00,84329,3216,
2026-02-23T23:13:32+00:00,84329,3216,
2026-02-24T00:16:12+00:00,84353,3217,
2026-02-24T01:35:36+00:00,84355,3216,
2026-02-24T02:59:56+00:00,84355,3216,
2026-02-24T03:54:59+00:00,84367,3216,
2026-02-24T04:37:36+00:00,84367,3216,
2026-02-24T05:29:34+00:00,84367,3216,
2026-02-24T06:22:08+00:00,84367,3216,
2026-02-24T07:23:05+00:00,84367,3216,
2026-02-24T08:13:54+00:00,84367,3216,
2026-02-24T09:17:50+00:00,84367,3216,
2026-02-24T10:17:39+00:00,84373,3216,
2026-02-24T11:17:22+00:00,84373,3216,
2026-02-24T12:13:42+00:00,84373,3216,
2026-02-24T13:31:16+00:00,84373,3216,
2026-02-24T14:22:02+00:00,84373,3216,
2026-02-24T15:20:44+00:00,84373,3216,
2026-02-24T16:23:07+00:00,84373,3216,
2026-02-24T17:23:24+00:00,84373,3216,
2026-02-24T18:20:23+00:00,84377,3217,
2026-02-24T19:23:24+00:00,84373,3217,
2026-02-24T20:10:27+00:00,84373,3217,
2026-02-24T21:11:38+00:00,84373,3217,
2026-02-24T22:09:11+00:00,84373,3217,
2026-02-24T23:09:01+00:00,84373,3217,
2026-02-25T00:18:08+00:00,84373,3217,
2026-02-25T01:34:49+00:00,84377,3217,
2026-02-25T03:00:52+00:00,84377,3217,
2026-02-25T03:55:26+00:00,84377,3217,
2026-02-25T04:37:49+00:00,84377,3217,
2026-02-25T05:30:05+00:00,84380,3217,
2026-02-25T06:24:02+00:00,84380,3217,
2026-02-25T07:22:43+00:00,84380,3217,
2026-02-25T08:14:42+00:00,84380,3217,
2026-02-25T09:18:24+00:00,84380,3217,
2026-02-25T10:19:43+00:00,84380,3217,
2026-02-25T11:17:18+00:00,84380,3217,
2026-02-25T12:11:50+00:00,84380,3217,
2026-02-25T13:31:03+00:00,84380,3217,
2026-02-25T14:21:35+00:00,84380,3217,
2026-02-25T15:21:15+00:00,84380,3217,
2026-02-25T16:26:18+00:00,84380,3217,
2026-02-25T17:24:35+00:00,84380,3217,
2026-02-25T18:22:46+00:00,84380,3217,
2026-02-25T19:23:59+00:00,84380,3217,
2026-02-25T20:10:28+00:00,84380,3217,
2026-02-25T21:10:46+00:00,84382,3217,
2026-02-25T22:08:13+00:00,84381,3217,
2026-02-25T23:10:48+00:00,84383,3217,
2026-02-26T00:15:31+00:00,84383,3217,
2026-02-26T01:34:36+00:00,84383,3217,
2026-02-26T02:58:25+00:00,84383,3217,
2026-02-26T03:51:16+00:00,84383,3217,
2026-02-26T04:35:30+00:00,84383,3217,
2026-02-26T05:28:42+00:00,84383,3217,
2026-02-26T06:20:57+00:00,84383,3217,
2026-02-26T07:22:52+00:00,84383,3217,
2026-02-26T08:14:34+00:00,84383,3217,
2026-02-26T09:17:40+00:00,84383,3217,
2026-02-26T10:17:39+00:00,84383,3217,
2026-02-26T11:17:09+00:00,84383,3217,
2026-02-26T12:12:58+00:00,84383,3217,
2026-02-26T13:31:33+00:00,84383,3217,
2026-02-26T14:21:28+00:00,84383,3217,
2026-02-26T15:18:00+00:00,84383,3217,
2026-02-26T16:19:08+00:00,84383,3217,
2026-02-26T17:23:37+00:00,84372,3217,
2026-02-26T18:15:36+00:00,84372,3217,
2026-02-26T19:18:34+00:00,84372,3217,
2026-02-26T20:10:35+00:00,84372,3217,
2026-02-26T21:11:00+00:00,84372,3217,
2026-02-26T22:07:42+00:00,84372,3217,
2026-02-26T23:08:43+00:00,84372,3217,
2026-02-27T00:17:07+00:00,84372,3217,
2026-02-27T01:34:33+00:00,84372,3217,
2026-02-27T02:57:09+00:00,84394,3217,
2026-02-27T03:47:59+00:00,84397,3217,
2026-02-27T04:34:14+00:00,84397,3217,
2026-02-27T05:24:09+00:00,84397,3217,
2026-02-27T06:17:13+00:00,84397,3217,
2026-02-27T07:19:57+00:00,84397,3217,
2026-02-27T08:12:11+00:00,84397,3217,
2026-02-27T09:15:06+00:00,84397,3217,
2026-02-27T10:12:42+00:00,84401,3218,
2026-02-27T11:12:57+00:00,84401,3218,
2026-02-27T12:10:01+00:00,84401,3218,
2026-02-27T13:26:28+00:00,84401,3218,
2026-02-27T14:14:50+00:00,84401,3218,
2026-02-27T15:15:00+00:00,84401,3218,
2026-02-27T16:11:01+00:00,84401,3218,
2026-02-27T17:12:16+00:00,84401,3218,
2026-02-27T18:11:25+00:00,84401,3218,
2026-02-27T19:14:29+00:00,84401,3218,
2026-02-27T20:07:20+00:00,84401,3218,
2026-02-27T21:07:52+00:00,84401,3218,
2026-02-27T22:05:34+00:00,84401,3218,
2026-02-27T23:06:16+00:00,84401,3218,
2026-02-28T00:13:37+00:00,84401,3218,
2026-02-28T01:33:32+00:00,84401,3218,
2026-02-28T02:47:52+00:00,84401,3218,
2026-02-28T03:36:50+00:00,84401,3218,
2026-02-28T04:26:25+00:00,84401,3218,
2026-02-28T05:13:34+00:00,84401,3218,
2026-02-28T06:07:58+00:00,84401,3218,
2026-02-28T07:09:53+00:00,84401,3218,
2026-02-28T08:06:19+00:00,84401,3218,
2026-02-28T09:06:55+00:00,84401,3218,
2026-02-28T10:04:24+00:00,84401,3218,
2026-02-28T11:04:33+00:00,84401,3218,
2026-02-28T12:06:49+00:00,84401,3218,
2026-02-28T13:15:55+00:00,84401,3218,
2026-02-28T14:05:14+00:00,84401,3218,
2026-02-28T15:04:46+00:00,84401,3218,
2026-02-28T16:05:17+00:00,84401,3218,
2026-02-28T17:04:45+00:00,84384,3218,
2026-02-28T18:06:24+00:00,84384,3218,
2026-02-28T19:06:20+00:00,84384,3218,
2026-02-28T20:06:03+00:00,84384,3218,
2026-02-28T21:05:03+00:00,84384,3218,
2026-02-28T22:04:16+00:00,84384,3218,
2026-02-28T23:04:39+00:00,84384,3218,
2026-03-01T00:16:44+00:00,84384,3218,
2026-03-01T01:34:40+00:00,84384,3218,
2026-03-01T03:02:49+00:00,84384,3218,
2026-03-01T04:39:11+00:00,84384,3218,
2026-03-01T05:26:12+00:00,84384,3218,
2026-03-01T06:14:51+00:00,84384,3218,
2026-03-01T07:14:39+00:00,84384,3218,
2026-03-01T08:06:23+00:00,84384,3218,
2026-03-01T09:07:38+00:00,84384,3218,
2026-03-01T10:05:44+00:00,84384,3218,
2026-03-01T11:04:52+00:00,84384,3218,
2026-03-01T12:07:11+00:00,84384,3218,
2026-03-01T13:17:08+00:00,84384,3218,
2026-03-01T14:06:11+00:00,84384,3218,
2026-03-01T15:04:57+00:00,84384,3218,
2026-03-01T16:05:12+00:00,84384,3218,
2026-03-01T17:07:01+00:00,84382,3218,
2026-03-01T18:05:34+00:00,84382,3218,
2026-03-01T19:07:21+00:00,84382,3218,
2026-03-01T20:05:32+00:00,84382,3218,
2026-03-01T21:06:10+00:00,84382,3218,
2026-03-01T22:06:48+00:00,84383,3218,
2026-03-01T23:07:00+00:00,84385,3218,
2026-03-02T00:15:56+00:00,84385,3218,
2026-03-02T01:36:27+00:00,84381,3218,
2026-03-02T02:59:30+00:00,84380,3218,
2026-03-02T03:52:21+00:00,84379,3218,
2026-03-02T04:35:28+00:00,84379,3218,
2026-03-02T05:24:36+00:00,84379,3218,
2026-03-02T06:18:20+00:00,84379,3218,
2026-03-02T07:21:41+00:00,84379,3218,
2026-03-02T08:12:29+00:00,84379,3218,
2026-03-02T09:16:22+00:00,84379,3218,
2026-03-02T10:16:21+00:00,84382,3218,
2026-03-02T11:15:21+00:00,84382,3218,
2026-03-02T12:09:50+00:00,84382,3218,
2026-03-02T13:26:58+00:00,84382,3218,
2026-03-02T14:17:14+00:00,84382,3218,
2026-03-02T15:15:28+00:00,84382,3218,
2026-03-02T16:12:42+00:00,84382,3218,
2026-03-02T17:17:24+00:00,84382,3218,
2026-03-02T18:13:16+00:00,84382,3218,
2026-03-02T19:15:58+00:00,84382,3218,
2026-03-02T20:09:10+00:00,84382,3218,
2026-03-02T21:11:00+00:00,84388,3218,
2026-03-02T22:08:03+00:00,84388,3218,
2026-03-02T23:06:05+00:00,84406,3220,
2026-03-03T00:16:04+00:00,84406,3220,
2026-03-03T01:35:23+00:00,84450,3220,
2026-03-03T03:00:28+00:00,84454,3221,
2026-03-03T03:54:05+00:00,84454,3221,
2026-03-03T04:36:13+00:00,84456,3222,
2026-03-03T16:14:57+00:00,84460,3222,
2026-03-03T17:16:58+00:00,84460,3222,
2026-03-03T18:14:55+00:00,84460,3222,
2026-03-03T20:07:55+00:00,84511,3222,
2026-03-03T21:09:32+00:00,84511,3222,
2026-03-03T22:07:00+00:00,84511,3222,
2026-03-03T23:06:17+00:00,84604,3222,
2026-03-04T00:15:21+00:00,84604,3222,
2026-03-04T01:34:31+00:00,84627,3222,
2026-03-04T02:55:47+00:00,84582,3221,
2026-03-04T03:46:51+00:00,84582,3221,
2026-03-04T04:33:05+00:00,84582,3221,
2026-03-04T05:19:48+00:00,84582,3221,
2026-03-04T06:14:32+00:00,84582,3221,
2026-03-04T07:16:46+00:00,84581,3221,
2026-03-04T08:09:30+00:00,84581,3221,
2026-03-04T09:12:49+00:00,84581,3221,
2026-03-04T10:11:18+00:00,84581,3221,
2026-03-04T11:10:47+00:00,84581,3221,
2026-03-04T12:08:48+00:00,84581,3221,
2026-03-04T13:25:29+00:00,84581,3221,
2026-03-04T14:14:57+00:00,84581,3221,
2026-03-04T15:13:28+00:00,84581,3221,
2026-03-04T16:12:28+00:00,84581,3221,
2026-03-04T17:17:21+00:00,84581,3221,
2026-03-04T18:12:53+00:00,84581,3221,
2026-03-04T19:16:43+00:00,84581,3221,
2026-03-04T20:10:11+00:00,84581,3222,
2026-03-04T21:09:23+00:00,84581,3222,
2026-03-04T22:07:59+00:00,84581,3222,
2026-03-04T23:08:12+00:00,84570,3222,
2026-03-05T00:16:35+00:00,84570,3222,
2026-03-05T01:34:22+00:00,84570,3222,
2026-03-05T02:57:49+00:00,84570,3222,
2026-03-05T03:48:40+00:00,84590,3222,
2026-03-05T04:34:52+00:00,84590,3222,
2026-03-05T05:22:38+00:00,84593,3222,
2026-03-05T06:15:47+00:00,84593,3222,
2026-03-05T07:18:31+00:00,84593,3222,
2026-03-05T08:11:20+00:00,84593,3222,
2026-03-05T09:14:33+00:00,84593,3222,
2026-03-05T10:14:03+00:00,84593,3222,
2026-03-05T11:13:27+00:00,84593,3222,
2026-03-05T12:10:11+00:00,84593,3222,
2026-03-05T13:28:04+00:00,84593,3222,
2026-03-05T14:16:59+00:00,84593,3222,
2026-03-05T15:16:58+00:00,84593,3222,
2026-03-05T16:17:07+00:00,84593,3222,
2026-03-05T17:43:37+00:00,84593,3222,
2026-03-05T18:36:34+00:00,84595,3222,
2026-03-05T19:28:30+00:00,84595,3222,
2026-03-05T20:12:28+00:00,84595,3222,
2026-03-05T21:10:21+00:00,84610,3223,
2026-03-05T22:07:53+00:00,84612,3222,
2026-03-05T23:25:02+00:00,84612,3222,
2026-03-06T00:20:41+00:00,84614,3222,
2026-03-06T01:34:08+00:00,84614,3222,
2026-03-06T02:57:15+00:00,84812,3222,
2026-03-06T03:47:47+00:00,84812,3222,
2026-03-06T04:34:49+00:00,84812,3222,
2026-03-06T05:21:08+00:00,84812,3222,
2026-03-06T06:14:27+00:00,84816,3222,
2026-03-06T07:17:02+00:00,84816,3222,
2026-03-06T08:08:54+00:00,84816,3222,
2026-03-06T09:11:47+00:00,84816,3222,
2026-03-06T10:10:35+00:00,84816,3222,
2026-03-06T11:10:02+00:00,84816,3222,
2026-03-06T12:08:46+00:00,84816,3222,
2026-03-06T13:24:54+00:00,84816,3222,
2026-03-06T14:13:06+00:00,84816,3222,
2026-03-06T15:12:06+00:00,84816,3222,
2026-03-06T16:10:38+00:00,84816,3222,
2026-03-06T17:12:56+00:00,84816,3222,
2026-03-06T18:11:00+00:00,84816,3222,
2026-03-06T19:14:44+00:00,84816,3222,
2026-03-06T20:07:07+00:00,84816,3222,
2026-03-06T21:08:14+00:00,84816,3222,
2026-03-06T22:06:17+00:00,84816,3222,
2026-03-06T23:08:01+00:00,84816,3222,
2026-03-07T00:15:12+00:00,84816,3222,
2026-03-07T01:34:11+00:00,84816,3222,
2026-03-07T02:51:00+00:00,84816,3222,
2026-03-07T03:40:41+00:00,84816,3222,
2026-03-07T04:30:36+00:00,84816,3222,
2026-03-07T05:16:37+00:00,84816,3222,
2026-03-07T06:09:17+00:00,84816,3222,
2026-03-07T07:10:36+00:00,84816,3222,
2026-03-07T08:05:55+00:00,84816,3222,
2026-03-07T09:07:42+00:00,84816,3222,
2026-03-07T10:04:54+00:00,84816,3222,
2026-03-07T11:05:01+00:00,84816,3222,
2026-03-07T12:06:10+00:00,84816,3222,
2026-03-07T13:16:29+00:00,84816,3222,
2026-03-07T14:05:59+00:00,84816,3222,
2026-03-07T15:05:07+00:00,84816,3222,
2026-03-07T16:05:16+00:00,84816,3222,
2026-03-07T17:05:25+00:00,84816,3222,
2026-03-07T18:06:08+00:00,84816,3222,
2026-03-07T19:06:24+00:00,84816,3222,
2026-03-07T20:05:13+00:00,84816,3222,
2026-03-07T21:05:20+00:00,84816,3222,
2026-03-07T22:05:01+00:00,84818,3223,
2026-03-07T23:04:39+00:00,84818,3223,
2026-03-08T00:15:14+00:00,84818,3223,
2026-03-08T01:34:17+00:00,84814,3223,
2026-03-08T02:59:11+00:00,84814,3223,
2026-03-08T03:51:47+00:00,84814,3223,
2026-03-08T04:33:40+00:00,84814,3223,
2026-03-08T05:20:38+00:00,84814,3223,
2026-03-08T06:12:45+00:00,84814,3223,
2026-03-08T07:13:09+00:00,84814,3223,
2026-03-08T08:06:36+00:00,84814,3223,
2026-03-08T09:07:20+00:00,84814,3223,
2026-03-08T10:05:42+00:00,84814,3223,
2026-03-08T11:05:20+00:00,84814,3223,
2026-03-08T12:06:58+00:00,84814,3223,
2026-03-08T13:17:41+00:00,84814,3223,
2026-03-08T14:06:26+00:00,84814,3223,
2026-03-08T15:05:42+00:00,84814,3223,
2026-03-08T16:04:52+00:00,84814,3223,
2026-03-08T17:06:36+00:00,84814,3223,
2026-03-08T18:05:41+00:00,84814,3223,
2026-03-08T19:07:09+00:00,84800,3222,
2026-03-08T20:05:52+00:00,84800,3222,
2026-03-08T21:06:01+00:00,84816,3222,
2026-03-08T22:05:32+00:00,84816,3222,
2026-03-08T23:05:20+00:00,84818,3222,
2026-03-09T00:15:12+00:00,84818,3222,
2026-03-09T01:34:53+00:00,84818,3222,
2026-03-09T03:03:59+00:00,84820,3222,
2026-03-09T03:55:16+00:00,84836,3223,
2026-03-09T04:36:59+00:00,84836,3223,
2026-03-09T05:27:48+00:00,84836,3223,
2026-03-09T06:21:04+00:00,84836,3223,
2026-03-09T07:23:42+00:00,84836,3223,
2026-03-09T08:12:28+00:00,84836,3223,
2026-03-09T09:16:45+00:00,84836,3223,
2026-03-09T10:16:59+00:00,84836,3223,
2026-03-09T11:15:43+00:00,84836,3223,
2026-03-09T12:10:11+00:00,84836,3223,
2026-03-09T13:29:28+00:00,84836,3223,
2026-03-09T14:19:52+00:00,84836,3223,
2026-03-09T15:20:00+00:00,84836,3223,
2026-03-09T16:21:13+00:00,84836,3223,
2026-03-09T17:18:39+00:00,84836,3223,
2026-03-09T18:16:05+00:00,84836,3224,
2026-03-09T19:17:56+00:00,84903,3224,
2026-03-09T20:08:09+00:00,84903,3224,
2026-03-09T21:08:49+00:00,84905,3225,
2026-03-09T22:06:51+00:00,84899,3225,
2026-03-09T23:07:31+00:00,84901,3225,
2026-03-10T00:13:43+00:00,84901,3225,
2026-03-10T01:34:22+00:00,84903,3224,
2026-03-10T02:55:17+00:00,84920,3223,
2026-03-10T03:46:41+00:00,84920,3223,
2026-03-10T04:33:48+00:00,84920,3223,
2026-03-10T05:21:46+00:00,84920,3223,
2026-03-10T06:14:21+00:00,84920,3223,
2026-03-10T07:17:48+00:00,84920,3223,
2026-03-10T08:10:19+00:00,84920,3223,
2026-03-10T09:14:56+00:00,84920,3223,
2026-03-10T10:13:55+00:00,84922,3223,
2026-03-10T11:13:29+00:00,84922,3223,
2026-03-10T12:10:44+00:00,84922,3223,
2026-03-10T13:28:21+00:00,84922,3223,
2026-03-10T14:17:10+00:00,84922,3223,
2026-03-10T15:19:22+00:00,84922,3223,
2026-03-10T16:21:44+00:00,84922,3223,
2026-03-10T17:17:40+00:00,84918,3223,
2026-03-10T18:16:05+00:00,84918,3223,
2026-03-10T19:16:33+00:00,84906,3223,
2026-03-10T20:07:54+00:00,84906,3223,
2026-03-10T21:09:13+00:00,84906,3223,
2026-03-10T22:05:42+00:00,84906,3223,
2026-03-10T23:07:43+00:00,84906,3223,
2026-03-11T00:13:49+00:00,84906,3223,
2026-03-11T01:34:22+00:00,84912,3223,
2026-03-11T02:55:08+00:00,84912,3223,
2026-03-11T03:47:12+00:00,84912,3223,
2026-03-11T04:34:15+00:00,84912,3223,
2026-03-11T05:22:15+00:00,84912,3223,
2026-03-11T06:15:50+00:00,84912,3223,
2026-03-11T07:18:59+00:00,84912,3223,
2026-03-11T08:10:37+00:00,84912,3223,
2026-03-11T09:15:38+00:00,84912,3223,
2026-03-11T10:14:10+00:00,84912,3223,
2026-03-11T11:13:25+00:00,84912,3223,
2026-03-11T12:10:26+00:00,84912,3223,
2026-03-11T13:28:55+00:00,84912,3223,
2026-03-11T14:18:49+00:00,84912,3223,
2026-03-11T15:16:51+00:00,84912,3223,
2026-03-11T16:17:56+00:00,84912,3223,
2026-03-11T17:18:24+00:00,84912,3223,
2026-03-11T18:17:18+00:00,84912,3223,
2026-03-11T19:17:49+00:00,84902,3223,
2026-03-11T20:08:48+00:00,84902,3223,
2026-03-11T21:08:34+00:00,84901,3221,
2026-03-11T22:07:18+00:00,84901,3221,
2026-03-11T23:06:05+00:00,84911,3221,
2026-03-12T00:14:18+00:00,84911,3221,
2026-03-12T01:34:37+00:00,84911,3221,
2026-03-12T02:58:38+00:00,84911,3221,
2026-03-12T03:51:18+00:00,84913,3221,
2026-03-12T04:34:51+00:00,84915,3222,
2026-03-12T05:25:08+00:00,84915,3222,
2026-03-12T06:17:27+00:00,84915,3222,
2026-03-12T07:19:44+00:00,84915,3222,
2026-03-12T08:12:49+00:00,84915,3222,
2026-03-12T09:15:49+00:00,84915,3222,
2026-03-12T10:14:57+00:00,84917,3222,
2026-03-12T11:12:56+00:00,84917,3222,
2026-03-12T12:09:09+00:00,84917,3222,
2026-03-12T13:28:22+00:00,84917,3222,
2026-03-12T14:18:37+00:00,84917,3222,
2026-03-12T15:18:58+00:00,84917,3222,
2026-03-12T16:23:03+00:00,84917,3222,
2026-03-12T17:19:40+00:00,84917,3222,
2026-03-12T18:16:27+00:00,84918,3222,
2026-03-12T19:18:02+00:00,84918,3222,
2026-03-12T20:08:38+00:00,84918,3222,
2026-03-12T21:09:54+00:00,84918,3222,
2026-03-12T22:06:06+00:00,84918,3222,
2026-03-12T23:07:06+00:00,84916,3222,
2026-03-13T00:16:10+00:00,84937,3222,
2026-03-13T01:35:15+00:00,84939,3222,
2026-03-13T02:56:37+00:00,84939,3222,
2026-03-13T03:47:56+00:00,84939,3222,
2026-03-13T04:34:10+00:00,84939,3222,
2026-03-13T05:23:07+00:00,84939,3222,
2026-03-13T06:16:28+00:00,84939,3222,
2026-03-13T07:20:04+00:00,84939,3222,
2026-03-13T08:11:22+00:00,84939,3222,
2026-03-13T09:13:20+00:00,84939,3222,
2026-03-13T10:10:57+00:00,84939,3222,
2026-03-13T11:11:44+00:00,84939,3222,
2026-03-13T12:10:20+00:00,84939,3222,
2026-03-13T13:26:53+00:00,84939,3222,
2026-03-13T14:16:18+00:00,84939,3222,
2026-03-13T15:16:11+00:00,84939,3222,
2026-03-13T16:10:59+00:00,84939,3222,
2026-03-13T17:13:14+00:00,84937,3222,
2026-03-13T18:10:46+00:00,84937,3222,
2026-03-13T19:14:42+00:00,84937,3222,
2026-03-13T20:08:36+00:00,84937,3222,
2026-03-13T21:09:49+00:00,84937,3222,
2026-03-13T22:06:59+00:00,84937,3222,
2026-03-13T23:08:17+00:00,84937,3222,
2026-03-14T00:15:47+00:00,84937,3222,
2026-03-14T01:34:11+00:00,84937,3222,
2026-03-14T02:55:57+00:00,84937,3222,
2026-03-14T03:47:23+00:00,84937,3222,
2026-03-14T04:33:30+00:00,84937,3222,
2026-03-14T05:21:57+00:00,84937,3222,
2026-03-14T06:14:17+00:00,84937,3222,
2026-03-14T07:16:06+00:00,84937,3222,
2026-03-14T08:08:59+00:00,84937,3222,
2026-03-14T09:10:36+00:00,84937,3222,
2026-03-14T10:06:36+00:00,84937,3222,
2026-03-14T11:06:40+00:00,84937,3222,
2026-03-14T12:07:58+00:00,84937,3222,
2026-03-14T13:20:32+00:00,84937,3222,
2026-03-14T14:09:15+00:00,84937,3222,
2026-03-14T15:07:13+00:00,84937,3222,
2026-03-14T16:07:10+00:00,84937,3222,
2026-03-14T17:07:42+00:00,84937,3222,
2026-03-14T18:07:47+00:00,84937,3222,
2026-03-14T19:10:38+00:00,84937,3222,
2026-03-14T20:06:29+00:00,84937,3222,
2026-03-14T21:07:32+00:00,84937,3222,
2026-03-14T22:06:17+00:00,84937,3222,
2026-03-14T23:07:09+00:00,84937,3222,
2026-03-15T00:17:54+00:00,84937,3222,
2026-03-15T01:34:57+00:00,84937,3222,
2026-03-15T03:02:55+00:00,84937,3222,
2026-03-15T04:46:59+00:00,84937,3222,
2026-03-15T05:32:07+00:00,84937,3222,
2026-03-15T06:20:24+00:00,84937,3222,
2026-03-15T07:20:47+00:00,84937,3222,
2026-03-15T08:09:43+00:00,84937,3222,
2026-03-15T09:10:15+00:00,84937,3222,
2026-03-15T10:06:35+00:00,84937,3222,
2026-03-15T11:07:28+00:00,84937,3222,
2026-03-15T12:08:08+00:00,84937,3222,
2026-03-15T13:21:03+00:00,84937,3222,
2026-03-15T14:10:25+00:00,84937,3222,
2026-03-15T15:07:56+00:00,84937,3222,
2026-03-15T16:07:07+00:00,84937,3222,
2026-03-15T17:07:40+00:00,84937,3222,
2026-03-15T18:08:10+00:00,84937,3222,
2026-03-15T19:10:39+00:00,84937,3222,
2026-03-15T20:06:25+00:00,84937,3222,
2026-03-15T21:07:16+00:00,84937,3222,
2026-03-15T22:06:04+00:00,84937,3222,
2026-03-15T23:07:37+00:00,84941,3222,
2026-03-16T00:18:15+00:00,84941,3222,
2026-03-16T01:35:33+00:00,84941,3222,
2026-03-16T03:04:07+00:00,85050,3222,
2026-03-16T04:53:42+00:00,85050,3222,
2026-03-16T05:37:37+00:00,85050,3222,
2026-03-16T06:31:05+00:00,85050,3222,
2026-03-16T07:31:58+00:00,85050,3222,
2026-03-16T08:22:33+00:00,85050,3222,
2026-03-16T09:23:11+00:00,85050,3222,
2026-03-16T10:22:11+00:00,85050,3222,
2026-03-16T11:19:34+00:00,85050,3222,
2026-03-16T12:15:25+00:00,85050,3222,
2026-03-16T13:33:05+00:00,85050,3222,
2026-03-16T14:28:14+00:00,85050,3222,
2026-03-16T15:25:09+00:00,85050,3222,
2026-03-16T16:22:55+00:00,85050,3222,
2026-03-16T17:23:01+00:00,85050,3222,
2026-03-16T18:19:28+00:00,85026,3222,
2026-03-16T19:23:44+00:00,85022,3222,
2026-03-16T20:10:51+00:00,85016,3223,
2026-03-16T21:13:27+00:00,85016,3223,
2026-03-16T22:10:08+00:00,85016,3223,
2026-03-16T23:09:42+00:00,85016,3223,
2026-03-17T00:16:59+00:00,85016,3223,
2026-03-17T01:34:44+00:00,85013,3223,
2026-03-17T02:59:14+00:00,85060,3223,
2026-03-17T03:51:49+00:00,85060,3223,
2026-03-17T04:36:28+00:00,85060,3223,
2026-03-17T05:29:36+00:00,85060,3223,
2026-03-17T06:23:07+00:00,85060,3223,
2026-03-17T07:23:26+00:00,85054,3223,
2026-03-17T08:15:26+00:00,85054,3223,
2026-03-17T09:18:57+00:00,85054,3223,
2026-03-17T10:17:18+00:00,85054,3223,
2026-03-17T11:17:25+00:00,85054,3223,
2026-03-17T12:15:07+00:00,85054,3223,
2026-03-17T13:32:13+00:00,85054,3223,
2026-03-17T14:26:29+00:00,85054,3223,
2026-03-17T15:23:54+00:00,85054,3223,
2026-03-17T16:24:26+00:00,85054,3223,
2026-03-17T17:23:40+00:00,85054,3223,
2026-03-17T18:19:11+00:00,85054,3223,
2026-03-17T19:24:16+00:00,85154,3223,
2026-03-17T20:11:53+00:00,85154,3223,
2026-03-17T21:12:43+00:00,85154,3223,
2026-03-17T22:09:27+00:00,85154,3223,
2026-03-17T23:09:55+00:00,85154,3223,
2026-03-18T00:17:34+00:00,85154,3223,
2026-03-18T01:35:16+00:00,85154,3223,
2026-03-18T03:02:23+00:00,85155,3223,
2026-03-18T04:39:54+00:00,85163,3223,
2026-03-18T05:32:54+00:00,85163,3223,
2026-03-18T06:22:58+00:00,85163,3223,
2026-03-18T07:23:42+00:00,85145,3223,
2026-03-18T08:13:39+00:00,85145,3223,
2026-03-18T09:18:59+00:00,85145,3223,
2026-03-18T10:19:42+00:00,85145,3223,
2026-03-18T11:18:06+00:00,85145,3223,
2026-03-18T12:16:23+00:00,85145,3223,
2026-03-18T13:32:37+00:00,85145,3223,
2026-03-18T14:29:20+00:00,85145,3223,
2026-03-18T15:27:45+00:00,85145,3223,
2026-03-18T16:23:44+00:00,85145,3223,
2026-03-18T17:23:40+00:00,85140,3223,
2026-03-18T18:20:14+00:00,85140,3223,
2026-03-18T19:22:53+00:00,85138,3223,
2026-03-18T20:10:59+00:00,85136,3223,
2026-03-18T21:11:52+00:00,85138,3223,
2026-03-18T22:08:28+00:00,85138,3223,
2026-03-18T23:08:58+00:00,85239,3222,
2026-03-19T00:17:15+00:00,85277,3223,
2026-03-19T01:35:15+00:00,85278,3223,
2026-03-19T03:02:02+00:00,85281,3223,
2026-03-19T04:39:30+00:00,85285,3224,
2026-03-19T05:30:53+00:00,85285,3224,
2026-03-19T06:21:34+00:00,85285,3224,
2026-03-19T07:22:05+00:00,85285,3224,
2026-03-19T08:12:39+00:00,85285,3224,
2026-03-19T09:15:38+00:00,85285,3224,
2026-03-19T10:15:14+00:00,85285,3224,
2026-03-19T11:15:08+00:00,85285,3224,
2026-03-19T12:10:52+00:00,85285,3224,
2026-03-19T13:30:38+00:00,85285,3224,
2026-03-19T14:19:17+00:00,85285,3224,
2026-03-19T15:17:19+00:00,85285,3224,
2026-03-19T16:19:07+00:00,85285,3224,
2026-03-19T17:22:15+00:00,85285,3224,
2026-03-19T18:17:03+00:00,85285,3224,
2026-03-19T19:20:45+00:00,85285,3224,
2026-03-19T20:10:48+00:00,85285,3224,
2026-03-19T21:11:49+00:00,85292,3225,
2026-03-19T22:06:23+00:00,85290,3224,
2026-03-19T23:08:14+00:00,85290,3224,
2026-03-20T00:17:44+00:00,85290,3224,
2026-03-20T01:34:20+00:00,85292,3224,
2026-03-20T02:57:55+00:00,85292,3224,
2026-03-20T03:50:04+00:00,85292,3224,
2026-03-20T04:35:07+00:00,85292,3224,
2026-03-20T05:24:28+00:00,85292,3224,
2026-03-20T06:17:23+00:00,85292,3224,
2026-03-20T07:20:01+00:00,85292,3224,
2026-03-20T08:11:48+00:00,85292,3224,
2026-03-20T09:13:38+00:00,85292,3224,
2026-03-20T10:12:32+00:00,85292,3224,
2026-03-20T11:11:57+00:00,85292,3224,
2026-03-20T12:09:51+00:00,85292,3224,
2026-03-20T13:26:48+00:00,85292,3224,
2026-03-20T14:17:45+00:00,85292,3224,
2026-03-20T15:16:10+00:00,85292,3224,
2026-03-20T16:13:58+00:00,85292,3224,
2026-03-20T17:15:01+00:00,85292,3224,
2026-03-20T18:12:02+00:00,85295,3225,
2026-03-20T19:16:09+00:00,85295,3225,
2026-03-20T20:07:35+00:00,85295,3225,
2026-03-20T21:08:15+00:00,85295,3225,
2026-03-20T22:06:54+00:00,85295,3225,
2026-03-20T23:07:52+00:00,85295,3225,
2026-03-21T00:15:05+00:00,85295,3225,
2026-03-21T01:33:40+00:00,85295,3225,
2026-03-21T02:53:52+00:00,85295,3225,
2026-03-21T03:44:07+00:00,85295,3225,
2026-03-21T04:32:22+00:00,85295,3225,
2026-03-21T05:19:35+00:00,85295,3225,
2026-03-21T06:12:06+00:00,85295,3225,
2026-03-21T07:14:28+00:00,85295,3225,
2026-03-21T08:06:42+00:00,85295,3225,
2026-03-21T09:08:49+00:00,85295,3225,
2026-03-21T10:06:18+00:00,85295,3225,
2026-03-21T11:05:38+00:00,85295,3225,
2026-03-21T12:06:36+00:00,85295,3225,
2026-03-21T13:18:24+00:00,85295,3225,
2026-03-21T14:07:52+00:00,85295,3225,
2026-03-21T15:06:10+00:00,85295,3225,
2026-03-21T16:06:10+00:00,85295,3225,
2026-03-21T17:06:51+00:00,85295,3225,
2026-03-21T18:06:49+00:00,85295,3225,
2026-03-21T19:07:46+00:00,85295,3225,
2026-03-21T20:04:53+00:00,85295,3225,
2026-03-21T21:06:18+00:00,85295,3225,
2026-03-21T22:04:57+00:00,85295,3225,
2026-03-21T23:06:22+00:00,85295,3225,
2026-03-22T00:16:11+00:00,85289,3225,
2026-03-22T01:34:26+00:00,85283,3225,
2026-03-22T03:02:39+00:00,85283,3225,
2026-03-22T04:38:17+00:00,85266,3225,
2026-03-22T05:26:42+00:00,85266,3225,
2026-03-22T06:16:51+00:00,85266,3225,
2026-03-22T07:16:51+00:00,85266,3225,
2026-03-22T08:07:33+00:00,85266,3225,
2026-03-22T09:09:26+00:00,85266,3225,
2026-03-22T10:06:01+00:00,85266,3225,
2026-03-22T11:06:17+00:00,85266,3225,
2026-03-22T12:07:33+00:00,85266,3225,
2026-03-22T13:19:19+00:00,85266,3225,
2026-03-22T14:08:30+00:00,85266,3225,
2026-03-22T15:06:53+00:00,85266,3225,
2026-03-22T16:06:04+00:00,85266,3225,
2026-03-22T17:07:00+00:00,85266,3225,
2026-03-22T18:07:36+00:00,85266,3225,
2026-03-22T19:09:29+00:00,85266,3225,
2026-03-22T20:05:10+00:00,85268,3225,
2026-03-22T21:07:17+00:00,85268,3225,
2026-03-22T22:05:06+00:00,85287,3225,
2026-03-22T23:06:59+00:00,85287,3225,
2026-03-23T00:18:12+00:00,85287,3225,
2026-03-23T01:35:03+00:00,85295,3224,
2026-03-23T03:03:13+00:00,85295,3224,
2026-03-23T04:45:23+00:00,85297,3225,
2026-03-23T05:33:04+00:00,85297,3225,
2026-03-23T06:25:26+00:00,85297,3225,
2026-03-23T07:30:22+00:00,85297,3225,
2026-03-23T08:19:20+00:00,85297,3225,
2026-03-23T09:21:45+00:00,85297,3225,
2026-03-23T10:21:50+00:00,85297,3225,
2026-03-23T11:18:11+00:00,85297,3225,
2026-03-23T12:14:40+00:00,85297,3225,
2026-03-23T13:31:29+00:00,85297,3225,
2026-03-23T14:24:50+00:00,85297,3225,
2026-03-23T15:22:35+00:00,85297,3225,
2026-03-23T16:19:26+00:00,85297,3225,
2026-03-23T17:18:25+00:00,85294,3225,
2026-03-23T18:16:26+00:00,85294,3225,
2026-03-23T19:20:01+00:00,85420,3225,
2026-03-23T20:13:07+00:00,85420,3225,
2026-03-23T21:11:36+00:00,85615,3225,
2026-03-23T22:07:42+00:00,85657,3225,
2026-03-23T23:09:36+00:00,85656,3224,
2026-03-24T00:15:17+00:00,85654,3224,
2026-03-24T01:34:50+00:00,85654,3224,
2026-03-24T02:58:57+00:00,85654,3224,
2026-03-24T03:52:54+00:00,85654,3224,
2026-03-24T04:37:21+00:00,85654,3224,
2026-03-24T05:30:27+00:00,85654,3224,
2026-03-24T06:23:03+00:00,85654,3224,
2026-03-24T07:23:48+00:00,85654,3224,
2026-03-24T08:15:39+00:00,85654,3224,
2026-03-24T09:18:47+00:00,85654,3224,
2026-03-24T10:18:05+00:00,85654,3224,
2026-03-24T11:17:46+00:00,85654,3224,
2026-03-24T12:15:23+00:00,85654,3224,
2026-03-24T13:31:49+00:00,85654,3224,
2026-03-24T14:26:57+00:00,85654,3224,
2026-03-24T15:26:00+00:00,85654,3224,
2026-03-24T16:23:02+00:00,85654,3224,
2026-03-24T17:21:13+00:00,85654,3224,
2026-03-24T18:19:33+00:00,85658,3224,
2026-03-24T19:24:40+00:00,85656,3224,
2026-03-24T20:14:06+00:00,85658,3224,
2026-03-24T21:12:52+00:00,85658,3224,
2026-03-24T22:08:56+00:00,85665,3224,
2026-03-24T23:09:28+00:00,85665,3224,
2026-03-25T00:17:36+00:00,85665,3224,
2026-03-25T01:34:13+00:00,85665,3224,
2026-03-25T03:01:52+00:00,85665,3224,
2026-03-25T03:56:45+00:00,85665,3224,
2026-03-25T04:39:34+00:00,85665,3224,
2026-03-25T05:30:29+00:00,85665,3224,
2026-03-25T06:22:50+00:00,85665,3224,
2026-03-25T07:23:40+00:00,85665,3224,
2026-03-25T08:14:36+00:00,85665,3224,
2026-03-25T09:18:52+00:00,85665,3224,
2026-03-25T10:17:58+00:00,85685,3224,
2026-03-25T11:16:33+00:00,85685,3224,
2026-03-25T12:14:42+00:00,85685,3224,
2026-03-25T13:31:49+00:00,85685,3224,
2026-03-25T14:26:34+00:00,85685,3224,
2026-03-25T15:25:56+00:00,85685,3224,
2026-03-25T16:26:24+00:00,85685,3224,
2026-03-25T17:22:37+00:00,85685,3224,
2026-03-25T18:19:39+00:00,85685,3224,
2026-03-25T19:19:15+00:00,85685,3224,
2026-03-25T20:11:20+00:00,85685,3224,
2026-03-25T21:11:27+00:00,85685,3224,
2026-03-25T22:10:44+00:00,85685,3224,
2026-03-25T23:11:19+00:00,85686,3224,
2026-03-26T00:18:56+00:00,85686,3224,
2026-03-26T01:34:40+00:00,85686,3224,
2026-03-26T03:04:08+00:00,85688,3224,
2026-03-26T04:47:12+00:00,85686,3224,
2026-03-26T05:33:46+00:00,85686,3224,
2026-03-26T06:25:02+00:00,85686,3224,
2026-03-26T07:28:10+00:00,85686,3224,
2026-03-26T08:17:51+00:00,85686,3224,
2026-03-26T09:21:29+00:00,85686,3224,
2026-03-26T10:20:40+00:00,85688,3224,
2026-03-26T11:19:44+00:00,85688,3224,
2026-03-26T12:17:50+00:00,85688,3224,
2026-03-26T13:32:04+00:00,85688,3224,
2026-03-26T14:32:03+00:00,85688,3224,
2026-03-26T15:28:54+00:00,85688,3224,
2026-03-26T16:26:15+00:00,85688,3224,
2026-03-26T17:24:03+00:00,85688,3224,
2026-03-26T18:20:53+00:00,85699,3224,
2026-03-26T19:25:57+00:00,85699,3224,
2026-03-26T20:09:54+00:00,85701,3224,
2026-03-26T21:09:53+00:00,85725,3224,
2026-03-26T22:06:22+00:00,85725,3224,
2026-03-26T23:09:39+00:00,85727,3224,
2026-03-27T00:18:59+00:00,85727,3224,
2026-03-27T01:34:37+00:00,85727,3224,
2026-03-27T03:03:36+00:00,85729,3224,
2026-03-27T04:47:24+00:00,85776,3224,
2026-03-27T05:34:12+00:00,85776,3224,
2026-03-27T06:25:21+00:00,85776,3224,
2026-03-27T07:27:13+00:00,85776,3224,
2026-03-27T08:15:33+00:00,85776,3224,
2026-03-27T09:18:12+00:00,85776,3224,
2026-03-27T10:17:03+00:00,85782,3224,
2026-03-27T11:17:12+00:00,85782,3224,
2026-03-27T12:14:20+00:00,85782,3224,
2026-03-27T13:31:04+00:00,85782,3224,
2026-03-27T14:21:53+00:00,85782,3224,
2026-03-27T15:18:07+00:00,85782,3224,
2026-03-27T16:18:30+00:00,85782,3224,
2026-03-27T17:19:08+00:00,85782,3224,
2026-03-27T18:17:59+00:00,85782,3224,
2026-03-27T19:18:13+00:00,85782,3224,
2026-03-27T20:09:46+00:00,85782,3224,
2026-03-27T21:11:34+00:00,85782,3224,
2026-03-27T22:07:08+00:00,85782,3224,
2026-03-27T23:10:03+00:00,85782,3224,
2026-03-28T00:17:41+00:00,85782,3224,
2026-03-28T01:34:45+00:00,85782,3224,
2026-03-28T03:00:50+00:00,85782,3224,
2026-03-28T03:54:46+00:00,85782,3224,
2026-03-28T04:38:39+00:00,85782,3224,
2026-03-28T05:29:02+00:00,85782,3224,
2026-03-28T06:19:58+00:00,85782,3224,
2026-03-28T07:21:15+00:00,85782,3224,
2026-03-28T08:11:15+00:00,85782,3224,
2026-03-28T09:12:19+00:00,85782,3224,
2026-03-28T10:09:52+00:00,85782,3224,
2026-03-28T11:08:29+00:00,85782,3224,
2026-03-28T12:08:57+00:00,85782,3224,
2026-03-28T13:22:57+00:00,85782,3224,
2026-03-28T14:11:29+00:00,85782,3224,
2026-03-28T15:08:26+00:00,85782,3224,
2026-03-28T16:07:33+00:00,85782,3224,
2026-03-28T17:08:49+00:00,85782,3224,
2026-03-28T18:07:53+00:00,85782,3224,
2026-03-28T19:12:08+00:00,85782,3224,
2026-03-28T20:06:46+00:00,85782,3224,
2026-03-28T21:08:15+00:00,85782,3224,
2026-03-28T22:06:57+00:00,85782,3224,
2026-03-28T23:08:25+00:00,85782,3224,
2026-03-29T00:18:58+00:00,85782,3224,
2026-03-29T01:34:43+00:00,85782,3224,
2026-03-29T03:03:02+00:00,85762,3224,
2026-03-29T04:49:53+00:00,85752,3224,
2026-03-29T05:34:36+00:00,85740,3224,
2026-03-29T06:24:17+00:00,85737,3224,
2026-03-29T07:23:19+00:00,85737,3224,
2026-03-29T08:11:35+00:00,85737,3224,
2026-03-29T09:12:54+00:00,85737,3224,
2026-03-29T10:09:11+00:00,85737,3224,
2026-03-29T11:08:38+00:00,85737,3224,
2026-03-29T12:08:48+00:00,85737,3224,
2026-03-29T13:23:54+00:00,85737,3224,
2026-03-29T14:12:02+00:00,85737,3224,
2026-03-29T15:08:52+00:00,85737,3224,
2026-03-29T16:08:21+00:00,85737,3224,
2026-03-29T17:09:31+00:00,85737,3224,
2026-03-29T18:08:55+00:00,85737,3224,
2026-03-29T19:13:47+00:00,85737,3224,
2026-03-29T20:07:08+00:00,85737,3224,
2026-03-29T21:09:09+00:00,85737,3224,
2026-03-29T22:07:19+00:00,85737,3224,
2026-03-29T23:09:29+00:00,85737,3224,
2026-03-30T00:19:35+00:00,85737,3224,
2026-03-30T01:35:16+00:00,85729,3224,
2026-03-30T03:03:21+00:00,85715,3224,
2026-03-30T04:57:25+00:00,85728,3224,
2026-03-30T05:44:49+00:00,85728,3224,
2026-03-30T06:35:49+00:00,85728,3224,
2026-03-30T07:33:06+00:00,85728,3224,
2026-03-30T08:31:48+00:00,85728,3224,
2026-03-30T09:31:15+00:00,85728,3224,
2026-03-30T10:29:22+00:00,85728,3224,
2026-03-30T11:23:49+00:00,85728,3224,
2026-03-30T12:17:28+00:00,85728,3224,
2026-03-30T13:33:00+00:00,85728,3224,
2026-03-30T14:32:14+00:00,85728,3224,
2026-03-30T15:28:21+00:00,85728,3224,
2026-03-30T16:22:19+00:00,85728,3224,
2026-03-30T17:20:15+00:00,85728,3224,
2026-03-30T18:18:55+00:00,85728,3224,
2026-03-30T19:23:55+00:00,85730,3224,
2026-03-30T20:13:03+00:00,85729,3224,
2026-03-30T21:15:35+00:00,85747,3224,
2026-03-30T22:11:56+00:00,85755,3224,
2026-03-30T23:11:50+00:00,85755,3224,
2026-03-31T00:20:21+00:00,85757,3224,
2026-03-31T01:35:00+00:00,85749,3224,
2026-03-31T03:03:18+00:00,85749,3224,
2026-03-31T04:49:04+00:00,85703,3224,
2026-03-31T05:35:22+00:00,85703,3224,
2026-03-31T06:28:48+00:00,85656,3224,
2026-03-31T07:32:20+00:00,85617,3224,
2026-03-31T08:22:37+00:00,85557,3224,
2026-03-31T09:24:20+00:00,85510,3224,
2026-03-31T10:21:38+00:00,85511,3224,
2026-03-31T11:19:03+00:00,85511,3224,
2026-03-31T12:17:30+00:00,85511,3224,
2026-03-31T13:32:58+00:00,85511,3224,
2026-03-31T14:35:40+00:00,85511,3224,
2026-03-31T15:26:53+00:00,85511,3224,
2026-03-31T16:22:35+00:00,85511,3224,
2026-03-31T17:21:39+00:00,85498,3224,
2026-03-31T18:18:39+00:00,85498,3224,
2026-03-31T19:24:23+00:00,85515,3223,
2026-03-31T20:13:05+00:00,85515,3223,
2026-03-31T21:12:39+00:00,85515,3223,
2026-03-31T22:14:17+00:00,85493,3223,
2026-03-31T23:10:03+00:00,85483,3223,
2026-04-01T00:21:18+00:00,85483,3223,
2026-04-01T01:34:43+00:00,85484,3223,
2026-04-01T03:03:34+00:00,85486,3223,
2026-04-01T04:57:52+00:00,85486,3223,
2026-04-01T05:42:30+00:00,85486,3223,
2026-04-01T06:34:16+00:00,85486,3223,
2026-04-01T07:33:09+00:00,85486,3223,
2026-04-01T08:27:08+00:00,85486,3223,
2026-04-01T09:26:33+00:00,85486,3223,
2026-04-01T10:22:19+00:00,85486,3223,
2026-04-01T11:20:59+00:00,85486,3223,
2026-04-01T12:17:58+00:00,85486,3223,
2026-04-01T13:32:25+00:00,85486,3223,
2026-04-01T14:32:28+00:00,85486,3223,
2026-04-01T15:29:14+00:00,85486,3223,
2026-04-01T16:20:33+00:00,85486,3223,
2026-04-01T17:20:02+00:00,85486,3223,
2026-04-01T18:17:50+00:00,85486,3223,
2026-04-01T19:24:54+00:00,85486,3223,
2026-04-01T20:14:16+00:00,85486,3223,
2026-04-01T21:15:38+00:00,85531,3223,
2026-04-01T22:11:38+00:00,85530,3222,
2026-04-01T23:12:33+00:00,85530,3222,
2026-04-02T00:18:25+00:00,85530,3222,
2026-04-02T01:34:32+00:00,85530,3221,
2026-04-02T03:02:54+00:00,85540,3222,
2026-04-02T04:44:50+00:00,85540,3222,
2026-04-02T05:34:05+00:00,85540,3222,
2026-04-02T06:25:54+00:00,85540,3222,
2026-04-02T07:30:24+00:00,85540,3222,
2026-04-02T08:20:53+00:00,85540,3222,
2026-04-02T09:22:36+00:00,85540,3222,
2026-04-02T10:20:02+00:00,85566,3223,
2026-04-02T11:18:22+00:00,85566,3223,
2026-04-02T12:17:12+00:00,85566,3223,
2026-04-02T13:32:20+00:00,85566,3223,
2026-04-02T14:28:37+00:00,85566,3223,
2026-04-02T15:22:52+00:00,85566,3223,
2026-04-02T16:20:05+00:00,85566,3223,
2026-04-02T17:18:23+00:00,85566,3223,
2026-04-02T18:16:47+00:00,85566,3223,
2026-04-02T19:21:36+00:00,85566,3223,
2026-04-02T20:10:42+00:00,85566,3223,
2026-04-02T21:11:54+00:00,85566,3223,
2026-04-02T22:10:53+00:00,85566,3223,
2026-04-02T23:09:51+00:00,85566,3223,
2026-04-03T00:19:51+00:00,85566,3223,
2026-04-03T01:34:55+00:00,85566,3223,
2026-04-03T03:03:35+00:00,85566,3223,
2026-04-03T04:46:31+00:00,85566,3223,
2026-04-03T05:33:58+00:00,85566,3223,
2026-04-03T06:25:04+00:00,85566,3223,
2026-04-03T07:28:45+00:00,85566,3223,
2026-04-03T08:17:11+00:00,85566,3223,
2026-04-03T09:18:25+00:00,85566,3223,
2026-04-03T10:14:49+00:00,85566,3223,
2026-04-03T11:16:32+00:00,85566,3223,
2026-04-03T12:12:13+00:00,85566,3223,
2026-04-03T13:29:14+00:00,85566,3223,
2026-04-03T14:16:55+00:00,85566,3223,
2026-04-03T15:15:37+00:00,85566,3223,
2026-04-03T16:12:43+00:00,85566,3223,
2026-04-03T17:10:50+00:00,85566,3223,
2026-04-03T18:11:41+00:00,85566,3223,
2026-04-03T19:15:59+00:00,85566,3223,
2026-04-03T20:08:51+00:00,85566,3223,
2026-04-03T21:10:40+00:00,85566,3223,
2026-04-03T22:08:27+00:00,85566,3223,
2026-04-03T23:09:43+00:00,85566,3223,
2026-04-04T00:18:10+00:00,85566,3223,
2026-04-04T01:34:40+00:00,85566,3223,
2026-04-04T03:00:54+00:00,85566,3223,
2026-04-04T03:54:23+00:00,85566,3223,
2026-04-04T04:35:49+00:00,85566,3223,
2026-04-04T05:28:35+00:00,85566,3223,
2026-04-04T06:21:37+00:00,85566,3223,
2026-04-04T07:22:46+00:00,85566,3223,
2026-04-04T08:12:27+00:00,85566,3223,
2026-04-04T09:13:40+00:00,85566,3223,
2026-04-04T10:09:53+00:00,85566,3223,
2026-04-04T11:09:29+00:00,85566,3223,
2026-04-04T12:08:50+00:00,85566,3223,
2026-04-04T13:23:41+00:00,85566,3223,
2026-04-04T14:11:34+00:00,85566,3223,
2026-04-04T15:09:04+00:00,85566,3223,
2026-04-04T16:07:50+00:00,85566,3223,
2026-04-04T17:09:01+00:00,85566,3223,
2026-04-04T18:08:32+00:00,85566,3223,
2026-04-04T19:13:34+00:00,85566,3223,
2026-04-04T20:07:30+00:00,85566,3223,
2026-04-04T21:08:43+00:00,85566,3223,
2026-04-04T22:07:16+00:00,85566,3223,
2026-04-04T23:08:19+00:00,85566,3223,
2026-04-05T00:19:03+00:00,85566,3223,
2026-04-05T01:34:06+00:00,85566,3223,
2026-04-05T03:03:07+00:00,85566,3223,
2026-04-05T04:50:32+00:00,85566,3223,
2026-04-05T05:35:02+00:00,85566,3223,
2026-04-05T06:26:26+00:00,85566,3223,
2026-04-05T07:25:54+00:00,85566,3223,
2026-04-05T08:12:00+00:00,85566,3223,
2026-04-05T09:14:41+00:00,85566,3223,
2026-04-05T10:10:23+00:00,85566,3223,
2026-04-05T11:09:13+00:00,85566,3223,
2026-04-05T12:09:09+00:00,85566,3223,
2026-04-05T13:25:14+00:00,85566,3223,
2026-04-05T14:12:22+00:00,85566,3223,
2026-04-05T15:10:34+00:00,85566,3223,
2026-04-05T16:08:58+00:00,85566,3223,
2026-04-05T17:10:31+00:00,85566,3223,
2026-04-05T18:09:39+00:00,85561,3223,
2026-04-05T19:15:10+00:00,85561,3223,
2026-04-05T20:07:23+00:00,85561,3223,
2026-04-05T21:09:41+00:00,85561,3223,
2026-04-05T22:07:45+00:00,85561,3223,
2026-04-05T23:09:29+00:00,85561,3223,
2026-04-06T00:20:12+00:00,85561,3223,
2026-04-06T01:34:38+00:00,85561,3223,
2026-04-06T03:04:02+00:00,85561,3223,
2026-04-06T04:56:49+00:00,85561,3223,
2026-04-06T05:44:29+00:00,85561,3223,
2026-04-06T06:36:40+00:00,85561,3223,
2026-04-06T07:33:39+00:00,85561,3223,
2026-04-06T08:32:02+00:00,85561,3223,
2026-04-06T09:28:13+00:00,85561,3223,
2026-04-06T10:24:45+00:00,85561,3223,
2026-04-06T11:19:40+00:00,85561,3223,
2026-04-06T12:16:24+00:00,85561,3223,
2026-04-06T13:31:39+00:00,85561,3223,
2026-04-06T14:20:55+00:00,85561,3223,
2026-04-06T15:16:25+00:00,85561,3223,
2026-04-06T16:16:24+00:00,85561,3223,
2026-04-06T17:17:39+00:00,85561,3223,
2026-04-06T18:18:21+00:00,85561,3223,
2026-04-06T19:24:31+00:00,85561,3223,
2026-04-06T20:12:40+00:00,85561,3223,
2026-04-06T21:12:59+00:00,85567,3224,
2026-04-06T22:09:57+00:00,85569,3225,
2026-04-06T23:11:43+00:00,85569,3225,
2026-04-07T00:19:51+00:00,85569,3225,
2026-04-07T01:34:52+00:00,85565,3224,
2026-04-07T03:03:34+00:00,85565,3224,
2026-04-07T04:48:21+00:00,85565,3224,
2026-04-07T05:35:19+00:00,85565,3224,
2026-04-07T06:30:41+00:00,85565,3224,
2026-04-07T07:32:57+00:00,85565,3224,
2026-04-07T08:26:11+00:00,85565,3224,
2026-04-07T09:26:39+00:00,85565,3224,
2026-04-07T10:22:28+00:00,85565,3224,
2026-04-07T11:21:07+00:00,85565,3224,
2026-04-07T12:17:58+00:00,85565,3224,
2026-04-07T13:32:37+00:00,85565,3224,
2026-04-07T14:34:05+00:00,85565,3224,
2026-04-07T15:30:19+00:00,85565,3224,
2026-04-07T16:23:34+00:00,85565,3224,
2026-04-07T17:22:44+00:00,85565,3224,
2026-04-07T18:19:31+00:00,85565,3224,
2026-04-07T19:26:23+00:00,85565,3224,
2026-04-07T20:12:46+00:00,85565,3224,
2026-04-07T21:17:31+00:00,85565,3224,
2026-04-07T22:13:08+00:00,85567,3224,
2026-04-07T23:14:03+00:00,85567,3224,
2026-04-08T00:21:06+00:00,85567,3224,
2026-04-08T01:34:37+00:00,85566,3223,
2026-04-08T03:03:51+00:00,85566,3223,
2026-04-08T04:50:20+00:00,85566,3223,
2026-04-08T05:35:14+00:00,85563,3223,
2026-04-08T06:31:44+00:00,85563,3223,
2026-04-08T07:32:39+00:00,85563,3223,
2026-04-08T08:24:26+00:00,85563,3223,
2026-04-08T09:24:44+00:00,85563,3223,
2026-04-08T10:23:45+00:00,85563,3223,
2026-04-08T11:21:30+00:00,85563,3223,
2026-04-08T12:17:59+00:00,85563,3223,
2026-04-08T13:33:21+00:00,85563,3223,
2026-04-08T14:34:55+00:00,85563,3223,
2026-04-08T15:29:42+00:00,85563,3223,
2026-04-08T16:26:45+00:00,85563,3223,
2026-04-08T17:25:09+00:00,85563,3223,
2026-04-08T18:24:59+00:00,85563,3223,
2026-04-08T19:31:16+00:00,85563,3223,
2026-04-08T20:13:48+00:00,85563,3223,
2026-04-08T21:16:55+00:00,85563,3223,
2026-04-08T22:14:32+00:00,85569,3223,
2026-04-08T23:15:12+00:00,85569,3223,
2026-04-09T00:16:58+00:00,85569,3223,
2026-04-09T01:34:37+00:00,85569,3223,
2026-04-09T03:03:18+00:00,85569,3223,
2026-04-09T04:48:22+00:00,85569,3223,
2026-04-09T05:36:41+00:00,85569,3223,
2026-04-09T06:32:58+00:00,85569,3223,
2026-04-09T07:32:49+00:00,85569,3223,
2026-04-09T08:31:27+00:00,85569,3223,
2026-04-09T09:28:52+00:00,85569,3223,
2026-04-09T10:26:25+00:00,85569,3223,
2026-04-09T11:22:35+00:00,85569,3223,
2026-04-09T12:19:21+00:00,85569,3223,
2026-04-09T13:33:20+00:00,85569,3223,
2026-04-09T14:36:54+00:00,85569,3223,
2026-04-09T15:31:52+00:00,85569,3223,
2026-04-09T16:29:44+00:00,85569,3223,
2026-04-09T17:25:44+00:00,85569,3223,
2026-04-09T18:20:58+00:00,85569,3223,
2026-04-09T19:28:14+00:00,85569,3223,
2026-04-09T20:17:56+00:00,85569,3223,
2026-04-09T21:16:51+00:00,85571,3223,
2026-04-09T22:14:30+00:00,85571,3223,
2026-04-09T23:15:56+00:00,85571,3223,
2026-04-10T00:19:36+00:00,85571,3223,
2026-04-10T01:35:13+00:00,85571,3223,
2026-04-10T03:04:10+00:00,85571,3223,
2026-04-10T04:57:59+00:00,85571,3223,
2026-04-10T05:45:05+00:00,85571,3223,
2026-04-10T06:36:45+00:00,85571,3223,
2026-04-10T07:33:31+00:00,85571,3223,
2026-04-10T08:31:13+00:00,85571,3223,
2026-04-10T09:27:47+00:00,85571,3223,
2026-04-10T10:22:49+00:00,85571,3223,
2026-04-10T11:19:10+00:00,85571,3223,
2026-04-10T12:16:10+00:00,85571,3223,
2026-04-10T13:31:53+00:00,85571,3223,
2026-04-10T14:24:26+00:00,85571,3223,
2026-04-10T15:17:41+00:00,85571,3223,
2026-04-10T16:18:07+00:00,85571,3223,
2026-04-10T17:17:22+00:00,85571,3223,
2026-04-10T18:16:54+00:00,85569,3223,
2026-04-10T19:19:28+00:00,85573,3223,
2026-04-10T20:11:36+00:00,85573,3223,
2026-04-10T21:11:12+00:00,85573,3223,
2026-04-10T22:11:09+00:00,85573,3223,
2026-04-10T23:12:13+00:00,85573,3223,
2026-04-11T00:19:00+00:00,85573,3223,
2026-04-11T01:34:47+00:00,85573,3223,
2026-04-11T03:02:38+00:00,85573,3223,
2026-04-11T04:38:48+00:00,85573,3223,
2026-04-11T05:31:33+00:00,85573,3223,
2026-04-11T06:23:04+00:00,85573,3223,
2026-04-11T07:23:42+00:00,85573,3223,
2026-04-11T08:12:40+00:00,85573,3223,
2026-04-11T09:15:25+00:00,85573,3223,
2026-04-11T10:11:39+00:00,85573,3223,
2026-04-11T11:09:50+00:00,85573,3223,
2026-04-11T12:09:54+00:00,85573,3223,
2026-04-11T13:25:26+00:00,85573,3223,
2026-04-11T14:13:10+00:00,85573,3223,
2026-04-11T15:10:48+00:00,85573,3223,
2026-04-11T16:08:30+00:00,85573,3223,
2026-04-11T17:11:16+00:00,85573,3223,
2026-04-11T18:09:29+00:00,85572,3223,
2026-04-11T19:15:49+00:00,85572,3223,
2026-04-11T20:07:00+00:00,85572,3223,
2026-04-11T21:09:12+00:00,85572,3223,
2026-04-11T22:07:34+00:00,85572,3223,
2026-04-11T23:09:51+00:00,85572,3223,
2026-04-12T00:20:53+00:00,85572,3223,
2026-04-12T01:34:23+00:00,85572,3223,
2026-04-12T03:04:15+00:00,85572,3223,
2026-04-12T04:57:25+00:00,85572,3223,
2026-04-12T05:41:34+00:00,85572,3223,
2026-04-12T06:32:32+00:00,85572,3223,
2026-04-12T07:30:50+00:00,85572,3223,
2026-04-12T08:16:51+00:00,85572,3223,
2026-04-12T09:17:32+00:00,85572,3223,
2026-04-12T10:15:05+00:00,85572,3223,
2026-04-12T11:13:37+00:00,85572,3223,
2026-04-12T12:10:37+00:00,85572,3223,
2026-04-12T13:27:25+00:00,85572,3223,
2026-04-12T14:15:01+00:00,85572,3223,
2026-04-12T15:13:40+00:00,85572,3223,
2026-04-12T16:10:57+00:00,85572,3223,
2026-04-12T17:11:53+00:00,85572,3223,
2026-04-12T18:12:37+00:00,85571,3223,
2026-04-12T19:16:39+00:00,85571,3223,
2026-04-12T20:09:26+00:00,85571,3223,
2026-04-12T21:10:11+00:00,85573,3223,
2026-04-12T22:08:28+00:00,85575,3223,
2026-04-12T23:10:44+00:00,85579,3223,
2026-04-13T00:22:16+00:00,85581,3223,
2026-04-13T01:35:26+00:00,85583,3223,
2026-04-13T03:04:21+00:00,85614,3223,
2026-04-13T05:03:19+00:00,85618,3223,
2026-04-13T06:42:34+00:00,85618,3223,
2026-04-13T07:35:29+00:00,85635,3223,
2026-04-13T08:42:00+00:00,85635,3223,
2026-04-13T09:36:44+00:00,85635,3223,
2026-04-13T10:33:53+00:00,85635,3223,
2026-04-13T11:29:34+00:00,85635,3223,
2026-04-13T12:21:44+00:00,85625,3223,
2026-04-13T13:33:31+00:00,85625,3223,
2026-04-13T14:34:30+00:00,85625,3223,
2026-04-13T15:30:04+00:00,85625,3223,
2026-04-13T16:27:31+00:00,85625,3223,
2026-04-13T17:23:53+00:00,85625,3223,
2026-04-13T18:25:14+00:00,85625,3223,
2026-04-13T19:29:31+00:00,85625,3223,
2026-04-13T20:19:33+00:00,85625,3223,
2026-04-13T21:20:08+00:00,85630,3224,
2026-04-13T22:15:35+00:00,85630,3224,
2026-04-13T23:16:48+00:00,85630,3224,
2026-04-14T00:25:07+00:00,85630,3224,
2026-04-14T01:34:28+00:00,85632,3224,
2026-04-14T03:03:29+00:00,85636,3224,
2026-04-14T04:56:30+00:00,85637,3223,
2026-04-14T05:43:55+00:00,85639,3223,
2026-04-14T06:36:15+00:00,85639,3223,
2026-04-14T07:34:01+00:00,85636,3223,
2026-04-14T08:33:32+00:00,85636,3223,
2026-04-14T09:33:10+00:00,85636,3223,
2026-04-14T10:28:54+00:00,85636,3223,
2026-04-14T11:24:19+00:00,85636,3223,
2026-04-14T12:20:00+00:00,85636,3223,
2026-04-14T13:33:54+00:00,85636,3223,
2026-04-14T14:35:19+00:00,85636,3223,
2026-04-14T15:27:07+00:00,85636,3223,
2026-04-14T16:25:20+00:00,85636,3223,
2026-04-14T17:26:52+00:00,85636,3223,
2026-04-14T18:24:20+00:00,85636,3223,
2026-04-14T19:31:26+00:00,85636,3223,
2026-04-14T20:20:51+00:00,85636,3223,
2026-04-14T21:18:05+00:00,85637,3223,
2026-04-14T22:16:50+00:00,85635,3222,
2026-04-14T23:17:26+00:00,85635,3222,
2026-04-15T00:24:43+00:00,85635,3222,
2026-04-15T01:35:15+00:00,85635,3222,
2026-04-15T03:03:43+00:00,85635,3221,
2026-04-15T04:56:47+00:00,85633,3221,
2026-04-15T05:44:07+00:00,85633,3221,
2026-04-15T06:37:03+00:00,85633,3221,
2026-04-15T07:33:34+00:00,85633,3221,
2026-04-15T08:34:02+00:00,85633,3221,
2026-04-15T09:33:24+00:00,85633,3221,
2026-04-15T10:28:40+00:00,85633,3221,
2026-04-15T11:22:43+00:00,85633,3221,
2026-04-15T12:19:37+00:00,85632,3220,
2026-04-15T13:33:43+00:00,85632,3220,
2026-04-15T14:33:46+00:00,85632,3220,
2026-04-15T15:27:02+00:00,85632,3220,
2026-04-15T16:22:51+00:00,85632,3220,
2026-04-15T17:24:27+00:00,85632,3220,
2026-04-15T18:24:26+00:00,85631,3220,
2026-04-15T19:32:28+00:00,85629,3219,
2026-04-15T20:18:26+00:00,85629,3219,
2026-04-15T21:18:19+00:00,85629,3219,
2026-04-15T22:16:02+00:00,85629,3219,
2026-04-15T23:17:14+00:00,85629,3219,
2026-04-16T00:25:19+00:00,85629,3219,
2026-04-16T01:34:41+00:00,85629,3219,
2026-04-16T03:04:15+00:00,85621,3219,
2026-04-16T05:01:25+00:00,85621,3219,
2026-04-16T05:50:44+00:00,85621,3219,
2026-04-16T06:38:47+00:00,85621,3219,
2026-04-16T07:33:59+00:00,85621,3219,
2026-04-16T08:33:34+00:00,85619,3219,
2026-04-16T09:32:14+00:00,85619,3219,
2026-04-16T10:28:52+00:00,85619,3219,
2026-04-16T11:25:09+00:00,85629,3219,
2026-04-16T12:21:36+00:00,85629,3219,
2026-04-16T13:34:06+00:00,85629,3219,
2026-04-16T14:36:10+00:00,85629,3219,
2026-04-16T15:32:54+00:00,85629,3219,
2026-04-16T16:33:17+00:00,85629,3219,
2026-04-16T17:30:48+00:00,85629,3219,
2026-04-16T18:24:47+00:00,85624,3219,
2026-04-16T19:31:03+00:00,85624,3219,
2026-04-16T20:16:38+00:00,85624,3219,
2026-04-16T21:16:50+00:00,85624,3219,
2026-04-16T22:14:29+00:00,85624,3219,
2026-04-16T23:15:41+00:00,85624,3219,
2026-04-17T00:23:43+00:00,85624,3219,
2026-04-17T01:34:51+00:00,85624,3219,
2026-04-17T03:03:49+00:00,85624,3219,
2026-04-17T04:59:50+00:00,85625,3220,
2026-04-17T05:48:26+00:00,85625,3220,
2026-04-17T06:37:26+00:00,85625,3220,
2026-04-17T07:34:24+00:00,85625,3220,
2026-04-17T08:33:42+00:00,85625,3220,
2026-04-17T09:32:49+00:00,85625,3220,
2026-04-17T10:26:18+00:00,85625,3220,
2026-04-17T11:20:22+00:00,85625,3220,
2026-04-17T12:18:43+00:00,85625,3220,
2026-04-17T13:32:15+00:00,85625,3220,
2026-04-17T14:27:48+00:00,85625,3220,
2026-04-17T15:23:41+00:00,85625,3220,
2026-04-17T16:21:08+00:00,85625,3220,
2026-04-17T17:18:05+00:00,85625,3220,
2026-04-17T18:18:11+00:00,85620,3220,
2026-04-17T19:25:24+00:00,85620,3220,
2026-04-17T20:15:12+00:00,85620,3220,
2026-04-17T21:15:38+00:00,85620,3220,
2026-04-17T22:14:07+00:00,85620,3220,
2026-04-17T23:14:42+00:00,85620,3220,
2026-04-18T00:21:36+00:00,85620,3220,
2026-04-18T01:34:49+00:00,85620,3220,
2026-04-18T03:03:28+00:00,85620,3220,
2026-04-18T04:47:16+00:00,85620,3220,
2026-04-18T05:34:06+00:00,85620,3220,
2026-04-18T06:25:40+00:00,85620,3220,
2026-04-18T07:26:55+00:00,85620,3220,
2026-04-18T08:14:28+00:00,85620,3220,
2026-04-18T09:17:02+00:00,85620,3220,
2026-04-18T10:14:49+00:00,85620,3220,
2026-04-18T11:13:48+00:00,85620,3220,
2026-04-18T12:11:02+00:00,85620,3220,
2026-04-18T13:27:45+00:00,85620,3220,
2026-04-18T14:15:29+00:00,85620,3220,
2026-04-18T15:14:50+00:00,85620,3220,
2026-04-18T16:11:50+00:00,85620,3220,
2026-04-18T17:13:24+00:00,85620,3220,
2026-04-18T18:12:03+00:00,85620,3220,
2026-04-18T19:18:50+00:00,85620,3220,
2026-04-18T20:09:30+00:00,85620,3220,
2026-04-18T21:10:45+00:00,85620,3220,
2026-04-18T22:08:40+00:00,85620,3220,
2026-04-18T23:11:26+00:00,85620,3220,
2026-04-19T00:21:35+00:00,85620,3220,
2026-04-19T01:34:58+00:00,85620,3220,
2026-04-19T03:03:30+00:00,85620,3220,
2026-04-19T05:01:21+00:00,85620,3220,
2026-04-19T05:49:17+00:00,85620,3220,
2026-04-19T06:34:04+00:00,85620,3220,
2026-04-19T07:31:42+00:00,85620,3220,
2026-04-19T08:20:26+00:00,85620,3220,
2026-04-19T09:17:20+00:00,85620,3220,
2026-04-19T10:14:53+00:00,85620,3220,
2026-04-19T11:14:32+00:00,85620,3220,
2026-04-19T12:10:43+00:00,85620,3220,
2026-04-19T13:27:14+00:00,85620,3220,
2026-04-19T14:15:07+00:00,85620,3220,
2026-04-19T15:14:43+00:00,85620,3220,
2026-04-19T16:11:34+00:00,85620,3220,
2026-04-19T17:12:55+00:00,85620,3220,
2026-04-19T18:12:42+00:00,85619,3220,
2026-04-19T19:18:04+00:00,85619,3220,
2026-04-19T20:10:13+00:00,85619,3220,
2026-04-19T21:11:35+00:00,85619,3220,
2026-04-19T22:09:09+00:00,85619,3220,
2026-04-19T23:12:48+00:00,85617,3219,
2026-04-20T00:22:24+00:00,85615,3219,
2026-04-20T01:35:10+00:00,85615,3219,
2026-04-20T03:04:31+00:00,85615,3219,
2026-04-20T05:03:25+00:00,85622,3220,
2026-04-20T06:44:26+00:00,85622,3220,
2026-04-20T07:36:15+00:00,85623,3220,
2026-04-20T08:44:51+00:00,85623,3220,
2026-04-20T09:35:47+00:00,85623,3220,
2026-04-20T10:34:19+00:00,85623,3220,
2026-04-20T11:31:41+00:00,86149,3220,
2026-04-20T12:22:50+00:00,86149,3220,
2026-04-20T13:34:29+00:00,86149,3220,
2026-04-20T14:34:38+00:00,86149,3220,
2026-04-20T15:30:02+00:00,86149,3220,
2026-04-20T16:26:39+00:00,86149,3220,
2026-04-20T17:23:32+00:00,86149,3220,
2026-04-20T18:20:06+00:00,85963,3220,
2026-04-20T19:26:19+00:00,85963,3220,
2026-04-20T20:15:09+00:00,85963,3220,
2026-04-20T21:17:17+00:00,85963,3220,
2026-04-20T22:15:33+00:00,85963,3220,
2026-04-20T23:16:38+00:00,85964,3220,
2026-04-21T00:24:16+00:00,85964,3220,
2026-04-21T01:34:57+00:00,85964,3220,
2026-04-21T03:03:31+00:00,85962,3220,
2026-04-21T04:58:53+00:00,85964,3220,
2026-04-21T05:48:16+00:00,85964,3220,
2026-04-21T06:37:00+00:00,85964,3220,
2026-04-21T07:34:13+00:00,85964,3220,
2026-04-21T08:36:38+00:00,85964,3220,
2026-04-21T09:33:34+00:00,85964,3220,
2026-04-21T10:30:48+00:00,85964,3220,
2026-04-21T11:27:00+00:00,85964,3220,
2026-04-21T12:21:13+00:00,85964,3220,
2026-04-21T13:33:38+00:00,85964,3220,
2026-04-21T14:35:18+00:00,85964,3220,
2026-04-21T15:28:56+00:00,85964,3220,
2026-04-21T16:25:18+00:00,85964,3220,
2026-04-21T17:22:27+00:00,85964,3220,
2026-04-21T18:22:03+00:00,85964,3220,
2026-04-21T19:28:30+00:00,85964,3220,
2026-04-21T20:18:45+00:00,85964,3220,
2026-04-21T21:16:45+00:00,85964,3220,
2026-04-21T22:17:08+00:00,86035,3220,
2026-04-21T23:14:42+00:00,86114,3220,
2026-04-22T00:20:48+00:00,86114,3220,
2026-04-22T01:34:45+00:00,86114,3220,
2026-04-22T03:04:48+00:00,86114,3220,
2026-04-22T04:57:23+00:00,86114,3220,
2026-04-22T05:44:49+00:00,86114,3220,
2026-04-22T06:38:14+00:00,86114,3220,
2026-04-22T07:33:35+00:00,86114,3221,
2026-04-22T08:34:21+00:00,86114,3221,
2026-04-22T09:32:23+00:00,86114,3221,
2026-04-22T10:29:56+00:00,86114,3221,
2026-04-22T11:25:04+00:00,86116,3221,
2026-04-22T12:20:53+00:00,86114,3221,
2026-04-22T13:33:27+00:00,86114,3221,
2026-04-22T14:34:22+00:00,86114,3221,
2026-04-22T15:29:00+00:00,86114,3221,
2026-04-22T16:24:05+00:00,86114,3221,
2026-04-22T17:21:55+00:00,86114,3221,
2026-04-22T18:22:44+00:00,86114,3221,
2026-04-22T19:30:04+00:00,86114,3221,
2026-04-22T20:20:05+00:00,86108,3221,
2026-04-22T21:17:58+00:00,86104,3221,
2026-04-22T22:16:33+00:00,86104,3221,
2026-04-22T23:18:04+00:00,86115,3222,
2026-04-23T00:26:54+00:00,86117,3222,
2026-04-23T01:34:51+00:00,86117,3222,
2026-04-23T03:03:32+00:00,86117,3222,
2026-04-23T05:00:18+00:00,86117,3222,
2026-04-23T05:52:33+00:00,86117,3222,
2026-04-23T06:37:30+00:00,86117,3222,
2026-04-23T07:35:01+00:00,86117,3222,
2026-04-23T08:35:53+00:00,86117,3222,
2026-04-23T09:34:06+00:00,86117,3222,
2026-04-23T10:31:20+00:00,86117,3222,
2026-04-23T11:26:03+00:00,86125,3222,
2026-04-23T12:20:46+00:00,86125,3222,
2026-04-23T13:33:45+00:00,86125,3222,
2026-04-23T14:45:20+00:00,86125,3222,
2026-04-23T15:35:11+00:00,86125,3222,
2026-04-23T17:32:00+00:00,86125,3222,
2026-04-23T18:23:58+00:00,86120,3222,
2026-04-23T19:30:12+00:00,86120,3222,
2026-04-23T20:20:35+00:00,86117,3221,
2026-04-23T21:17:27+00:00,86119,3221,
2026-04-23T22:15:19+00:00,86121,3221,
2026-04-23T23:17:47+00:00,86121,3221,
2026-04-24T00:26:22+00:00,86120,3220,
2026-04-24T01:35:50+00:00,86120,3220,
2026-04-24T03:04:50+00:00,86116,3217,
2026-04-24T05:02:44+00:00,86118,3217,
2026-04-24T06:38:48+00:00,86118,3217,
2026-04-24T07:37:14+00:00,86118,3217,
2026-04-24T08:41:20+00:00,86118,3217,
2026-04-24T09:34:11+00:00,86118,3217,
2026-04-24T10:32:23+00:00,86118,3217,
2026-04-24T11:26:38+00:00,86118,3217,
2026-04-24T12:21:08+00:00,86118,3217,
2026-04-24T13:33:39+00:00,86118,3217,
2026-04-24T14:33:59+00:00,86118,3217,
2026-04-24T15:27:24+00:00,86118,3217,
2026-04-24T16:20:50+00:00,86118,3217,
2026-04-24T17:20:31+00:00,86118,3217,
2026-04-24T18:14:48+00:00,86113,3216,
2026-04-24T19:19:05+00:00,86113,3216,
2026-04-24T20:15:32+00:00,86113,3216,
2026-04-24T21:17:37+00:00,86113,3216,
2026-04-24T22:15:43+00:00,86113,3216,
2026-04-24T23:14:52+00:00,86113,3216,
2026-04-25T00:22:29+00:00,86113,3216,
2026-04-25T01:34:34+00:00,86113,3216,
2026-04-25T03:03:01+00:00,86113,3216,
2026-04-25T04:50:14+00:00,86113,3216,
2026-04-25T05:36:45+00:00,86113,3216,
2026-04-25T06:30:35+00:00,86113,3216,
2026-04-25T07:31:09+00:00,86113,3216,
2026-04-25T08:20:20+00:00,86113,3216,
2026-04-25T09:18:55+00:00,86113,3216,
2026-04-25T10:15:57+00:00,86113,3216,
2026-04-25T11:16:44+00:00,86113,3216,
2026-04-25T12:12:40+00:00,86113,3216,
2026-04-25T13:30:04+00:00,86113,3216,
2026-04-25T14:17:03+00:00,86113,3216,
2026-04-25T15:15:31+00:00,86113,3216,
2026-04-25T16:12:40+00:00,86113,3216,
2026-04-25T17:15:12+00:00,86113,3216,
2026-04-25T18:13:33+00:00,86113,3216,
2026-04-25T19:18:20+00:00,86113,3216,
2026-04-25T20:12:18+00:00,86113,3216,
2026-04-25T21:12:34+00:00,86113,3216,
2026-04-25T22:10:18+00:00,86113,3216,
2026-04-25T23:13:04+00:00,86113,3216,
2026-04-26T00:24:06+00:00,86113,3216,
2026-04-26T01:35:00+00:00,86113,3216,
2026-04-26T03:04:09+00:00,86113,3216,
2026-04-26T05:02:57+00:00,86113,3216,
2026-04-26T06:37:58+00:00,86113,3216,
2026-04-26T07:33:04+00:00,86113,3216,
2026-04-26T08:27:01+00:00,86113,3216,
2026-04-26T09:20:28+00:00,86113,3216,
2026-04-26T10:16:38+00:00,86113,3216,
2026-04-26T11:16:16+00:00,86113,3216,
2026-04-26T12:14:04+00:00,86113,3216,
2026-04-26T13:29:47+00:00,86113,3216,
2026-04-26T14:16:59+00:00,86113,3216,
2026-04-26T15:15:46+00:00,86113,3216,
2026-04-26T16:14:22+00:00,86113,3216,
2026-04-26T17:15:11+00:00,86113,3216,
2026-04-26T18:14:09+00:00,86113,3216,
2026-04-26T19:19:18+00:00,86113,3216,
2026-04-26T20:12:10+00:00,86113,3216,
2026-04-26T21:12:29+00:00,86113,3216,
2026-04-26T22:11:38+00:00,86113,3216,
2026-04-26T23:14:30+00:00,86113,3216,
2026-04-27T00:24:42+00:00,86113,3216,
2026-04-27T01:35:30+00:00,86113,3216,
2026-04-27T03:04:59+00:00,86113,3216,
2026-04-27T05:05:23+00:00,86113,3216,
2026-04-27T06:52:17+00:00,86113,3216,
2026-04-27T07:48:02+00:00,86113,3216,
2026-04-27T08:50:32+00:00,86113,3216,
2026-04-27T09:45:57+00:00,86113,3216,
2026-04-27T10:39:46+00:00,86113,3216,
2026-04-27T11:34:46+00:00,86114,3216,
2026-04-27T12:30:51+00:00,86114,3216,
2026-04-27T13:34:27+00:00,86114,3216,
2026-04-27T14:41:48+00:00,86114,3216,
2026-04-27T15:35:35+00:00,86114,3216,
2026-04-27T16:33:18+00:00,86114,3216,
2026-04-27T17:31:28+00:00,86114,3216,
2026-04-27T18:26:51+00:00,86114,3216,
2026-04-27T19:32:35+00:00,86114,3216,
2026-04-27T20:24:40+00:00,86114,3216,
2026-04-27T21:23:27+00:00,86114,3216,
2026-04-27T22:17:24+00:00,86114,3216,
2026-04-27T23:19:26+00:00,86104,3216,
2026-04-28T00:27:49+00:00,86098,3216,
2026-04-28T01:35:22+00:00,86098,3216,
2026-04-28T03:05:00+00:00,86098,3216,
2026-04-28T05:07:35+00:00,86080,3216,
2026-04-28T06:53:42+00:00,86080,3216,
2026-04-28T07:48:04+00:00,86080,3216,
2026-04-28T08:49:34+00:00,86080,3216,
2026-04-28T09:47:13+00:00,86080,3216,
2026-04-28T10:40:14+00:00,86080,3216,
2026-04-28T11:34:02+00:00,86080,3216,
2026-04-28T12:34:35+00:00,86080,3216,
2026-04-28T13:35:31+00:00,86080,3216,
2026-04-28T15:48:51+00:00,86080,3216,
2026-04-28T16:35:29+00:00,86080,3216,
2026-04-28T17:34:25+00:00,86080,3216,
2026-04-28T18:31:20+00:00,86080,3216,
2026-04-28T19:32:31+00:00,86078,3215,
2026-04-28T20:29:16+00:00,86078,3215,
2026-04-28T21:24:08+00:00,86078,3215,
2026-04-28T22:20:08+00:00,86078,3215,
2026-04-28T23:19:28+00:00,86078,3215,
2026-04-29T01:36:07+00:00,86078,3215,
2026-04-29T03:04:30+00:00,86080,3215,
2026-04-29T05:05:52+00:00,86085,3215,
2026-04-29T06:49:27+00:00,86085,3215,
2026-04-29T07:43:26+00:00,86085,3215,
2026-04-29T08:46:05+00:00,86085,3215,
2026-04-29T09:42:44+00:00,86085,3215,
2026-04-29T10:36:20+00:00,86085,3215,
2026-04-29T11:32:42+00:00,86085,3215,
2026-04-29T12:31:03+00:00,86085,3215,
2026-04-29T13:34:47+00:00,86085,3215,
2026-04-29T14:45:54+00:00,86085,3215,
2026-04-29T15:39:41+00:00,86085,3215,
2026-04-29T16:33:38+00:00,86085,3215,
2026-04-29T17:32:55+00:00,86085,3215,
2026-04-29T18:29:27+00:00,86080,3215,
2026-04-29T19:32:24+00:00,86080,3215,
2026-04-29T20:25:22+00:00,86080,3215,
2026-04-29T21:24:18+00:00,86080,3215,
2026-04-29T22:19:50+00:00,86080,3215,
2026-04-29T23:19:40+00:00,86080,3215,
2026-04-30T00:28:26+00:00,86080,3215,
2026-04-30T01:35:28+00:00,86080,3215,
2026-04-30T03:05:30+00:00,86080,3215,
2026-04-30T05:07:28+00:00,86080,3215,
2026-04-30T06:51:17+00:00,86080,3215,
2026-04-30T07:46:08+00:00,86080,3215,
2026-04-30T08:46:15+00:00,86080,3215,
2026-04-30T09:42:05+00:00,86080,3215,
2026-04-30T10:35:48+00:00,86080,3215,
2026-04-30T11:31:59+00:00,86171,3215,
2026-04-30T12:31:37+00:00,86171,3215,
2026-04-30T13:35:09+00:00,86171,3215,
2026-04-30T14:42:44+00:00,86171,3215,
2026-04-30T15:35:33+00:00,86171,3215,
2026-04-30T16:31:38+00:00,86171,3215,
2026-04-30T17:31:03+00:00,86171,3215,
2026-04-30T18:29:26+00:00,86166,3214,
2026-04-30T19:31:51+00:00,86166,3214,
2026-04-30T20:24:56+00:00,86166,3214,
2026-04-30T21:22:06+00:00,86166,3214,
2026-04-30T22:19:36+00:00,86166,3214,
2026-04-30T23:19:49+00:00,86166,3214,
2026-05-01T00:30:24+00:00,86167,3214,
2026-05-01T01:35:50+00:00,86167,3214,
2026-05-01T03:04:42+00:00,86167,3214,
2026-05-01T05:16:58+00:00,86163,3213,
2026-05-01T06:54:19+00:00,86163,3213,
2026-05-01T07:46:17+00:00,86163,3213,
2026-05-01T08:39:55+00:00,86163,3213,
2026-05-01T09:33:54+00:00,86163,3213,
2026-05-01T10:31:27+00:00,86163,3213,
2026-05-01T11:26:14+00:00,86165,3214,
2026-05-01T12:19:54+00:00,86165,3214,
2026-05-01T13:31:17+00:00,86165,3214,
2026-05-01T14:25:38+00:00,86165,3214,
2026-05-01T15:21:50+00:00,86165,3214,
2026-05-01T16:20:48+00:00,86165,3214,
2026-05-01T17:22:11+00:00,86165,3214,
2026-05-01T18:23:09+00:00,86165,3214,
2026-05-01T19:28:33+00:00,86165,3214,
2026-05-01T20:18:30+00:00,86165,3214,
2026-05-01T21:17:52+00:00,86165,3214,
2026-05-01T22:17:16+00:00,86165,3214,
2026-05-01T23:18:37+00:00,86165,3214,
2026-05-02T00:31:52+00:00,86165,3214,
2026-05-02T01:34:59+00:00,86165,3214,
2026-05-02T03:03:41+00:00,86165,3214,
2026-05-02T05:02:50+00:00,86165,3214,
2026-05-02T06:38:34+00:00,86165,3214,
2026-05-02T07:33:42+00:00,86165,3214,
2026-05-02T08:31:05+00:00,86165,3214,
2026-05-02T09:25:41+00:00,86165,3214,
2026-05-02T10:19:42+00:00,86165,3214,
2026-05-02T11:17:08+00:00,86165,3214,
2026-05-02T12:17:25+00:00,86165,3214,
2026-05-02T13:31:27+00:00,86165,3214,
2026-05-02T14:20:22+00:00,86165,3214,
2026-05-02T15:16:43+00:00,86165,3214,
2026-05-02T16:16:32+00:00,86165,3214,
2026-05-02T17:17:18+00:00,86165,3214,
2026-05-02T18:17:43+00:00,86165,3214,
2026-05-02T19:22:53+00:00,86167,3214,
2026-05-02T20:12:31+00:00,86167,3214,
2026-05-02T21:15:20+00:00,86167,3214,
2026-05-02T22:13:20+00:00,86167,3214,
2026-05-02T23:15:40+00:00,86167,3214,
2026-05-03T00:28:23+00:00,86167,3214,
2026-05-03T01:35:07+00:00,86167,3214,
2026-05-03T03:04:57+00:00,86167,3214,
2026-05-03T05:08:06+00:00,86167,3214,
2026-05-03T06:50:47+00:00,86167,3214,
2026-05-03T07:37:00+00:00,86167,3214,
2026-05-03T08:34:47+00:00,86167,3214,
2026-05-03T09:31:50+00:00,86167,3214,
2026-05-03T10:22:15+00:00,86167,3214,
2026-05-03T11:16:36+00:00,86167,3214,
2026-05-03T12:16:50+00:00,86167,3214,
2026-05-03T13:31:43+00:00,86167,3214,
2026-05-03T14:19:37+00:00,86167,3214,
2026-05-03T15:16:11+00:00,86167,3214,
2026-05-03T16:16:02+00:00,86167,3214,
2026-05-03T17:17:17+00:00,86167,3214,
2026-05-03T18:17:40+00:00,86167,3214,
2026-05-03T19:24:04+00:00,86167,3214,
2026-05-03T20:13:04+00:00,86167,3214,
2026-05-03T21:15:17+00:00,86167,3214,
2026-05-03T22:14:14+00:00,86167,3214,
2026-05-03T23:16:17+00:00,86167,3214,
2026-05-04T00:28:14+00:00,86168,3214,
2026-05-04T01:35:49+00:00,86168,3214,
2026-05-04T03:05:36+00:00,86166,3214,
2026-05-04T05:09:33+00:00,86166,3214,
2026-05-04T07:01:05+00:00,86166,3214,
2026-05-04T08:03:19+00:00,86172,3214,
2026-05-04T09:45:09+00:00,86172,3214,
2026-05-04T10:40:23+00:00,86172,3214,
2026-05-04T11:34:48+00:00,86172,3214,
2026-05-04T12:32:43+00:00,86172,3214,
2026-05-04T13:35:30+00:00,86172,3214,
2026-05-04T14:44:50+00:00,86172,3214,
2026-05-04T15:39:23+00:00,86172,3214,
2026-05-04T16:33:46+00:00,86172,3214,
2026-05-04T17:32:49+00:00,86172,3214,
2026-05-04T18:31:43+00:00,86172,3214,
2026-05-04T19:33:01+00:00,86172,3214,
2026-05-04T20:29:19+00:00,86172,3214,
2026-05-04T21:24:12+00:00,86172,3214,
2026-05-04T22:21:43+00:00,86172,3214,
2026-05-04T23:18:57+00:00,86188,3215,
2026-05-05T00:28:32+00:00,86190,3216,
2026-05-05T01:35:26+00:00,86190,3216,
2026-05-05T03:04:29+00:00,86190,3216,
2026-05-05T05:03:29+00:00,86190,3216,
2026-05-05T06:45:13+00:00,86190,3216,
2026-05-05T07:38:47+00:00,86190,3216,
2026-05-05T08:44:26+00:00,86190,3216,
2026-05-05T09:37:43+00:00,86190,3216,
2026-05-05T10:34:17+00:00,86190,3216,
2026-05-05T11:29:43+00:00,86190,3216,
2026-05-05T12:24:57+00:00,86190,3216,
2026-05-05T13:37:15+00:00,86190,3216,
2026-05-05T15:35:24+00:00,86190,3216,
2026-05-05T16:34:01+00:00,86190,3216,
2026-05-05T17:33:22+00:00,86190,3216,
2026-05-05T18:29:42+00:00,86190,3216,
2026-05-05T19:32:58+00:00,86190,3216,
2026-05-05T20:23:55+00:00,86190,3216,
2026-05-05T21:22:14+00:00,86190,3216,
2026-05-05T22:21:03+00:00,86148,3217,
2026-05-05T23:19:49+00:00,86152,3217,
2026-05-06T00:28:06+00:00,86152,3217,
2026-05-06T01:35:29+00:00,86150,3217,
2026-05-06T03:05:25+00:00,86157,3218,
2026-05-06T05:05:55+00:00,86157,3218,
2026-05-06T06:53:59+00:00,86157,3218,
2026-05-06T07:49:16+00:00,86157,3218,
2026-05-06T09:48:05+00:00,86157,3218,
2026-05-06T10:41:05+00:00,86157,3218,
2026-05-06T11:35:30+00:00,86181,3218,
2026-05-06T12:35:48+00:00,86181,3218,
2026-05-06T13:35:26+00:00,86181,3218,
2026-05-06T14:54:16+00:00,86181,3218,
2026-05-06T15:46:24+00:00,86181,3218,
2026-05-06T16:33:05+00:00,86181,3218,
2026-05-06T17:33:05+00:00,86181,3218,
2026-05-06T18:33:02+00:00,86181,3218,
2026-05-06T19:34:09+00:00,86181,3218,
2026-05-06T20:31:55+00:00,86181,3218,
2026-05-06T21:24:52+00:00,86181,3218,
2026-05-06T22:17:57+00:00,86181,3219,
2026-05-06T23:18:06+00:00,86183,3219,
2026-05-07T00:28:38+00:00,86183,3219,
2026-05-07T01:35:22+00:00,86183,3219,
2026-05-07T03:05:26+00:00,86185,3219,
2026-05-07T05:08:17+00:00,86182,3219,
2026-05-07T06:59:06+00:00,86182,3219,
2026-05-07T07:58:00+00:00,86182,3219,
2026-05-07T08:58:00+00:00,86182,3219,
2026-05-07T09:54:15+00:00,86182,3219,
2026-05-07T10:45:38+00:00,86182,3219,
2026-05-07T11:34:49+00:00,86182,3219,
2026-05-07T12:36:25+00:00,86182,3219,
2026-05-07T13:34:40+00:00,86182,3219,
2026-05-07T14:58:21+00:00,86182,3219,
2026-05-07T16:34:39+00:00,86182,3219,
2026-05-07T17:34:01+00:00,86182,3219,
2026-05-07T18:33:36+00:00,86182,3219,
2026-05-07T19:33:00+00:00,86182,3219,
2026-05-07T20:28:07+00:00,86182,3219,
2026-05-07T21:21:07+00:00,86182,3219,
2026-05-07T22:23:27+00:00,86186,3220,
2026-05-07T23:19:30+00:00,86186,3220,
2026-05-08T00:28:57+00:00,86186,3220,
2026-05-08T01:35:49+00:00,86186,3220,
2026-05-08T03:03:48+00:00,86189,3219,
2026-05-08T05:00:56+00:00,86077,3218,
2026-05-08T05:47:45+00:00,86077,3218,
2026-05-08T06:35:37+00:00,86077,3218,
2026-05-08T07:33:11+00:00,86077,3218,
2026-05-08T08:31:41+00:00,86077,3218,
2026-05-08T09:32:55+00:00,86077,3218,
2026-05-08T10:32:17+00:00,86077,3218,
2026-05-08T11:30:46+00:00,86077,3218,
2026-05-08T12:27:06+00:00,86077,3218,
2026-05-08T13:33:45+00:00,86077,3218,
2026-05-08T14:36:18+00:00,86077,3218,
2026-05-08T15:33:09+00:00,86077,3218,
2026-05-08T16:30:24+00:00,86077,3218,
2026-05-08T17:31:38+00:00,86077,3218,
2026-05-08T18:28:58+00:00,86072,3218,
2026-05-08T19:31:16+00:00,86072,3218,
2026-05-08T20:21:57+00:00,86072,3218,
2026-05-08T21:23:11+00:00,86072,3218,
2026-05-08T22:20:37+00:00,86072,3218,
2026-05-08T23:19:40+00:00,86072,3218,
2026-05-09T00:30:08+00:00,86072,3218,
2026-05-09T01:35:12+00:00,86072,3218,
2026-05-09T03:04:16+00:00,86072,3218,
2026-05-09T05:05:10+00:00,86072,3218,
2026-05-09T06:42:41+00:00,86072,3218,
2026-05-09T07:34:48+00:00,86072,3218,
2026-05-09T08:33:01+00:00,86072,3218,
2026-05-09T09:31:06+00:00,86072,3218,
2026-05-09T10:22:20+00:00,86072,3218,
2026-05-09T11:19:30+00:00,86072,3218,
2026-05-09T12:18:51+00:00,86072,3218,
2026-05-09T13:31:53+00:00,86072,3218,
2026-05-09T14:24:09+00:00,86072,3218,
2026-05-09T15:19:55+00:00,86072,3218,
2026-05-09T16:18:19+00:00,86072,3218,
2026-05-09T17:20:23+00:00,86072,3218,
2026-05-09T18:19:10+00:00,86072,3218,
2026-05-09T19:25:28+00:00,86072,3218,
2026-05-09T20:15:01+00:00,86072,3218,
2026-05-09T21:16:15+00:00,86072,3218,
2026-05-09T22:15:16+00:00,86072,3218,
2026-05-09T23:18:07+00:00,86072,3218,
2026-05-10T00:29:18+00:00,86072,3218,
2026-05-10T01:34:55+00:00,86072,3218,
2026-05-10T03:04:53+00:00,86072,3218,
2026-05-10T05:13:34+00:00,86072,3218,
2026-05-10T06:54:14+00:00,86072,3218,
2026-05-10T07:43:51+00:00,86072,3218,
2026-05-10T08:37:54+00:00,86072,3218,
2026-05-10T09:31:41+00:00,86072,3218,
2026-05-10T10:27:16+00:00,86072,3218,
2026-05-10T11:20:37+00:00,86072,3218,
2026-05-10T12:17:55+00:00,86072,3218,
2026-05-10T13:31:30+00:00,86072,3218,
2026-05-10T14:26:14+00:00,86072,3218,
2026-05-10T15:21:13+00:00,86072,3218,
2026-05-10T16:19:25+00:00,86072,3218,
2026-05-10T17:20:59+00:00,86072,3218,
2026-05-10T18:19:50+00:00,86072,3218,
2026-05-10T19:25:26+00:00,86072,3218,
2026-05-10T20:15:55+00:00,86072,3218,
2026-05-10T21:17:31+00:00,86072,3218,
2026-05-10T22:16:37+00:00,86072,3218,
2026-05-10T23:18:23+00:00,86062,3218,
2026-05-11T00:29:58+00:00,86062,3218,
2026-05-11T01:36:11+00:00,86062,3218,
2026-05-11T03:06:24+00:00,86063,3219,
2026-05-11T05:19:21+00:00,86063,3219,
2026-05-11T07:09:26+00:00,86063,3219,
2026-05-11T09:07:05+00:00,86063,3219,
2026-05-11T11:04:23+00:00,86063,3219,
2026-05-11T12:57:42+00:00,86063,3219,
2026-05-11T13:55:30+00:00,86063,3219,
2026-05-11T15:04:27+00:00,86063,3219,
2026-05-11T16:53:58+00:00,86063,3219,
2026-05-11T17:40:51+00:00,86063,3219,
2026-05-11T18:37:31+00:00,86063,3219,
2026-05-11T19:33:28+00:00,86063,3219,
2026-05-11T20:34:21+00:00,86063,3219,
2026-05-11T21:29:32+00:00,86063,3219,
2026-05-11T22:23:39+00:00,86063,3219,
2026-05-11T23:20:03+00:00,86063,3219,
2026-05-12T00:30:10+00:00,86063,3219,
2026-05-12T01:35:47+00:00,86063,3219,
2026-05-12T03:05:26+00:00,86063,3219,
2026-05-12T05:13:25+00:00,86063,3219,
2026-05-12T06:57:01+00:00,86063,3219,
2026-05-12T07:58:48+00:00,86065,3219,
2026-05-12T09:02:19+00:00,86065,3219,
2026-05-12T10:48:52+00:00,86065,3219,
2026-05-12T11:39:20+00:00,86065,3219,
2026-05-12T12:39:24+00:00,86065,3219,
2026-05-12T13:36:35+00:00,86065,3219,
2026-05-12T14:58:01+00:00,86065,3219,
2026-05-12T15:52:13+00:00,86065,3219,
2026-05-12T16:44:28+00:00,86065,3219,
2026-05-12T17:40:42+00:00,86065,3219,
2026-05-12T18:36:40+00:00,86065,3219,
2026-05-12T19:33:28+00:00,86073,3220,
2026-05-12T20:33:51+00:00,86073,3220,
2026-05-12T21:29:42+00:00,86073,3220,
2026-05-12T22:26:40+00:00,86075,3220,
2026-05-12T23:23:37+00:00,86075,3220,
2026-05-13T00:32:10+00:00,86075,3220,
2026-05-13T01:37:23+00:00,86075,3220,
2026-05-13T03:05:49+00:00,86075,3220,
2026-05-13T05:17:51+00:00,86073,3219,
2026-05-13T07:00:52+00:00,86076,3218,
2026-05-13T08:06:19+00:00,86076,3219,
2026-05-13T09:55:06+00:00,86076,3219,
2026-05-13T10:51:55+00:00,86076,3219,
2026-05-13T11:43:53+00:00,86076,3219,
2026-05-13T12:41:35+00:00,86076,3219,
2026-05-13T13:43:35+00:00,86076,3219,
2026-05-13T15:04:23+00:00,86076,3219,
2026-05-13T16:01:19+00:00,86076,3219,
2026-05-13T16:55:08+00:00,86076,3219,
2026-05-13T17:42:41+00:00,86076,3219,
2026-05-13T18:37:34+00:00,86076,3219,
2026-05-13T19:33:53+00:00,86083,3219,
2026-05-13T21:32:38+00:00,86083,3219,
2026-05-13T22:27:11+00:00,86096,3219,
2026-05-13T23:24:51+00:00,86096,3219,
2026-05-14T00:32:56+00:00,86096,3219,
2026-05-14T01:39:22+00:00,86094,3218,
2026-05-14T03:05:11+00:00,86098,3218,
2026-05-14T05:17:22+00:00,86096,3218,
2026-05-14T06:59:54+00:00,86096,3218,
2026-05-14T08:02:26+00:00,86096,3218,
2026-05-14T09:48:37+00:00,86096,3218,
2026-05-14T10:47:59+00:00,86096,3218,
2026-05-14T11:35:03+00:00,86096,3218,
2026-05-14T12:35:54+00:00,86096,3218,
2026-05-14T13:34:44+00:00,86096,3218,
2026-05-14T14:52:04+00:00,86096,3218,
2026-05-14T15:47:51+00:00,86096,3218,
2026-05-14T16:39:29+00:00,86096,3218,
2026-05-14T17:35:21+00:00,86096,3218,
2026-05-14T18:36:55+00:00,86096,3218,
2026-05-14T19:33:27+00:00,86096,3218,
2026-05-14T20:32:04+00:00,86096,3217,
2026-05-14T21:26:32+00:00,86093,3216,
2026-05-14T22:23:56+00:00,86090,3214,
2026-05-14T23:19:07+00:00,86096,3214,
2026-05-15T00:31:04+00:00,86096,3214,
2026-05-15T01:37:07+00:00,86096,3214,
2026-05-15T03:07:37+00:00,86094,3214,
2026-05-15T05:18:27+00:00,86093,3214,
2026-05-15T07:05:29+00:00,86093,3214,
2026-05-15T09:02:06+00:00,86093,3214,
2026-05-15T10:47:46+00:00,86093,3214,
2026-05-15T11:38:57+00:00,86093,3214,
2026-05-15T12:36:46+00:00,86093,3214,
2026-05-15T13:35:21+00:00,86093,3214,
2026-05-15T14:49:13+00:00,86093,3214,
2026-05-15T15:42:27+00:00,86093,3214,
2026-05-15T16:36:08+00:00,86093,3214,
2026-05-15T17:31:43+00:00,86093,3214,
2026-05-15T18:32:06+00:00,86093,3214,
2026-05-15T19:32:00+00:00,86093,3214,
2026-05-15T20:27:11+00:00,86093,3214,
2026-05-15T21:23:46+00:00,86093,3214,
2026-05-15T22:20:01+00:00,86093,3214,
2026-05-15T23:20:01+00:00,86093,3214,
2026-05-16T00:29:27+00:00,86093,3214,
2026-05-16T01:35:30+00:00,86093,3214,
2026-05-16T03:03:57+00:00,86093,3214,
2026-05-16T05:05:52+00:00,86093,3214,
2026-05-16T06:46:11+00:00,86093,3214,
2026-05-16T07:37:07+00:00,86093,3214,
2026-05-16T08:35:26+00:00,86093,3214,
2026-05-16T09:32:54+00:00,86093,3214,
2026-05-16T10:28:13+00:00,86093,3214,
2026-05-16T11:23:20+00:00,86093,3214,
2026-05-16T12:20:00+00:00,86093,3214,
2026-05-16T13:31:38+00:00,86093,3214,
2026-05-16T14:28:17+00:00,86093,3214,
2026-05-16T15:22:34+00:00,86093,3214,
2026-05-16T16:19:15+00:00,86093,3214,
2026-05-16T17:22:24+00:00,86093,3214,
2026-05-16T18:19:16+00:00,86093,3214,
2026-05-16T19:25:46+00:00,86093,3214,
2026-05-16T20:16:23+00:00,86093,3214,
2026-05-16T21:16:58+00:00,86093,3214,
2026-05-16T22:16:30+00:00,86093,3214,
2026-05-16T23:18:10+00:00,86093,3214,
2026-05-17T00:30:56+00:00,86093,3214,
2026-05-17T01:35:47+00:00,86093,3214,
2026-05-17T03:05:17+00:00,86093,3214,
2026-05-17T05:18:04+00:00,86093,3214,
2026-05-17T06:56:57+00:00,86093,3214,
2026-05-17T07:49:59+00:00,86093,3214,
2026-05-17T08:43:44+00:00,86093,3214,
2026-05-17T09:34:09+00:00,86093,3214,
2026-05-17T10:30:35+00:00,86093,3214,
2026-05-17T11:26:58+00:00,86093,3214,
2026-05-17T13:31:57+00:00,86093,3214,
2026-05-17T14:31:00+00:00,86093,3214,
2026-05-17T15:23:24+00:00,86093,3214,
2026-05-17T16:23:27+00:00,86093,3214,
2026-05-17T17:22:37+00:00,86093,3214,
2026-05-17T18:21:07+00:00,86093,3214,
2026-05-17T19:27:12+00:00,86093,3214,
2026-05-17T20:17:53+00:00,86093,3214,
2026-05-17T21:18:09+00:00,86094,3214,
2026-05-17T22:17:59+00:00,86091,3214,
2026-05-17T23:19:31+00:00,86087,3214,
2026-05-18T00:31:57+00:00,86087,3214,
2026-05-18T01:41:04+00:00,86087,3214,
2026-05-18T03:06:02+00:00,86087,3214,
2026-05-18T05:23:28+00:00,86087,3214,
2026-05-18T07:20:20+00:00,86087,3214,
2026-05-18T09:08:48+00:00,86087,3214,
2026-05-18T11:18:52+00:00,86087,3214,
2026-05-18T13:10:20+00:00,86087,3214,
2026-05-18T15:04:37+00:00,86087,3214,
2026-05-18T16:57:49+00:00,86087,3214,
2026-05-18T17:45:02+00:00,86087,3214,
2026-05-18T18:35:25+00:00,86087,3214,
2026-05-18T19:33:16+00:00,86087,3214,
2026-05-18T20:32:05+00:00,86085,3213,
2026-05-18T21:27:07+00:00,86084,3212,
2026-05-18T22:21:04+00:00,86088,3212,
2026-05-18T23:23:42+00:00,86104,3212,
2026-05-19T00:35:45+00:00,86104,3212,
2026-05-19T01:41:03+00:00,86104,3212,
2026-05-19T03:05:24+00:00,86102,3211,
2026-05-19T05:20:47+00:00,86106,3211,
2026-05-19T07:10:43+00:00,86109,3212,
2026-05-19T09:07:16+00:00,86109,3212,
2026-05-19T11:04:15+00:00,86111,3212,
2026-05-19T13:01:44+00:00,86111,3212,
2026-05-19T14:06:27+00:00,86111,3212,
2026-05-19T16:07:55+00:00,86111,3212,
2026-05-19T17:48:21+00:00,86111,3212,
2026-05-19T18:36:52+00:00,86111,3212,
2026-05-19T19:34:18+00:00,86110,3211,
2026-05-19T20:33:39+00:00,86112,3212,
2026-05-19T21:31:15+00:00,86112,3212,
2026-05-19T22:26:58+00:00,86112,3212,
2026-05-19T23:26:00+00:00,86114,3213,
2026-05-20T00:35:31+00:00,86112,3213,
2026-05-20T01:41:21+00:00,86112,3213,
2026-05-20T03:05:15+00:00,86108,3213,
2026-05-20T05:21:14+00:00,86108,3213,
2026-05-20T07:11:06+00:00,86108,3213,
2026-05-20T09:05:52+00:00,86108,3213,
2026-05-20T11:02:18+00:00,86108,3213,
2026-05-20T12:49:32+00:00,86108,3213,
2026-05-20T13:53:28+00:00,86108,3213,
2026-05-20T15:04:58+00:00,86108,3213,
2026-05-20T17:03:08+00:00,86108,3213,
2026-05-20T18:46:51+00:00,86108,3213,
2026-05-20T19:44:40+00:00,86108,3213,
2026-05-20T20:42:47+00:00,86110,3214,
2026-05-20T21:34:43+00:00,86110,3214,
2026-05-20T22:30:52+00:00,86110,3214,
2026-05-20T23:27:58+00:00,86110,3214,
2026-05-21T00:35:21+00:00,86026,3213,
2026-05-21T01:40:27+00:00,86026,3213,
2026-05-21T03:06:09+00:00,86024,3212,
2026-05-21T05:25:35+00:00,86024,3212,
2026-05-21T07:15:16+00:00,86024,3212,
2026-05-21T09:06:32+00:00,86024,3212,
2026-05-21T11:04:57+00:00,86024,3212,
2026-05-21T13:03:54+00:00,86024,3212,
2026-05-21T15:04:03+00:00,86024,3212,
2026-05-21T16:53:27+00:00,86024,3212,
2026-05-21T17:41:28+00:00,86024,3212,
2026-05-21T18:37:41+00:00,86024,3212,
2026-05-21T19:35:29+00:00,86024,3212,
2026-05-21T20:35:26+00:00,86024,3212,
2026-05-21T21:32:25+00:00,86024,3212,
2026-05-21T22:29:31+00:00,86032,3213,
2026-05-21T23:23:19+00:00,86032,3213,
2026-05-22T00:34:00+00:00,86032,3213,
2026-05-22T01:40:32+00:00,86030,3213,
2026-05-22T03:05:42+00:00,86030,3213,
2026-05-22T05:21:29+00:00,86030,3213,
2026-05-22T07:11:24+00:00,86030,3213,
2026-05-22T09:04:58+00:00,86030,3213,
2026-05-22T11:02:04+00:00,86030,3213,
2026-05-22T12:01:50+00:00,86030,3213,
2026-05-22T13:09:01+00:00,86030,3213,
2026-05-22T15:01:42+00:00,86030,3213,
2026-05-22T15:59:56+00:00,86030,3213,
2026-05-22T16:54:23+00:00,86030,3213,
2026-05-22T17:34:54+00:00,86030,3213,
2026-05-22T18:35:27+00:00,86028,3213,
2026-05-22T19:33:05+00:00,86028,3213,
2026-05-22T20:33:21+00:00,86028,3213,
2026-05-22T21:26:19+00:00,86028,3213,
2026-05-22T22:22:11+00:00,86028,3213,
2026-05-22T23:24:52+00:00,86028,3213,
2026-05-23T00:33:09+00:00,86028,3213,
2026-05-23T01:35:23+00:00,86028,3213,
2026-05-23T03:04:32+00:00,86028,3213,
2026-05-23T05:15:15+00:00,86028,3213,
2026-05-23T06:53:35+00:00,86028,3213,
2026-05-23T07:49:36+00:00,86028,3213,
2026-05-23T08:42:07+00:00,86028,3213,
2026-05-23T09:35:09+00:00,86028,3213,
2026-05-23T10:31:36+00:00,86028,3213,
2026-05-23T11:27:35+00:00,86028,3213,
2026-05-23T12:19:04+00:00,86028,3213,
2026-05-23T13:31:23+00:00,86028,3213,
2026-05-23T14:31:57+00:00,86028,3213,
2026-05-23T15:24:21+00:00,86028,3213,
2026-05-23T16:21:00+00:00,86028,3213,
2026-05-23T17:22:36+00:00,86028,3213,
2026-05-23T18:20:31+00:00,86025,3213,
2026-05-23T19:28:29+00:00,86025,3213,
2026-05-23T20:18:15+00:00,86025,3213,
2026-05-23T21:18:23+00:00,86025,3213,
2026-05-23T22:17:32+00:00,86025,3213,
2026-05-23T23:19:24+00:00,86025,3213,
2026-05-24T00:33:11+00:00,86025,3213,
2026-05-24T01:40:24+00:00,86025,3213,
2026-05-24T03:05:21+00:00,86025,3213,
2026-05-24T05:20:17+00:00,86025,3213,
2026-05-24T07:04:44+00:00,86025,3213,
2026-05-24T08:51:55+00:00,86025,3213,
2026-05-24T09:37:28+00:00,86025,3213,
2026-05-24T10:33:29+00:00,86025,3213,
2026-05-24T11:29:07+00:00,86025,3213,
2026-05-24T12:22:32+00:00,86025,3213,
2026-05-24T13:32:04+00:00,86025,3213,
2026-05-24T14:30:59+00:00,86025,3213,
2026-05-24T15:25:19+00:00,86025,3213,
2026-05-24T16:21:19+00:00,86025,3213,
2026-05-24T17:22:43+00:00,86025,3213,
2026-05-24T18:21:35+00:00,86025,3213,
2026-05-24T19:30:14+00:00,86025,3213,
2026-05-24T20:20:33+00:00,86025,3213,
2026-05-24T21:19:29+00:00,86025,3213,
2026-05-24T22:20:03+00:00,86069,3213,
2026-05-24T23:22:12+00:00,86089,3214,
2026-05-25T00:34:05+00:00,86089,3214,
2026-05-25T01:42:11+00:00,86089,3214,
2026-05-25T03:06:23+00:00,86089,3214,
2026-05-25T05:32:33+00:00,86089,3214,
2026-05-25T07:31:20+00:00,86089,3214,
2026-05-25T09:19:27+00:00,86089,3214,
2026-05-25T11:22:36+00:00,86089,3214,
2026-05-25T13:07:00+00:00,86089,3214,
2026-05-25T15:03:02+00:00,86089,3214,
2026-05-25T16:43:18+00:00,86089,3214,
2026-05-25T17:33:45+00:00,86089,3214,
2026-05-25T18:33:20+00:00,86077,3213,
2026-05-25T19:32:42+00:00,86077,3213,
2026-05-25T20:30:00+00:00,86077,3213,
2026-05-25T21:26:02+00:00,86077,3213,
2026-05-25T22:23:13+00:00,86077,3213,
2026-05-25T23:25:19+00:00,86077,3213,
2026-05-26T00:32:56+00:00,86074,3212,
2026-05-26T01:38:28+00:00,86075,3211,
2026-05-26T03:05:19+00:00,86099,3211,
2026-05-26T05:21:17+00:00,86099,3211,
2026-05-26T07:10:16+00:00,86099,3211,
2026-05-26T09:07:35+00:00,86100,3212,
2026-05-26T12:57:05+00:00,86086,3212,
2026-05-26T14:03:57+00:00,86086,3212,
2026-05-26T16:18:12+00:00,86086,3212,
2026-05-26T18:00:16+00:00,86086,3212,
2026-05-26T19:00:05+00:00,86086,3212,
2026-05-26T19:46:40+00:00,86086,3212,
2026-05-26T20:41:24+00:00,86086,3212,
2026-05-26T21:33:37+00:00,86086,3212,
2026-05-26T22:30:13+00:00,86087,3212,
2026-05-26T23:25:26+00:00,86087,3212,
2026-05-27T00:35:16+00:00,86127,3212,
2026-05-27T01:43:00+00:00,86127,3212,
2026-05-27T03:06:39+00:00,86127,3212,
2026-05-27T05:29:23+00:00,86127,3212,
2026-05-27T07:24:29+00:00,86127,3212,
2026-05-27T09:06:26+00:00,86127,3212,
2026-05-27T11:11:02+00:00,86137,3212,
2026-05-27T13:05:55+00:00,86137,3212,
2026-05-27T15:04:34+00:00,86137,3212,
2026-05-27T17:04:08+00:00,86137,3212,
2026-05-27T18:45:44+00:00,86137,3212,
2026-05-27T19:41:28+00:00,86137,3212,
2026-05-27T20:42:49+00:00,86137,3212,
2026-05-27T21:35:06+00:00,86137,3212,
2026-05-27T22:32:57+00:00,86137,3212,
2026-05-27T23:29:05+00:00,86137,3212,
2026-05-28T00:32:22+00:00,86137,3212,
2026-05-28T01:35:22+00:00,86137,3212,
2026-05-28T03:06:09+00:00,86131,3212,
2026-05-28T05:25:27+00:00,86131,3212,
2026-05-28T07:17:41+00:00,86131,3212,
2026-05-28T09:11:47+00:00,86131,3212,
2026-05-28T11:11:59+00:00,86131,3212,
2026-05-28T13:10:30+00:00,86131,3212,
2026-05-28T15:07:02+00:00,86131,3212,
2026-05-28T17:14:48+00:00,86131,3212,
2026-05-28T18:51:30+00:00,86131,3212,
2026-05-28T19:49:50+00:00,86134,3213,
2026-05-28T20:48:07+00:00,86136,3213,
2026-05-28T21:39:03+00:00,86127,3213,
2026-05-28T22:33:05+00:00,86127,3213,
2026-05-28T23:29:37+00:00,86127,3213,
2026-05-29T00:37:36+00:00,86127,3213,
2026-05-29T01:39:49+00:00,86129,3213,
2026-05-29T03:05:32+00:00,86129,3213,
2026-05-29T05:27:28+00:00,86129,3213,
2026-05-29T07:18:27+00:00,86129,3213,
2026-05-29T09:07:40+00:00,86129,3213,
2026-05-29T11:05:40+00:00,86131,3213,
2026-05-29T13:02:44+00:00,86131,3213,
2026-05-29T15:04:05+00:00,86131,3213,
2026-05-29T17:08:10+00:00,86131,3213,
2026-05-29T18:51:08+00:00,86131,3213,
2026-05-29T19:49:10+00:00,86133,3214,
2026-05-29T20:47:19+00:00,86133,3214,
2026-05-29T21:35:06+00:00,86133,3214,
2026-05-29T22:32:30+00:00,86133,3214,
2026-05-29T23:29:32+00:00,86133,3214,
2026-05-30T00:33:32+00:00,86133,3214,
2026-05-30T01:37:43+00:00,86133,3214,
2026-05-30T03:04:50+00:00,86133,3214,
2026-05-30T05:17:10+00:00,86133,3214,
2026-05-30T06:59:42+00:00,86133,3214,
2026-05-30T07:57:47+00:00,86133,3214,
2026-05-30T08:51:03+00:00,86133,3214,
2026-05-30T09:37:29+00:00,86133,3214,
2026-05-30T10:35:30+00:00,86133,3214,
2026-05-30T11:31:14+00:00,86133,3214,
2026-05-30T12:24:44+00:00,86133,3214,
2026-05-30T13:32:06+00:00,86133,3214,
2026-05-30T14:32:41+00:00,86133,3214,
2026-05-30T15:27:24+00:00,86133,3214,
2026-05-30T16:22:34+00:00,86133,3214,
2026-05-30T18:23:11+00:00,86133,3214,
2026-05-30T19:31:04+00:00,86133,3214,
2026-05-30T20:22:17+00:00,86133,3214,
2026-05-30T21:21:32+00:00,86133,3214,
2026-05-30T22:21:17+00:00,86133,3214,
2026-05-30T23:21:57+00:00,86133,3214,
2026-05-31T00:35:55+00:00,86133,3214,
2026-05-31T01:42:46+00:00,86133,3214,
2026-05-31T03:06:15+00:00,86133,3214,
2026-05-31T05:31:13+00:00,86133,3214,
2026-05-31T07:17:24+00:00,86133,3214,
2026-05-31T09:02:46+00:00,86133,3214,
2026-05-31T10:39:15+00:00,86133,3214,
2026-05-31T11:33:30+00:00,86133,3214,
2026-05-31T12:27:33+00:00,86133,3214,
2026-05-31T13:33:02+00:00,86133,3214,
2026-05-31T14:33:01+00:00,86133,3214,
2026-05-31T15:29:35+00:00,86133,3214,
2026-05-31T16:26:45+00:00,86133,3214,
2026-05-31T17:25:05+00:00,86133,3214,
2026-05-31T18:23:56+00:00,85178,3212,
2026-05-31T19:30:28+00:00,85178,3212,
2026-05-31T20:24:56+00:00,85178,3212,
2026-05-31T21:21:41+00:00,85173,3212,
2026-05-31T22:21:38+00:00,85173,3212,
2026-05-31T23:23:33+00:00,85173,3212,
2026-06-01T00:36:24+00:00,85173,3212,
2026-06-01T01:47:56+00:00,85173,3212,
2026-06-01T03:07:01+00:00,85173,3212,
2026-06-01T05:37:40+00:00,85173,3212,
2026-06-01T07:42:45+00:00,85173,3212,
2026-06-01T09:49:16+00:00,85173,3212,
2026-06-01T11:58:40+00:00,85173,3212,
2026-06-01T14:10:24+00:00,85173,3212,
2026-06-01T16:52:31+00:00,85173,3212,
2026-06-01T18:54:35+00:00,85173,3212,
2026-06-01T20:26:53+00:00,85173,3212,
2026-06-01T22:02:41+00:00,85173,3212,
2026-06-01T23:31:55+00:00,85203,3212,
2026-06-02T00:39:50+00:00,85203,3212,
2026-06-02T01:50:09+00:00,85203,3212,
2026-06-02T03:07:02+00:00,85199,3212,
2026-06-02T05:34:28+00:00,85199,3212,
2026-06-02T07:36:23+00:00,85211,3212,
2026-06-02T09:25:31+00:00,85211,3212,
2026-06-02T11:29:31+00:00,85218,3213,
2026-06-02T13:12:23+00:00,85218,3213,
2026-06-02T15:22:04+00:00,85218,3213,
2026-06-02T17:32:32+00:00,85218,3213,
2026-06-02T19:12:40+00:00,85218,3213,
2026-06-02T21:02:43+00:00,85218,3213,
2026-06-02T22:41:56+00:00,85216,3213,
2026-06-02T23:34:01+00:00,85216,3213,
2026-06-03T00:45:26+00:00,85216,3213,
2026-06-03T01:54:16+00:00,85216,3213,
2026-06-03T03:07:36+00:00,85216,3213,
2026-06-03T05:38:35+00:00,85222,3213,
2026-06-03T07:39:09+00:00,85222,3213,
2026-06-03T09:35:46+00:00,85222,3213,
2026-06-03T11:37:31+00:00,85222,3213,
2026-06-03T13:33:44+00:00,85222,3213,
2026-06-03T15:33:41+00:00,85222,3213,
2026-06-03T17:40:50+00:00,85222,3213,
2026-06-03T19:17:31+00:00,85224,3214,
2026-06-03T21:03:21+00:00,85224,3214,
2026-06-03T22:43:03+00:00,85227,3214,
2026-06-03T23:33:38+00:00,85227,3214,
2026-06-04T00:45:36+00:00,85227,3214,
2026-06-04T01:53:19+00:00,85227,3214,
2026-06-04T03:06:56+00:00,85229,3214,
2026-06-04T05:35:53+00:00,85229,3214,
2026-06-04T07:36:13+00:00,85229,3214,
2026-06-04T09:18:54+00:00,85229,3214,
2026-06-04T11:03:39+00:00,85229,3214,
2026-06-04T13:00:09+00:00,85229,3214,
2026-06-04T14:06:16+00:00,85229,3214,
2026-06-04T16:09:31+00:00,85229,3214,
2026-06-04T17:53:59+00:00,85229,3214,
2026-06-04T18:45:03+00:00,85229,3214,
2026-06-04T19:42:49+00:00,85229,3214,
2026-06-04T20:42:29+00:00,85215,3212,
2026-06-04T21:32:47+00:00,85214,3211,
2026-06-04T22:31:13+00:00,85214,3211,
2026-06-04T23:25:59+00:00,85214,3211,
2026-06-05T00:38:05+00:00,85214,3211,
2026-06-05T01:44:12+00:00,85214,3211,
2026-06-05T03:05:58+00:00,85214,3211,
2026-06-05T05:34:26+00:00,85211,3210,
2026-06-05T07:27:09+00:00,85211,3210,
2026-06-05T09:07:51+00:00,85211,3210,
2026-06-05T11:06:05+00:00,85211,3210,
2026-06-05T12:58:44+00:00,85211,3210,
2026-06-05T14:01:19+00:00,85211,3210,
2026-06-05T15:13:05+00:00,85211,3210,
2026-06-05T16:49:28+00:00,85211,3210,
2026-06-05T17:37:24+00:00,85211,3210,
2026-06-05T18:38:36+00:00,85211,3210,
2026-06-05T19:34:31+00:00,85211,3210,
2026-06-05T20:37:35+00:00,85211,3210,
2026-06-05T21:32:10+00:00,85211,3210,
2026-06-05T22:26:30+00:00,85211,3210,
2026-06-05T23:27:01+00:00,85211,3210,
2026-06-06T00:35:35+00:00,85211,3210,
2026-06-06T01:39:36+00:00,85211,3210,
2026-06-06T03:04:57+00:00,85211,3210,
2026-06-06T05:18:35+00:00,85211,3210,
2026-06-06T07:03:04+00:00,85211,3210,
2026-06-06T08:53:00+00:00,85211,3210,
2026-06-06T10:38:09+00:00,85211,3210,
2026-06-06T11:31:39+00:00,85211,3210,
2026-06-06T12:26:55+00:00,85211,3210,
2026-06-06T13:32:44+00:00,85211,3210,
2026-06-06T14:33:26+00:00,85211,3210,
2026-06-06T15:28:00+00:00,85211,3210,
2026-06-06T16:25:01+00:00,85211,3210,
2026-06-06T17:26:57+00:00,85211,3210,
2026-06-06T18:26:43+00:00,85211,3210,
2026-06-06T19:30:56+00:00,85211,3210,
2026-06-06T20:25:23+00:00,85211,3210,
2026-06-06T21:23:07+00:00,85211,3210,
2026-06-06T22:23:31+00:00,85211,3210,
2026-06-06T23:23:19+00:00,85211,3210,
2026-06-07T00:36:55+00:00,85211,3210,
2026-06-07T01:44:32+00:00,85211,3210,
2026-06-07T03:06:18+00:00,85211,3210,
2026-06-07T05:33:49+00:00,85211,3210,
2026-06-07T07:23:02+00:00,85211,3210,
2026-06-07T09:03:26+00:00,85203,3210,
2026-06-07T10:45:25+00:00,85203,3210,
2026-06-07T11:34:55+00:00,85203,3210,
2026-06-07T12:31:51+00:00,85203,3210,
2026-06-07T13:33:58+00:00,85203,3210,
2026-06-07T14:36:59+00:00,85203,3210,
2026-06-07T15:31:26+00:00,85203,3210,
2026-06-07T16:30:23+00:00,85203,3210,
2026-06-07T17:30:05+00:00,85203,3210,
2026-06-07T18:25:59+00:00,85203,3210,
2026-06-07T19:32:31+00:00,85203,3210,
2026-06-07T20:26:52+00:00,85203,3210,
2026-06-07T21:27:11+00:00,85203,3210,
2026-06-07T22:23:39+00:00,85244,3210,
2026-06-07T23:24:03+00:00,85243,3209,
2026-06-08T00:38:46+00:00,85285,3209,
2026-06-08T01:47:00+00:00,85285,3209,
2026-06-08T03:06:53+00:00,85308,3208,
2026-06-08T05:34:35+00:00,85308,3208,
2026-06-08T07:40:39+00:00,85308,3208,
2026-06-08T09:34:34+00:00,85308,3208,
2026-06-08T11:36:33+00:00,85308,3208,
2026-06-08T13:25:57+00:00,85308,3208,
2026-06-08T15:07:56+00:00,85308,3208,
2026-06-08T17:05:41+00:00,85308,3208,
2026-06-08T18:49:08+00:00,85308,3208,
2026-06-08T19:44:37+00:00,85307,3207,
2026-06-08T20:47:59+00:00,85307,3207,
2026-06-08T21:35:05+00:00,85307,3207,
2026-06-08T22:32:17+00:00,85307,3207,
2026-06-08T23:27:33+00:00,85311,3207,
2026-06-09T00:33:36+00:00,85311,3207,
2026-06-09T01:38:13+00:00,85311,3207,
2026-06-09T03:05:26+00:00,85314,3207,
2026-06-09T05:23:06+00:00,85314,3207,
2026-06-09T07:12:36+00:00,85316,3208,
2026-06-09T09:06:50+00:00,85316,3208,
2026-06-09T11:03:15+00:00,85318,3208,
2026-06-09T12:57:38+00:00,85318,3208,
2026-06-09T13:53:31+00:00,85318,3208,
2026-06-09T16:54:12+00:00,85318,3208,
2026-06-09T17:40:43+00:00,85318,3208,
2026-06-09T18:43:52+00:00,85318,3208,
2026-06-09T19:41:57+00:00,85478,3208,
2026-06-09T20:40:39+00:00,85478,3208,
2026-06-09T21:34:21+00:00,85478,3208,
2026-06-09T22:31:56+00:00,85478,3208,
2026-06-09T23:29:05+00:00,85478,3208,
2026-06-10T00:39:41+00:00,85466,3208,
2026-06-10T01:43:41+00:00,85466,3208,
2026-06-10T03:06:22+00:00,85466,3208,
2026-06-10T05:31:01+00:00,85466,3208,
2026-06-10T07:27:38+00:00,85466,3208,
2026-06-10T09:12:28+00:00,85466,3208,
2026-06-10T11:15:49+00:00,85466,3208,
2026-06-10T13:06:37+00:00,85466,3208,
2026-06-10T15:05:11+00:00,85466,3208,
2026-06-10T17:03:51+00:00,85466,3208,
2026-06-10T18:51:15+00:00,85466,3208,
2026-06-10T19:48:39+00:00,85466,3208,
2026-06-10T20:52:50+00:00,85494,3208,
2026-06-10T21:41:34+00:00,85496,3208,
2026-06-10T22:36:38+00:00,85496,3207,
2026-06-10T23:32:09+00:00,85496,3207,
2026-06-11T00:40:28+00:00,85496,3207,
2026-06-11T01:50:37+00:00,85496,3207,
2026-06-11T03:05:56+00:00,85497,3207,
2026-06-11T05:34:25+00:00,85497,3207,
2026-06-11T07:38:30+00:00,85497,3207,
2026-06-11T09:27:48+00:00,85497,3207,
2026-06-11T11:31:04+00:00,85497,3207,
2026-06-11T13:15:21+00:00,85497,3207,
2026-06-11T15:10:54+00:00,85497,3207,
2026-06-11T17:13:39+00:00,85497,3207,
2026-06-11T18:59:07+00:00,85497,3207,
2026-06-11T19:54:10+00:00,85499,3208,
2026-06-11T20:49:06+00:00,85499,3208,
2026-06-11T21:41:32+00:00,85499,3208,
2026-06-11T22:36:05+00:00,85501,3209,
2026-06-11T23:32:06+00:00,85501,3209,
2026-06-12T00:41:36+00:00,85501,3209,
2026-06-12T01:48:59+00:00,85501,3209,
2026-06-12T03:06:19+00:00,85501,3209,
2026-06-12T05:34:16+00:00,85501,3209,
2026-06-12T07:35:42+00:00,85501,3209,
2026-06-12T09:23:05+00:00,85501,3209,
2026-06-12T11:17:48+00:00,85501,3209,
2026-06-12T13:06:16+00:00,85501,3209,
2026-06-12T15:02:44+00:00,85501,3209,
2026-06-12T16:59:27+00:00,85501,3209,
2026-06-12T17:49:44+00:00,85501,3209,
2026-06-12T18:38:52+00:00,85501,3209,
2026-06-12T19:39:13+00:00,85503,3209,
2026-06-12T20:44:21+00:00,85503,3209,
2026-06-12T21:33:50+00:00,85503,3209,
2026-06-12T22:32:19+00:00,85503,3209,
2026-06-12T23:31:05+00:00,85503,3209,
2026-06-13T00:41:15+00:00,85503,3209,
2026-06-13T01:43:31+00:00,85503,3209,
2026-06-13T03:05:56+00:00,85503,3209,
2026-06-13T05:31:06+00:00,85503,3209,
2026-06-13T07:18:09+00:00,85503,3209,
2026-06-13T09:03:35+00:00,85503,3209,
2026-06-13T10:48:30+00:00,85503,3209,
2026-06-13T11:37:15+00:00,85503,3209,
2026-06-13T12:35:28+00:00,85503,3209,
2026-06-13T13:34:15+00:00,85503,3209,
2026-06-13T14:44:01+00:00,85503,3209,
2026-06-13T15:34:08+00:00,85503,3209,
2026-06-13T16:29:56+00:00,85503,3209,
2026-06-13T17:31:27+00:00,85503,3209,
2026-06-13T18:28:07+00:00,85503,3209,
2026-06-13T19:32:12+00:00,85503,3209,
2026-06-13T20:28:45+00:00,85503,3209,
2026-06-13T21:28:42+00:00,85503,3209,
2026-06-13T22:23:47+00:00,85503,3209,
2026-06-13T23:25:12+00:00,85503,3209,
2026-06-14T00:38:24+00:00,85503,3209,
2026-06-14T01:48:12+00:00,85503,3209,
2026-06-14T03:06:59+00:00,85503,3209,
2026-06-14T05:34:53+00:00,85503,3209,
2026-06-14T07:34:34+00:00,85503,3209,
2026-06-14T09:05:58+00:00,85503,3209,
2026-06-14T10:58:40+00:00,85503,3209,
2026-06-14T11:44:19+00:00,85503,3209,
2026-06-14T12:39:03+00:00,85503,3209,
2026-06-14T13:33:50+00:00,85503,3209,
2026-06-14T14:46:20+00:00,85503,3209,
2026-06-14T15:34:48+00:00,85503,3209,
2026-06-14T16:32:17+00:00,85503,3209,
2026-06-14T17:30:03+00:00,85503,3209,
2026-06-14T18:28:22+00:00,85503,3209,
2026-06-14T19:32:53+00:00,85503,3209,
2026-06-14T20:28:55+00:00,85503,3209,
2026-06-14T21:29:21+00:00,85503,3209,
2026-06-14T22:25:38+00:00,85503,3209,
2026-06-14T23:28:22+00:00,85503,3209,
2026-06-15T00:40:13+00:00,85483,3208,
2026-06-15T01:50:12+00:00,85505,3208,
2026-06-15T03:07:33+00:00,85501,3207,
2026-06-15T05:46:50+00:00,85493,3207,
2026-06-15T07:54:42+00:00,85493,3207,
2026-06-15T10:07:35+00:00,85493,3207,
2026-06-15T13:04:13+00:00,85493,3207,
2026-06-15T15:58:50+00:00,85493,3207,
2026-06-15T17:43:44+00:00,85493,3207,
2026-06-15T19:19:05+00:00,85493,3207,
2026-06-15T21:03:08+00:00,85493,3207,
2026-06-15T22:40:45+00:00,85493,3207,
2026-06-15T23:34:20+00:00,85489,3207,
2026-06-16T00:46:15+00:00,85489,3207,
2026-06-16T01:54:09+00:00,85489,3207,
2026-06-16T03:07:39+00:00,85502,3207,
2026-06-16T05:49:34+00:00,85502,3207,
2026-06-16T07:54:44+00:00,85502,3207,
2026-06-16T09:46:57+00:00,85502,3207,
2026-06-16T11:47:02+00:00,85504,3207,
2026-06-16T13:40:11+00:00,85504,3207,
2026-06-16T15:39:31+00:00,85504,3207,
2026-06-16T17:42:19+00:00,85504,3207,
2026-06-16T19:12:26+00:00,85504,3207,
2026-06-16T21:02:56+00:00,85466,3207,
2026-06-16T22:38:28+00:00,85703,3207,
2026-06-16T23:32:01+00:00,85758,3207,
2026-06-17T00:40:50+00:00,85768,3207,
2026-06-17T01:50:30+00:00,85805,3207,
2026-06-17T03:07:31+00:00,85838,3207,
2026-06-17T05:38:26+00:00,85904,3207,
2026-06-17T07:47:13+00:00,85904,3207,
2026-06-17T09:35:29+00:00,85904,3207,
2026-06-17T11:34:35+00:00,85904,3207,
2026-06-17T13:12:27+00:00,85904,3207,
2026-06-17T15:05:18+00:00,85904,3207,
2026-06-17T17:02:22+00:00,85904,3207,
2026-06-17T18:48:14+00:00,85904,3207,
2026-06-17T19:42:12+00:00,85904,3207,
2026-06-17T20:43:16+00:00,85904,3207,
2026-06-17T21:39:58+00:00,85905,3207,
2026-06-17T22:34:15+00:00,85966,3207,
2026-06-17T23:32:26+00:00,85991,3207,
2026-06-18T00:41:53+00:00,85991,3207,
2026-06-18T03:06:53+00:00,86157,3207,
2026-06-18T05:35:52+00:00,86165,3208,
2026-06-18T07:38:23+00:00,86165,3208,
2026-06-18T09:30:34+00:00,86165,3208,
2026-06-18T11:23:25+00:00,86165,3208,
2026-06-18T13:06:25+00:00,86165,3208,
2026-06-18T15:03:51+00:00,86165,3208,
2026-06-18T17:03:17+00:00,86165,3208,
2026-06-18T18:48:06+00:00,86165,3208,
2026-06-18T19:44:20+00:00,86160,3206,
2026-06-18T20:49:54+00:00,86160,3206,
2026-06-18T21:42:28+00:00,86160,3206,
2026-06-18T22:38:52+00:00,86157,3205,
2026-06-18T23:34:22+00:00,86301,3205,
2026-06-19T00:45:33+00:00,86359,3205,
2026-06-19T01:57:28+00:00,86463,3206,
2026-06-19T03:09:13+00:00,86658,3206,
2026-06-19T05:43:30+00:00,86658,3206,
2026-06-19T07:50:24+00:00,86658,3206,
2026-06-19T09:35:05+00:00,86658,3206,
2026-06-19T11:32:14+00:00,86658,3206,
2026-06-19T13:08:55+00:00,86658,3206,
2026-06-19T15:03:04+00:00,86658,3206,
2026-06-19T16:49:09+00:00,86658,3206,
2026-06-19T17:35:57+00:00,86658,3206,
2026-06-19T18:35:55+00:00,86658,3206,
2026-06-19T19:33:54+00:00,86658,3206,
2026-06-19T20:31:17+00:00,86658,3206,
2026-06-19T21:25:18+00:00,86658,3206,
2026-06-19T22:20:33+00:00,86658,3206,
2026-06-19T23:23:01+00:00,86658,3206,
2026-06-20T00:36:44+00:00,86658,3206,
2026-06-20T01:42:16+00:00,86658,3206,
2026-06-20T03:05:32+00:00,86658,3206,
2026-06-20T05:29:53+00:00,86658,3206,
2026-06-20T07:19:25+00:00,86658,3206,
2026-06-20T09:04:04+00:00,86658,3206,
2026-06-20T10:48:38+00:00,86658,3206,
2026-06-20T11:38:17+00:00,86658,3206,
2026-06-20T12:35:28+00:00,86658,3206,
2026-06-20T13:33:54+00:00,86658,3206,
2026-06-20T14:46:37+00:00,86658,3206,
2026-06-20T15:33:54+00:00,86658,3206,
2026-06-20T16:31:01+00:00,86658,3206,
2026-06-20T17:31:25+00:00,86658,3206,
2026-06-20T18:29:34+00:00,86658,3206,
2026-06-20T19:31:42+00:00,86658,3206,
2026-06-20T20:28:03+00:00,86658,3206,
2026-06-20T21:29:48+00:00,86658,3206,
2026-06-20T22:25:44+00:00,86658,3206,
2026-06-20T23:27:07+00:00,86658,3206,
2026-06-21T00:39:44+00:00,86658,3206,
2026-06-21T01:49:38+00:00,86658,3206,
2026-06-21T03:07:21+00:00,86658,3206,
2026-06-21T05:36:22+00:00,86658,3206,
2026-06-21T07:36:36+00:00,86658,3206,
2026-06-21T09:15:28+00:00,86658,3206,
2026-06-21T11:04:36+00:00,86658,3206,
2026-06-21T12:38:08+00:00,86658,3206,
2026-06-21T13:34:16+00:00,86658,3206,
2026-06-21T14:46:39+00:00,86658,3206,
2026-06-21T15:35:42+00:00,86658,3206,
2026-06-21T16:33:37+00:00,86658,3206,
2026-06-21T17:32:08+00:00,86658,3206,
2026-06-21T18:30:29+00:00,86658,3206,
2026-06-21T19:32:55+00:00,86658,3206,
2026-06-21T20:32:26+00:00,86658,3206,
2026-06-21T21:29:37+00:00,86660,3206,
2026-06-21T22:27:05+00:00,86696,3206,
2026-06-21T23:30:09+00:00,86696,3206,
2026-06-22T00:39:59+00:00,86696,3206,
2026-06-22T01:50:22+00:00,86696,3206,
2026-06-22T03:07:35+00:00,86696,3206,
2026-06-22T05:48:38+00:00,86684,3205,
2026-06-22T07:56:10+00:00,86684,3205,
2026-06-22T10:01:17+00:00,86684,3205,
2026-06-22T12:09:03+00:00,86781,3206,
2026-06-22T14:54:34+00:00,86781,3206,
2026-06-22T16:34:17+00:00,86781,3206,
2026-06-22T18:23:02+00:00,86781,3206,
2026-06-22T20:03:57+00:00,86781,3206,
2026-06-22T21:43:15+00:00,86785,3206,
2026-06-22T22:33:46+00:00,86785,3206,
2026-06-22T23:31:14+00:00,86785,3206,
2026-06-23T00:37:21+00:00,86785,3206,
2026-06-23T01:39:51+00:00,86785,3206,
2026-06-23T03:05:31+00:00,86785,3206,
2026-06-23T05:20:52+00:00,86785,3206,
2026-06-23T07:12:48+00:00,86785,3206,
2026-06-23T09:06:34+00:00,86785,3206,
2026-06-23T11:03:42+00:00,86785,3206,
2026-06-23T12:55:18+00:00,86785,3206,
2026-06-23T13:52:26+00:00,86785,3206,
2026-06-23T15:01:53+00:00,86785,3206,
2026-06-23T16:05:30+00:00,86785,3206,
2026-06-23T17:35:30+00:00,86785,3206,
2026-06-23T18:40:26+00:00,86785,3206,
2026-06-23T19:36:14+00:00,86783,3205,
2026-06-23T20:42:54+00:00,86783,3205,
2026-06-23T21:33:14+00:00,86783,3205,
2026-06-23T22:27:46+00:00,86783,3205,
2026-06-23T23:24:59+00:00,86796,3205,
2026-06-24T00:31:34+00:00,86796,3205,
2026-06-24T01:39:15+00:00,86788,3205,
2026-06-24T03:05:02+00:00,86786,3205,
2026-06-24T05:20:00+00:00,86787,3206,
2026-06-24T07:10:06+00:00,86787,3206,
2026-06-24T09:05:08+00:00,86787,3206,
2026-06-24T11:01:37+00:00,86787,3206,
2026-06-24T12:01:56+00:00,86787,3206,
2026-06-24T13:43:09+00:00,86787,3206,
2026-06-24T14:58:08+00:00,86787,3206,
2026-06-24T15:47:33+00:00,86787,3206,
2026-06-24T16:43:20+00:00,86787,3206,
2026-06-24T17:37:32+00:00,86787,3206,
2026-06-24T18:35:25+00:00,86787,3206,
2026-06-24T19:32:57+00:00,86789,3207,
2026-06-24T20:34:27+00:00,86789,3207,
2026-06-24T21:31:47+00:00,86789,3207,
2026-06-24T22:29:32+00:00,86789,3207,
2026-06-24T23:25:34+00:00,86791,3207,
2026-06-25T00:36:52+00:00,86791,3207,
2026-06-25T01:41:30+00:00,86791,3207,
2026-06-25T03:05:45+00:00,86797,3207,
2026-06-25T05:21:05+00:00,86796,3206,
2026-06-25T07:09:56+00:00,86796,3206,
2026-06-25T09:04:31+00:00,86796,3206,
2026-06-25T10:57:04+00:00,86796,3206,
2026-06-25T11:54:33+00:00,86796,3206,
2026-06-25T12:47:02+00:00,86796,3206,
2026-06-25T13:43:30+00:00,86796,3206,
2026-06-25T14:59:29+00:00,86796,3206,
2026-06-25T15:55:20+00:00,86796,3206,
2026-06-25T16:46:56+00:00,86796,3206,
2026-06-25T17:52:44+00:00,86796,3206,
2026-06-25T18:44:14+00:00,86796,3206,
2026-06-25T19:35:31+00:00,86796,3206,
2026-06-25T20:40:08+00:00,86796,3206,
2026-06-25T21:33:10+00:00,86796,3206,
2026-06-25T22:30:23+00:00,86796,3206,
2026-06-25T23:29:41+00:00,86796,3206,
2026-06-26T00:38:15+00:00,86796,3206,
2026-06-26T01:43:11+00:00,86799,3207,
2026-06-26T03:06:03+00:00,86788,3207,
2026-06-26T05:25:45+00:00,86788,3207,
2026-06-26T07:16:11+00:00,86788,3207,
2026-06-26T09:04:57+00:00,86788,3207,
2026-06-26T11:01:26+00:00,86799,3207,
2026-06-26T11:57:29+00:00,86800,3207,
2026-06-26T12:45:38+00:00,86800,3207,
2026-06-26T13:40:19+00:00,86800,3207,
2026-06-26T14:53:45+00:00,86800,3207,
2026-06-26T15:46:29+00:00,86800,3207,
2026-06-26T16:39:40+00:00,86800,3207,
2026-06-26T17:34:25+00:00,86800,3207,
2026-06-26T18:36:01+00:00,86800,3207,
2026-06-26T19:33:43+00:00,86800,3207,
2026-06-26T20:34:15+00:00,86800,3207,
2026-06-26T21:29:38+00:00,86800,3207,
2026-06-26T22:26:47+00:00,86833,3207,
2026-06-26T23:25:57+00:00,86833,3207,
2026-06-27T00:35:32+00:00,86833,3207,
2026-06-27T01:39:18+00:00,86833,3207,
2026-06-27T03:05:25+00:00,86833,3207,
2026-06-27T05:18:11+00:00,86833,3207,
2026-06-27T07:03:52+00:00,86833,3207,
2026-06-27T08:54:54+00:00,86833,3207,
2026-06-27T09:43:33+00:00,86833,3207,
2026-06-27T10:39:35+00:00,86833,3207,
2026-06-27T11:31:26+00:00,86833,3207,
2026-06-27T12:26:23+00:00,86833,3207,
2026-06-27T13:33:10+00:00,86833,3207,
2026-06-27T14:32:52+00:00,86833,3207,
2026-06-27T15:27:48+00:00,86833,3207,
2026-06-27T16:24:47+00:00,86833,3207,
2026-06-27T17:24:59+00:00,86833,3207,
2026-06-27T18:24:21+00:00,86833,3207,
2026-06-27T19:30:34+00:00,86833,3207,
2026-06-27T20:24:08+00:00,86833,3207,
2026-06-27T21:24:22+00:00,86833,3207,
2026-06-27T22:22:57+00:00,86833,3207,
2026-06-27T23:22:27+00:00,86833,3207,
2026-06-28T00:35:39+00:00,86833,3207,
2026-06-28T01:42:43+00:00,86833,3207,
2026-06-28T03:06:23+00:00,86833,3207,
2026-06-28T05:30:25+00:00,86831,3207,
2026-06-28T07:20:13+00:00,86831,3207,
2026-06-28T09:03:13+00:00,86831,3207,
2026-06-28T10:44:37+00:00,86831,3207,
2026-06-28T11:34:36+00:00,86831,3207,
2026-06-28T12:27:09+00:00,86831,3207,
2026-06-28T13:32:38+00:00,86831,3207,
2026-06-28T14:35:07+00:00,86831,3207,
2026-06-28T15:29:20+00:00,86831,3207,
2026-06-28T16:26:59+00:00,86831,3207,
2026-06-28T17:27:06+00:00,86831,3207,
2026-06-28T18:24:10+00:00,86831,3207,
2026-06-28T19:31:11+00:00,86831,3207,
2026-06-28T20:27:01+00:00,86831,3207,
2026-06-28T21:24:37+00:00,86831,3207,
2026-06-28T23:24:18+00:00,86921,3207,
2026-06-29T00:37:02+00:00,87700,3207,
2026-06-29T01:44:53+00:00,87700,3208,
2026-06-29T03:07:09+00:00,88043,3208,
2026-06-29T05:34:48+00:00,88365,3208,
2026-06-29T07:39:08+00:00,88365,3208,
2026-06-29T09:34:59+00:00,88365,3208,
2026-06-29T11:39:35+00:00,88365,3208,
2026-06-29T13:26:07+00:00,88365,3208,
2026-06-29T15:09:08+00:00,88365,3208,
2026-06-29T17:04:29+00:00,88365,3208,
2026-06-29T18:40:13+00:00,88359,3208,
2026-06-29T19:34:36+00:00,88359,3208,
2026-06-29T20:37:15+00:00,88369,3208,
2026-06-29T21:32:23+00:00,88367,3208,
2026-06-29T22:24:26+00:00,88367,3208,
2026-06-29T23:22:47+00:00,88367,3209,
2026-06-30T00:36:11+00:00,88367,3209,
2026-06-30T01:41:43+00:00,88369,3209,
2026-06-30T03:06:09+00:00,88369,3209,
2026-06-30T05:23:11+00:00,88389,3209,
2026-06-30T07:15:54+00:00,89271,3209,
2026-06-30T09:05:50+00:00,89271,3208,
2026-06-30T11:02:33+00:00,89282,3208,
2026-06-30T12:39:53+00:00,89282,3208,
2026-06-30T13:36:09+00:00,89282,3208,
2026-06-30T14:51:32+00:00,89282,3208,
2026-06-30T15:51:09+00:00,89282,3208,
2026-06-30T16:44:17+00:00,89282,3208,
2026-06-30T17:36:05+00:00,89282,3208,
2026-06-30T18:36:05+00:00,86532,3208,
2026-06-30T19:35:35+00:00,86532,3208,
2026-06-30T20:37:48+00:00,86532,3208,
2026-06-30T21:32:42+00:00,86532,3208,
2026-06-30T22:27:46+00:00,86533,3208,
2026-06-30T23:28:29+00:00,86533,3208,
2026-07-01T00:37:02+00:00,86533,3208,
2026-07-01T01:46:21+00:00,86533,3208,
2026-07-01T03:06:41+00:00,86529,3207,
2026-07-01T05:32:54+00:00,86556,3207,
2026-07-01T07:28:30+00:00,86555,3207,
2026-07-01T09:07:56+00:00,86555,3207,
2026-07-01T11:06:00+00:00,86555,3207,
2026-07-01T12:56:02+00:00,86555,3207,
2026-07-01T13:48:15+00:00,86555,3207,
2026-07-01T14:59:30+00:00,86555,3207,
2026-07-01T15:56:41+00:00,86555,3207,
2026-07-01T16:48:21+00:00,86555,3207,
2026-07-01T17:37:21+00:00,86555,3207,
2026-07-01T18:38:37+00:00,86555,3207,
2026-07-01T19:33:44+00:00,86555,3207,
2026-07-01T20:35:23+00:00,86555,3207,
2026-07-01T21:32:46+00:00,86555,3207,
2026-07-01T22:28:51+00:00,86555,3207,
2026-07-01T23:29:18+00:00,86556,3207,
2026-07-02T00:36:06+00:00,86558,3207,
2026-07-02T01:41:07+00:00,86556,3206,
2026-07-02T03:04:57+00:00,86558,3206,
2026-07-02T05:19:29+00:00,86558,3206,
2026-07-02T07:06:50+00:00,86558,3206,
2026-07-02T09:03:37+00:00,86558,3206,
2026-07-02T10:54:32+00:00,86558,3206,
2026-07-02T11:48:46+00:00,86558,3206,
2026-07-02T12:38:28+00:00,86558,3206,
2026-07-02T13:34:16+00:00,86558,3206,
2026-07-02T14:45:42+00:00,86558,3206,
2026-07-02T15:46:00+00:00,86558,3206,
2026-07-02T16:35:11+00:00,86558,3206,
2026-07-02T17:33:28+00:00,86560,3206,
2026-07-02T18:31:36+00:00,86560,3206,
2026-07-02T19:31:00+00:00,86560,3206,
2026-07-02T20:29:12+00:00,86560,3206,
2026-07-02T21:26:45+00:00,86560,3206,
2026-07-02T22:23:42+00:00,86562,3207,
2026-07-02T23:24:55+00:00,86562,3207,
2026-07-03T00:31:22+00:00,86562,3207,
2026-07-03T01:34:10+00:00,86562,3207,
2026-07-03T03:03:19+00:00,86562,3207,
2026-07-03T05:18:10+00:00,86566,3207,
2026-07-03T07:04:45+00:00,86566,3207,
2026-07-03T09:03:10+00:00,86566,3207,
2026-07-03T10:54:33+00:00,86566,3207,
2026-07-03T11:47:48+00:00,86566,3207,
2026-07-03T12:37:35+00:00,86566,3207,
2026-07-03T13:33:58+00:00,86566,3207,
2026-07-03T14:46:06+00:00,86566,3207,
2026-07-03T15:39:58+00:00,86566,3207,
2026-07-03T16:31:14+00:00,86566,3207,
2026-07-03T17:30:52+00:00,86566,3207,
2026-07-03T18:28:29+00:00,86566,3207,
2026-07-03T19:31:27+00:00,86566,3207,
2026-07-03T20:25:35+00:00,86566,3207,
2026-07-03T21:25:32+00:00,86566,3207,
2026-07-03T22:22:18+00:00,86566,3207,
2026-07-03T23:23:20+00:00,86566,3207,
2026-07-04T00:29:54+00:00,86566,3207,
2026-07-04T01:35:27+00:00,86566,3207,
2026-07-04T03:04:11+00:00,86566,3207,
2026-07-04T05:16:02+00:00,86566,3207,
2026-07-04T07:00:23+00:00,86566,3207,
2026-07-04T08:02:48+00:00,86566,3207,
2026-07-04T09:43:07+00:00,86566,3207,
2026-07-04T10:39:43+00:00,86566,3207,
2026-07-04T11:31:06+00:00,86566,3207,
2026-07-04T12:24:56+00:00,86566,3207,
2026-07-04T13:31:15+00:00,86566,3207,
2026-07-04T14:31:58+00:00,86566,3207,
2026-07-04T15:24:55+00:00,86566,3207,
2026-07-04T16:21:37+00:00,86566,3207,
2026-07-04T17:23:59+00:00,86566,3207,
2026-07-04T18:21:29+00:00,86566,3207,
2026-07-04T19:29:38+00:00,86566,3207,
2026-07-04T20:21:18+00:00,86566,3207,
2026-07-04T21:20:04+00:00,86566,3207,
2026-07-04T22:18:59+00:00,86566,3207,
2026-07-04T23:21:36+00:00,86566,3207,
2026-07-05T00:31:03+00:00,86566,3207,
2026-07-05T01:34:52+00:00,86566,3207,
2026-07-05T03:04:23+00:00,86566,3207,
2026-07-05T05:19:17+00:00,86566,3207,
2026-07-05T07:05:44+00:00,86566,3207,
2026-07-05T09:01:54+00:00,86566,3207,
2026-07-05T09:55:12+00:00,86566,3207,
2026-07-05T10:44:09+00:00,86566,3207,
2026-07-05T11:32:19+00:00,86566,3207,
2026-07-05T12:28:27+00:00,86566,3207,
2026-07-05T13:32:08+00:00,86566,3207,
2026-07-05T14:32:56+00:00,86566,3207,
2026-07-05T15:27:29+00:00,86566,3207,
2026-07-05T16:23:04+00:00,86566,3207,
2026-07-05T17:27:16+00:00,86566,3207,
2026-07-05T18:22:59+00:00,86566,3207,
2026-07-05T19:30:17+00:00,86566,3207,
2026-07-05T20:24:42+00:00,86566,3207,
2026-07-05T21:23:12+00:00,86567,3207,
2026-07-05T22:20:58+00:00,86567,3207,
2026-07-05T23:23:33+00:00,86573,3207,
2026-07-06T00:31:18+00:00,86573,3207,
2026-07-06T01:35:09+00:00,86573,3207,
2026-07-06T03:05:00+00:00,86573,3207,
2026-07-06T05:27:07+00:00,86577,3207,
2026-07-06T07:31:21+00:00,86577,3207,
2026-07-06T09:20:49+00:00,86577,3207,
2026-07-06T11:32:07+00:00,86577,3207,
2026-07-06T13:14:02+00:00,86577,3207,
2026-07-06T15:04:12+00:00,86577,3207,
2026-07-06T17:00:47+00:00,86577,3207,
2026-07-06T17:57:02+00:00,86575,3207,
2026-07-06T18:38:01+00:00,86575,3207,
2026-07-06T19:35:01+00:00,86575,3207,
2026-07-06T20:38:10+00:00,86567,3207,
2026-07-06T21:32:47+00:00,86567,3207,
2026-07-06T22:27:27+00:00,86567,3207,
2026-07-06T23:25:48+00:00,86567,3207,
2026-07-07T00:32:54+00:00,86582,3207,
2026-07-07T01:35:08+00:00,86589,3207,
2026-07-07T03:04:10+00:00,86592,3207,
2026-07-07T05:19:22+00:00,86592,3207,
2026-07-07T07:09:46+00:00,86592,3207,
2026-07-07T09:05:58+00:00,86592,3207,
2026-07-07T11:01:28+00:00,86592,3207,
2026-07-07T12:06:50+00:00,86592,3207,
2026-07-07T13:43:35+00:00,86592,3207,
2026-07-07T15:00:37+00:00,86592,3207,
2026-07-07T15:57:59+00:00,86592,3207,
2026-07-07T16:50:22+00:00,86592,3207,
2026-07-07T17:39:33+00:00,86592,3207,
2026-07-07T18:40:28+00:00,86586,3206,
2026-07-07T19:33:47+00:00,86586,3206,
2026-07-07T20:35:06+00:00,86586,3206,
2026-07-07T21:30:45+00:00,86586,3206,
2026-07-07T22:24:33+00:00,86586,3206,
2026-07-07T23:20:47+00:00,86587,3206,
2026-07-08T00:26:27+00:00,86587,3206,
2026-07-08T01:34:31+00:00,86587,3206,
2026-07-08T03:03:08+00:00,86587,3206,
2026-07-08T05:03:51+00:00,86588,3207,
2026-07-08T06:49:46+00:00,86588,3207,
2026-07-08T07:47:44+00:00,86588,3207,
2026-07-08T08:52:23+00:00,86588,3207,
2026-07-08T09:48:30+00:00,86588,3207,
2026-07-08T10:42:07+00:00,86588,3207,
2026-07-08T11:35:34+00:00,86588,3207,
2026-07-08T12:34:09+00:00,86588,3207,
2026-07-08T13:34:20+00:00,86588,3207,
2026-07-08T14:48:34+00:00,86588,3207,
2026-07-08T15:45:46+00:00,86588,3207,
2026-07-08T16:32:32+00:00,86588,3207,
2026-07-08T17:31:56+00:00,86588,3207,
2026-07-08T18:29:48+00:00,86588,3207,
2026-07-08T19:31:00+00:00,86588,3207,
2026-07-08T20:29:35+00:00,86588,3207,
2026-07-08T21:25:10+00:00,86592,3207,
2026-07-08T22:22:02+00:00,86577,3206,
2026-07-08T23:25:52+00:00,86577,3206,
2026-07-09T00:30:12+00:00,86577,3206,
2026-07-09T01:34:32+00:00,86577,3206,
2026-07-09T03:04:23+00:00,86577,3206,
2026-07-09T05:20:17+00:00,86577,3206,
2026-07-09T07:10:49+00:00,86577,3206,
2026-07-09T09:10:19+00:00,86577,3206,
2026-07-09T11:06:47+00:00,86577,3206,
2026-07-09T13:55:27+00:00,86577,3206,
2026-07-09T15:02:07+00:00,86577,3206,
2026-07-09T16:50:26+00:00,86577,3206,
2026-07-09T17:38:28+00:00,86577,3206,
2026-07-09T18:36:08+00:00,86577,3206,
2026-07-09T19:32:56+00:00,86577,3206,
2026-07-09T20:34:36+00:00,86577,3206,
2026-07-09T21:31:23+00:00,86577,3206,
2026-07-09T22:30:41+00:00,86577,3206,
2026-07-09T23:27:50+00:00,86577,3206,
2026-07-10T00:32:17+00:00,86577,3206,
2026-07-10T01:34:45+00:00,86577,3206,
2026-07-10T03:04:23+00:00,86577,3206,
2026-07-10T05:19:31+00:00,86577,3206,
2026-07-10T07:09:16+00:00,86577,3206,
2026-07-10T09:04:59+00:00,86577,3206,
2026-07-10T11:01:20+00:00,86577,3206,
2026-07-10T12:06:51+00:00,86577,3206,
2026-07-10T13:39:11+00:00,86577,3206,
2026-07-10T14:54:48+00:00,86577,3206,
2026-07-10T15:47:56+00:00,86577,3206,
2026-07-10T16:41:53+00:00,86577,3206,
2026-07-10T17:34:58+00:00,86577,3206,
2026-07-10T18:30:02+00:00,86565,3206,
2026-07-10T19:31:33+00:00,86565,3206,
2026-07-10T20:31:41+00:00,86565,3206,
2026-07-10T21:23:32+00:00,86565,3206,
2026-07-10T22:22:39+00:00,86565,3206,
2026-07-10T23:20:07+00:00,86565,3206,
2026-07-11T00:26:03+00:00,86565,3206,
2026-07-11T01:34:09+00:00,86565,3206,
2026-07-11T03:02:41+00:00,86565,3206,
2026-07-11T05:03:16+00:00,86565,3206,
2026-07-11T06:44:55+00:00,86565,3206,
2026-07-11T07:33:38+00:00,86565,3206,
2026-07-11T08:34:11+00:00,86565,3206,
2026-07-11T09:32:13+00:00,86565,3206,
2026-07-11T10:26:56+00:00,86565,3206,
2026-07-11T11:22:49+00:00,86565,3206,
2026-07-11T12:17:55+00:00,86565,3206,
2026-07-11T13:31:01+00:00,86565,3206,
2026-07-11T14:27:21+00:00,86565,3206,
2026-07-11T15:21:57+00:00,86565,3206,
2026-07-11T16:18:19+00:00,86565,3206,
2026-07-11T17:21:17+00:00,86565,3206,
2026-07-11T18:18:14+00:00,86565,3206,
2026-07-11T19:25:48+00:00,86565,3206,
2026-07-11T20:18:00+00:00,86565,3206,
2026-07-11T21:16:34+00:00,86565,3206,
2026-07-11T22:17:11+00:00,86565,3206,
2026-07-11T23:18:37+00:00,86565,3206,
2026-07-12T00:26:59+00:00,86565,3206,
2026-07-12T01:34:07+00:00,86565,3206,
2026-07-12T03:03:05+00:00,86565,3206,
2026-07-12T05:04:21+00:00,86565,3206,
2026-07-12T06:53:00+00:00,86565,3206,
2026-07-12T07:44:02+00:00,86565,3206,
2026-07-12T08:45:06+00:00,86565,3206,
2026-07-12T09:34:04+00:00,86565,3206,
2026-07-12T10:31:15+00:00,86565,3206,
2026-07-12T11:25:59+00:00,86565,3206,
2026-07-12T12:18:08+00:00,86565,3206,
2026-07-12T13:30:58+00:00,86565,3206,
2026-07-12T14:30:49+00:00,86565,3206,
2026-07-12T15:21:59+00:00,86565,3206,
2026-07-12T16:20:15+00:00,86565,3206,
2026-07-12T17:22:55+00:00,86565,3206,
2026-07-12T18:18:32+00:00,86565,3206,
2026-07-12T19:25:13+00:00,86565,3206,
2026-07-12T20:16:18+00:00,86565,3206,
2026-07-12T21:17:33+00:00,86565,3206,
2026-07-12T22:16:57+00:00,86565,3206,
2026-07-12T23:18:12+00:00,86565,3206,
2026-07-13T00:26:45+00:00,86565,3206,
2026-07-13T01:34:41+00:00,86565,3206,
2026-07-13T03:03:24+00:00,86569,3207,
2026-07-13T05:10:24+00:00,86573,3207,
2026-07-13T07:04:31+00:00,86573,3207,
2026-07-13T09:05:15+00:00,86573,3207,
2026-07-13T11:02:34+00:00,86573,3207,
2026-07-13T12:48:33+00:00,86573,3207,
2026-07-13T13:41:16+00:00,86573,3207,
2026-07-13T14:59:24+00:00,86573,3207,
2026-07-13T15:56:51+00:00,86573,3207,
2026-07-13T16:48:26+00:00,86573,3207,
2026-07-13T17:38:35+00:00,86573,3207,
2026-07-13T18:34:01+00:00,86573,3207,
2026-07-13T19:30:46+00:00,86573,3207,
2026-07-13T20:26:32+00:00,86573,3207,
2026-07-13T21:20:28+00:00,86573,3207,
2026-07-13T22:19:01+00:00,86571,3207,
2026-07-13T23:19:39+00:00,86571,3207,
2026-07-14T00:24:21+00:00,86571,3207,
2026-07-14T01:34:20+00:00,86571,3207,
2026-07-14T03:01:57+00:00,86571,3207,
2026-07-14T04:07:56+00:00,86577,3207,
2026-07-14T05:47:52+00:00,86577,3207,
2026-07-14T06:43:58+00:00,86577,3207,
2026-07-14T07:35:09+00:00,86577,3207,
2026-07-14T08:43:48+00:00,86577,3207,
2026-07-14T09:35:08+00:00,86577,3207,
2026-07-14T10:33:29+00:00,86577,3207,
2026-07-14T11:30:19+00:00,86627,3208,
2026-07-14T12:27:22+00:00,86627,3208,
2026-07-14T13:32:55+00:00,86627,3208,
2026-07-14T14:35:03+00:00,86627,3208,
2026-07-14T15:30:14+00:00,86627,3208,
2026-07-14T16:28:08+00:00,86627,3208,
2026-07-14T17:28:16+00:00,86627,3208,
2026-07-14T18:23:00+00:00,86627,3208,
2026-07-14T19:30:23+00:00,86624,3206,
2026-07-14T20:25:16+00:00,86624,3206,
2026-07-14T21:21:02+00:00,86672,3206,
2026-07-14T22:20:51+00:00,86672,3206,
2026-07-14T23:19:03+00:00,86672,3206,
2026-07-15T00:21:47+00:00,86667,3205,
2026-07-15T01:33:57+00:00,86681,3205,
2026-07-15T03:01:43+00:00,86681,3205,
2026-07-15T04:07:56+00:00,86681,3205,
2026-07-15T05:48:20+00:00,86681,3205,
2026-07-15T06:44:44+00:00,86681,3205,
2026-07-15T07:36:43+00:00,86681,3205,
2026-07-15T08:46:51+00:00,86681,3205,
2026-07-15T09:38:07+00:00,86681,3205,
2026-07-15T10:34:14+00:00,86681,3205,
2026-07-15T11:31:38+00:00,86681,3205,
2026-07-15T12:28:35+00:00,86681,3205,
2026-07-15T13:32:21+00:00,86681,3205,
2026-07-15T14:34:22+00:00,86681,3205,
2026-07-15T15:31:42+00:00,86681,3205,
2026-07-15T16:31:36+00:00,86681,3205,
2026-07-15T17:29:28+00:00,86681,3205,
2026-07-15T18:24:40+00:00,86681,3205,
2026-07-15T19:29:12+00:00,86680,3204,
2026-07-15T20:23:06+00:00,86680,3204,
2026-07-15T21:21:09+00:00,86680,3204,
2026-07-15T22:20:57+00:00,86680,3204,
2026-07-15T23:20:24+00:00,86680,3204,
2026-07-16T00:25:23+00:00,86679,3203,
2026-07-16T01:34:27+00:00,86679,3203,
2026-07-16T03:02:58+00:00,86683,3204,
2026-07-16T05:02:33+00:00,86684,3204,
2026-07-16T06:48:42+00:00,86684,3204,
2026-07-16T07:42:06+00:00,86684,3204,
2026-07-16T08:46:20+00:00,86684,3204,
2026-07-16T09:41:40+00:00,86684,3204,
2026-07-16T10:38:57+00:00,86684,3204,
2026-07-16T11:32:49+00:00,86684,3204,
2026-07-16T12:32:19+00:00,86684,3204,
2026-07-16T13:33:16+00:00,86684,3204,
2026-07-16T14:40:11+00:00,86684,3204,
2026-07-16T15:32:56+00:00,86684,3204,
2026-07-16T16:29:07+00:00,86684,3204,
2026-07-16T17:29:59+00:00,86684,3204,
2026-07-16T18:24:41+00:00,86682,3204,
2026-07-16T19:28:23+00:00,86682,3204,
2026-07-16T20:18:54+00:00,86682,3204,
2026-07-16T21:22:10+00:00,86682,3204,
2026-07-16T22:21:27+00:00,86679,3203,
2026-07-16T23:18:45+00:00,86679,3203,
2026-07-17T00:27:23+00:00,86679,3203,
2026-07-17T01:34:46+00:00,86679,3203,
2026-07-17T03:03:25+00:00,86679,3203,
2026-07-17T05:02:56+00:00,86679,3203,
2026-07-17T06:46:40+00:00,86679,3203,
2026-07-17T07:39:46+00:00,86679,3203,
2026-07-17T08:44:04+00:00,86679,3203,
2026-07-17T09:34:44+00:00,86679,3203,
2026-07-17T10:33:38+00:00,86679,3203,
2026-07-17T11:30:15+00:00,86679,3203,
2026-07-17T12:25:49+00:00,86679,3203,
2026-07-17T13:32:14+00:00,86679,3203,
2026-07-17T14:33:17+00:00,86679,3203,
2026-07-17T15:27:42+00:00,86679,3203,
2026-07-17T16:27:05+00:00,86679,3203,
2026-07-17T17:25:31+00:00,86679,3203,
2026-07-17T18:22:15+00:00,86679,3203,
2026-07-17T19:26:38+00:00,86681,3204,
2026-07-17T20:20:21+00:00,86681,3204,
2026-07-17T21:16:52+00:00,86681,3204,
2026-07-17T22:16:27+00:00,86681,3204,
2026-07-17T23:17:55+00:00,86681,3204,
2026-07-18T00:24:17+00:00,86681,3204,
2026-07-18T01:33:58+00:00,86681,3204,
2026-07-18T03:01:50+00:00,86681,3204,
2026-07-18T04:58:18+00:00,86681,3204,
2026-07-18T05:46:53+00:00,86681,3204,
2026-07-18T06:38:46+00:00,86681,3204,
2026-07-18T07:33:09+00:00,86681,3204,
2026-07-18T08:34:21+00:00,86681,3204,
2026-07-18T09:31:21+00:00,86681,3204,
2026-07-18T10:29:27+00:00,86681,3204,
2026-07-18T11:22:10+00:00,86681,3204,
2026-07-18T12:17:41+00:00,86681,3204,
2026-07-18T13:31:07+00:00,86681,3204,
2026-07-18T14:25:46+00:00,86681,3204,
2026-07-18T15:21:10+00:00,86681,3204,
2026-07-18T16:18:49+00:00,86681,3204,
2026-07-18T17:21:31+00:00,86681,3204,
2026-07-18T18:18:45+00:00,86680,3204,
2026-07-18T19:25:41+00:00,86680,3204,
2026-07-18T20:16:22+00:00,86680,3204,
2026-07-18T21:17:18+00:00,86680,3204,
2026-07-18T22:17:04+00:00,86680,3204,
2026-07-18T23:18:03+00:00,86680,3204,
2026-07-19T00:26:26+00:00,86680,3204,
2026-07-19T01:34:12+00:00,86680,3204,
2026-07-19T03:03:49+00:00,86680,3204,
2026-07-19T05:04:15+00:00,86680,3204,
2026-07-19T06:50:35+00:00,86680,3204,
2026-07-19T07:43:12+00:00,86680,3204,
2026-07-19T08:47:14+00:00,86680,3204,
2026-07-19T09:35:01+00:00,86680,3204,
2026-07-19T10:32:00+00:00,86680,3204,
2026-07-19T11:24:39+00:00,86680,3204,
2026-07-19T12:18:10+00:00,86680,3204,
2026-07-19T13:31:12+00:00,86680,3204,
2026-07-19T14:28:53+00:00,86680,3204,
2026-07-19T15:21:53+00:00,86680,3204,
2026-07-19T16:19:31+00:00,86680,3204,
2026-07-19T17:22:28+00:00,86680,3204,
2026-07-19T18:18:23+00:00,86680,3204,
2026-07-19T19:25:18+00:00,86680,3204,
2026-07-19T20:17:15+00:00,86680,3204,
2026-07-19T21:17:30+00:00,86680,3204,
2026-07-19T22:18:01+00:00,86680,3204,
2026-07-19T23:18:30+00:00,86680,3204,
2026-07-20T00:27:35+00:00,86680,3204,
2026-07-20T01:35:56+00:00,86680,3204,
2026-07-20T03:03:34+00:00,86680,3204,
2026-07-20T05:13:49+00:00,86680,3204,
2026-07-20T07:03:22+00:00,86680,3204,
2026-07-20T09:02:54+00:00,86680,3204,
2026-07-20T11:01:29+00:00,86680,3204,
2026-07-20T11:59:34+00:00,86680,3204,
2026-07-20T12:52:56+00:00,86680,3204,
2026-07-20T13:34:19+00:00,86680,3204,
2026-07-20T14:45:42+00:00,86680,3204,
2026-07-20T15:37:16+00:00,86680,3204,
2026-07-20T16:30:34+00:00,86680,3204,
2026-07-20T17:38:35+00:00,86680,3204,
2026-07-20T18:37:57+00:00,86678,3204,
2026-07-20T19:32:41+00:00,86680,3205,
2026-07-20T20:30:37+00:00,86680,3205,
2026-07-20T21:25:57+00:00,86680,3205,
2026-07-20T22:20:58+00:00,86680,3205,
2026-07-20T23:22:03+00:00,86680,3205,
2026-07-21T00:26:58+00:00,86680,3205,
2026-07-21T01:34:32+00:00,86680,3205,
2026-07-21T03:02:57+00:00,86645,3205,
2026-07-21T05:04:00+00:00,86645,3205,
2026-07-21T06:50:26+00:00,86645,3205,
2026-07-21T07:48:08+00:00,86645,3205,
2026-07-21T08:53:58+00:00,86645,3205,
2026-07-21T09:50:38+00:00,86645,3205,
2026-07-21T10:43:03+00:00,86645,3205,
2026-07-21T11:35:33+00:00,86645,3205,
2026-07-21T12:32:25+00:00,86645,3205,
2026-07-21T13:33:25+00:00,86645,3205,
2026-07-21T14:41:16+00:00,86645,3205,
2026-07-21T15:33:41+00:00,86645,3205,
2026-07-21T16:31:01+00:00,86645,3205,
2026-07-21T17:30:38+00:00,86645,3205,
2026-07-21T18:27:37+00:00,86643,3205,
2026-07-21T19:30:48+00:00,86643,3205,
2026-07-21T20:27:22+00:00,86643,3205,
2026-07-21T21:26:36+00:00,86645,3205,
2026-07-21T22:19:02+00:00,86645,3205,
2026-07-21T23:19:49+00:00,86645,3205,
2026-07-22T00:25:36+00:00,86645,3205,
2026-07-22T01:35:13+00:00,86645,3205,
2026-07-22T03:03:51+00:00,86647,3205,
2026-07-22T05:04:14+00:00,86647,3205,
2026-07-22T06:51:50+00:00,86647,3205,
2026-07-22T07:48:24+00:00,86647,3205,
2026-07-22T08:52:48+00:00,86647,3205,
2026-07-22T09:49:22+00:00,86647,3205,
2026-07-22T10:44:12+00:00,86647,3205,
2026-07-22T11:35:54+00:00,86647,3205,
2026-07-22T12:32:39+00:00,86647,3205,
2026-07-22T13:33:20+00:00,86647,3205,
2026-07-22T14:40:35+00:00,86647,3205,
2026-07-22T15:33:09+00:00,86647,3205,
2026-07-22T16:30:59+00:00,86647,3205,
2026-07-22T17:29:45+00:00,86647,3205,
2026-07-22T18:25:40+00:00,86647,3205,
2026-07-22T19:31:20+00:00,86647,3205,
2026-07-22T20:29:23+00:00,86647,3205,
2026-07-22T21:25:01+00:00,86650,3205,
2026-07-22T22:22:31+00:00,86694,3205,
2026-07-22T23:21:49+00:00,86694,3205,
2026-07-23T00:27:22+00:00,86694,3205,
2026-07-23T01:34:28+00:00,86694,3205,
2026-07-23T03:03:28+00:00,86694,3205,
2026-07-23T05:04:21+00:00,86694,3205,
2026-07-23T06:49:41+00:00,86694,3205,
2026-07-23T07:49:22+00:00,86694,3205,
2026-07-23T08:52:41+00:00,86694,3205,
2026-07-23T09:48:56+00:00,86694,3205,
2026-07-23T10:45:12+00:00,86694,3205,
2026-07-23T11:37:25+00:00,86694,3205,
2026-07-23T12:32:26+00:00,86694,3205,
2026-07-23T13:33:35+00:00,86694,3205,
2026-07-23T14:45:32+00:00,86694,3205,
2026-07-23T15:39:18+00:00,86694,3205,
2026-07-23T16:31:54+00:00,86694,3205,
2026-07-23T17:31:31+00:00,86694,3205,
2026-07-23T18:27:06+00:00,86694,3205,
2026-07-23T19:30:59+00:00,86694,3205,
2026-07-23T20:23:36+00:00,86694,3205,
2026-07-23T21:24:18+00:00,86694,3205,
2026-07-23T22:21:46+00:00,86694,3205,
2026-07-23T23:19:54+00:00,86694,3205,
2026-07-24T00:24:38+00:00,86694,3205,
2026-07-24T01:34:59+00:00,86694,3205,
2026-07-24T03:03:21+00:00,86689,3204,
2026-07-24T05:04:15+00:00,86689,3204,
2026-07-24T06:50:32+00:00,86689,3204,
2026-07-24T07:48:41+00:00,86689,3204,
2026-07-24T08:52:06+00:00,86689,3204,
2026-07-24T09:47:39+00:00,86689,3204,
2026-07-24T10:40:48+00:00,86689,3204,
2026-07-24T11:33:59+00:00,86691,3204,
2026-07-24T12:30:05+00:00,86691,3204,
2026-07-24T13:32:19+00:00,86691,3204,
2026-07-24T14:34:34+00:00,86691,3204,
2026-07-24T15:30:46+00:00,86691,3204,
2026-07-24T16:32:37+00:00,86691,3204,
2026-07-24T17:31:57+00:00,86691,3204,
2026-07-24T18:30:02+00:00,86691,3204,
2026-07-24T19:30:42+00:00,86691,3204,
2026-07-24T20:29:26+00:00,86691,3204,
2026-07-24T21:23:54+00:00,86691,3204,
2026-07-24T22:23:06+00:00,86691,3204,
2026-07-24T23:22:26+00:00,86691,3204,
2026-07-25T00:28:01+00:00,86691,3204,
2026-07-25T01:34:36+00:00,86691,3204,
2026-07-25T03:02:47+00:00,86691,3204,
2026-07-25T05:03:57+00:00,86691,3204,
2026-07-25T06:46:25+00:00,86691,3204,
2026-07-25T07:39:08+00:00,86691,3204,
2026-07-25T08:41:06+00:00,86691,3204,
2026-07-25T09:33:13+00:00,86691,3204,
2026-07-25T10:31:24+00:00,86691,3204,
2026-07-25T11:26:46+00:00,86691,3204,
2026-07-25T12:19:06+00:00,86691,3204,
2026-07-25T13:31:24+00:00,86691,3204,
2026-07-25T14:32:12+00:00,86691,3204,
2026-07-25T15:23:19+00:00,86691,3204,
2026-07-25T16:19:02+00:00,86691,3204,
2026-07-25T17:21:30+00:00,86691,3204,
2026-07-25T18:18:32+00:00,86691,3204,
2026-07-25T19:26:40+00:00,86691,3204,
2026-07-25T20:20:02+00:00,86691,3204,
2026-07-25T21:18:24+00:00,86691,3204,
2026-07-25T22:18:08+00:00,86691,3204,
2026-07-25T23:20:08+00:00,86691,3204,
2026-07-26T00:29:03+00:00,86691,3204,
2026-07-26T01:34:20+00:00,86691,3204,
2026-07-26T03:02:30+00:00,86691,3204,
2026-07-26T05:07:47+00:00,86691,3204,
2026-07-26T06:54:29+00:00,86691,3204,
2026-07-26T07:50:12+00:00,86691,3204,
2026-07-26T08:48:28+00:00,86691,3204,
2026-07-26T09:41:35+00:00,86691,3204,
2026-07-26T10:33:36+00:00,86691,3204,
2026-07-26T11:29:51+00:00,86691,3204,
2026-07-26T12:24:08+00:00,86691,3204,
2026-07-26T13:31:49+00:00,86691,3204,
2026-07-26T14:31:46+00:00,86691,3204,
2026-07-26T15:24:50+00:00,86691,3204,
2026-07-26T16:21:00+00:00,86691,3204,
2026-07-26T17:22:26+00:00,86691,3204,
2026-07-26T18:20:50+00:00,86691,3204,
2026-07-26T19:28:06+00:00,86691,3204,
2026-07-26T20:22:19+00:00,86691,3204,
2026-07-26T21:19:55+00:00,86691,3204,
2026-07-26T22:19:47+00:00,86723,3204,
2026-07-26T23:20:36+00:00,86723,3204,
2026-07-27T00:29:12+00:00,86723,3204,
2026-07-27T01:35:53+00:00,86725,3204,
2026-07-27T03:04:20+00:00,86725,3204,
2026-07-27T05:16:28+00:00,86725,3204,
2026-07-27T07:06:15+00:00,86725,3204,
2026-07-27T09:05:46+00:00,86725,3204,
2026-07-27T11:04:41+00:00,86725,3204,
2026-07-27T13:02:21+00:00,86725,3204,
2026-07-27T15:00:22+00:00,86727,3204,
2026-07-27T15:56:08+00:00,86727,3204,
2026-07-27T16:43:37+00:00,86727,3204,
2026-07-27T17:33:33+00:00,86727,3204,
2026-07-27T18:32:19+00:00,86724,3204,
2026-07-27T19:30:58+00:00,86724,3204,
2026-07-27T20:31:00+00:00,86726,3205,
2026-07-27T21:25:42+00:00,86726,3205,
2026-07-27T22:23:21+00:00,86726,3205,
2026-07-27T23:23:21+00:00,86726,3205,
2026-07-28T00:26:09+00:00,86726,3205,
2026-07-28T01:33:39+00:00,86726,3205,
2026-07-28T03:02:41+00:00,86726,3205,
2026-07-28T05:03:41+00:00,86726,3205,
2026-07-28T06:51:46+00:00,86726,3205,
2026-07-28T07:52:16+00:00,86726,3205,
2026-07-28T08:55:29+00:00,86726,3205,
2026-07-28T09:52:53+00:00,86726,3205,
2026-07-28T10:50:00+00:00,86726,3205,
2026-07-28T11:40:28+00:00,86732,3205,
2026-07-28T12:35:52+00:00,86732,3205,
2026-07-28T13:34:33+00:00,86732,3205,
2026-07-28T14:49:47+00:00,86732,3205,
2026-07-28T15:46:09+00:00,86732,3205,
2026-07-28T16:33:22+00:00,86732,3205,
2026-07-28T17:31:34+00:00,86732,3205,
2026-07-28T18:29:18+00:00,86732,3205,
2026-07-28T19:31:53+00:00,86732,3205,
2026-07-28T20:26:25+00:00,86732,3205,
2026-07-28T21:24:53+00:00,86732,3205,
2026-07-28T22:22:43+00:00,86732,3205,
2026-07-28T23:21:54+00:00,86733,3206,
2026-07-29T00:25:09+00:00,86733,3206,
2026-07-29T01:34:45+00:00,86735,3206,
2026-07-29T03:02:55+00:00,86735,3206,
2026-07-29T05:04:38+00:00,85869,3206,
2026-07-29T06:53:44+00:00,85869,3206,
2026-07-29T07:55:38+00:00,85869,3206,
2026-07-29T08:57:44+00:00,85869,3206,
2026-07-29T09:55:14+00:00,85869,3206,
2026-07-29T10:52:50+00:00,85869,3206,
2026-07-29T11:45:08+00:00,85869,3206,
2026-07-29T12:39:53+00:00,85869,3206,
2026-07-29T13:34:48+00:00,85869,3206,
2026-07-29T14:46:20+00:00,85869,3206,
2026-07-29T15:37:53+00:00,85869,3206,
2026-07-29T16:30:53+00:00,85869,3206,
2026-07-29T17:27:32+00:00,85869,3206,
2026-07-29T18:20:27+00:00,85869,3206,
2026-07-29T19:30:14+00:00,85871,3206,
2026-07-29T20:21:27+00:00,85871,3206,
2026-07-29T21:19:25+00:00,85871,3206,
2026-07-29T22:20:01+00:00,85821,3206,
2026-07-29T23:23:23+00:00,85821,3206,
2026-07-30T00:25:42+00:00,85821,3206,
2026-07-30T01:34:29+00:00,85817,3206,
2026-07-30T03:02:02+00:00,85833,3206,
2026-07-30T05:02:05+00:00,85833,3206,
2026-07-30T06:01:16+00:00,85833,3206,
2026-07-30T07:05:56+00:00,85833,3206,
2026-07-30T08:55:28+00:00,85833,3206,
2026-07-30T09:50:36+00:00,85833,3206,
2026-07-30T10:43:40+00:00,85833,3206,
2026-07-30T11:37:34+00:00,85833,3206,
2026-07-30T12:34:00+00:00,85833,3206,
2026-07-30T13:34:05+00:00,85833,3206,
2026-07-30T14:46:48+00:00,85833,3206,
2026-07-30T15:38:22+00:00,85833,3206,
2026-07-30T16:31:18+00:00,85833,3206,
2026-07-30T17:31:05+00:00,85833,3206,
2026-07-30T18:29:27+00:00,85833,3206,
2026-07-30T19:30:57+00:00,85833,3206,
2026-07-30T20:26:39+00:00,85833,3206,
2026-07-30T21:24:58+00:00,85811,3205,
2026-07-30T22:23:15+00:00,85811,3206,
2026-07-30T23:23:04+00:00,85811,3206,
2026-07-31T00:28:52+00:00,85811,3206,
2026-07-31T01:34:39+00:00,85787,3206,
2026-07-31T03:03:26+00:00,85785,3206,
2026-07-31T05:09:41+00:00,85785,3206,
2026-07-31T06:58:08+00:00,85785,3206,
2026-07-31T08:01:22+00:00,85785,3206,
2026-07-31T09:11:03+00:00,85785,3206,
2026-07-31T10:54:40+00:00,85785,3206,
2026-07-31T11:42:59+00:00,85785,3206,
2026-07-31T12:38:21+00:00,85805,3206,
2026-07-31T13:34:44+00:00,85805,3206,
2026-07-31T14:49:08+00:00,85805,3206,
2026-07-31T15:42:45+00:00,85805,3206,
2026-07-31T16:33:44+00:00,85805,3206,
2026-07-31T17:31:59+00:00,85805,3206,
2026-07-31T18:30:25+00:00,85805,3206,
2026-07-31T19:31:10+00:00,85805,3206,
2026-07-31T20:28:57+00:00,85805,3206,
2026-07-31T21:24:03+00:00,85805,3206,
2026-07-31T22:21:14+00:00,85805,3206,
2026-07-31T23:21:29+00:00,85805,3206,
2026-08-01T00:26:58+00:00,85805,3206,
2026-08-01T01:34:06+00:00,85805,3206,
2026-08-01T03:05:03+00:00,85805,3206,
2026-08-01T05:04:49+00:00,85805,3206,
2026-08-01T06:49:32+00:00,85805,3206,
2026-08-01T07:45:10+00:00,85805,3206,
2026-08-01T08:46:24+00:00,85805,3206,
2026-08-01T09:38:44+00:00,85805,3206,
2026-08-01T10:32:37+00:00,85805,3206,
2026-08-01T11:28:24+00:00,85805,3206,
2026-08-01T12:21:09+00:00,85805,3206,
2026-08-01T13:31:25+00:00,85805,3206,
2026-08-01T14:30:36+00:00,85805,3206,
2026-08-01T15:23:52+00:00,85805,3206,
2026-08-01T16:20:44+00:00,85805,3206,
2026-08-01T17:22:06+00:00,85805,3206,
2026-08-01T18:20:36+00:00,85805,3206,
2026-08-01T19:26:45+00:00,85805,3206,
2026-08-01T20:20:03+00:00,85805,3206,
2026-08-01T21:18:31+00:00,85805,3206,
2026-08-01T22:19:45+00:00,85805,3206,
2026-08-01T23:19:14+00:00,85805,3206,
2026-08-02T00:28:33+00:00,85807,3206,
2026-08-02T01:35:06+00:00,85807,3206,
2026-08-02T03:02:36+00:00,85807,3206,
2026-08-02T05:04:36+00:00,85807,3206,
2026-08-02T06:53:33+00:00,85807,3206,
2026-08-02T07:46:58+00:00,85807,3206,
2026-08-02T08:47:18+00:00,85807,3206,
2026-08-02T09:40:08+00:00,85807,3206,
2026-08-02T10:32:57+00:00,85807,3206,
2026-08-02T11:27:51+00:00,85807,3206,
2026-08-02T12:22:10+00:00,85807,3206,
2026-08-02T13:30:45+00:00,85807,3206,
2026-08-02T14:31:47+00:00,85807,3206,
2026-08-02T15:24:14+00:00,85807,3206,
2026-08-02T16:20:56+00:00,85807,3206,
2026-08-02T17:22:06+00:00,85807,3206,
2026-08-02T18:19:58+00:00,85807,3206,
2026-08-02T19:27:43+00:00,85807,3206,
2026-08-02T20:21:03+00:00,85807,3206,
2026-08-02T21:18:40+00:00,85807,3206,
2026-08-02T22:18:35+00:00,85807,3206,
2026-08-02T23:19:57+00:00,85819,3206,
2026-08-03T00:28:21+00:00,85784,3205,
2026-08-03T01:34:43+00:00,85786,3205,
2026-08-03T03:02:46+00:00,85790,3205,
2026-08-03T05:12:26+00:00,85790,3205,
2026-08-03T07:05:27+00:00,85790,3205,
2026-08-03T09:06:51+00:00,85790,3205,
2026-08-03T11:04:28+00:00,85790,3205,
2026-08-03T13:02:31+00:00,85790,3205,
2026-08-03T13:56:54+00:00,85790,3205,
2026-08-03T15:02:39+00:00,85790,3205,
2026-08-03T15:58:28+00:00,85790,3205,
2026-08-03T16:52:02+00:00,85790,3205,
2026-08-03T17:35:03+00:00,85790,3205,
2026-08-03T18:35:07+00:00,85790,3205,
2026-08-03T19:31:55+00:00,85790,3205,
2026-08-03T20:31:29+00:00,85800,3205,
2026-08-03T21:25:08+00:00,85800,3205,
2026-08-03T22:22:48+00:00,85802,3205,
2026-08-03T23:23:39+00:00,85802,3205,
2026-08-04T00:28:02+00:00,85802,3205,
2026-08-04T01:34:17+00:00,85802,3205,
2026-08-04T03:02:38+00:00,85802,3205,
2026-08-04T05:02:43+00:00,85802,3205,
2026-08-04T06:51:37+00:00,85802,3205,
2026-08-04T07:52:13+00:00,85802,3205,
2026-08-04T08:56:20+00:00,85802,3205,
2026-08-04T09:54:45+00:00,85802,3205,
2026-08-04T10:53:44+00:00,85802,3205,
2026-08-04T11:44:18+00:00,85802,3205,
2026-08-04T12:37:02+00:00,85802,3205,
2026-08-04T13:35:04+00:00,85802,3205,
2026-08-04T14:50:22+00:00,85802,3205,
2026-08-04T15:48:06+00:00,85802,3205,
2026-08-04T16:37:53+00:00,85802,3205,
2026-08-04T17:33:57+00:00,85802,3205,
2026-08-04T18:32:27+00:00,85766,3205,
2026-08-04T19:32:42+00:00,85772,3205,
2026-08-04T21:03:59+00:00,85772,3205,
2026-08-04T22:55:15+00:00,85772,3205,
2026-08-04T23:58:42+00:00,85772,3205,
2026-08-05T02:02:13+00:00,85771,3204,
2026-08-05T05:19:28+00:00,85771,3204,
2026-08-05T08:22:40+00:00,85771,3204,
2026-08-05T11:13:53+00:00,85771,3204,
2026-08-05T13:47:58+00:00,85771,3204,
2026-08-05T15:56:27+00:00,85771,3204,
2026-08-05T17:23:27+00:00,85771,3204,
2026-08-05T19:18:35+00:00,85771,3204,
2026-08-05T21:01:18+00:00,85771,3204,
2026-08-05T22:13:49+00:00,85771,3204,
2026-08-05T23:53:13+00:00,85775,3204,
2026-08-06T01:50:24+00:00,85776,3204,
2026-08-06T04:59:55+00:00,85777,3204,
2026-08-06T07:40:12+00:00,85777,3204,
2026-08-06T10:32:03+00:00,85777,3204,
2026-08-06T12:53:19+00:00,85777,3204,
2026-08-06T15:08:32+00:00,85777,3204,
2026-08-06T23:52:49+00:00,85777,3204,
2026-08-07T02:13:45+00:00,85777,3204,
2026-08-07T04:50:30+00:00,85745,3204,
2026-08-07T06:07:35+00:00,85745,3204,
2026-08-07T08:09:15+00:00,85745,3204,
2026-08-07T09:54:05+00:00,85745,3204,
2026-08-07T10:45:07+00:00,85745,3204,
2026-08-07T11:40:04+00:00,85747,3204,
2026-08-07T12:44:21+00:00,85747,3204,
2026-08-07T14:07:30+00:00,85747,3204,
2026-08-07T15:47:33+00:00,85747,3204,
2026-08-07T16:44:30+00:00,85747,3204,
2026-08-07T17:42:48+00:00,85747,3204,
2026-08-07T18:43:30+00:00,85747,3204,
2026-08-07T19:46:28+00:00,85747,3204,
2026-08-07T20:33:13+00:00,85747,3204,
2026-08-07T21:31:55+00:00,85747,3204,
2026-08-07T22:27:48+00:00,85747,3204,
2026-08-07T23:27:21+00:00,85747,3204,
2026-08-08T01:01:42+00:00,85747,3204,
2026-08-08T02:56:53+00:00,85747,3204,
2026-08-08T04:07:31+00:00,85747,3204,
2026-08-08T05:37:46+00:00,85747,3204,
2026-08-08T06:38:36+00:00,85747,3204,
2026-08-08T07:42:45+00:00,85747,3204,
2026-08-08T08:31:27+00:00,85747,3204,
2026-08-08T09:30:56+00:00,85747,3204,
2026-08-08T10:23:34+00:00,85747,3204,
2026-08-08T11:22:04+00:00,85747,3204,
2026-08-08T12:31:29+00:00,85747,3204,
2026-08-08T13:40:30+00:00,85747,3204,
2026-08-08T14:24:52+00:00,85747,3204,
2026-08-08T15:22:41+00:00,85747,3204,
2026-08-08T16:23:10+00:00,85747,3204,
2026-08-08T17:22:56+00:00,85747,3204,
2026-08-08T18:25:21+00:00,85747,3204,
2026-08-08T19:23:43+00:00,85747,3204,
2026-08-08T20:20:19+00:00,85747,3204,
2026-08-08T21:23:18+00:00,85747,3204,
2026-08-08T22:21:18+00:00,85747,3204,
2026-08-08T23:21:41+00:00,85747,3204,
2026-08-09T01:05:31+00:00,85747,3204,
2026-08-09T03:26:34+00:00,85747,3204,
2026-08-09T04:57:21+00:00,85747,3204,
2026-08-09T05:44:16+00:00,85747,3204,
2026-08-09T06:41:54+00:00,85747,3204,
2026-08-09T07:47:16+00:00,85747,3204,
2026-08-09T08:33:42+00:00,85747,3204,
2026-08-09T09:32:08+00:00,85747,3204,
2026-08-09T10:25:43+00:00,85747,3204,
2026-08-09T11:22:50+00:00,85747,3204,
2026-08-09T12:34:22+00:00,85745,3204,
2026-08-09T13:43:33+00:00,85745,3204,
2026-08-09T14:27:18+00:00,85745,3204,
2026-08-09T15:24:10+00:00,85745,3204,
2026-08-09T16:25:24+00:00,85745,3204,
2026-08-09T17:24:38+00:00,85745,3204,
2026-08-09T18:28:50+00:00,85745,3204,
2026-08-09T19:26:43+00:00,85744,3203,
2026-08-09T20:22:37+00:00,85743,3202,
2026-08-09T21:24:10+00:00,85743,3202,
2026-08-09T22:22:19+00:00,85743,3202,
2026-08-09T23:24:16+00:00,85743,3202,
2026-08-10T01:07:10+00:00,85746,3203,
2026-08-10T03:46:14+00:00,85746,3203,
2026-08-10T05:19:41+00:00,85746,3203,
2026-08-10T07:15:36+00:00,85746,3203,
2026-08-10T09:10:04+00:00,85748,3203,
2026-08-10T11:01:33+00:00,85750,3203,
2026-08-10T11:50:47+00:00,85750,3203,
2026-08-10T12:51:04+00:00,85750,3203,
2026-08-10T14:16:19+00:00,85750,3203,
2026-08-10T15:53:43+00:00,85750,3203,
2026-08-10T16:45:19+00:00,85750,3203,
2026-08-10T17:45:09+00:00,85750,3203,
2026-08-10T18:45:45+00:00,85750,3203,
2026-08-10T19:50:03+00:00,85748,3202,
2026-08-10T20:34:32+00:00,85748,3202,
2026-08-10T21:34:57+00:00,85744,3202,
2026-08-10T22:29:39+00:00,85744,3202,
2026-08-10T23:27:57+00:00,85744,3202,
2026-08-11T01:06:56+00:00,85744,3202,
2026-08-11T03:28:31+00:00,85744,3202,
2026-08-11T05:00:54+00:00,85746,3202,
2026-08-11T05:55:04+00:00,85746,3202,
2026-08-11T06:53:23+00:00,85746,3202,
2026-08-11T08:06:22+00:00,85746,3202,
2026-08-11T09:53:46+00:00,85746,3202,
2026-08-11T10:44:12+00:00,85746,3202,
2026-08-11T11:39:11+00:00,85746,3202,
2026-08-11T12:45:24+00:00,85746,3202,
2026-08-11T14:14:42+00:00,85746,3202,
2026-08-11T15:53:49+00:00,85746,3202,
2026-08-11T16:50:22+00:00,85746,3202,
2026-08-11T17:52:16+00:00,85746,3202,
2026-08-11T18:52:10+00:00,85746,3202,
2026-08-11T19:57:27+00:00,85746,3202,
2026-08-11T20:36:53+00:00,85749,3202,
2026-08-11T21:38:03+00:00,85749,3202,
2026-08-11T22:35:10+00:00,85751,3202,
2026-08-11T23:33:44+00:00,85751,3202,
2026-08-12T01:13:41+00:00,85751,3202,
2026-08-12T03:58:46+00:00,85755,3203,
2026-08-12T05:29:47+00:00,85758,3203,
2026-08-12T07:13:03+00:00,85758,3203,
2026-08-12T09:04:29+00:00,85758,3203,
2026-08-12T10:54:52+00:00,85758,3203,
2026-08-12T11:41:40+00:00,85758,3203,
2026-08-12T12:50:21+00:00,85758,3203,
2026-08-12T14:16:33+00:00,85758,3203,
2026-08-12T15:53:34+00:00,85758,3203,
2026-08-12T17:53:05+00:00,85758,3203,
2026-08-12T18:52:37+00:00,85758,3203,
2026-08-12T18:58:28+00:00,85758,3203,
2026-08-12T19:58:01+00:00,85757,3202,
2026-08-12T21:37:38+00:00,85757,3202,
2026-08-12T22:33:33+00:00,85757,3202,
2026-08-12T23:33:57+00:00,85757,3202,
2026-08-13T01:15:38+00:00,85747,3202,
2026-08-13T04:04:10+00:00,85748,3202,
2026-08-13T06:11:20+00:00,85748,3202,
2026-08-13T08:13:45+00:00,85748,3202,
2026-08-13T09:56:23+00:00,85748,3202,
2026-08-13T10:55:58+00:00,85748,3202,
2026-08-13T11:42:04+00:00,85748,3202,
2026-08-13T12:52:33+00:00,85748,3202,
2026-08-13T14:18:17+00:00,85748,3202,
2026-08-13T15:53:06+00:00,85748,3202,
2026-08-13T16:48:01+00:00,85748,3202,
2026-08-13T17:52:04+00:00,85740,3202,
2026-08-13T18:18:15+00:00,85740,3202,
2026-08-13T19:23:58+00:00,85740,3202,
2026-08-13T20:11:57+00:00,85740,3202,
2026-08-13T21:16:51+00:00,85740,3202,
2026-08-13T22:15:32+00:00,85744,3202,
2026-08-13T23:15:28+00:00,85743,3201,
2026-08-14T00:18:41+00:00,85733,3201,
2026-08-14T01:32:59+00:00,85735,3201,
2026-08-14T02:52:58+00:00,85736,3201,
2026-08-14T03:44:21+00:00,85736,3201,
2026-08-14T04:34:28+00:00,85736,3201,
2026-08-14T05:32:16+00:00,85737,3202,
2026-08-14T06:29:12+00:00,85737,3202,
2026-08-14T07:31:02+00:00,85737,3202,
2026-08-14T08:27:50+00:00,85737,3202,
2026-08-14T09:24:01+00:00,85737,3202,
2026-08-14T10:22:26+00:00,85737,3202,
2026-08-14T11:15:58+00:00,85737,3202,
2026-08-14T12:16:11+00:00,85737,3202,
2026-08-14T13:28:44+00:00,85737,3202,
2026-08-14T14:23:08+00:00,85737,3202,
2026-08-14T15:17:25+00:00,85737,3202,
2026-08-14T16:16:55+00:00,85737,3202,
2026-08-14T17:19:27+00:00,85737,3202,
2026-08-14T18:18:04+00:00,85737,3202,
2026-08-14T19:20:30+00:00,85737,3202,
2026-08-14T20:10:22+00:00,85737,3202,
2026-08-14T21:07:31+00:00,85737,3202,
2026-08-14T22:05:11+00:00,85737,3202,
2026-08-14T23:06:25+00:00,85737,3202,
2026-08-15T00:08:48+00:00,85737,3202,
2026-08-15T01:30:33+00:00,85737,3202,
2026-08-15T02:22:39+00:00,85737,3202,
2026-08-15T03:15:43+00:00,85737,3202,
2026-08-15T04:10:11+00:00,85737,3202,
2026-08-15T05:07:10+00:00,85737,3202,
2026-08-15T06:06:46+00:00,85737,3202,
2026-08-15T07:12:10+00:00,85737,3202,
2026-08-15T08:05:53+00:00,85737,3202,
2026-08-15T09:07:32+00:00,85737,3202,
2026-08-15T10:05:20+00:00,85737,3202,
2026-08-15T11:05:24+00:00,85737,3202,
2026-08-15T12:05:47+00:00,85737,3202,
2026-08-15T13:13:06+00:00,85737,3202,
2026-08-15T14:05:46+00:00,85737,3202,
2026-08-15T15:05:18+00:00,85737,3202,
2026-08-15T16:04:55+00:00,85737,3202,
2026-08-15T17:06:06+00:00,85737,3202,
2026-08-15T18:04:41+00:00,85737,3202,
2026-08-15T19:07:18+00:00,85737,3202,
2026-08-15T20:04:18+00:00,85737,3202,
2026-08-15T22:04:00+00:00,85737,3202,
2026-08-15T23:04:50+00:00,85737,3202,
2026-08-16T00:08:59+00:00,85737,3202,
2026-08-16T01:30:34+00:00,85737,3202,
2026-08-16T02:27:30+00:00,85737,3202,
2026-08-16T03:19:53+00:00,85737,3202,
2026-08-16T04:13:17+00:00,85737,3202,
2026-08-16T05:08:41+00:00,85737,3202,
2026-08-16T06:07:53+00:00,85737,3202,
2026-08-16T07:13:14+00:00,85737,3202,
2026-08-16T08:07:05+00:00,85737,3202,
2026-08-16T09:07:45+00:00,85737,3202,
2026-08-16T10:05:56+00:00,85737,3202,
2026-08-16T11:05:46+00:00,85737,3202,
2026-08-16T12:05:14+00:00,85737,3202,
2026-08-16T13:13:51+00:00,85737,3202,
2026-08-16T14:05:39+00:00,85737,3202,
2026-08-16T15:04:53+00:00,85737,3202,
2026-08-16T16:04:54+00:00,85737,3202,
2026-08-16T17:08:17+00:00,85737,3202,
2026-08-16T18:05:28+00:00,85737,3202,
2026-08-16T19:07:13+00:00,85737,3202,
2026-08-16T20:04:03+00:00,85737,3202,
2026-08-16T21:04:52+00:00,85737,3202,
2026-08-16T22:04:40+00:00,85737,3202,
2026-08-16T23:04:34+00:00,85739,3202,
2026-08-17T00:08:32+00:00,85739,3201,
2026-08-17T01:30:44+00:00,85743,3201,
2026-08-17T02:27:23+00:00,85743,3201,
2026-08-17T03:19:30+00:00,85872,3202,
2026-08-17T04:15:43+00:00,85882,3202,
2026-08-17T05:14:29+00:00,85882,3202,
2026-08-17T06:10:03+00:00,85882,3202,
2026-08-17T07:21:51+00:00,85882,3202,
2026-08-17T08:14:10+00:00,85882,3202,
2026-08-17T09:14:38+00:00,85882,3202,
2026-08-17T10:10:54+00:00,85882,3202,
2026-08-17T11:07:44+00:00,85882,3202,
2026-08-17T12:11:17+00:00,85880,3202,68380
2026-08-17T12:15:41+00:00,85880,3202,68380
2026-08-17T12:20:27+00:00,85880,3202,68380
2026-08-17T13:16:49+00:00,85880,3202,68380
2026-08-17T14:08:31+00:00,85880,3202,68380
2026-08-17T15:08:01+00:00,85880,3202,68380
2026-08-17T16:05:50+00:00,85880,3202,68380
2026-08-17T17:07:57+00:00,85880,3202,68380
2026-08-17T18:08:04+00:00,85880,3202,68380
2026-08-17T19:11:55+00:00,85880,3202,68380
2026-08-17T20:06:28+00:00,85880,3202,68380
2026-08-17T21:07:38+00:00,85880,3202,68380
2026-08-17T22:05:41+00:00,85880,3202,68380
2026-08-17T23:05:41+00:00,85880,3202,68380
2026-08-18T00:09:04+00:00,85880,3202,68380
2026-08-18T01:30:22+00:00,85880,3202,68380
2026-08-18T02:25:03+00:00,85880,3202,68380
2026-08-18T03:18:24+00:00,85880,3202,68380
2026-08-18T04:13:26+00:00,85880,3202,68380
2026-08-18T05:09:39+00:00,85881,3202,68381
2026-08-18T06:08:08+00:00,85881,3202,68381
2026-08-18T07:16:21+00:00,85881,3202,68381
2026-08-18T08:09:40+00:00,85881,3202,68381
2026-08-18T09:10:55+00:00,85881,3202,68381
2026-08-18T10:07:25+00:00,85881,3202,68381
2026-08-18T11:07:15+00:00,85881,3202,68381
2026-08-18T12:07:54+00:00,85881,3202,68381
2026-08-18T13:18:18+00:00,85881,3202,68381
2026-08-18T14:12:02+00:00,85881,3202,68381
2026-08-18T15:08:52+00:00,85881,3202,68381
2026-08-18T16:07:10+00:00,85881,3202,68381
2026-08-18T17:08:17+00:00,85881,3202,68381
2026-08-18T18:08:19+00:00,85881,3202,68381
2026-08-18T19:11:34+00:00,85881,3202,68381
2026-08-18T20:04:44+00:00,85881,3202,68381
2026-08-18T21:06:23+00:00,85881,3202,68381
2026-08-18T22:05:00+00:00,85881,3202,68381
2026-08-18T23:06:04+00:00,85887,3202,68387
2026-08-19T00:08:40+00:00,85887,3202,68387
2026-08-19T01:30:48+00:00,85893,3202,68391
2026-08-19T02:26:10+00:00,85893,3202,68391
2026-08-19T03:18:12+00:00,85893,3202,68391
2026-08-19T04:14:03+00:00,85893,3202,68391
2026-08-19T05:09:26+00:00,85893,3202,68391
2026-08-19T06:09:01+00:00,85896,3202,68392
2026-08-19T07:17:01+00:00,85896,3202,68392
2026-08-19T08:10:01+00:00,85896,3202,68392
2026-08-19T09:11:19+00:00,85896,3202,68392
2026-08-19T10:07:29+00:00,85896,3202,68392
2026-08-19T11:06:55+00:00,85896,3202,68392
2026-08-19T12:07:19+00:00,85896,3202,68392
2026-08-19T13:18:57+00:00,85896,3202,68392
2026-08-19T14:11:58+00:00,85896,3202,68392
2026-08-19T15:09:30+00:00,85896,3202,68392
2026-08-19T16:07:10+00:00,85896,3202,68392
2026-08-19T17:07:06+00:00,85896,3202,68392
2026-08-19T18:06:17+00:00,85895,3202,68391
2026-08-19T19:08:36+00:00,85895,3202,68391
2026-08-19T20:06:03+00:00,85895,3202,68391
2026-08-19T21:07:23+00:00,85895,3202,68391
2026-08-19T22:05:52+00:00,85895,3202,68391
2026-08-19T23:06:44+00:00,85895,3202,68391
2026-08-20T00:08:43+00:00,85895,3202,68391
2026-08-20T01:30:38+00:00,85895,3202,68391
2026-08-20T02:25:20+00:00,85895,3202,68391
2026-08-20T03:18:31+00:00,85893,3202,68389
2026-08-20T04:13:57+00:00,85893,3202,68389
2026-08-20T05:10:48+00:00,85893,3202,68389
2026-08-20T06:07:53+00:00,85893,3202,68389
2026-08-20T07:18:13+00:00,85893,3202,68389
2026-08-20T08:12:05+00:00,85893,3202,68389
2026-08-20T09:11:26+00:00,85893,3202,68389
2026-08-20T10:08:55+00:00,85893,3202,68389
2026-08-20T11:07:13+00:00,85893,3202,68389
2026-08-20T12:07:47+00:00,85893,3202,68389
2026-08-20T13:19:24+00:00,85893,3202,68389
2026-08-20T14:14:08+00:00,85893,3202,68389
2026-08-20T15:11:22+00:00,85893,3202,68389
2026-08-20T16:08:10+00:00,85893,3202,68389
2026-08-20T17:08:17+00:00,85893,3202,68389
2026-08-20T18:08:11+00:00,85893,3202,68389
2026-08-20T19:14:00+00:00,85893,3202,68389
2026-08-20T20:06:58+00:00,85893,3202,68389
2026-08-20T21:07:49+00:00,85893,3202,68389
2026-08-20T22:07:02+00:00,85891,3201,68388
2026-08-20T23:06:58+00:00,85891,3201,68388
2026-08-21T00:10:00+00:00,85891,3201,68388
2026-08-21T01:30:41+00:00,85891,3201,68388
2026-08-21T02:28:51+00:00,85891,3201,68388
2026-08-21T03:22:50+00:00,85891,3201,68388
2026-08-21T04:14:57+00:00,85893,3201,68388
2026-08-21T05:11:13+00:00,85893,3201,68388
2026-08-21T06:09:18+00:00,85893,3201,68388
2026-08-21T07:18:18+00:00,85893,3201,68388
2026-08-21T08:13:24+00:00,85893,3201,68388
2026-08-21T09:13:36+00:00,85893,3201,68388
2026-08-21T10:08:30+00:00,85893,3201,68388
2026-08-21T11:07:35+00:00,85893,3201,68388
2026-08-21T12:07:30+00:00,85893,3201,68388
2026-08-21T13:19:26+00:00,85893,3201,68388
2026-08-21T14:12:37+00:00,85893,3201,68388
2026-08-21T15:10:21+00:00,85893,3201,68388
2026-08-21T16:07:29+00:00,85893,3201,68388
2026-08-21T17:09:06+00:00,85893,3201,68388
2026-08-21T18:07:46+00:00,85893,3201,68388
2026-08-21T19:11:40+00:00,85893,3201,68388
2026-08-21T20:05:15+00:00,85893,3201,68388
2026-08-21T21:06:17+00:00,85893,3201,68388
2026-08-21T22:05:59+00:00,85893,3201,68388
2026-08-21T23:06:24+00:00,85893,3201,68388
2026-08-22T00:09:01+00:00,85893,3201,68388
2026-08-22T01:30:23+00:00,85893,3201,68388
2026-08-22T02:23:21+00:00,85893,3201,68388
2026-08-22T03:17:05+00:00,85893,3201,68388
2026-08-22T04:12:26+00:00,85893,3201,68388
2026-08-22T05:07:40+00:00,85893,3201,68388
2026-08-22T06:06:41+00:00,85893,3201,68388
2026-08-22T07:13:34+00:00,85893,3201,68388
2026-08-22T08:06:28+00:00,85893,3201,68388
2026-08-22T09:07:27+00:00,85893,3201,68388
2026-08-22T10:05:34+00:00,85893,3201,68388
2026-08-22T11:05:18+00:00,85893,3201,68388
2026-08-22T12:05:23+00:00,85893,3201,68388
2026-08-22T13:13:05+00:00,85893,3201,68388
2026-08-22T14:05:19+00:00,85893,3201,68388
2026-08-22T15:05:01+00:00,85893,3201,68388
2026-08-22T16:04:37+00:00,85893,3201,68388
2026-08-22T17:05:29+00:00,85893,3201,68388
2026-08-22T18:04:33+00:00,85893,3201,68388
2026-08-22T19:07:16+00:00,85893,3201,68388
2026-08-22T20:04:26+00:00,85893,3201,68388
2026-08-22T21:05:54+00:00,85893,3201,68388
2026-08-22T22:04:48+00:00,85893,3201,68388
2026-08-22T23:04:39+00:00,85893,3201,68388
2026-08-23T00:08:29+00:00,85893,3201,68388
2026-08-23T01:30:44+00:00,85893,3201,68388
2026-08-23T02:28:56+00:00,85893,3201,68388
2026-08-23T03:20:55+00:00,85893,3201,68388
2026-08-23T04:13:42+00:00,85893,3201,68388
2026-08-23T05:09:07+00:00,85893,3201,68388
2026-08-23T06:08:10+00:00,85893,3201,68388
2026-08-23T07:14:04+00:00,85893,3201,68388
2026-08-23T08:06:40+00:00,85893,3201,68388
2026-08-23T09:07:33+00:00,85893,3201,68388
2026-08-23T10:05:19+00:00,85893,3201,68388
2026-08-23T11:05:41+00:00,85893,3201,68388
2026-08-23T12:06:16+00:00,85893,3201,68388
2026-08-23T13:13:52+00:00,85893,3201,68388
2026-08-23T14:06:35+00:00,85893,3201,68388
2026-08-23T15:05:56+00:00,85893,3201,68388
2026-08-23T16:05:27+00:00,85893,3201,68388
2026-08-23T17:06:11+00:00,85893,3201,68388
2026-08-23T18:05:04+00:00,85893,3201,68388
2026-08-23T19:07:12+00:00,85893,3201,68388
2026-08-23T20:04:36+00:00,85871,3201,68366
2026-08-23T21:05:06+00:00,85871,3201,68366
2026-08-23T22:04:03+00:00,85871,3202,68366
2026-08-23T23:05:28+00:00,85873,3202,68368
2026-08-24T00:08:09+00:00,85873,3202,68368
2026-08-24T01:30:32+00:00,85873,3202,68368
2026-08-24T02:28:54+00:00,85873,3202,68368
2026-08-24T03:21:57+00:00,85873,3202,68368
2026-08-24T04:17:01+00:00,85873,3202,68368
2026-08-24T05:15:32+00:00,85881,3202,68376
2026-08-24T06:12:20+00:00,85895,3202,68390
2026-08-24T07:24:16+00:00,85895,3202,68390
2026-08-24T08:15:00+00:00,85895,3202,68390
2026-08-24T09:16:59+00:00,85895,3202,68390
2026-08-24T10:14:44+00:00,85895,3202,68390
2026-08-24T11:08:56+00:00,85895,3202,68390
2026-08-24T12:07:48+00:00,85895,3202,68390
2026-08-24T13:20:39+00:00,85895,3202,68390
2026-08-24T14:14:54+00:00,85895,3202,68390
2026-08-24T15:14:07+00:00,85895,3202,68390
2026-08-24T16:10:37+00:00,85895,3202,68390
2026-08-24T17:11:00+00:00,85895,3202,68390
2026-08-24T18:07:54+00:00,85895,3202,68390
2026-08-24T19:13:41+00:00,85895,3202,68390
2026-08-24T20:07:06+00:00,85895,3202,68390
2026-08-24T21:07:57+00:00,85916,3202,68411
2026-08-24T22:06:21+00:00,85914,3202,68409
2026-08-24T23:07:11+00:00,85912,3201,68407
2026-08-25T00:08:35+00:00,85912,3201,68407
2026-08-25T01:30:17+00:00,85912,3201,68407
2026-08-25T02:25:44+00:00,85912,3201,68407
2026-08-25T03:19:40+00:00,85912,3201,68407
2026-08-25T04:14:20+00:00,85908,3201,68403
2026-08-25T05:11:10+00:00,85908,3201,68403
2026-08-25T06:09:11+00:00,85908,3201,68403
2026-08-25T07:18:31+00:00,85908,3201,68403
2026-08-25T08:14:43+00:00,85908,3201,68403
2026-08-25T09:13:14+00:00,85908,3201,68403
2026-08-25T10:08:30+00:00,85908,3201,68403
2026-08-25T11:07:30+00:00,85910,3201,68405
2026-08-25T12:08:18+00:00,85904,3201,68399
2026-08-25T13:19:25+00:00,85904,3201,68399
2026-08-25T14:16:02+00:00,85904,3201,68399
2026-08-25T15:16:32+00:00,85904,3201,68399
2026-08-25T16:13:03+00:00,85904,3201,68399
2026-08-25T17:11:15+00:00,85904,3201,68399
2026-08-25T18:08:26+00:00,85902,3201,68398
2026-08-25T19:12:37+00:00,85907,3202,68401
2026-08-25T20:06:29+00:00,85907,3202,68401
2026-08-25T21:08:04+00:00,85907,3202,68401
2026-08-25T22:06:06+00:00,85911,3202,68405
2026-08-25T23:07:36+00:00,85896,3201,68392
2026-08-26T00:09:08+00:00,85902,3201,68392
2026-08-26T01:30:55+00:00,85902,3201,68392
2026-08-26T02:30:31+00:00,85902,3201,68392
2026-08-26T03:22:33+00:00,85902,3201,68392
2026-08-26T04:14:29+00:00,85902,3201,68392
2026-08-26T05:11:34+00:00,85902,3201,68392
2026-08-26T06:09:52+00:00,85902,3201,68392
2026-08-26T07:18:17+00:00,85902,3201,68392
2026-08-26T08:14:31+00:00,85902,3201,68392
2026-08-26T09:15:29+00:00,85902,3201,68392
2026-08-26T10:13:01+00:00,85902,3201,68392
2026-08-26T11:09:16+00:00,85912,3201,68402
2026-08-26T12:08:41+00:00,85912,3201,68402
2026-08-26T13:21:57+00:00,85912,3201,68402
2026-08-26T14:15:28+00:00,85912,3201,68402
2026-08-26T15:48:46+00:00,85912,3201,68402
2026-08-26T16:28:36+00:00,85912,3201,68402
2026-08-26T17:55:46+00:00,85912,3201,68402
2026-08-26T18:36:14+00:00,85912,3201,68402
2026-08-26T19:34:51+00:00,85912,3201,68402
2026-08-26T20:47:03+00:00,85912,3201,68402
2026-08-26T21:55:13+00:00,85916,3202,68403
2026-08-26T23:02:32+00:00,85916,3203,68403
2026-08-27T01:19:38+00:00,85915,3202,68402
2026-08-27T03:41:00+00:00,85915,3202,68402
2026-08-27T06:04:02+00:00,85915,3202,68402
2026-08-27T10:16:09+00:00,85915,3202,68402
2026-08-27T14:40:22+00:00,85915,3202,68402
2026-08-27T18:32:47+00:00,85915,3202,68402
2026-08-27T22:21:11+00:00,85915,3202,68402
2026-08-28T01:41:00+00:00,85917,3202,68404
2026-08-28T04:38:49+00:00,85919,3202,68406
2026-08-28T07:34:08+00:00,85919,3202,68406
2026-08-28T11:47:50+00:00,85919,3202,68406
2026-08-28T16:04:05+00:00,85919,3202,68406
2026-08-28T20:53:10+00:00,85919,3202,68406
2026-08-28T22:07:02+00:00,85919,3202,68406
2026-08-28T23:05:35+00:00,85919,3202,68406
2026-08-29T00:14:41+00:00,85919,3202,68406
2026-08-29T01:08:59+00:00,85919,3202,68406
2026-08-29T02:07:47+00:00,85919,3202,68406
2026-08-29T03:07:11+00:00,85919,3202,68406
2026-08-29T04:07:30+00:00,85919,3202,68406
2026-08-29T05:06:39+00:00,85919,3202,68406
2026-08-29T06:09:39+00:00,85919,3202,68406
2026-08-29T07:06:21+00:00,85919,3202,68406
2026-08-29T08:07:05+00:00,85919,3202,68406
2026-08-29T09:06:16+00:00,85919,3202,68406
2026-08-29T10:06:08+00:00,85915,3201,68405
2026-08-29T11:05:41+00:00,85915,3201,68405
